source_code,source_record_id,gid,ward_name,county_name,subcounty_name,dhis2_uid,dhis2_cuid,dhis2_scuid,population_2009,vintage,modified_at,source_status
HDX_ARC_WARDS_1450,rIdiIpv9fBt,241,WABERA,ISIOLO,Isiolo Sub County,rIdiIpv9fBt,bzOfj0iwfDH,I2LYLqKU6AW,17431.0,2016-03-31,2019-04-12,historical_crosswalk_baseline
HDX_ARC_WARDS_1450,QC41mItjIzF,1455,North Kamagambo Ward,Migori,Rongo Sub County,QC41mItjIzF,fVra3Pwta0Q,fT37q3rXQ35,18755.0,2016-03-31,2019-04-12,historical_crosswalk_baseline
HDX_ARC_WARDS_1450,M8rGveWTIMm,1456,Central Kamagambo Ward,Migori,Rongo Sub County,M8rGveWTIMm,fVra3Pwta0Q,fT37q3rXQ35,27756.0,2016-03-31,2019-04-12,historical_crosswalk_baseline
HDX_ARC_WARDS_1450,DABObbHgPMX,1457,South Kamagambo Ward,Migori,Rongo Sub County,DABObbHgPMX,fVra3Pwta0Q,fT37q3rXQ35,27179.0,2016-03-31,2019-04-12,historical_crosswalk_baseline
HDX_ARC_WARDS_1450,EmSsP2C6A3h,1458,North Sakwa Ward,Migori,Awendo Sub County,EmSsP2C6A3h,fVra3Pwta0Q,ka9Uv3Ckcbd,22874.0,2016-03-31,2019-04-12,historical_crosswalk_baseline
HDX_ARC_WARDS_1450,OpbsijPbYuv,1459,South Sakwa Ward,Migori,Awendo Sub County,OpbsijPbYuv,fVra3Pwta0Q,ka9Uv3Ckcbd,36200.0,2016-03-31,2019-04-12,historical_crosswalk_baseline
HDX_ARC_WARDS_1450,nLwQA56EFmD,1460,West Sakwa Ward,Migori,Awendo Sub County,nLwQA56EFmD,fVra3Pwta0Q,ka9Uv3Ckcbd,22278.0,2016-03-31,2019-04-12,historical_crosswalk_baseline
HDX_ARC_WARDS_1450,jmeydKjWYw7,1461,Central Sakwa Ward,Migori,Awendo Sub County,jmeydKjWYw7,fVra3Pwta0Q,ka9Uv3Ckcbd,27561.0,2016-03-31,2019-04-12,historical_crosswalk_baseline
HDX_ARC_WARDS_1450,Fp2Wuqu3GAI,1462,God Jope  Ward,Migori,Suna East Sub County,Fp2Wuqu3GAI,fVra3Pwta0Q,nHEr5EciFh0,18567.0,2016-03-31,2019-04-12,historical_crosswalk_baseline
HDX_ARC_WARDS_1450,QAxizS8H0d7,1463,Suna Central Ward,Migori,Suna East Sub County,QAxizS8H0d7,fVra3Pwta0Q,nHEr5EciFh0,27645.0,2016-03-31,2019-04-12,historical_crosswalk_baseline
HDX_ARC_WARDS_1450,SUvzbKCIzyN,1464,Kakrao Ward,Migori,Suna East Sub County,SUvzbKCIzyN,fVra3Pwta0Q,nHEr5EciFh0,33642.0,2016-03-31,2019-04-12,historical_crosswalk_baseline
HDX_ARC_WARDS_1450,YKABD0bh2a7,1465,Kwa Ward,Migori,Suna East Sub County,YKABD0bh2a7,fVra3Pwta0Q,nHEr5EciFh0,17267.0,2016-03-31,2019-04-12,historical_crosswalk_baseline
HDX_ARC_WARDS_1450,kxIw7ZzqXPq,1466,Wiga Ward,Migori,Suna West Sub County,kxIw7ZzqXPq,fVra3Pwta0Q,VtuwXD7O1O9,24096.0,2016-03-31,2019-04-12,historical_crosswalk_baseline
HDX_ARC_WARDS_1450,KwrilS23iAS,1467,Waseweta Ii Ward,Migori,Suna West Sub County,KwrilS23iAS,fVra3Pwta0Q,VtuwXD7O1O9,17952.0,2016-03-31,2019-04-12,historical_crosswalk_baseline
HDX_ARC_WARDS_1450,PPEvdyHP6uZ,1468,Ragana-oruba Ward,Migori,Suna West Sub County,PPEvdyHP6uZ,fVra3Pwta0Q,VtuwXD7O1O9,32847.0,2016-03-31,2019-04-12,historical_crosswalk_baseline
HDX_ARC_WARDS_1450,c2OOtR8JNjy,1469,Wasimbete Ward,Migori,Suna West Sub County,c2OOtR8JNjy,fVra3Pwta0Q,VtuwXD7O1O9,19232.0,2016-03-31,2019-04-12,historical_crosswalk_baseline
HDX_ARC_WARDS_1450,ziaLqezx6rb,1470,West Kanyamkago Ward,Migori,Uriri Sub County,ziaLqezx6rb,fVra3Pwta0Q,fCInDXluNhx,26786.0,2016-03-31,2019-04-12,historical_crosswalk_baseline
HDX_ARC_WARDS_1450,LXYI6dwqHoR,1471,North  Kanyamkago Ward,Migori,Uriri Sub County,LXYI6dwqHoR,fVra3Pwta0Q,fCInDXluNhx,30396.0,2016-03-31,2019-04-12,historical_crosswalk_baseline
HDX_ARC_WARDS_1450,P9SReXKzjbO,1472,Central Kanyamkago Ward,Migori,Uriri Sub County,P9SReXKzjbO,fVra3Pwta0Q,fCInDXluNhx,17814.0,2016-03-31,2019-04-12,historical_crosswalk_baseline
HDX_ARC_WARDS_1450,FdBel1HNlGu,1473,South Kanyamkago Ward,Migori,Uriri Sub County,FdBel1HNlGu,fVra3Pwta0Q,fCInDXluNhx,27719.0,2016-03-31,2019-04-12,historical_crosswalk_baseline
HDX_ARC_WARDS_1450,IgyJtGgB69M,1474,East Kanyamkago Ward,Migori,Uriri Sub County,IgyJtGgB69M,fVra3Pwta0Q,fCInDXluNhx,13036.0,2016-03-31,2019-04-12,historical_crosswalk_baseline
HDX_ARC_WARDS_1450,yowhezRzMGg,1475,Kachieng' Ward,Migori,Nyatike Sub County,yowhezRzMGg,fVra3Pwta0Q,D2lsuEzZAJP,21775.0,2016-03-31,2019-04-12,historical_crosswalk_baseline
HDX_ARC_WARDS_1450,zTD1Z6ldaEx,1486,Masaba Ward,Migori,Kuria West Sub County,zTD1Z6ldaEx,fVra3Pwta0Q,jtBjNpL9FXS,22683.0,2016-03-31,2019-04-12,historical_crosswalk_baseline
HDX_ARC_WARDS_1450,dkHXkFhXXxJ,1490,Ntimaru West Ward,Migori,Kuria East Sub County,dkHXkFhXXxJ,fVra3Pwta0Q,THm2tCJa2ZQ,20439.0,2016-03-31,2019-04-12,historical_crosswalk_baseline
HDX_ARC_WARDS_1450,ZlcAxf7QN8c,1520,Mathatani Ward,Machakos,Athi River Sub County,ZlcAxf7QN8c,yhCUgGcCcOo,BxfsSc6Svrc,28517.0,2016-03-31,2019-04-12,historical_crosswalk_baseline
HDX_ARC_WARDS_1450,TcWlRA6LpLB,1521,Syokimau-mulolongo Ward,Machakos,Athi River Sub County,TcWlRA6LpLB,yhCUgGcCcOo,BxfsSc6Svrc,42154.0,2016-03-31,2019-04-12,historical_crosswalk_baseline
HDX_ARC_WARDS_1450,X0dFLUEZDlw,1522,Kalama Ward,Machakos,Machakos Sub County,X0dFLUEZDlw,yhCUgGcCcOo,KXc4ez8OAFz,32055.0,2016-03-31,2019-04-12,historical_crosswalk_baseline
HDX_ARC_WARDS_1450,aQ530J1wOWr,1523,Mua Ward,Machakos,Machakos Sub County,aQ530J1wOWr,yhCUgGcCcOo,KXc4ez8OAFz,25573.0,2016-03-31,2019-04-12,historical_crosswalk_baseline
HDX_ARC_WARDS_1450,m6H14WsORB0,1524,Mutituni Ward,Machakos,Machakos Sub County,m6H14WsORB0,yhCUgGcCcOo,KXc4ez8OAFz,23736.0,2016-03-31,2019-04-12,historical_crosswalk_baseline
HDX_ARC_WARDS_1450,bSXsHJ4bnCw,1525,Township Ward,Machakos,Machakos Sub County,bSXsHJ4bnCw,yhCUgGcCcOo,KXc4ez8OAFz,32530.0,2016-03-31,2019-04-12,historical_crosswalk_baseline
HDX_ARC_WARDS_1450,W5KRNT7qwnJ,1526,Mumbuni North Ward,Machakos,Machakos Sub County,W5KRNT7qwnJ,yhCUgGcCcOo,KXc4ez8OAFz,28319.0,2016-03-31,2019-04-12,historical_crosswalk_baseline
HDX_ARC_WARDS_1450,CJ0xDJy3ZZI,1527,Muvuti-kiima-kimwe Ward,Machakos,Machakos Sub County,CJ0xDJy3ZZI,yhCUgGcCcOo,KXc4ez8OAFz,32413.0,2016-03-31,2019-04-12,historical_crosswalk_baseline
HDX_ARC_WARDS_1450,RWCExNJBqjw,1528,Kola Ward,Machakos,Machakos Sub County,RWCExNJBqjw,yhCUgGcCcOo,KXc4ez8OAFz,24585.0,2016-03-31,2019-04-12,historical_crosswalk_baseline
HDX_ARC_WARDS_1450,mTYNhOlvCK8,1529,Mbiuni Ward,Machakos,Mwala Sub County,mTYNhOlvCK8,yhCUgGcCcOo,fYYivceocJ2,32142.0,2016-03-31,2019-04-12,historical_crosswalk_baseline
HDX_ARC_WARDS_1450,LFDB6rHVYOg,1530,Makutano-mwala Ward,Machakos,Mwala Sub County,LFDB6rHVYOg,yhCUgGcCcOo,fYYivceocJ2,32127.0,2016-03-31,2019-04-12,historical_crosswalk_baseline
HDX_ARC_WARDS_1450,aN66G7fGx3m,1531,Masii Ward,Machakos,Mwala Sub County,aN66G7fGx3m,yhCUgGcCcOo,fYYivceocJ2,32367.0,2016-03-31,2019-04-12,historical_crosswalk_baseline
HDX_ARC_WARDS_1450,p3N8fKKiVHr,1532,Muthetheni Ward,Machakos,Mwala Sub County,p3N8fKKiVHr,yhCUgGcCcOo,fYYivceocJ2,22805.0,2016-03-31,2019-04-12,historical_crosswalk_baseline
HDX_ARC_WARDS_1450,TlP41wTPt6a,1533,Wamunyu Ward,Machakos,Mwala Sub County,TlP41wTPt6a,yhCUgGcCcOo,fYYivceocJ2,25664.0,2016-03-31,2019-04-12,historical_crosswalk_baseline
HDX_ARC_WARDS_1450,vzUXLmjcQsv,1534,Kibauni Ward,Machakos,Mwala Sub County,vzUXLmjcQsv,yhCUgGcCcOo,fYYivceocJ2,17927.0,2016-03-31,2019-04-12,historical_crosswalk_baseline
HDX_ARC_WARDS_1450,tn1vEO9VD83,1535,West Kasipul Ward,Homa Bay,Kasipul Sub County,tn1vEO9VD83,nK0A12Q7MvS,NhsAMiaS0TD,25807.0,2016-03-31,2019-04-12,historical_crosswalk_baseline
HDX_ARC_WARDS_1450,xiP5RKdvPTn,1536,South Kasipul Ward,Homa Bay,Kasipul Sub County,xiP5RKdvPTn,nK0A12Q7MvS,NhsAMiaS0TD,25691.0,2016-03-31,2019-04-12,historical_crosswalk_baseline
HDX_ARC_WARDS_1450,UQYZGlkULva,1537,Central Kasipul Ward,Homa Bay,Kasipul Sub County,UQYZGlkULva,nK0A12Q7MvS,NhsAMiaS0TD,26016.0,2016-03-31,2019-04-12,historical_crosswalk_baseline
HDX_ARC_WARDS_1450,RvsMMMCame7,1538,East Kamagak Ward,Homa Bay,Kasipul Sub County,RvsMMMCame7,nK0A12Q7MvS,NhsAMiaS0TD,14588.0,2016-03-31,2019-04-12,historical_crosswalk_baseline
HDX_ARC_WARDS_1450,pPN9DI12g5m,1539,West Kamagak Ward,Homa Bay,Kasipul Sub County,pPN9DI12g5m,nK0A12Q7MvS,NhsAMiaS0TD,21015.0,2016-03-31,2019-04-12,historical_crosswalk_baseline
HDX_ARC_WARDS_1450,nYfCFgklbTM,1540,Kabondo East Ward,Homa Bay,Kabondo Kasipul Sub County,nYfCFgklbTM,nK0A12Q7MvS,BzFBYZhF5fx,31962.0,2016-03-31,2019-04-12,historical_crosswalk_baseline
HDX_ARC_WARDS_1450,zkOTNmaTloy,1541,Kabondo West Ward,Homa Bay,Kabondo Kasipul Sub County,zkOTNmaTloy,nK0A12Q7MvS,BzFBYZhF5fx,31131.0,2016-03-31,2019-04-12,historical_crosswalk_baseline
HDX_ARC_WARDS_1450,dPxooReTfTv,1542,Kokwanyo/kakelo Ward,Homa Bay,Kabondo Kasipul Sub County,dPxooReTfTv,nK0A12Q7MvS,BzFBYZhF5fx,26532.0,2016-03-31,2019-04-12,historical_crosswalk_baseline
HDX_ARC_WARDS_1450,FdJzxSJbjk3,1543,Kojwach Ward,Homa Bay,Kabondo Kasipul Sub County,FdJzxSJbjk3,nK0A12Q7MvS,BzFBYZhF5fx,17924.0,2016-03-31,2019-04-12,historical_crosswalk_baseline
HDX_ARC_WARDS_1450,DbwgMpyBfwd,1544,West Karachuonyo Ward,Homa Bay,Karachuonyo Sub County,DbwgMpyBfwd,nK0A12Q7MvS,fmsyW02tPng,26069.0,2016-03-31,2019-04-12,historical_crosswalk_baseline
HDX_ARC_WARDS_1450,bR7hQLC29rl,1545,North Karachuonyo Ward,Homa Bay,Karachuonyo Sub County,bR7hQLC29rl,nK0A12Q7MvS,fmsyW02tPng,23614.0,2016-03-31,2019-04-12,historical_crosswalk_baseline
HDX_ARC_WARDS_1450,TzCE8I4W14b,1546,Central Ward,Homa Bay,Karachuonyo Sub County,TzCE8I4W14b,nK0A12Q7MvS,fmsyW02tPng,20475.0,2016-03-31,2019-04-12,historical_crosswalk_baseline
HDX_ARC_WARDS_1450,LX2KPfCBef4,1547,Kanyaluo Ward,Homa Bay,Karachuonyo Sub County,LX2KPfCBef4,nK0A12Q7MvS,fmsyW02tPng,18684.0,2016-03-31,2019-04-12,historical_crosswalk_baseline
HDX_ARC_WARDS_1450,V6fgSDAq913,1553,Kagan Ward,Homa Bay,Rangwe Sub County,V6fgSDAq913,nK0A12Q7MvS,iK2Jk2AxhlD,30553.0,2016-03-31,2019-04-12,historical_crosswalk_baseline
HDX_ARC_WARDS_1450,ODrYkIYLlui,1554,Kochia Ward,Homa Bay,Rangwe Sub County,ODrYkIYLlui,nK0A12Q7MvS,iK2Jk2AxhlD,26554.0,2016-03-31,2019-04-12,historical_crosswalk_baseline
HDX_ARC_WARDS_1450,zOOEW5td56i,1555,Homa Bay Central Ward,Homa Bay,Homa Bay Town Sub County,zOOEW5td56i,nK0A12Q7MvS,Ur2xRBDtazT,30575.0,2016-03-31,2019-04-12,historical_crosswalk_baseline
HDX_ARC_WARDS_1450,OOiImc9uz5A,1556,Homa Bay Arujo Ward,Homa Bay,Homa Bay Town Sub County,OOiImc9uz5A,nK0A12Q7MvS,Ur2xRBDtazT,24310.0,2016-03-31,2019-04-12,historical_crosswalk_baseline
HDX_ARC_WARDS_1450,C5EivIShRVo,1558,Homa Bay East Ward,Homa Bay,Homa Bay Town Sub County,C5EivIShRVo,nK0A12Q7MvS,Ur2xRBDtazT,27591.0,2016-03-31,2019-04-12,historical_crosswalk_baseline
HDX_ARC_WARDS_1450,Fsxrjp3QlVa,1559,Kwabwai Ward,Homa Bay,Ndhiwa Sub County,Fsxrjp3QlVa,nK0A12Q7MvS,i2Y2fyNoFyZ,31596.0,2016-03-31,2019-04-12,historical_crosswalk_baseline
HDX_ARC_WARDS_1450,MAZrrKvz7hU,1560,Kanyadoto Ward,Homa Bay,Ndhiwa Sub County,MAZrrKvz7hU,nK0A12Q7MvS,i2Y2fyNoFyZ,16331.0,2016-03-31,2019-04-12,historical_crosswalk_baseline
HDX_ARC_WARDS_1450,JY7Gu5x4aGH,1561,Kanyikela Ward,Homa Bay,Ndhiwa Sub County,JY7Gu5x4aGH,nK0A12Q7MvS,i2Y2fyNoFyZ,6283.0,2016-03-31,2019-04-12,historical_crosswalk_baseline
HDX_ARC_WARDS_1450,MLB4Nr73Nsh,1562,Kabouch North Ward,Homa Bay,Ndhiwa Sub County,MLB4Nr73Nsh,nK0A12Q7MvS,i2Y2fyNoFyZ,35270.0,2016-03-31,2019-04-12,historical_crosswalk_baseline
HDX_ARC_WARDS_1450,eScf0oeCcVI,1563,Kabuoch South/pala Ward,Homa Bay,Ndhiwa Sub County,eScf0oeCcVI,nK0A12Q7MvS,i2Y2fyNoFyZ,26332.0,2016-03-31,2019-04-12,historical_crosswalk_baseline
HDX_ARC_WARDS_1450,ccNnEThhT6C,1565,Kanyamwa Kosewe Ward,Homa Bay,Ndhiwa Sub County,ccNnEThhT6C,nK0A12Q7MvS,i2Y2fyNoFyZ,32958.0,2016-03-31,2019-04-12,historical_crosswalk_baseline
HDX_ARC_WARDS_1450,SyS2T2z6JDZ,1566,Mfangano Island Ward,Homa Bay,Mbita Sub County,SyS2T2z6JDZ,nK0A12Q7MvS,mCGytMcMf6y,26120.0,2016-03-31,2019-04-12,historical_crosswalk_baseline
HDX_ARC_WARDS_1450,OjYMSbDEKRc,1567,Rusinga Island Ward,Homa Bay,Mbita Sub County,OjYMSbDEKRc,nK0A12Q7MvS,mCGytMcMf6y,24275.0,2016-03-31,2019-04-12,historical_crosswalk_baseline
HDX_ARC_WARDS_1450,eX9fqY9KVU8,1568,Kasgunga Ward,Homa Bay,Mbita Sub County,eX9fqY9KVU8,nK0A12Q7MvS,mCGytMcMf6y,19653.0,2016-03-31,2019-04-12,historical_crosswalk_baseline
HDX_ARC_WARDS_1450,NHcPsj2IMSr,1579,Chavakali Ward,Vihiga,Sabatia Sub County,NHcPsj2IMSr,sANMZ3lpqGs,urtJSF5jcBC,18452.0,2016-03-31,2019-04-12,historical_crosswalk_baseline
HDX_ARC_WARDS_1450,cUBWuuQYISs,1582,Busali Ward,Vihiga,Sabatia Sub County,cUBWuuQYISs,sANMZ3lpqGs,urtJSF5jcBC,23693.0,2016-03-31,2019-04-12,historical_crosswalk_baseline
HDX_ARC_WARDS_1450,iphxMgFUJmE,1583,Shiru Ward,Vihiga,Hamisi Sub County,iphxMgFUJmE,sANMZ3lpqGs,BXaq5PxSfz2,22334.0,2016-03-31,2019-04-12,historical_crosswalk_baseline
HDX_ARC_WARDS_1450,d7jBlFuDPt7,1584,Gisambai Ward,Vihiga,Hamisi Sub County,d7jBlFuDPt7,sANMZ3lpqGs,BXaq5PxSfz2,21452.0,2016-03-31,2019-04-12,historical_crosswalk_baseline
HDX_ARC_WARDS_1450,tDKdg7EyyCj,1585,Muhudu Ward,Vihiga,Hamisi Sub County,tDKdg7EyyCj,sANMZ3lpqGs,BXaq5PxSfz2,16659.0,2016-03-31,2019-04-12,historical_crosswalk_baseline
HDX_ARC_WARDS_1450,pyG6e1Uq18m,1586,Tambua Ward,Vihiga,Hamisi Sub County,pyG6e1Uq18m,sANMZ3lpqGs,BXaq5PxSfz2,18689.0,2016-03-31,2019-04-12,historical_crosswalk_baseline
HDX_ARC_WARDS_1450,USg05TR1JwK,1587,Jepkoyai Ward,Vihiga,Hamisi Sub County,USg05TR1JwK,sANMZ3lpqGs,BXaq5PxSfz2,19055.0,2016-03-31,2019-04-12,historical_crosswalk_baseline
HDX_ARC_WARDS_1450,P35Hsu3jEza,1591,Luanda South Ward,Vihiga,Luanda Sub County,P35Hsu3jEza,sANMZ3lpqGs,lkYdgjRSOoE,19994.0,2016-03-31,2019-04-12,historical_crosswalk_baseline
HDX_ARC_WARDS_1450,AgnY1dRfILu,1593,North East Bunyore Ward,Vihiga,Emuhaya Sub County,AgnY1dRfILu,sANMZ3lpqGs,Lpy789vqRC6,29991.0,2016-03-31,2019-04-12,historical_crosswalk_baseline
HDX_ARC_WARDS_1450,r6KB3hMzaXh,1596,Banja Ward,Vihiga,Hamisi Sub County,r6KB3hMzaXh,sANMZ3lpqGs,BXaq5PxSfz2,22535.0,2016-03-31,2019-04-12,historical_crosswalk_baseline
HDX_ARC_WARDS_1450,hTylTMl1aid,1597,South Maragoli Ward,Vihiga,Vihiga Sub County,hTylTMl1aid,sANMZ3lpqGs,OOF3UX4yOt7,19293.0,2016-03-31,2019-04-12,historical_crosswalk_baseline
HDX_ARC_WARDS_1450,hXKwpKcEej9,1598,Shamakhokho Ward,Vihiga,Hamisi Sub County,hXKwpKcEej9,sANMZ3lpqGs,BXaq5PxSfz2,27535.0,2016-03-31,2019-04-12,historical_crosswalk_baseline
HDX_ARC_WARDS_1450,iKvnghqTvSP,1600,Cheptais Ward,Bungoma,Cheptais Sub County,iKvnghqTvSP,KGHhQ5GLd4k,NZphHeczehh,28788.0,2016-03-31,2019-04-12,historical_crosswalk_baseline
HDX_ARC_WARDS_1450,WIQaiUzKu6p,1603,Kakateny Ward,Bungoma,Cheptais Sub County,WIQaiUzKu6p,KGHhQ5GLd4k,NZphHeczehh,28668.0,2016-03-31,2019-04-12,historical_crosswalk_baseline
HDX_ARC_WARDS_1450,X2TaEHQHj6z,1604,Kaptama Ward,Bungoma,Mt Elgon Sub County,X2TaEHQHj6z,KGHhQ5GLd4k,ZCYATXdLsL1,33555.0,2016-03-31,2019-04-12,historical_crosswalk_baseline
HDX_ARC_WARDS_1450,ftbk97ko25V,1607,Malakisi/south Kulisiru Ward,Bungoma,Sirisia Sub County,ftbk97ko25V,KGHhQ5GLd4k,whWfFA9D7td,35067.0,2016-03-31,2019-04-12,historical_crosswalk_baseline
HDX_ARC_WARDS_1450,nNiOxPPdyhk,1608,Lwandanyi Ward,Bungoma,Sirisia Sub County,nNiOxPPdyhk,KGHhQ5GLd4k,whWfFA9D7td,39802.0,2016-03-31,2019-04-12,historical_crosswalk_baseline
HDX_ARC_WARDS_1450,gZqLcfKb6LQ,1610,West Nalondo Ward,Bungoma,Kabuchai Sub County,gZqLcfKb6LQ,KGHhQ5GLd4k,k1mze33jOs0,33130.0,2016-03-31,2019-04-12,historical_crosswalk_baseline
HDX_ARC_WARDS_1450,IVA8tzQOkNT,1612,Mukuyuni Ward,Bungoma,Kabuchai Sub County,IVA8tzQOkNT,KGHhQ5GLd4k,k1mze33jOs0,37988.0,2016-03-31,2019-04-12,historical_crosswalk_baseline
HDX_ARC_WARDS_1450,sIW2S02bdN0,1616,Kabula  Ward,Bungoma,Bumula Sub County,sIW2S02bdN0,KGHhQ5GLd4k,jkQZEow83MX,20756.0,2016-03-31,2019-04-12,historical_crosswalk_baseline
HDX_ARC_WARDS_1450,bMDzJFxR86n,1617,Kimaeti Ward,Bungoma,Bumula Sub County,bMDzJFxR86n,KGHhQ5GLd4k,jkQZEow83MX,36539.0,2016-03-31,2019-04-12,historical_crosswalk_baseline
HDX_ARC_WARDS_1450,iKmwecDBqgX,1619,Siboti Ward,Bungoma,Bumula Sub County,iKmwecDBqgX,KGHhQ5GLd4k,jkQZEow83MX,32507.0,2016-03-31,2019-04-12,historical_crosswalk_baseline
HDX_ARC_WARDS_1450,r6SlF5OJDxM,1620,Bukembe West Ward,Bungoma,Kanduyi Sub County,r6SlF5OJDxM,KGHhQ5GLd4k,CUjthlounWV,20311.0,2016-03-31,2019-04-12,historical_crosswalk_baseline
HDX_ARC_WARDS_1450,gsSTglpX3Wd,1621,Bukembe East Ward,Bungoma,Kanduyi Sub County,gsSTglpX3Wd,KGHhQ5GLd4k,CUjthlounWV,26749.0,2016-03-31,2019-04-12,historical_crosswalk_baseline
HDX_ARC_WARDS_1450,rAJO40KF2F6,1634,Bokoli Ward,Bungoma,Webuye West Sub County,rAJO40KF2F6,KGHhQ5GLd4k,aqYhbqKclsI,32891.0,2016-03-31,2019-04-12,historical_crosswalk_baseline
HDX_ARC_WARDS_1450,pxOm9J6SORx,1635,Kibingei Ward,Bungoma,Kimilili Sub County,pxOm9J6SORx,KGHhQ5GLd4k,AphsS3lJwKU,34458.0,2016-03-31,2019-04-12,historical_crosswalk_baseline
HDX_ARC_WARDS_1450,E9RhI4J0cKC,1636,Kimilili Ward,Bungoma,Kimilili Sub County,E9RhI4J0cKC,KGHhQ5GLd4k,AphsS3lJwKU,36267.0,2016-03-31,2019-04-12,historical_crosswalk_baseline
HDX_ARC_WARDS_1450,ZZrtQfVb4kP,1637,Maeni Ward,Bungoma,Kimilili Sub County,ZZrtQfVb4kP,KGHhQ5GLd4k,AphsS3lJwKU,24209.0,2016-03-31,2019-04-12,historical_crosswalk_baseline
HDX_ARC_WARDS_1450,krBcnnShWw6,1638,Kamukuywa Ward,Bungoma,Kimilili Sub County,krBcnnShWw6,KGHhQ5GLd4k,AphsS3lJwKU,37888.0,2016-03-31,2019-04-12,historical_crosswalk_baseline
HDX_ARC_WARDS_1450,dqhHnPkEqDH,1639,Mbakalo Ward,Bungoma,Tongaren Sub County,dqhHnPkEqDH,KGHhQ5GLd4k,orUwYD52An3,32229.0,2016-03-31,2019-04-12,historical_crosswalk_baseline
HDX_ARC_WARDS_1450,AwkuNWBAvnV,1640,Naitiri/kabuyefwe Ward,Bungoma,Tongaren Sub County,AwkuNWBAvnV,KGHhQ5GLd4k,orUwYD52An3,38023.0,2016-03-31,2019-04-12,historical_crosswalk_baseline
HDX_ARC_WARDS_1450,ky9RthnIKqS,1641,Milima Ward,Bungoma,Tongaren Sub County,ky9RthnIKqS,KGHhQ5GLd4k,orUwYD52An3,33352.0,2016-03-31,2019-04-12,historical_crosswalk_baseline
HDX_ARC_WARDS_1450,ZoZCpnAFcGo,1642,Ndalu/ Tabani Ward,Bungoma,Tongaren Sub County,ZoZCpnAFcGo,KGHhQ5GLd4k,orUwYD52An3,21148.0,2016-03-31,2019-04-12,historical_crosswalk_baseline
HDX_ARC_WARDS_1450,Epj7vWxFyG0,1643,Tongaren Ward,Bungoma,Tongaren Sub County,Epj7vWxFyG0,KGHhQ5GLd4k,orUwYD52An3,33907.0,2016-03-31,2019-04-12,historical_crosswalk_baseline
HDX_ARC_WARDS_1450,pc8868uNy8r,1644,Soysambu/ Mitua Ward,Bungoma,Tongaren Sub County,pc8868uNy8r,KGHhQ5GLd4k,orUwYD52An3,28819.0,2016-03-31,2019-04-12,historical_crosswalk_baseline
HDX_ARC_WARDS_1450,ceveVgwvcc7,1645,Mautuma Ward,Kakamega,Lugari Sub County,ceveVgwvcc7,BjC1xL40gHo,ZOdhgR19Akq,25082.0,2016-03-31,2019-04-12,historical_crosswalk_baseline
HDX_ARC_WARDS_1450,QDeZMYaTxpd,1646,Lugari Ward,Kakamega,Lugari Sub County,QDeZMYaTxpd,BjC1xL40gHo,ZOdhgR19Akq,31381.0,2016-03-31,2019-04-12,historical_crosswalk_baseline
HDX_ARC_WARDS_1450,F2TBdrJClsv,1647,Lumakanda Ward,Kakamega,Lugari Sub County,F2TBdrJClsv,BjC1xL40gHo,ZOdhgR19Akq,29955.0,2016-03-31,2019-04-12,historical_crosswalk_baseline
HDX_ARC_WARDS_1450,WU8NRoTwaDK,1648,Chekalini Ward,Kakamega,Lugari Sub County,WU8NRoTwaDK,BjC1xL40gHo,ZOdhgR19Akq,19705.0,2016-03-31,2019-04-12,historical_crosswalk_baseline
HDX_ARC_WARDS_1450,T7ArssRHW3p,1649,Chevaywa Ward,Kakamega,Lugari Sub County,T7ArssRHW3p,BjC1xL40gHo,ZOdhgR19Akq,33145.0,2016-03-31,2019-04-12,historical_crosswalk_baseline
HDX_ARC_WARDS_1450,nbaDAo4y7cH,1650,Lwandeti Ward,Kakamega,Lugari Sub County,nbaDAo4y7cH,BjC1xL40gHo,ZOdhgR19Akq,27746.0,2016-03-31,2019-04-12,historical_crosswalk_baseline
HDX_ARC_WARDS_1450,tzPsC2kiU56,1651,Likuyani Ward,Kakamega,Likuyani Sub County,tzPsC2kiU56,BjC1xL40gHo,wMv0s3U2nnG,27243.0,2016-03-31,2019-04-12,historical_crosswalk_baseline
HDX_ARC_WARDS_1450,A7zboeNsKAz,1652,Sango Ward,Kakamega,Likuyani Sub County,A7zboeNsKAz,BjC1xL40gHo,wMv0s3U2nnG,22853.0,2016-03-31,2019-04-12,historical_crosswalk_baseline
HDX_ARC_WARDS_1450,mluOaVta06m,1653,Kongoni Ward,Kakamega,Likuyani Sub County,mluOaVta06m,BjC1xL40gHo,wMv0s3U2nnG,23701.0,2016-03-31,2019-04-12,historical_crosswalk_baseline
HDX_ARC_WARDS_1450,bWhvWmGfQqn,1654,Nzoia Ward,Kakamega,Likuyani Sub County,bWhvWmGfQqn,BjC1xL40gHo,wMv0s3U2nnG,30321.0,2016-03-31,2019-04-12,historical_crosswalk_baseline
HDX_ARC_WARDS_1450,clRPOipiZXp,1655,Sinoko Ward,Kakamega,Likuyani Sub County,clRPOipiZXp,BjC1xL40gHo,wMv0s3U2nnG,21019.0,2016-03-31,2019-04-12,historical_crosswalk_baseline
HDX_ARC_WARDS_1450,vwGFBoFGIlm,1656,West Kabras Ward,Kakamega,Malava Sub County,vwGFBoFGIlm,BjC1xL40gHo,ES1CWa4AJmJ,26114.0,2016-03-31,2019-04-12,historical_crosswalk_baseline
HDX_ARC_WARDS_1450,GCZB9Qc6zCO,1657,Chemuche Ward,Kakamega,Malava Sub County,GCZB9Qc6zCO,BjC1xL40gHo,ES1CWa4AJmJ,29745.0,2016-03-31,2019-04-12,historical_crosswalk_baseline
HDX_ARC_WARDS_1450,lZT0FbLOn0I,1658,East Kabras Ward,Kakamega,Malava Sub County,lZT0FbLOn0I,BjC1xL40gHo,ES1CWa4AJmJ,22659.0,2016-03-31,2019-04-12,historical_crosswalk_baseline
HDX_ARC_WARDS_1450,WlgJjiJVyHY,1659,Butali Chegulo Ward,Kakamega,Malava Sub County,WlgJjiJVyHY,BjC1xL40gHo,ES1CWa4AJmJ,31876.0,2016-03-31,2019-04-12,historical_crosswalk_baseline
HDX_ARC_WARDS_1450,oQbUJJHfsbX,1660,Manda-shivanga Ward,Kakamega,Malava Sub County,oQbUJJHfsbX,BjC1xL40gHo,ES1CWa4AJmJ,32194.0,2016-03-31,2019-04-12,historical_crosswalk_baseline
HDX_ARC_WARDS_1450,pCenQt4VPGz,1661,Shirungu-mugai Ward,Kakamega,Malava Sub County,pCenQt4VPGz,BjC1xL40gHo,ES1CWa4AJmJ,25055.0,2016-03-31,2019-04-12,historical_crosswalk_baseline
HDX_ARC_WARDS_1450,klgKsqqI93s,1662,South Kabras Ward,Kakamega,Malava Sub County,klgKsqqI93s,BjC1xL40gHo,ES1CWa4AJmJ,37523.0,2016-03-31,2019-04-12,historical_crosswalk_baseline
HDX_ARC_WARDS_1450,dFH6aZXT2rd,1663,Butsotso East Ward,Kakamega,Lurambi Sub County,dFH6aZXT2rd,BjC1xL40gHo,Y3NjAhiBaZT,23227.0,2016-03-31,2019-04-12,historical_crosswalk_baseline
HDX_ARC_WARDS_1450,t8eg6hgrHEp,1664,Butsotso South  Ward,Kakamega,Lurambi Sub County,t8eg6hgrHEp,BjC1xL40gHo,Y3NjAhiBaZT,17377.0,2016-03-31,2019-04-12,historical_crosswalk_baseline
HDX_ARC_WARDS_1450,IgadIOg14CX,1665,Butsotso Central Ward,Kakamega,Lurambi Sub County,IgadIOg14CX,BjC1xL40gHo,Y3NjAhiBaZT,25744.0,2016-03-31,2019-04-12,historical_crosswalk_baseline
HDX_ARC_WARDS_1450,QVwBQhJwtOG,1666,Sheywe Ward,Kakamega,Lurambi Sub County,QVwBQhJwtOG,BjC1xL40gHo,Y3NjAhiBaZT,48304.0,2016-03-31,2019-04-12,historical_crosswalk_baseline
HDX_ARC_WARDS_1450,OikFajghArn,1667,Mahiakalo Ward,Kakamega,Lurambi Sub County,OikFajghArn,BjC1xL40gHo,Y3NjAhiBaZT,12067.0,2016-03-31,2019-04-12,historical_crosswalk_baseline
HDX_ARC_WARDS_1450,yKF1kdNdLqM,1668,Shirere Ward,Kakamega,Lurambi Sub County,yKF1kdNdLqM,BjC1xL40gHo,Y3NjAhiBaZT,33510.0,2016-03-31,2019-04-12,historical_crosswalk_baseline
HDX_ARC_WARDS_1450,px3RqXi1FU6,1669,Ingoste-matiha Ward,Kakamega,Navakholo Sub County,px3RqXi1FU6,BjC1xL40gHo,G6PJ5kFVAuO,22091.0,2016-03-31,2019-04-12,historical_crosswalk_baseline
HDX_ARC_WARDS_1450,rFlaJBkq35x,1670,Shinoyi-shikomari-esumeiya Ward,Kakamega,Navakholo Sub County,rFlaJBkq35x,BjC1xL40gHo,G6PJ5kFVAuO,25352.0,2016-03-31,2019-04-12,historical_crosswalk_baseline
HDX_ARC_WARDS_1450,soqBddsWHf5,1671,Bunyala West Ward,Kakamega,Navakholo Sub County,soqBddsWHf5,BjC1xL40gHo,G6PJ5kFVAuO,38407.0,2016-03-31,2019-04-12,historical_crosswalk_baseline
HDX_ARC_WARDS_1450,ddOJaw1OQwA,1672,Bunyala East Ward,Kakamega,Navakholo Sub County,ddOJaw1OQwA,BjC1xL40gHo,G6PJ5kFVAuO,22122.0,2016-03-31,2019-04-12,historical_crosswalk_baseline
HDX_ARC_WARDS_1450,Qa2LjBCOXby,1673,Bunyala Central Ward,Kakamega,Navakholo Sub County,Qa2LjBCOXby,BjC1xL40gHo,G6PJ5kFVAuO,29193.0,2016-03-31,2019-04-12,historical_crosswalk_baseline
HDX_ARC_WARDS_1450,w6anQIp7OrZ,1674,Mumias Central Ward,Kakamega,Mumias West  Sub County,w6anQIp7OrZ,BjC1xL40gHo,uRl5fBkhpcE,37214.0,2016-03-31,2019-04-12,historical_crosswalk_baseline
HDX_ARC_WARDS_1450,Eswb97MIEP8,1796,Kipevu Ward,Mombasa,Changamwe Sub County,Eswb97MIEP8,wsBsC6gjHvn,OvI6w06DhPJ,28128.0,2016-03-31,2019-04-12,historical_crosswalk_baseline
HDX_ARC_WARDS_1450,gid:961,961,BELGUT,KERICHO,AINAMOI,,,,19355.0,2016-03-31,2019-04-12,historical_crosswalk_baseline
HDX_ARC_WARDS_1450,Fuc7wSQ4gkN,94,Chewani Ward,TANA RIVER,Galole Sub County,Fuc7wSQ4gkN,JsH2bnvNt2d,A4SNYCxrrnv,24201.0,2016-03-31,2019-04-12,historical_crosswalk_baseline
HDX_ARC_WARDS_1450,JRAYgvhoUEp,92,Kinakomba Ward,TANA RIVER,Galole Sub County,JRAYgvhoUEp,JsH2bnvNt2d,A4SNYCxrrnv,13636.0,2016-03-31,2019-04-12,historical_crosswalk_baseline
HDX_ARC_WARDS_1450,ONNWmIVc48N,1476,Kanyasa Ward,Migori,Nyatike Sub County,ONNWmIVc48N,fVra3Pwta0Q,D2lsuEzZAJP,14331.0,2016-03-31,2019-04-12,historical_crosswalk_baseline
HDX_ARC_WARDS_1450,ry7pGVSoLwL,1477,North Kadem Ward,Migori,Nyatike Sub County,ry7pGVSoLwL,fVra3Pwta0Q,D2lsuEzZAJP,30697.0,2016-03-31,2019-04-12,historical_crosswalk_baseline
HDX_ARC_WARDS_1450,NGRN2o3qN2r,1478,Macalder/kanyarwanda Ward,Migori,Nyatike Sub County,NGRN2o3qN2r,fVra3Pwta0Q,D2lsuEzZAJP,22691.0,2016-03-31,2019-04-12,historical_crosswalk_baseline
HDX_ARC_WARDS_1450,edSLoK3sx6W,1479,Kaler Ward,Migori,Nyatike Sub County,edSLoK3sx6W,fVra3Pwta0Q,D2lsuEzZAJP,9775.0,2016-03-31,2019-04-12,historical_crosswalk_baseline
HDX_ARC_WARDS_1450,wQeQqCSAjRy,1480,Got Kachola Ward,Migori,Nyatike Sub County,wQeQqCSAjRy,fVra3Pwta0Q,D2lsuEzZAJP,22338.0,2016-03-31,2019-04-12,historical_crosswalk_baseline
HDX_ARC_WARDS_1450,nQxxjPy6J5A,1481,Muhuru Ward,Migori,Nyatike Sub County,nQxxjPy6J5A,fVra3Pwta0Q,D2lsuEzZAJP,23018.0,2016-03-31,2019-04-12,historical_crosswalk_baseline
HDX_ARC_WARDS_1450,lOqK0cwQKaH,1482,Bukira East Ward,Migori,Kuria West Sub County,lOqK0cwQKaH,fVra3Pwta0Q,jtBjNpL9FXS,19476.0,2016-03-31,2019-04-12,historical_crosswalk_baseline
HDX_ARC_WARDS_1450,mLrXAhflEvn,1483,Bukira Central/ikerege Ward,Migori,Kuria West Sub County,mLrXAhflEvn,fVra3Pwta0Q,jtBjNpL9FXS,18140.0,2016-03-31,2019-04-12,historical_crosswalk_baseline
HDX_ARC_WARDS_1450,ItjmRWn5IsE,1484,Isibania Ward,Migori,Kuria West Sub County,ItjmRWn5IsE,fVra3Pwta0Q,jtBjNpL9FXS,23556.0,2016-03-31,2019-04-12,historical_crosswalk_baseline
HDX_ARC_WARDS_1450,bmyrNLOPAAW,1797,Airport Ward,Mombasa,Changamwe Sub County,bmyrNLOPAAW,wsBsC6gjHvn,OvI6w06DhPJ,29662.0,2016-03-31,2019-04-12,historical_crosswalk_baseline
HDX_ARC_WARDS_1450,xDKzFE2qfHL,101,FAZA,LAMU,LAMU EAST,xDKzFE2qfHL,NjWSbQTwys4,cwnqFyTJIgX,13524.0,2016-03-31,2019-04-12,historical_crosswalk_baseline
HDX_ARC_WARDS_1450,fmWYhwoFxe8,102,KIUNGA,LAMU,LAMU EAST,fmWYhwoFxe8,NjWSbQTwys4,cwnqFyTJIgX,4265.0,2016-03-31,2019-04-12,historical_crosswalk_baseline
HDX_ARC_WARDS_1450,YbfMLNQRxtf,103,BASUBA,LAMU,LAMU EAST,YbfMLNQRxtf,NjWSbQTwys4,cwnqFyTJIgX,1052.0,2016-03-31,2019-04-12,historical_crosswalk_baseline
HDX_ARC_WARDS_1450,hlwSQTsP5nU,104,SHELLA,LAMU,LAMU WEST,hlwSQTsP5nU,NjWSbQTwys4,Lfxw0DfD4jN,3274.0,2016-03-31,2019-04-12,historical_crosswalk_baseline
HDX_ARC_WARDS_1450,khU4bMjWLt6,105,MKOMAMI,LAMU,LAMU WEST,khU4bMjWLt6,NjWSbQTwys4,Lfxw0DfD4jN,19092.0,2016-03-31,2019-04-12,historical_crosswalk_baseline
HDX_ARC_WARDS_1450,yCylsEe6jSZ,106,HINDI,LAMU,LAMU WEST,yCylsEe6jSZ,NjWSbQTwys4,Lfxw0DfD4jN,10700.0,2016-03-31,2019-04-12,historical_crosswalk_baseline
HDX_ARC_WARDS_1450,SCxU4funihr,98,Bangale Ward,TANA RIVER,Bura Sub County,SCxU4funihr,JsH2bnvNt2d,yWPcTwGwQ2B,14105.0,2016-03-31,2019-04-12,historical_crosswalk_baseline
HDX_ARC_WARDS_1450,tc9MpZMV6yJ,99,Sala Ward,TANA RIVER,Bura Sub County,tc9MpZMV6yJ,JsH2bnvNt2d,yWPcTwGwQ2B,10370.0,2016-03-31,2019-04-12,historical_crosswalk_baseline
HDX_ARC_WARDS_1450,att6OMwShzH,108,HONGWE,LAMU,LAMU WEST,att6OMwShzH,NjWSbQTwys4,Lfxw0DfD4jN,9097.0,2016-03-31,2019-04-12,historical_crosswalk_baseline
HDX_ARC_WARDS_1450,V3ZV8jsqN0Z,1678,Lusheya Lubinu Ward,Kakamega,Mumias East Sub County,V3ZV8jsqN0Z,BjC1xL40gHo,FBteTV1eqB6,37609.0,2016-03-31,2019-04-12,historical_crosswalk_baseline
HDX_ARC_WARDS_1450,LFTRMczCZWE,1679,Malaha Isongo Makunga Ward,Kakamega,Mumias East Sub County,LFTRMczCZWE,BjC1xL40gHo,FBteTV1eqB6,31004.0,2016-03-31,2019-04-12,historical_crosswalk_baseline
HDX_ARC_WARDS_1450,ygKYcUMKsy2,1680,East Wanga Ward,Kakamega,Mumias East Sub County,ygKYcUMKsy2,BjC1xL40gHo,FBteTV1eqB6,32343.0,2016-03-31,2019-04-12,historical_crosswalk_baseline
HDX_ARC_WARDS_1450,gBgXSPT0eml,1681,Koyonzo Ward,Kakamega,Matungu Sub County,gBgXSPT0eml,BjC1xL40gHo,ssbO49f0iLN,35812.0,2016-03-31,2019-04-12,historical_crosswalk_baseline
HDX_ARC_WARDS_1450,U7mZiE3Hvys,1682,Kholera Ward,Kakamega,Matungu Sub County,U7mZiE3Hvys,BjC1xL40gHo,ssbO49f0iLN,28821.0,2016-03-31,2019-04-12,historical_crosswalk_baseline
HDX_ARC_WARDS_1450,ldYP7L1GA6f,1683,Khalaba Ward,Kakamega,Matungu Sub County,ldYP7L1GA6f,BjC1xL40gHo,ssbO49f0iLN,19778.0,2016-03-31,2019-04-12,historical_crosswalk_baseline
HDX_ARC_WARDS_1450,uxxdF69wmFs,111,Chala Ward,TAITA TAVETA,Taveta Sub County,uxxdF69wmFs,QyGNX2DpR4h,jNzRdAwjaQ1,18065.0,2016-03-31,2019-04-12,historical_crosswalk_baseline
HDX_ARC_WARDS_1450,CpQX2anrUJk,1485,Mokerero Ward,Migori,Kuria West Sub County,CpQX2anrUJk,fVra3Pwta0Q,jtBjNpL9FXS,20982.0,2016-03-31,2019-04-12,historical_crosswalk_baseline
HDX_ARC_WARDS_1450,m1IPtRRgcm9,115,Mata Ward,TAITA TAVETA,Taveta Sub County,m1IPtRRgcm9,QyGNX2DpR4h,jNzRdAwjaQ1,9271.0,2016-03-31,2019-04-12,historical_crosswalk_baseline
HDX_ARC_WARDS_1450,EFFhTqzNEYT,1487,Tagare Ward,Migori,Kuria West Sub County,EFFhTqzNEYT,fVra3Pwta0Q,jtBjNpL9FXS,22562.0,2016-03-31,2019-04-12,historical_crosswalk_baseline
HDX_ARC_WARDS_1450,mkbKajFxEDT,116,Wundanyi/mbale Ward,TAITA TAVETA,Wundanyi Sub County,mkbKajFxEDT,QyGNX2DpR4h,AM36DdkZ36Y,19668.0,2016-03-31,2019-04-12,historical_crosswalk_baseline
HDX_ARC_WARDS_1450,MWZrkgY93fj,118,Wumingu/kishushe Ward,TAITA TAVETA,Wundanyi Sub County,MWZrkgY93fj,QyGNX2DpR4h,AM36DdkZ36Y,16934.0,2016-03-31,2019-04-12,historical_crosswalk_baseline
HDX_ARC_WARDS_1450,DfL4XXliaq1,1488,Nyamosense/komosoko Ward,Migori,Kuria West Sub County,DfL4XXliaq1,fVra3Pwta0Q,jtBjNpL9FXS,26542.0,2016-03-31,2019-04-12,historical_crosswalk_baseline
HDX_ARC_WARDS_1450,Y9n3cjtnU4R,1489,Gokeharaka/getambwega Ward,Migori,Kuria East Sub County,Y9n3cjtnU4R,fVra3Pwta0Q,THm2tCJa2ZQ,20312.0,2016-03-31,2019-04-12,historical_crosswalk_baseline
HDX_ARC_WARDS_1450,C6U23QgqMCn,1491,Ntimaru East Ward,Migori,Kuria East Sub County,C6U23QgqMCn,fVra3Pwta0Q,THm2tCJa2ZQ,11730.0,2016-03-31,2019-04-12,historical_crosswalk_baseline
HDX_ARC_WARDS_1450,xUtluqIJmBZ,1492,Nyabasi East Ward,Migori,Kuria East Sub County,xUtluqIJmBZ,fVra3Pwta0Q,THm2tCJa2ZQ,22293.0,2016-03-31,2019-04-12,historical_crosswalk_baseline
HDX_ARC_WARDS_1450,k00olmG2C2e,1493,Nyabasi West Ward,Migori,Kuria East Sub County,k00olmG2C2e,fVra3Pwta0Q,THm2tCJa2ZQ,27371.0,2016-03-31,2019-04-12,historical_crosswalk_baseline
HDX_ARC_WARDS_1450,l8btuTBphnw,1494,East Kamagambo Ward,Migori,Rongo Sub County,l8btuTBphnw,fVra3Pwta0Q,fT37q3rXQ35,26857.0,2016-03-31,2019-04-12,historical_crosswalk_baseline
HDX_ARC_WARDS_1450,Z1lLfOZ4sab,1495,Kivaa Ward,Machakos,Masinga Sub County,Z1lLfOZ4sab,yhCUgGcCcOo,hpcb7MYi6nc,34092.0,2016-03-31,2019-04-12,historical_crosswalk_baseline
HDX_ARC_WARDS_1450,Gy8x7tShO72,1496,Masinga Central Ward,Machakos,Masinga Sub County,Gy8x7tShO72,yhCUgGcCcOo,hpcb7MYi6nc,32963.0,2016-03-31,2019-04-12,historical_crosswalk_baseline
HDX_ARC_WARDS_1450,Ado6AndJdpf,1497,Ekalakala Ward,Machakos,Masinga Sub County,Ado6AndJdpf,yhCUgGcCcOo,hpcb7MYi6nc,19013.0,2016-03-31,2019-04-12,historical_crosswalk_baseline
HDX_ARC_WARDS_1450,mbGPooHKbdA,1498,Muthesya Ward,Machakos,Masinga Sub County,mbGPooHKbdA,yhCUgGcCcOo,hpcb7MYi6nc,17153.0,2016-03-31,2019-04-12,historical_crosswalk_baseline
HDX_ARC_WARDS_1450,PUxylhB5rfi,1499,Mananja Ward,Machakos,Masinga Sub County,PUxylhB5rfi,yhCUgGcCcOo,hpcb7MYi6nc,22719.0,2016-03-31,2019-04-12,historical_crosswalk_baseline
HDX_ARC_WARDS_1450,hVGX2N2vzsO,1500,Ndalani Ward,Machakos,Yatta Sub County,hVGX2N2vzsO,yhCUgGcCcOo,CeukNtGhW7J,30256.0,2016-03-31,2019-04-12,historical_crosswalk_baseline
HDX_ARC_WARDS_1450,EhkLDtwfJnH,1501,Matuu Ward,Machakos,Yatta Sub County,EhkLDtwfJnH,yhCUgGcCcOo,CeukNtGhW7J,27145.0,2016-03-31,2019-04-12,historical_crosswalk_baseline
HDX_ARC_WARDS_1450,LELK9LZb2qR,1502,Kithimani Ward,Machakos,Yatta Sub County,LELK9LZb2qR,yhCUgGcCcOo,CeukNtGhW7J,33714.0,2016-03-31,2019-04-12,historical_crosswalk_baseline
HDX_ARC_WARDS_1450,Q4EsypvUANP,1503,Ikombe Ward,Machakos,Yatta Sub County,Q4EsypvUANP,yhCUgGcCcOo,CeukNtGhW7J,34683.0,2016-03-31,2019-04-12,historical_crosswalk_baseline
HDX_ARC_WARDS_1450,w0RAITw1HWe,1504,Katangi Ward,Machakos,Yatta Sub County,w0RAITw1HWe,yhCUgGcCcOo,CeukNtGhW7J,21781.0,2016-03-31,2019-04-12,historical_crosswalk_baseline
HDX_ARC_WARDS_1450,GCpjuDfIVDu,1505,Kangundo North Ward,Machakos,Kangundo Sub County,GCpjuDfIVDu,yhCUgGcCcOo,vMPhBuymSKt,22396.0,2016-03-31,2019-04-12,historical_crosswalk_baseline
HDX_ARC_WARDS_1450,xcOIxh5GkD7,1506,Kangundo Central Ward,Machakos,Kangundo Sub County,xcOIxh5GkD7,yhCUgGcCcOo,vMPhBuymSKt,24850.0,2016-03-31,2019-04-12,historical_crosswalk_baseline
HDX_ARC_WARDS_1450,hBftnwiDBHL,1507,Kangundo East Ward,Machakos,Kangundo Sub County,hBftnwiDBHL,yhCUgGcCcOo,vMPhBuymSKt,21509.0,2016-03-31,2019-04-12,historical_crosswalk_baseline
HDX_ARC_WARDS_1450,Q66EmTxlCi3,1508,Kangundo West Ward,Machakos,Kangundo Sub County,Q66EmTxlCi3,yhCUgGcCcOo,vMPhBuymSKt,25612.0,2016-03-31,2019-04-12,historical_crosswalk_baseline
HDX_ARC_WARDS_1450,fEYm1lDe2ES,1509,Tala Ward,Machakos,Matungulu Sub County,fEYm1lDe2ES,yhCUgGcCcOo,GnixPSqaV6D,26297.0,2016-03-31,2019-04-12,historical_crosswalk_baseline
HDX_ARC_WARDS_1450,cYcOCBgwwwN,1510,Matungulu North Ward,Machakos,Matungulu Sub County,cYcOCBgwwwN,yhCUgGcCcOo,GnixPSqaV6D,25041.0,2016-03-31,2019-04-12,historical_crosswalk_baseline
HDX_ARC_WARDS_1450,raVM522IGju,1511,Matungulu East Ward,Machakos,Matungulu Sub County,raVM522IGju,yhCUgGcCcOo,GnixPSqaV6D,21725.0,2016-03-31,2019-04-12,historical_crosswalk_baseline
HDX_ARC_WARDS_1450,OMFDcpMhxBr,1512,Matungulu West Ward,Machakos,Matungulu Sub County,OMFDcpMhxBr,yhCUgGcCcOo,GnixPSqaV6D,33935.0,2016-03-31,2019-04-12,historical_crosswalk_baseline
HDX_ARC_WARDS_1450,XgDHRzDJYER,1513,Kyeleni Ward,Machakos,Matungulu Sub County,XgDHRzDJYER,yhCUgGcCcOo,GnixPSqaV6D,17738.0,2016-03-31,2019-04-12,historical_crosswalk_baseline
HDX_ARC_WARDS_1450,kTPK3jU6vdp,1514,Mitamboni Ward,Machakos,Kathiani Sub County,kTPK3jU6vdp,yhCUgGcCcOo,iCey76HYgLP,30055.0,2016-03-31,2019-04-12,historical_crosswalk_baseline
HDX_ARC_WARDS_1450,vviGMt93opf,1515,Kathiani Central Ward,Machakos,Kathiani Sub County,vviGMt93opf,yhCUgGcCcOo,iCey76HYgLP,24390.0,2016-03-31,2019-04-12,historical_crosswalk_baseline
HDX_ARC_WARDS_1450,nDNeAIZ7KRc,1516,Upper Kaewa-iveti Ward,Machakos,Kathiani Sub County,nDNeAIZ7KRc,yhCUgGcCcOo,iCey76HYgLP,26863.0,2016-03-31,2019-04-12,historical_crosswalk_baseline
HDX_ARC_WARDS_1450,uRN4WDLAPSP,1517,Lower Kaewa-kaani Ward,Machakos,Kathiani Sub County,uRN4WDLAPSP,yhCUgGcCcOo,iCey76HYgLP,22909.0,2016-03-31,2019-04-12,historical_crosswalk_baseline
HDX_ARC_WARDS_1450,CYAMnUYLITU,1518,Athi River Ward,Machakos,Athi River Sub County,CYAMnUYLITU,yhCUgGcCcOo,BxfsSc6Svrc,51293.0,2016-03-31,2019-04-12,historical_crosswalk_baseline
HDX_ARC_WARDS_1450,COrVDPRzUZp,1519,Kinanie Ward,Machakos,Athi River Sub County,COrVDPRzUZp,yhCUgGcCcOo,BxfsSc6Svrc,17538.0,2016-03-31,2019-04-12,historical_crosswalk_baseline
HDX_ARC_WARDS_1450,HUoTkec6KhI,1548,Kibiri Ward,Homa Bay,Karachuonyo Sub County,HUoTkec6KhI,nK0A12Q7MvS,fmsyW02tPng,19496.0,2016-03-31,2019-04-12,historical_crosswalk_baseline
HDX_ARC_WARDS_1450,RcF7TZ3ciq5,1549,Wang'chieng Ward,Homa Bay,Karachuonyo Sub County,RcF7TZ3ciq5,nK0A12Q7MvS,fmsyW02tPng,33336.0,2016-03-31,2019-04-12,historical_crosswalk_baseline
HDX_ARC_WARDS_1450,bBfvGmNakj6,1550,Kendu Bay Town Ward,Homa Bay,Karachuonyo Sub County,bBfvGmNakj6,nK0A12Q7MvS,fmsyW02tPng,20371.0,2016-03-31,2019-04-12,historical_crosswalk_baseline
HDX_ARC_WARDS_1450,XQSQgdwyxWP,1551,West Gem Ward,Homa Bay,Rangwe Sub County,XQSQgdwyxWP,nK0A12Q7MvS,iK2Jk2AxhlD,19711.0,2016-03-31,2019-04-12,historical_crosswalk_baseline
HDX_ARC_WARDS_1450,nUVin4tYKY2,1552,East Gem Ward,Homa Bay,Rangwe Sub County,nUVin4tYKY2,nK0A12Q7MvS,iK2Jk2AxhlD,22930.0,2016-03-31,2019-04-12,historical_crosswalk_baseline
HDX_ARC_WARDS_1450,jjce8vXK50R,1557,Homa Bay West Ward,Homa Bay,Homa Bay Town Sub County,jjce8vXK50R,nK0A12Q7MvS,Ur2xRBDtazT,12184.0,2016-03-31,2019-04-12,historical_crosswalk_baseline
HDX_ARC_WARDS_1450,OsuzTNGeh3u,131,Township Ward,GARISSA,Garissa Sub County,OsuzTNGeh3u,uyOrcHZBpW0,lQkHbTC1iRg,20617.0,2016-03-31,2019-04-12,historical_crosswalk_baseline
HDX_ARC_WARDS_1450,QlqqWw642lA,1564,Kanyamwa Kologi Ward,Homa Bay,Ndhiwa Sub County,QlqqWw642lA,nK0A12Q7MvS,i2Y2fyNoFyZ,23442.0,2016-03-31,2019-04-12,historical_crosswalk_baseline
HDX_ARC_WARDS_1450,acibphi1EGX,1569,Gembe Ward,Homa Bay,Mbita Sub County,acibphi1EGX,nK0A12Q7MvS,mCGytMcMf6y,19046.0,2016-03-31,2019-04-12,historical_crosswalk_baseline
HDX_ARC_WARDS_1450,vbgVuQPf9j7,1570,Lambwe Ward,Homa Bay,Mbita Sub County,vbgVuQPf9j7,nK0A12Q7MvS,mCGytMcMf6y,22315.0,2016-03-31,2019-04-12,historical_crosswalk_baseline
HDX_ARC_WARDS_1450,AuOsnrKcOMF,1571,Gwassi South Ward,Homa Bay,Suba Sub County,AuOsnrKcOMF,nK0A12Q7MvS,HoRW5aISmiD,34563.0,2016-03-31,2019-04-12,historical_crosswalk_baseline
HDX_ARC_WARDS_1450,gieorchg4LE,1572,Gwassi North Ward,Homa Bay,Suba Sub County,gieorchg4LE,nK0A12Q7MvS,HoRW5aISmiD,30598.0,2016-03-31,2019-04-12,historical_crosswalk_baseline
HDX_ARC_WARDS_1450,zwpctzVflwm,1573,Kaksingiri West Ward,Homa Bay,Suba Sub County,zwpctzVflwm,nK0A12Q7MvS,HoRW5aISmiD,26021.0,2016-03-31,2019-04-12,historical_crosswalk_baseline
HDX_ARC_WARDS_1450,moyjoMLymNA,134,Waberi Ward,GARISSA,Garissa Sub County,moyjoMLymNA,uyOrcHZBpW0,lQkHbTC1iRg,30743.0,2016-03-31,2019-04-12,historical_crosswalk_baseline
HDX_ARC_WARDS_1450,UuAQ2amLjtB,135,Balambala Ward,GARISSA,Balambala Sub County,UuAQ2amLjtB,uyOrcHZBpW0,FGBNPr91pXH,20329.0,2016-03-31,2019-04-12,historical_crosswalk_baseline
HDX_ARC_WARDS_1450,ap7BwqlvdFg,136,Danyere Ward,GARISSA,Balambala Sub County,ap7BwqlvdFg,uyOrcHZBpW0,FGBNPr91pXH,24820.0,2016-03-31,2019-04-12,historical_crosswalk_baseline
HDX_ARC_WARDS_1450,OoG4wdaPLM8,137,Jarajara Ward,GARISSA,Balambala Sub County,OoG4wdaPLM8,uyOrcHZBpW0,FGBNPr91pXH,7356.0,2016-03-31,2019-04-12,historical_crosswalk_baseline
HDX_ARC_WARDS_1450,pSar0ObQa6I,138,Saka Ward,GARISSA,Balambala Sub County,pSar0ObQa6I,uyOrcHZBpW0,FGBNPr91pXH,9885.0,2016-03-31,2019-04-12,historical_crosswalk_baseline
HDX_ARC_WARDS_1450,XSRJUTBck5b,139,Sankuri Ward,GARISSA,Garissa Sub County,XSRJUTBck5b,uyOrcHZBpW0,lQkHbTC1iRg,10719.0,2016-03-31,2019-04-12,historical_crosswalk_baseline
HDX_ARC_WARDS_1450,iIS797JydB4,140,Modogashe Ward,GARISSA,Lagdera Sub County,iIS797JydB4,uyOrcHZBpW0,J69iWev2zwu,28877.0,2016-03-31,2019-04-12,historical_crosswalk_baseline
HDX_ARC_WARDS_1450,y8xlePXkWw3,141,Benane Ward,GARISSA,Lagdera Sub County,y8xlePXkWw3,uyOrcHZBpW0,J69iWev2zwu,13133.0,2016-03-31,2019-04-12,historical_crosswalk_baseline
HDX_ARC_WARDS_1450,iOIfrzq22kC,142,Goreale Ward,GARISSA,Lagdera Sub County,iOIfrzq22kC,uyOrcHZBpW0,J69iWev2zwu,10232.0,2016-03-31,2019-04-12,historical_crosswalk_baseline
HDX_ARC_WARDS_1450,qyQg0b3mxEL,1798,Changamwe Ward,Mombasa,Changamwe Sub County,qyQg0b3mxEL,wsBsC6gjHvn,OvI6w06DhPJ,11013.0,2016-03-31,2019-04-12,historical_crosswalk_baseline
HDX_ARC_WARDS_1450,UGCu7Ut7H7M,1574,Ruma-kaksingiri East Ward,Homa Bay,Suba Sub County,UGCu7Ut7H7M,nK0A12Q7MvS,HoRW5aISmiD,11872.0,2016-03-31,2019-04-12,historical_crosswalk_baseline
HDX_ARC_WARDS_1450,af8ohZ5YbyQ,1575,Lugaga-wamuluma Ward,Vihiga,Vihiga Sub County,af8ohZ5YbyQ,sANMZ3lpqGs,OOF3UX4yOt7,29153.0,2016-03-31,2019-04-12,historical_crosswalk_baseline
HDX_ARC_WARDS_1450,W1gE3uts9Qh,1576,Central Maragoli Ward,Vihiga,Vihiga Sub County,W1gE3uts9Qh,sANMZ3lpqGs,OOF3UX4yOt7,23370.0,2016-03-31,2019-04-12,historical_crosswalk_baseline
HDX_ARC_WARDS_1450,QbCSvi9H3CN,1577,Lyaduywa/izava Ward,Vihiga,Sabatia Sub County,QbCSvi9H3CN,sANMZ3lpqGs,urtJSF5jcBC,25605.0,2016-03-31,2019-04-12,historical_crosswalk_baseline
HDX_ARC_WARDS_1450,J5T5BAIIILr,1578,West Sabatia Ward,Vihiga,Sabatia Sub County,J5T5BAIIILr,sANMZ3lpqGs,urtJSF5jcBC,21501.0,2016-03-31,2019-04-12,historical_crosswalk_baseline
HDX_ARC_WARDS_1450,EmhVD7pSOTI,156,Nanighi Ward,GARISSA,Fafi Sub County,EmhVD7pSOTI,uyOrcHZBpW0,RScEHA3V38d,7329.0,2016-03-31,2019-04-12,historical_crosswalk_baseline
HDX_ARC_WARDS_1450,RqPb2VP0OCA,157,Hulugho Ward,GARISSA,Hulugho Sub County,RqPb2VP0OCA,uyOrcHZBpW0,uyeif4CPqHt,20953.0,2016-03-31,2019-04-12,historical_crosswalk_baseline
HDX_ARC_WARDS_1450,rw3XdXqwht4,158,Sangailu Ward,GARISSA,Hulugho Sub County,rw3XdXqwht4,uyOrcHZBpW0,uyeif4CPqHt,23280.0,2016-03-31,2019-04-12,historical_crosswalk_baseline
HDX_ARC_WARDS_1450,m9cV82YWKBf,1580,North Maragoli Ward,Vihiga,Sabatia Sub County,m9cV82YWKBf,sANMZ3lpqGs,urtJSF5jcBC,18487.0,2016-03-31,2019-04-12,historical_crosswalk_baseline
HDX_ARC_WARDS_1450,RaGcUBct8yg,1581,Wodanga Ward,Vihiga,Sabatia Sub County,RaGcUBct8yg,sANMZ3lpqGs,urtJSF5jcBC,21940.0,2016-03-31,2019-04-12,historical_crosswalk_baseline
HDX_ARC_WARDS_1450,ZD3ThdrdoTN,1588,Luanda Township Ward,Vihiga,Luanda Sub County,ZD3ThdrdoTN,sANMZ3lpqGs,lkYdgjRSOoE,14403.0,2016-03-31,2019-04-12,historical_crosswalk_baseline
HDX_ARC_WARDS_1450,VY0CncsctUg,1589,Wemilabi Ward,Vihiga,Luanda Sub County,VY0CncsctUg,sANMZ3lpqGs,lkYdgjRSOoE,23046.0,2016-03-31,2019-04-12,historical_crosswalk_baseline
HDX_ARC_WARDS_1450,gvz1kfj99I3,1590,Mwibona Ward,Vihiga,Luanda Sub County,gvz1kfj99I3,sANMZ3lpqGs,lkYdgjRSOoE,17360.0,2016-03-31,2019-04-12,historical_crosswalk_baseline
HDX_ARC_WARDS_1450,pRYo5vME6Ca,164,Malkagufu Ward,WAJIR,Wajir North Sub County,pRYo5vME6Ca,CeLsrJOH0g9,qsjAa8FE8OS,5886.0,2016-03-31,2019-04-12,historical_crosswalk_baseline
HDX_ARC_WARDS_1450,eQSeYqhadbw,165,Batalu Ward,WAJIR,Wajir North Sub County,eQSeYqhadbw,CeLsrJOH0g9,qsjAa8FE8OS,17334.0,2016-03-31,2019-04-12,historical_crosswalk_baseline
HDX_ARC_WARDS_1450,rVwUPDEkBSy,1592,Emabungo Ward,Vihiga,Luanda Sub County,rVwUPDEkBSy,sANMZ3lpqGs,lkYdgjRSOoE,21119.0,2016-03-31,2019-04-12,historical_crosswalk_baseline
HDX_ARC_WARDS_1450,cGxvLpMCjj9,167,Godoma Ward,WAJIR,Wajir North Sub County,cGxvLpMCjj9,CeLsrJOH0g9,qsjAa8FE8OS,13712.0,2016-03-31,2019-04-12,historical_crosswalk_baseline
HDX_ARC_WARDS_1450,rF4SKTlT0XH,1594,Central Bunyore Ward,Vihiga,Emuhaya Sub County,rF4SKTlT0XH,sANMZ3lpqGs,Lpy789vqRC6,27316.0,2016-03-31,2019-04-12,historical_crosswalk_baseline
HDX_ARC_WARDS_1450,HxODkmO42Nw,1595,West Bunyore Ward,Vihiga,Emuhaya Sub County,HxODkmO42Nw,sANMZ3lpqGs,Lpy789vqRC6,31840.0,2016-03-31,2019-04-12,historical_crosswalk_baseline
HDX_ARC_WARDS_1450,Tj925bvDisP,93,Mikinduni Ward,TANA RIVER,Galole Sub County,Tj925bvDisP,JsH2bnvNt2d,A4SNYCxrrnv,9568.0,2016-03-31,2019-04-12,historical_crosswalk_baseline
HDX_ARC_WARDS_1450,PdtTwk95oki,171,Khorof/Harar Ward,WAJIR,Wajir East Sub County,PdtTwk95oki,CeLsrJOH0g9,uov0yFMw9Qm,29772.0,2016-03-31,2019-04-12,historical_crosswalk_baseline
HDX_ARC_WARDS_1450,dAuiI1KjvPd,172,Elben Ward,WAJIR,Tarbaj Sub County,dAuiI1KjvPd,CeLsrJOH0g9,fmNokBURXjM,27014.0,2016-03-31,2019-04-12,historical_crosswalk_baseline
HDX_ARC_WARDS_1450,BtTdA2pR73q,173,Sarman Ward,WAJIR,Tarbaj Sub County,BtTdA2pR73q,CeLsrJOH0g9,fmNokBURXjM,26064.0,2016-03-31,2019-04-12,historical_crosswalk_baseline
HDX_ARC_WARDS_1450,ua8MQfTav4q,174,Tarbaj Ward,WAJIR,Tarbaj Sub County,ua8MQfTav4q,CeLsrJOH0g9,fmNokBURXjM,28819.0,2016-03-31,2019-04-12,historical_crosswalk_baseline
HDX_ARC_WARDS_1450,mi3OaBYLsUz,175,Wargadud Ward,WAJIR,Tarbaj Sub County,mi3OaBYLsUz,CeLsrJOH0g9,fmNokBURXjM,29949.0,2016-03-31,2019-04-12,historical_crosswalk_baseline
HDX_ARC_WARDS_1450,VDvkL0vcV5e,122,Bura Ward,TAITA TAVETA,Mwatate Sub County,VDvkL0vcV5e,QyGNX2DpR4h,IBDoGsLdhvt,16885.0,2016-03-31,2019-04-12,historical_crosswalk_baseline
HDX_ARC_WARDS_1450,avaUAA1j5ie,177,Hadado Athibohol Ward,WAJIR,Wajir West Sub County,avaUAA1j5ie,CeLsrJOH0g9,X98G0eIWdmP,19264.0,2016-03-31,2019-04-12,historical_crosswalk_baseline
HDX_ARC_WARDS_1450,T0eflkFOYOF,1800,Jomvu Kuu Ward,Mombasa,Jomvu  Sub County,T0eflkFOYOF,wsBsC6gjHvn,vSISrsNNHwq,38776.0,2016-03-31,2019-04-12,historical_crosswalk_baseline
HDX_ARC_WARDS_1450,VmCvwovgPi4,1599,Mungoma Ward,Vihiga,Vihiga Sub County,VmCvwovgPi4,sANMZ3lpqGs,OOF3UX4yOt7,19800.0,2016-03-31,2019-04-12,historical_crosswalk_baseline
HDX_ARC_WARDS_1450,laOitoZMUgC,1601,Chesikaki Ward,Bungoma,Cheptais Sub County,laOitoZMUgC,KGHhQ5GLd4k,NZphHeczehh,24062.0,2016-03-31,2019-04-12,historical_crosswalk_baseline
HDX_ARC_WARDS_1450,dnN8o6fbT5I,1602,Chepyuk Ward,Bungoma,Cheptais Sub County,dnN8o6fbT5I,KGHhQ5GLd4k,NZphHeczehh,25442.0,2016-03-31,2019-04-12,historical_crosswalk_baseline
HDX_ARC_WARDS_1450,zxfCOXaz1ha,1605,Elgon Ward,Bungoma,Mt Elgon Sub County,zxfCOXaz1ha,KGHhQ5GLd4k,ZCYATXdLsL1,31862.0,2016-03-31,2019-04-12,historical_crosswalk_baseline
HDX_ARC_WARDS_1450,XFOc3lfOj2x,1691,Kisa North Ward,Kakamega,Khwisero Sub County,XFOc3lfOj2x,BjC1xL40gHo,UhQS2Mv0PCK,19300.0,2016-03-31,2019-04-12,historical_crosswalk_baseline
HDX_ARC_WARDS_1450,IUsXLSNYp1f,1717,Nambale Township Ward,Busia,Nambale Sub County,IUsXLSNYp1f,Tvf1zgVZ0K4,e1J7R103h8I,32293.0,2016-03-31,2019-04-12,historical_crosswalk_baseline
HDX_ARC_WARDS_1450,YXM5WOeQkyO,1718,Bukhayo North Walatsi Ward,Busia,Nambale Sub County,YXM5WOeQkyO,Tvf1zgVZ0K4,e1J7R103h8I,22459.0,2016-03-31,2019-04-12,historical_crosswalk_baseline
HDX_ARC_WARDS_1450,ov8OgPXuR5N,1719,Bukhayo East Ward,Busia,Nambale Sub County,ov8OgPXuR5N,Tvf1zgVZ0K4,e1J7R103h8I,21696.0,2016-03-31,2019-04-12,historical_crosswalk_baseline
HDX_ARC_WARDS_1450,i26gx3p4d5E,1720,Bukhayo Central Ward,Busia,Nambale Sub County,i26gx3p4d5E,Tvf1zgVZ0K4,e1J7R103h8I,18189.0,2016-03-31,2019-04-12,historical_crosswalk_baseline
HDX_ARC_WARDS_1450,xMPuIHmGdYe,1721,Bukhayo West Ward,Busia,Matayos Sub County,xMPuIHmGdYe,Tvf1zgVZ0K4,tvkI2HSIRW9,33480.0,2016-03-31,2019-04-12,historical_crosswalk_baseline
HDX_ARC_WARDS_1450,gid:203,203,MAROTHILE,MANDERA,MANDERA NORTH,,,,13550.0,2016-03-31,2019-04-12,historical_crosswalk_baseline
HDX_ARC_WARDS_1450,d7Se8cdZnHg,204,RHAMU,MANDERA,MANDERA NORTH,d7Se8cdZnHg,R6f9znhg37c,jrm0uyLXnC1,42422.0,2016-03-31,2019-04-12,historical_crosswalk_baseline
HDX_ARC_WARDS_1450,GpykXhXcYCT,205,RHAMU DIMTU,MANDERA,MANDERA NORTH,GpykXhXcYCT,R6f9znhg37c,jrm0uyLXnC1,36596.0,2016-03-31,2019-04-12,historical_crosswalk_baseline
HDX_ARC_WARDS_1450,J9PHxsmBzgD,207,KOTULO,MANDERA,MANDERA SOUTH,J9PHxsmBzgD,R6f9znhg37c,iGFdm333PJ2,70329.0,2016-03-31,2019-04-12,historical_crosswalk_baseline
HDX_ARC_WARDS_1450,AEMY7F8XyZT,208,ELWAK SOUTH,MANDERA,MANDERA SOUTH,AEMY7F8XyZT,R6f9znhg37c,qyhVIMG2rUw,75270.0,2016-03-31,2019-04-12,historical_crosswalk_baseline
HDX_ARC_WARDS_1450,Z9zNkBFLY9r,210,SHAMBIR FATUMA,MANDERA,MANDERA SOUTH,Z9zNkBFLY9r,R6f9znhg37c,qyhVIMG2rUw,44274.0,2016-03-31,2019-04-12,historical_crosswalk_baseline
HDX_ARC_WARDS_1450,o8RzRkx3x4Q,211,ARABIA,MANDERA,MANDERA EAST,o8RzRkx3x4Q,R6f9znhg37c,fGr9rRvaovO,27269.0,2016-03-31,2019-04-12,historical_crosswalk_baseline
HDX_ARC_WARDS_1450,g3PamYQCz5A,221,BUTIYE,MARSABIT,MOYALE,g3PamYQCz5A,Eey8fT4Im3y,sZjPgbWI5ra,17542.0,2016-03-31,2019-04-12,historical_crosswalk_baseline
HDX_ARC_WARDS_1450,IdYKTiaR0Cy,222,SOLOLO,MARSABIT,MOYALE,IdYKTiaR0Cy,Eey8fT4Im3y,sZjPgbWI5ra,8300.0,2016-03-31,2019-04-12,historical_crosswalk_baseline
HDX_ARC_WARDS_1450,RYHYagSQfDF,223,HEILLU/MANYATTA,MARSABIT,MOYALE,RYHYagSQfDF,Eey8fT4Im3y,sZjPgbWI5ra,21152.0,2016-03-31,2019-04-12,historical_crosswalk_baseline
HDX_ARC_WARDS_1450,jltiitEPkip,224,GOLBO,MARSABIT,MOYALE,jltiitEPkip,Eey8fT4Im3y,sZjPgbWI5ra,29161.0,2016-03-31,2019-04-12,historical_crosswalk_baseline
HDX_ARC_WARDS_1450,J7hloFhkWdU,231,NORTH HORR,MARSABIT,NORTH HORR,J7hloFhkWdU,Eey8fT4Im3y,j6fqt5TYqPZ,17217.0,2016-03-31,2019-04-12,historical_crosswalk_baseline
HDX_ARC_WARDS_1450,nhKIZhNozIv,232,ILLERET,MARSABIT,NORTH HORR,nhKIZhNozIv,Eey8fT4Im3y,j6fqt5TYqPZ,9790.0,2016-03-31,2019-04-12,historical_crosswalk_baseline
HDX_ARC_WARDS_1450,G2LQpPk5BXU,233,SAGANTE/JALDESA,MARSABIT,SAKU,G2LQpPk5BXU,Eey8fT4Im3y,WILszL634oZ,16758.0,2016-03-31,2019-04-12,historical_crosswalk_baseline
HDX_ARC_WARDS_1450,UMeXjZoZxct,1723,Matayos South Ward,Busia,Matayos Sub County,UMeXjZoZxct,Tvf1zgVZ0K4,tvkI2HSIRW9,30874.0,2016-03-31,2019-04-12,historical_crosswalk_baseline
HDX_ARC_WARDS_1450,cgTC3oqgmKg,1724,Busibwabo Ward,Busia,Matayos Sub County,cgTC3oqgmKg,Tvf1zgVZ0K4,tvkI2HSIRW9,11328.0,2016-03-31,2019-04-12,historical_crosswalk_baseline
HDX_ARC_WARDS_1450,Yk6G4ret1OC,1725,Burumba Ward,Busia,Matayos Sub County,Yk6G4ret1OC,Tvf1zgVZ0K4,tvkI2HSIRW9,26493.0,2016-03-31,2019-04-12,historical_crosswalk_baseline
HDX_ARC_WARDS_1450,WWr7jojWGHJ,240,LAISAMIS,MARSABIT,LAISAMIS,WWr7jojWGHJ,Eey8fT4Im3y,eZpy65ooW0m,13109.0,2016-03-31,2019-04-12,historical_crosswalk_baseline
HDX_ARC_WARDS_1450,cCF3yJfJOvA,251,Maua Ward,MERU,Igembe South Sub County,cCF3yJfJOvA,Y52XNJ50hYb,wtuGWT7KjVm,22617.0,2016-03-31,2019-04-12,historical_crosswalk_baseline
HDX_ARC_WARDS_1450,ozZP0r92ysp,252,Kiegoi/antubochiu Ward,MERU,Igembe South Sub County,ozZP0r92ysp,Y52XNJ50hYb,wtuGWT7KjVm,32285.0,2016-03-31,2019-04-12,historical_crosswalk_baseline
HDX_ARC_WARDS_1450,pK3bnoP5kpo,253,Athiru gaiti Ward,MERU,Igembe South Sub County,pK3bnoP5kpo,Y52XNJ50hYb,wtuGWT7KjVm,26731.0,2016-03-31,2019-04-12,historical_crosswalk_baseline
HDX_ARC_WARDS_1450,mSPC54QXXiP,254,Akachiu Ward,MERU,Igembe South Sub County,mSPC54QXXiP,Y52XNJ50hYb,wtuGWT7KjVm,26668.0,2016-03-31,2019-04-12,historical_crosswalk_baseline
HDX_ARC_WARDS_1450,A7U8KMUSpj1,255,Kanuni Ward,MERU,Igembe South Sub County,A7U8KMUSpj1,Y52XNJ50hYb,wtuGWT7KjVm,26249.0,2016-03-31,2019-04-12,historical_crosswalk_baseline
HDX_ARC_WARDS_1450,CsVYL5oWdjy,256,Akirang'ondu Ward,MERU,Igembe Central Sub County,CsVYL5oWdjy,Y52XNJ50hYb,TPfcUHno8oP,31426.0,2016-03-31,2019-04-12,historical_crosswalk_baseline
HDX_ARC_WARDS_1450,mOMLW8dXVuR,257,Athiru ruujine Ward,MERU,Igembe Central Sub County,mOMLW8dXVuR,Y52XNJ50hYb,TPfcUHno8oP,44075.0,2016-03-31,2019-04-12,historical_crosswalk_baseline
HDX_ARC_WARDS_1450,QRgp6qqEmVn,258,Kiengu/Igembe East ward,MERU,Igembe Central Sub County,QRgp6qqEmVn,Y52XNJ50hYb,TPfcUHno8oP,44489.0,2016-03-31,2019-04-12,historical_crosswalk_baseline
HDX_ARC_WARDS_1450,k0edp6ATpN0,259,Njia Ward,MERU,Igembe Central Sub County,k0edp6ATpN0,Y52XNJ50hYb,TPfcUHno8oP,42759.0,2016-03-31,2019-04-12,historical_crosswalk_baseline
HDX_ARC_WARDS_1450,cN3gQ1BXbVr,260,Kangeta Ward,MERU,Igembe Central Sub County,cN3gQ1BXbVr,Y52XNJ50hYb,TPfcUHno8oP,30643.0,2016-03-31,2019-04-12,historical_crosswalk_baseline
HDX_ARC_WARDS_1450,q5aojmYq2C4,261,Antuambui Ward,MERU,Igembe North Sub County,q5aojmYq2C4,Y52XNJ50hYb,G9DoZvSdGLx,29231.0,2016-03-31,2019-04-12,historical_crosswalk_baseline
HDX_ARC_WARDS_1450,b7S83B5sQai,262,Ntunene Ward,MERU,Igembe North Sub County,b7S83B5sQai,Y52XNJ50hYb,G9DoZvSdGLx,19560.0,2016-03-31,2019-04-12,historical_crosswalk_baseline
HDX_ARC_WARDS_1450,iNmCeQG70K0,263,Antubetwe kiongo Ward,MERU,Igembe North Sub County,iNmCeQG70K0,Y52XNJ50hYb,G9DoZvSdGLx,32204.0,2016-03-31,2019-04-12,historical_crosswalk_baseline
HDX_ARC_WARDS_1450,NDRZbel9Pr4,264,Naathu Ward,MERU,Igembe North Sub County,NDRZbel9Pr4,Y52XNJ50hYb,G9DoZvSdGLx,29555.0,2016-03-31,2019-04-12,historical_crosswalk_baseline
HDX_ARC_WARDS_1450,y1x13IydCG7,265,Amwathi Ward,MERU,Igembe North Sub County,y1x13IydCG7,Y52XNJ50hYb,G9DoZvSdGLx,44264.0,2016-03-31,2019-04-12,historical_crosswalk_baseline
HDX_ARC_WARDS_1450,UE0iLMx0uAU,266,Athwana Ward,MERU,Tigania West Sub County,UE0iLMx0uAU,Y52XNJ50hYb,Q4xAPhWUnYC,18127.0,2016-03-31,2019-04-12,historical_crosswalk_baseline
HDX_ARC_WARDS_1450,bYsajNCrCgY,267,Akithii Ward,MERU,Tigania West Sub County,bYsajNCrCgY,Y52XNJ50hYb,Q4xAPhWUnYC,35646.0,2016-03-31,2019-04-12,historical_crosswalk_baseline
HDX_ARC_WARDS_1450,rjPvpKtHTus,268,Kianjai Ward,MERU,Tigania West Sub County,rjPvpKtHTus,Y52XNJ50hYb,Q4xAPhWUnYC,36874.0,2016-03-31,2019-04-12,historical_crosswalk_baseline
HDX_ARC_WARDS_1450,TEMzqnMqi9A,269,Nkomo Ward,MERU,Tigania West Sub County,TEMzqnMqi9A,Y52XNJ50hYb,Q4xAPhWUnYC,24361.0,2016-03-31,2019-04-12,historical_crosswalk_baseline
HDX_ARC_WARDS_1450,diFMjWsMQda,270,Mbeu Ward,MERU,Tigania West Sub County,diFMjWsMQda,Y52XNJ50hYb,Q4xAPhWUnYC,20972.0,2016-03-31,2019-04-12,historical_crosswalk_baseline
HDX_ARC_WARDS_1450,ELYCgxhiudW,271,Thangatha Ward,MERU,Tigania East Sub County,ELYCgxhiudW,Y52XNJ50hYb,U3lGZ71W9Te,40190.0,2016-03-31,2019-04-12,historical_crosswalk_baseline
HDX_ARC_WARDS_1450,c0I654P6EkR,272,Mikinduri Ward,MERU,Tigania East Sub County,c0I654P6EkR,Y52XNJ50hYb,U3lGZ71W9Te,33796.0,2016-03-31,2019-04-12,historical_crosswalk_baseline
HDX_ARC_WARDS_1450,EzxiXXOQex6,273,Kiguchwa Ward,MERU,Tigania East Sub County,EzxiXXOQex6,Y52XNJ50hYb,U3lGZ71W9Te,19172.0,2016-03-31,2019-04-12,historical_crosswalk_baseline
HDX_ARC_WARDS_1450,Zxy2exUTX7R,274,Muthara Ward,MERU,Tigania East Sub County,Zxy2exUTX7R,Y52XNJ50hYb,U3lGZ71W9Te,39028.0,2016-03-31,2019-04-12,historical_crosswalk_baseline
HDX_ARC_WARDS_1450,HuKVPCdKkZ0,275,Karama Ward,MERU,Tigania East Sub County,HuKVPCdKkZ0,Y52XNJ50hYb,U3lGZ71W9Te,25060.0,2016-03-31,2019-04-12,historical_crosswalk_baseline
HDX_ARC_WARDS_1450,EossaGDQulP,276,Municipality Ward,MERU,Imenti North Sub County,EossaGDQulP,Y52XNJ50hYb,BDxUGx86itV,27860.0,2016-03-31,2019-04-12,historical_crosswalk_baseline
HDX_ARC_WARDS_1450,Ryj106sjw37,277,Ntima east Ward,MERU,Imenti North Sub County,Ryj106sjw37,Y52XNJ50hYb,BDxUGx86itV,20983.0,2016-03-31,2019-04-12,historical_crosswalk_baseline
HDX_ARC_WARDS_1450,Q1YmD34Z3It,278,Ntima west Ward,MERU,Imenti North Sub County,Q1YmD34Z3It,Y52XNJ50hYb,BDxUGx86itV,33766.0,2016-03-31,2019-04-12,historical_crosswalk_baseline
HDX_ARC_WARDS_1450,danQPcsYu5G,279,Nyaki west Ward,MERU,Imenti North Sub County,danQPcsYu5G,Y52XNJ50hYb,BDxUGx86itV,35575.0,2016-03-31,2019-04-12,historical_crosswalk_baseline
HDX_ARC_WARDS_1450,hceoyGXIXhD,280,Nyaki east Ward,MERU,Imenti North Sub County,hceoyGXIXhD,Y52XNJ50hYb,BDxUGx86itV,30960.0,2016-03-31,2019-04-12,historical_crosswalk_baseline
HDX_ARC_WARDS_1450,WnXi46WSP7B,281,Timau Ward,MERU,Buuri Sub County,WnXi46WSP7B,Y52XNJ50hYb,xN5aPo4ZOIt,34394.0,2016-03-31,2019-04-12,historical_crosswalk_baseline
HDX_ARC_WARDS_1450,jhoqnpxdZY7,282,Kisima Ward,MERU,Buuri Sub County,jhoqnpxdZY7,Y52XNJ50hYb,xN5aPo4ZOIt,29685.0,2016-03-31,2019-04-12,historical_crosswalk_baseline
HDX_ARC_WARDS_1450,SKXh3KXdbVU,283,Kiirua Naari Ward,MERU,Buuri Sub County,SKXh3KXdbVU,Y52XNJ50hYb,xN5aPo4ZOIt,27299.0,2016-03-31,2019-04-12,historical_crosswalk_baseline
HDX_ARC_WARDS_1450,LXCb2xO5iF7,284,Ruiru Rwawera Ward,MERU,Buuri Sub County,LXCb2xO5iF7,Y52XNJ50hYb,xN5aPo4ZOIt,18425.0,2016-03-31,2019-04-12,historical_crosswalk_baseline
HDX_ARC_WARDS_1450,FJJRq7O0QcB,285,Mwangathia Ward,MERU,Imenti Central Sub County,FJJRq7O0QcB,Y52XNJ50hYb,OnNcTsJgfvL,24793.0,2016-03-31,2019-04-12,historical_crosswalk_baseline
HDX_ARC_WARDS_1450,Ay0bToL5BTE,286,Abothuguchi central Ward,MERU,Imenti Central Sub County,Ay0bToL5BTE,Y52XNJ50hYb,OnNcTsJgfvL,33981.0,2016-03-31,2019-04-12,historical_crosswalk_baseline
HDX_ARC_WARDS_1450,ZVoIw8oAOWZ,287,Abothuguchi west Ward,MERU,Imenti Central Sub County,ZVoIw8oAOWZ,Y52XNJ50hYb,OnNcTsJgfvL,35901.0,2016-03-31,2019-04-12,historical_crosswalk_baseline
HDX_ARC_WARDS_1450,zP5ACOAN4ty,288,Kiagu Ward,MERU,Imenti Central Sub County,zP5ACOAN4ty,Y52XNJ50hYb,OnNcTsJgfvL,22243.0,2016-03-31,2019-04-12,historical_crosswalk_baseline
HDX_ARC_WARDS_1450,IuCkCzLOGau,289,Kibirichia Ward,MERU,Buuri Sub County,IuCkCzLOGau,Y52XNJ50hYb,xN5aPo4ZOIt,24850.0,2016-03-31,2019-04-12,historical_crosswalk_baseline
HDX_ARC_WARDS_1450,tIVOumb0Lh1,290,Mitunguu Ward,MERU,Imenti South Sub County,tIVOumb0Lh1,Y52XNJ50hYb,AFIlzKNxXST,20835.0,2016-03-31,2019-04-12,historical_crosswalk_baseline
HDX_ARC_WARDS_1450,AzpgHxbLVoh,291,Igoji east Ward,MERU,Imenti South Sub County,AzpgHxbLVoh,Y52XNJ50hYb,AFIlzKNxXST,28915.0,2016-03-31,2019-04-12,historical_crosswalk_baseline
HDX_ARC_WARDS_1450,ST78NM0nd2J,292,Igoji west Ward,MERU,Imenti South Sub County,ST78NM0nd2J,Y52XNJ50hYb,AFIlzKNxXST,20412.0,2016-03-31,2019-04-12,historical_crosswalk_baseline
HDX_ARC_WARDS_1450,nDZvyhVwri1,293,Abogeta east Ward,MERU,Imenti South Sub County,nDZvyhVwri1,Y52XNJ50hYb,AFIlzKNxXST,33848.0,2016-03-31,2019-04-12,historical_crosswalk_baseline
HDX_ARC_WARDS_1450,auJK9sKTX9b,294,Abogeta west Ward,MERU,Imenti South Sub County,auJK9sKTX9b,Y52XNJ50hYb,AFIlzKNxXST,30338.0,2016-03-31,2019-04-12,historical_crosswalk_baseline
HDX_ARC_WARDS_1450,SQ70Q8iG3l0,295,Nkuene Ward,MERU,Imenti South Sub County,SQ70Q8iG3l0,Y52XNJ50hYb,AFIlzKNxXST,45256.0,2016-03-31,2019-04-12,historical_crosswalk_baseline
HDX_ARC_WARDS_1450,iRQ3mxm14gi,296,Mitheru Ward,THARAKA-NITHI,Muthambi Sub County,iRQ3mxm14gi,T4urHM47nlm,gLD3Q9fHpvy,15309.0,2016-03-31,2019-04-12,historical_crosswalk_baseline
HDX_ARC_WARDS_1450,BkpZUfBGM9x,297,Muthambi Ward,THARAKA-NITHI,Muthambi Sub County,BkpZUfBGM9x,T4urHM47nlm,gLD3Q9fHpvy,19373.0,2016-03-31,2019-04-12,historical_crosswalk_baseline
HDX_ARC_WARDS_1450,VOpqnQgC8om,298,Mwimbi Ward,THARAKA-NITHI,Mwimbi Sub County,VOpqnQgC8om,T4urHM47nlm,wQ8XjZ7zVwL,22935.0,2016-03-31,2019-04-12,historical_crosswalk_baseline
HDX_ARC_WARDS_1450,CenIfdVZZdC,1606,Namwela Ward,Bungoma,Sirisia Sub County,CenIfdVZZdC,KGHhQ5GLd4k,whWfFA9D7td,27553.0,2016-03-31,2019-04-12,historical_crosswalk_baseline
HDX_ARC_WARDS_1450,Yh0tdzyDjHY,461,Charagita Ward,NYANDARUA,Oljoroorok Sub County,Yh0tdzyDjHY,mYZacFNIB3h,fVSw60UAC3W,21824.0,2016-03-31,2019-04-12,historical_crosswalk_baseline
HDX_ARC_WARDS_1450,g9tqOcjTCbA,1609,Kabuchai/chwele Ward,Bungoma,Kabuchai Sub County,g9tqOcjTCbA,KGHhQ5GLd4k,k1mze33jOs0,35855.0,2016-03-31,2019-04-12,historical_crosswalk_baseline
HDX_ARC_WARDS_1450,sKD6tJgPfbh,1611,Bwake/luuya Ward,Bungoma,Kabuchai Sub County,sKD6tJgPfbh,KGHhQ5GLd4k,k1mze33jOs0,34140.0,2016-03-31,2019-04-12,historical_crosswalk_baseline
HDX_ARC_WARDS_1450,uyBigxC7fHZ,333,Mumoni Ward,KITUI,Mwingi North Sub County,uyBigxC7fHZ,j8o6iO4Njsi,KXM9VnhuLfP,34225.0,2016-03-31,2019-04-12,historical_crosswalk_baseline
HDX_ARC_WARDS_1450,RJxeNbjGm71,334,Tseikuru Ward,KITUI,Mwingi North Sub County,RJxeNbjGm71,j8o6iO4Njsi,KXM9VnhuLfP,33836.0,2016-03-31,2019-04-12,historical_crosswalk_baseline
HDX_ARC_WARDS_1450,bBYJtOmYctd,335,Tharaka Ward,KITUI,Mwingi North Sub County,bBYJtOmYctd,j8o6iO4Njsi,KXM9VnhuLfP,13084.0,2016-03-31,2019-04-12,historical_crosswalk_baseline
HDX_ARC_WARDS_1450,tKZn1p295Nb,336,Kyome/thaana Ward,KITUI,Mwingi West Sub County,tKZn1p295Nb,j8o6iO4Njsi,svwbDnzhgik,26274.0,2016-03-31,2019-04-12,historical_crosswalk_baseline
HDX_ARC_WARDS_1450,wBisHlJd2aK,337,Nguutani Ward,KITUI,Mwingi West Sub County,wBisHlJd2aK,j8o6iO4Njsi,svwbDnzhgik,27265.0,2016-03-31,2019-04-12,historical_crosswalk_baseline
HDX_ARC_WARDS_1450,Apa4iLKG02o,338,Migwani Ward,KITUI,Mwingi West Sub County,Apa4iLKG02o,j8o6iO4Njsi,svwbDnzhgik,24338.0,2016-03-31,2019-04-12,historical_crosswalk_baseline
HDX_ARC_WARDS_1450,vpiZlB5cdK7,339,Kiomo/kyethani Ward,KITUI,Mwingi West Sub County,vpiZlB5cdK7,j8o6iO4Njsi,svwbDnzhgik,25897.0,2016-03-31,2019-04-12,historical_crosswalk_baseline
HDX_ARC_WARDS_1450,vvsB9Kldjzy,340,Central Ward,KITUI,Mwingi Central Sub- County,vvsB9Kldjzy,j8o6iO4Njsi,uE7HKhqPOtf,18846.0,2016-03-31,2019-04-12,historical_crosswalk_baseline
HDX_ARC_WARDS_1450,Xl4sI0chC8S,341,Kivou Ward,KITUI,Mwingi Central Sub- County,Xl4sI0chC8S,j8o6iO4Njsi,uE7HKhqPOtf,24886.0,2016-03-31,2019-04-12,historical_crosswalk_baseline
HDX_ARC_WARDS_1450,rPWcODiKrP8,342,Nguni Ward,KITUI,Mwingi Central Sub- County,rPWcODiKrP8,j8o6iO4Njsi,uE7HKhqPOtf,29313.0,2016-03-31,2019-04-12,historical_crosswalk_baseline
HDX_ARC_WARDS_1450,WOJ90HLwb6o,343,Nuu Ward,KITUI,Mwingi Central Sub- County,WOJ90HLwb6o,j8o6iO4Njsi,uE7HKhqPOtf,27644.0,2016-03-31,2019-04-12,historical_crosswalk_baseline
HDX_ARC_WARDS_1450,XBMMn5fIwkJ,344,Mui Ward,KITUI,Mwingi Central Sub- County,XBMMn5fIwkJ,j8o6iO4Njsi,uE7HKhqPOtf,19628.0,2016-03-31,2019-04-12,historical_crosswalk_baseline
HDX_ARC_WARDS_1450,kMwgldKtwou,1613,South Bukusu Ward,Bungoma,Bumula Sub County,kMwgldKtwou,KGHhQ5GLd4k,jkQZEow83MX,23135.0,2016-03-31,2019-04-12,historical_crosswalk_baseline
HDX_ARC_WARDS_1450,mKOh6Ubsn0x,484,Iria-ini Ward,NYERI,Nyeri South Sub County,mKOh6Ubsn0x,ptWVfaCIdVx,dd7jowvUO95,24536.0,2016-03-31,2019-04-12,historical_crosswalk_baseline
HDX_ARC_WARDS_1450,rFsKRF8TYWO,485,Chinga Ward,NYERI,Nyeri South Sub County,rFsKRF8TYWO,ptWVfaCIdVx,dd7jowvUO95,21899.0,2016-03-31,2019-04-12,historical_crosswalk_baseline
HDX_ARC_WARDS_1450,qTEN4LVoVVL,616,Nakalale Ward,TURKANA,Turkana West Sub County,qTEN4LVoVVL,kphDeKClFch,HK5SUCMQmsw,15488.0,2016-03-31,2019-04-12,historical_crosswalk_baseline
HDX_ARC_WARDS_1450,LHmp6sPE2w7,352,Kwavonza/yatta Ward,KITUI,Kitui Rural Sub County,LHmp6sPE2w7,j8o6iO4Njsi,vbauk0RRq9N,30732.0,2016-03-31,2019-04-12,historical_crosswalk_baseline
HDX_ARC_WARDS_1450,pesguszdkri,353,Kanyangi Ward,KITUI,Kitui Rural Sub County,pesguszdkri,j8o6iO4Njsi,vbauk0RRq9N,22094.0,2016-03-31,2019-04-12,historical_crosswalk_baseline
HDX_ARC_WARDS_1450,iu8wSlOZmfl,354,Miambani Ward,KITUI,Kitui Central  Sub County,iu8wSlOZmfl,j8o6iO4Njsi,MWqQbxWqACn,22164.0,2016-03-31,2019-04-12,historical_crosswalk_baseline
HDX_ARC_WARDS_1450,xM6qhREfp7o,355,Township Ward,KITUI,Kitui Central  Sub County,xM6qhREfp7o,j8o6iO4Njsi,MWqQbxWqACn,26016.0,2016-03-31,2019-04-12,historical_crosswalk_baseline
HDX_ARC_WARDS_1450,ENDuWpU74vp,356,Kyangwithya west Ward,KITUI,Kitui Central  Sub County,ENDuWpU74vp,j8o6iO4Njsi,MWqQbxWqACn,26705.0,2016-03-31,2019-04-12,historical_crosswalk_baseline
HDX_ARC_WARDS_1450,NZYstvTB9u9,641,Riwo Ward,WEST POKOT,West Pokot Sub County,NZYstvTB9u9,XWALbfAPa6n,ylWg6VvADJE,27527.0,2016-03-31,2019-04-12,historical_crosswalk_baseline
HDX_ARC_WARDS_1450,ieOIyNJbMxc,651,Suam Ward,WEST POKOT,Pokot North Sub County,ieOIyNJbMxc,XWALbfAPa6n,YXpHG1Ez8V2,23223.0,2016-03-31,2019-04-12,historical_crosswalk_baseline
HDX_ARC_WARDS_1450,wVGyi6a7FKs,652,Kodich Ward,WEST POKOT,Pokot North Sub County,wVGyi6a7FKs,XWALbfAPa6n,YXpHG1Ez8V2,22539.0,2016-03-31,2019-04-12,historical_crosswalk_baseline
HDX_ARC_WARDS_1450,WbEoZcJapjw,653,Kasei Ward,WEST POKOT,Pokot North Sub County,WbEoZcJapjw,XWALbfAPa6n,YXpHG1Ez8V2,14765.0,2016-03-31,2019-04-12,historical_crosswalk_baseline
HDX_ARC_WARDS_1450,AXu2vRnnxOt,654,Kapchok Ward,WEST POKOT,Pokot North Sub County,AXu2vRnnxOt,XWALbfAPa6n,YXpHG1Ez8V2,23684.0,2016-03-31,2019-04-12,historical_crosswalk_baseline
HDX_ARC_WARDS_1450,Yvjwozdmf1M,655,Kiwawa Ward,WEST POKOT,Pokot North Sub County,Yvjwozdmf1M,XWALbfAPa6n,YXpHG1Ez8V2,28235.0,2016-03-31,2019-04-12,historical_crosswalk_baseline
HDX_ARC_WARDS_1450,KgGyWS1YxMx,1801,Miritini Ward,Mombasa,Jomvu  Sub County,KgGyWS1YxMx,wsBsC6gjHvn,vSISrsNNHwq,25934.0,2016-03-31,2019-04-12,historical_crosswalk_baseline
HDX_ARC_WARDS_1450,YnEUPEUnejZ,960,Chaik Ward,KERICHO,Belgut Sub County,YnEUPEUnejZ,ihZsJ8alvtb,YnIAWg1T4AY,19951.0,2016-03-31,2019-04-12,historical_crosswalk_baseline
HDX_ARC_WARDS_1450,dOJaTypeyA9,1614,Bumula Ward,Bungoma,Bumula Sub County,dOJaTypeyA9,KGHhQ5GLd4k,jkQZEow83MX,31923.0,2016-03-31,2019-04-12,historical_crosswalk_baseline
HDX_ARC_WARDS_1450,NuxGvo5cvb1,1615,Khasoko Ward,Bungoma,Bumula Sub County,NuxGvo5cvb1,KGHhQ5GLd4k,jkQZEow83MX,14035.0,2016-03-31,2019-04-12,historical_crosswalk_baseline
HDX_ARC_WARDS_1450,IEBWo4HwEfq,663,Maralal Ward,SAMBURU,Samburu Central Sub County,IEBWo4HwEfq,o36zCRjSd4G,EmQRGVtvWy3,36755.0,2016-03-31,2019-04-12,historical_crosswalk_baseline
HDX_ARC_WARDS_1450,hp28cyo1lbf,162,Bute Ward,WAJIR,Wajir North Sub County,hp28cyo1lbf,CeLsrJOH0g9,qsjAa8FE8OS,26737.0,2016-03-31,2019-04-12,historical_crosswalk_baseline
HDX_ARC_WARDS_1450,Ekb0OY8S4Jm,360,Nzambani Ward,KITUI,Kitui East Sub County,Ekb0OY8S4Jm,j8o6iO4Njsi,d0Gu8FrRM0Y,18126.0,2016-03-31,2019-04-12,historical_crosswalk_baseline
HDX_ARC_WARDS_1450,gJUwKJIUKEc,1618,West Bukusu Ward,Bungoma,Bumula Sub County,gJUwKJIUKEc,KGHhQ5GLd4k,jkQZEow83MX,20002.0,2016-03-31,2019-04-12,historical_crosswalk_baseline
HDX_ARC_WARDS_1450,ysCS3ZD38VF,1622,Township Ward,Bungoma,Kanduyi Sub County,ysCS3ZD38VF,KGHhQ5GLd4k,CUjthlounWV,19017.0,2016-03-31,2019-04-12,historical_crosswalk_baseline
HDX_ARC_WARDS_1450,AqsJZWunWRF,1623,Khalaba Ward,Bungoma,Kanduyi Sub County,AqsJZWunWRF,KGHhQ5GLd4k,CUjthlounWV,24499.0,2016-03-31,2019-04-12,historical_crosswalk_baseline
HDX_ARC_WARDS_1450,jmsoF18bsh0,1624,Musikoma Ward,Bungoma,Kanduyi Sub County,jmsoF18bsh0,KGHhQ5GLd4k,CUjthlounWV,37933.0,2016-03-31,2019-04-12,historical_crosswalk_baseline
HDX_ARC_WARDS_1450,jhQaAr01YU5,1625,East Sang'alo Ward,Bungoma,Kanduyi Sub County,jhQaAr01YU5,KGHhQ5GLd4k,CUjthlounWV,32288.0,2016-03-31,2019-04-12,historical_crosswalk_baseline
HDX_ARC_WARDS_1450,thvW4MLkf3E,1626,Marakaru/tuuti Ward,Bungoma,Kanduyi Sub County,thvW4MLkf3E,KGHhQ5GLd4k,CUjthlounWV,35781.0,2016-03-31,2019-04-12,historical_crosswalk_baseline
HDX_ARC_WARDS_1450,uNCqGdTcjkh,1627,West Sang'alo Ward,Bungoma,Kanduyi Sub County,uNCqGdTcjkh,KGHhQ5GLd4k,CUjthlounWV,33123.0,2016-03-31,2019-04-12,historical_crosswalk_baseline
HDX_ARC_WARDS_1450,frzFOocEhiu,1628,Mihuu Ward,Bungoma,Webuye  East Sub County,frzFOocEhiu,KGHhQ5GLd4k,f4AOiG8fYtn,37808.0,2016-03-31,2019-04-12,historical_crosswalk_baseline
HDX_ARC_WARDS_1450,WskHX9On3vR,1629,Ndivisi Ward,Bungoma,Webuye  East Sub County,WskHX9On3vR,KGHhQ5GLd4k,f4AOiG8fYtn,39791.0,2016-03-31,2019-04-12,historical_crosswalk_baseline
HDX_ARC_WARDS_1450,chWsC9TTyF3,1630,Maraka Ward,Bungoma,Webuye  East Sub County,chWsC9TTyF3,KGHhQ5GLd4k,f4AOiG8fYtn,23875.0,2016-03-31,2019-04-12,historical_crosswalk_baseline
HDX_ARC_WARDS_1450,PyDYqhwBSoP,1631,Misikhu Ward,Bungoma,Webuye West Sub County,PyDYqhwBSoP,KGHhQ5GLd4k,aqYhbqKclsI,31382.0,2016-03-31,2019-04-12,historical_crosswalk_baseline
HDX_ARC_WARDS_1450,CYjWRY8PNTJ,1632,Sitikho Ward,Bungoma,Webuye West Sub County,CYjWRY8PNTJ,KGHhQ5GLd4k,aqYhbqKclsI,30055.0,2016-03-31,2019-04-12,historical_crosswalk_baseline
HDX_ARC_WARDS_1450,DfKdo0FepVq,1633,Matulo Ward,Bungoma,Webuye West Sub County,DfKdo0FepVq,KGHhQ5GLd4k,aqYhbqKclsI,34451.0,2016-03-31,2019-04-12,historical_crosswalk_baseline
HDX_ARC_WARDS_1450,vKo6mot8397,97,Hirimani Ward,TANA RIVER,Bura Sub County,vKo6mot8397,JsH2bnvNt2d,yWPcTwGwQ2B,15383.0,2016-03-31,2019-04-12,historical_crosswalk_baseline
HDX_ARC_WARDS_1450,QvkC6t7JwZB,1831,Mnarani Ward,Kilifi,Kilifi North Sub County,QvkC6t7JwZB,nrI2khZx3d0,MEkEH8ZmcOU,33375.0,2016-03-31,2019-04-12,historical_crosswalk_baseline
HDX_ARC_WARDS_1450,Ma35n0snJbX,1675,Mumias North Ward,Kakamega,Mumias West  Sub County,Ma35n0snJbX,BjC1xL40gHo,uRl5fBkhpcE,15765.0,2016-03-31,2019-04-12,historical_crosswalk_baseline
HDX_ARC_WARDS_1450,OycKfvEFK77,95,Wayu Ward,TANA RIVER,Galole Sub County,OycKfvEFK77,JsH2bnvNt2d,A4SNYCxrrnv,13461.0,2016-03-31,2019-04-12,historical_crosswalk_baseline
HDX_ARC_WARDS_1450,hwHZgY7hwgN,368,Ikutha Ward,KITUI,Kitui South Sub County,hwHZgY7hwgN,j8o6iO4Njsi,d3hSQ3EtnPk,26176.0,2016-03-31,2019-04-12,historical_crosswalk_baseline
HDX_ARC_WARDS_1450,amA6INYYpDG,370,Athi Ward,KITUI,Kitui South Sub County,amA6INYYpDG,j8o6iO4Njsi,d3hSQ3EtnPk,35437.0,2016-03-31,2019-04-12,historical_crosswalk_baseline
HDX_ARC_WARDS_1450,FNq96CChp6E,411,Tulimani Ward,MAKUENI,Mbooni  Sub County,FNq96CChp6E,BoDytkJQ4Qi,jxjGWCdfsib,35350.0,2016-03-31,2019-04-12,historical_crosswalk_baseline
HDX_ARC_WARDS_1450,wp8DtxcZfwK,412,Mbooni Ward,MAKUENI,Mbooni  Sub County,wp8DtxcZfwK,BoDytkJQ4Qi,jxjGWCdfsib,33774.0,2016-03-31,2019-04-12,historical_crosswalk_baseline
HDX_ARC_WARDS_1450,kbwrNLg8qn9,413,Kithungo/Kitundu Ward,MAKUENI,Mbooni  Sub County,kbwrNLg8qn9,BoDytkJQ4Qi,jxjGWCdfsib,28185.0,2016-03-31,2019-04-12,historical_crosswalk_baseline
HDX_ARC_WARDS_1450,Y9QRNvbj4ig,414,Kiteta-Kisau Ward,MAKUENI,Mbooni  Sub County,Y9QRNvbj4ig,BoDytkJQ4Qi,jxjGWCdfsib,37059.0,2016-03-31,2019-04-12,historical_crosswalk_baseline
HDX_ARC_WARDS_1450,aMAJt97Ksnm,415,Waia/Kako Ward,MAKUENI,Mbooni  Sub County,aMAJt97Ksnm,BoDytkJQ4Qi,jxjGWCdfsib,23082.0,2016-03-31,2019-04-12,historical_crosswalk_baseline
HDX_ARC_WARDS_1450,EQCXKT8S5SE,416,Kalawa/ Kathulumbi Ward,MAKUENI,Mbooni  Sub County,EQCXKT8S5SE,BoDytkJQ4Qi,jxjGWCdfsib,27174.0,2016-03-31,2019-04-12,historical_crosswalk_baseline
HDX_ARC_WARDS_1450,GzIJxIa88Fg,417,Kasikeu Ward,MAKUENI,Kilome Sub County,GzIJxIa88Fg,BoDytkJQ4Qi,XAy1bjurhLU,38348.0,2016-03-31,2019-04-12,historical_crosswalk_baseline
HDX_ARC_WARDS_1450,sZE7f9VLEbp,418,Mukaa Ward,MAKUENI,Kilome Sub County,sZE7f9VLEbp,BoDytkJQ4Qi,XAy1bjurhLU,26525.0,2016-03-31,2019-04-12,historical_crosswalk_baseline
HDX_ARC_WARDS_1450,VnerQmEfHq1,419,Kiima Kiu/Kalanzoni Ward,MAKUENI,Kilome Sub County,VnerQmEfHq1,BoDytkJQ4Qi,XAy1bjurhLU,22991.0,2016-03-31,2019-04-12,historical_crosswalk_baseline
HDX_ARC_WARDS_1450,INKzs9VvqEs,420,Ukia ward,MAKUENI,Kaiti  Sub County,INKzs9VvqEs,BoDytkJQ4Qi,pKJ4NZGPzTA,38490.0,2016-03-31,2019-04-12,historical_crosswalk_baseline
HDX_ARC_WARDS_1450,hlz6Fo6Dr90,421,Kee ward,MAKUENI,Kaiti  Sub County,hlz6Fo6Dr90,BoDytkJQ4Qi,pKJ4NZGPzTA,21025.0,2016-03-31,2019-04-12,historical_crosswalk_baseline
HDX_ARC_WARDS_1450,ObrcNOdPKpV,422,Kilungu ward,MAKUENI,Kaiti  Sub County,ObrcNOdPKpV,BoDytkJQ4Qi,pKJ4NZGPzTA,33952.0,2016-03-31,2019-04-12,historical_crosswalk_baseline
HDX_ARC_WARDS_1450,xB9PrSz7UNP,423,Ilima ward,MAKUENI,Kaiti  Sub County,xB9PrSz7UNP,BoDytkJQ4Qi,pKJ4NZGPzTA,26649.0,2016-03-31,2019-04-12,historical_crosswalk_baseline
HDX_ARC_WARDS_1450,MGxM50hGFBS,424,Wote Ward,MAKUENI,Makueni  Sub County,MGxM50hGFBS,BoDytkJQ4Qi,AIGIQpolMRn,25326.0,2016-03-31,2019-04-12,historical_crosswalk_baseline
HDX_ARC_WARDS_1450,bMFoCdyYs5e,425,Muvau/Kikumini Ward,MAKUENI,Makueni  Sub County,bMFoCdyYs5e,BoDytkJQ4Qi,AIGIQpolMRn,24477.0,2016-03-31,2019-04-12,historical_crosswalk_baseline
HDX_ARC_WARDS_1450,jGvMus41myr,426,Mavindini Ward,MAKUENI,Makueni  Sub County,jGvMus41myr,BoDytkJQ4Qi,AIGIQpolMRn,23274.0,2016-03-31,2019-04-12,historical_crosswalk_baseline
HDX_ARC_WARDS_1450,Jcz6ykVTJxT,427,Kitise/Kithuki Ward,MAKUENI,Makueni  Sub County,Jcz6ykVTJxT,BoDytkJQ4Qi,AIGIQpolMRn,22054.0,2016-03-31,2019-04-12,historical_crosswalk_baseline
HDX_ARC_WARDS_1450,uBWnkt16xIs,428,Kathonzweni Ward,MAKUENI,Makueni  Sub County,uBWnkt16xIs,BoDytkJQ4Qi,AIGIQpolMRn,31277.0,2016-03-31,2019-04-12,historical_crosswalk_baseline
HDX_ARC_WARDS_1450,Amj9UOaw3tP,429,Nzaui/Kilili/Kalamba Ward,MAKUENI,Makueni  Sub County,Amj9UOaw3tP,BoDytkJQ4Qi,AIGIQpolMRn,37042.0,2016-03-31,2019-04-12,historical_crosswalk_baseline
HDX_ARC_WARDS_1450,VUT7af8sHh5,430,Mbitini Ward,MAKUENI,Makueni  Sub County,VUT7af8sHh5,BoDytkJQ4Qi,AIGIQpolMRn,30348.0,2016-03-31,2019-04-12,historical_crosswalk_baseline
HDX_ARC_WARDS_1450,HHjcyeBEO9W,431,Makindu Ward,MAKUENI,Kibwezi West  Sub County,HHjcyeBEO9W,BoDytkJQ4Qi,toa2Hl7iVQI,42094.0,2016-03-31,2019-04-12,historical_crosswalk_baseline
HDX_ARC_WARDS_1450,ErVmSqffPmn,432,Nguumo Ward,MAKUENI,Kibwezi West  Sub County,ErVmSqffPmn,BoDytkJQ4Qi,toa2Hl7iVQI,28208.0,2016-03-31,2019-04-12,historical_crosswalk_baseline
HDX_ARC_WARDS_1450,EvQ0fdCX5Qi,433,Kikumbulyu North Ward,MAKUENI,Kibwezi West  Sub County,EvQ0fdCX5Qi,BoDytkJQ4Qi,toa2Hl7iVQI,20314.0,2016-03-31,2019-04-12,historical_crosswalk_baseline
HDX_ARC_WARDS_1450,QuGPZs62NHX,434,Kikumbulyu South Ward,MAKUENI,Kibwezi West  Sub County,QuGPZs62NHX,BoDytkJQ4Qi,toa2Hl7iVQI,25892.0,2016-03-31,2019-04-12,historical_crosswalk_baseline
HDX_ARC_WARDS_1450,SJ03kAWXPyt,435,Nguu/Masumba Ward,MAKUENI,Kibwezi West  Sub County,SJ03kAWXPyt,BoDytkJQ4Qi,toa2Hl7iVQI,23764.0,2016-03-31,2019-04-12,historical_crosswalk_baseline
HDX_ARC_WARDS_1450,KcXeBdcYXss,1676,Etenje Ward,Kakamega,Mumias West  Sub County,KcXeBdcYXss,BjC1xL40gHo,uRl5fBkhpcE,28162.0,2016-03-31,2019-04-12,historical_crosswalk_baseline
HDX_ARC_WARDS_1450,vi6Huowv9e7,1677,Musanda Ward,Kakamega,Mumias West  Sub County,vi6Huowv9e7,BjC1xL40gHo,uRl5fBkhpcE,30721.0,2016-03-31,2019-04-12,historical_crosswalk_baseline
HDX_ARC_WARDS_1450,umrac2I2Sg9,113,Bomani Ward,TAITA TAVETA,Taveta Sub County,umrac2I2Sg9,QyGNX2DpR4h,jNzRdAwjaQ1,11382.0,2016-03-31,2019-04-12,historical_crosswalk_baseline
HDX_ARC_WARDS_1450,SRbWfuqghtn,114,Mboghoni Ward,TAITA TAVETA,Taveta Sub County,SRbWfuqghtn,QyGNX2DpR4h,jNzRdAwjaQ1,20648.0,2016-03-31,2019-04-12,historical_crosswalk_baseline
HDX_ARC_WARDS_1450,kMQqsjpcUFH,129,Kasigau Ward,TAITA TAVETA,Voi Sub County,kMQqsjpcUFH,QyGNX2DpR4h,yoGLpCTgjed,13686.0,2016-03-31,2019-04-12,historical_crosswalk_baseline
HDX_ARC_WARDS_1450,P8C6Fcb3Q8n,154,Jarajila Ward,GARISSA,Fafi Sub County,P8C6Fcb3Q8n,uyOrcHZBpW0,RScEHA3V38d,67937.0,2016-03-31,2019-04-12,historical_crosswalk_baseline
HDX_ARC_WARDS_1450,kSajt3nW2ip,155,Fafi Ward,GARISSA,Fafi Sub County,kSajt3nW2ip,uyOrcHZBpW0,RScEHA3V38d,5108.0,2016-03-31,2019-04-12,historical_crosswalk_baseline
HDX_ARC_WARDS_1450,nbDWw7ouQOZ,163,Korondile Ward,WAJIR,Wajir North Sub County,nbDWw7ouQOZ,CeLsrJOH0g9,qsjAa8FE8OS,20967.0,2016-03-31,2019-04-12,historical_crosswalk_baseline
HDX_ARC_WARDS_1450,CisxX3iXbp9,183,Elnur/tula tula Ward,WAJIR,Eldas Sub County,CisxX3iXbp9,CeLsrJOH0g9,x6Z1sBeiyqQ,40403.0,2016-03-31,2019-04-12,historical_crosswalk_baseline
HDX_ARC_WARDS_1450,QPvTzWqCuvE,191,TAKABA SOUTH,MANDERA,MANDERA WEST,QPvTzWqCuvE,R6f9znhg37c,H5RvDZkoDJL,42557.0,2016-03-31,2019-04-12,historical_crosswalk_baseline
HDX_ARC_WARDS_1450,cnOOaygI2G3,192,TAKABA,MANDERA,MANDERA WEST,cnOOaygI2G3,R6f9znhg37c,H5RvDZkoDJL,33542.0,2016-03-31,2019-04-12,historical_crosswalk_baseline
HDX_ARC_WARDS_1450,TRdcXjEmmMS,184,Benane Ward,WAJIR,Wajir South Sub County,TRdcXjEmmMS,CeLsrJOH0g9,U7KFQn3Up3o,24542.0,2016-03-31,2019-04-12,historical_crosswalk_baseline
HDX_ARC_WARDS_1450,dFbf5rdQdI9,185,Burder Ward,WAJIR,Wajir South Sub County,dFbf5rdQdI9,CeLsrJOH0g9,U7KFQn3Up3o,10618.0,2016-03-31,2019-04-12,historical_crosswalk_baseline
HDX_ARC_WARDS_1450,FyFIsGw4IJR,1832,Junju Ward,Kilifi,Kilifi South Sub County,FyFIsGw4IJR,nrI2khZx3d0,xWAZBULwGxp,31752.0,2016-03-31,2019-04-12,historical_crosswalk_baseline
HDX_ARC_WARDS_1450,PXAviuGXJGl,1684,Mayoni Ward,Kakamega,Matungu Sub County,PXAviuGXJGl,BjC1xL40gHo,ssbO49f0iLN,30584.0,2016-03-31,2019-04-12,historical_crosswalk_baseline
HDX_ARC_WARDS_1450,LaVcN8NDdNa,1685,Namamali Ward,Kakamega,Matungu Sub County,LaVcN8NDdNa,BjC1xL40gHo,ssbO49f0iLN,31568.0,2016-03-31,2019-04-12,historical_crosswalk_baseline
HDX_ARC_WARDS_1450,cYwe7Q54BbE,1686,Marama West Ward,Kakamega,Butere Sub County,cYwe7Q54BbE,BjC1xL40gHo,K7mZpm8COh7,31250.0,2016-03-31,2019-04-12,historical_crosswalk_baseline
HDX_ARC_WARDS_1450,p8bUOZBUz0i,1687,Marama Central Ward,Kakamega,Butere Sub County,p8bUOZBUz0i,BjC1xL40gHo,K7mZpm8COh7,44717.0,2016-03-31,2019-04-12,historical_crosswalk_baseline
HDX_ARC_WARDS_1450,KqnktZiiyGZ,1688,Marenyo-shianda Ward,Kakamega,Butere Sub County,KqnktZiiyGZ,BjC1xL40gHo,K7mZpm8COh7,23065.0,2016-03-31,2019-04-12,historical_crosswalk_baseline
HDX_ARC_WARDS_1450,CcUrOE5FsJW,1689,Marama North Ward,Kakamega,Butere Sub County,CcUrOE5FsJW,BjC1xL40gHo,K7mZpm8COh7,20796.0,2016-03-31,2019-04-12,historical_crosswalk_baseline
HDX_ARC_WARDS_1450,NTHccL0KJ5j,1690,Marama South Ward,Kakamega,Butere Sub County,NTHccL0KJ5j,BjC1xL40gHo,K7mZpm8COh7,19952.0,2016-03-31,2019-04-12,historical_crosswalk_baseline
HDX_ARC_WARDS_1450,YROnQ32WW3W,1692,Kisa East Ward,Kakamega,Khwisero Sub County,YROnQ32WW3W,BjC1xL40gHo,UhQS2Mv0PCK,19905.0,2016-03-31,2019-04-12,historical_crosswalk_baseline
HDX_ARC_WARDS_1450,S3ZBq5xn6AN,1693,Kisa West Ward,Kakamega,Khwisero Sub County,S3ZBq5xn6AN,BjC1xL40gHo,UhQS2Mv0PCK,21230.0,2016-03-31,2019-04-12,historical_crosswalk_baseline
HDX_ARC_WARDS_1450,gccbvaIlS0w,1694,Kisa Central Ward,Kakamega,Khwisero Sub County,gccbvaIlS0w,BjC1xL40gHo,UhQS2Mv0PCK,42200.0,2016-03-31,2019-04-12,historical_crosswalk_baseline
HDX_ARC_WARDS_1450,w6TKm6OEgE7,1695,Isukha North Ward,Kakamega,Shinyalu Sub County,w6TKm6OEgE7,BjC1xL40gHo,sjlSPeRgl7d,23496.0,2016-03-31,2019-04-12,historical_crosswalk_baseline
HDX_ARC_WARDS_1450,MtRX8xhwq3F,1696,Murhanda Ward,Kakamega,Shinyalu Sub County,MtRX8xhwq3F,BjC1xL40gHo,sjlSPeRgl7d,28285.0,2016-03-31,2019-04-12,historical_crosswalk_baseline
HDX_ARC_WARDS_1450,msMd2VRjWK8,1697,Isukha Central Ward,Kakamega,Shinyalu Sub County,msMd2VRjWK8,BjC1xL40gHo,sjlSPeRgl7d,34545.0,2016-03-31,2019-04-12,historical_crosswalk_baseline
HDX_ARC_WARDS_1450,xBOLvibwvDH,1698,Isukha South Ward,Kakamega,Shinyalu Sub County,xBOLvibwvDH,BjC1xL40gHo,sjlSPeRgl7d,35807.0,2016-03-31,2019-04-12,historical_crosswalk_baseline
HDX_ARC_WARDS_1450,LwmmrE9075H,1699,Isukha East Ward,Kakamega,Shinyalu Sub County,LwmmrE9075H,BjC1xL40gHo,sjlSPeRgl7d,17930.0,2016-03-31,2019-04-12,historical_crosswalk_baseline
HDX_ARC_WARDS_1450,O32Jm6NiiBu,1700,Isukha West Ward,Kakamega,Shinyalu Sub County,O32Jm6NiiBu,BjC1xL40gHo,sjlSPeRgl7d,19412.0,2016-03-31,2019-04-12,historical_crosswalk_baseline
HDX_ARC_WARDS_1450,gAnhNKgtbOq,1701,Idakho South Ward,Kakamega,Ikolomani Sub County,gAnhNKgtbOq,BjC1xL40gHo,BE6HMtlHyl1,20917.0,2016-03-31,2019-04-12,historical_crosswalk_baseline
HDX_ARC_WARDS_1450,WVPQgX90uxe,1702,Idakho East Ward,Kakamega,Ikolomani Sub County,WVPQgX90uxe,BjC1xL40gHo,BE6HMtlHyl1,26757.0,2016-03-31,2019-04-12,historical_crosswalk_baseline
HDX_ARC_WARDS_1450,bW4Zp3tt8W7,1703,Idakho North Ward,Kakamega,Ikolomani Sub County,bW4Zp3tt8W7,BjC1xL40gHo,BE6HMtlHyl1,25861.0,2016-03-31,2019-04-12,historical_crosswalk_baseline
HDX_ARC_WARDS_1450,Hh55s4mboMi,1704,Idakho Central Ward,Kakamega,Ikolomani Sub County,Hh55s4mboMi,BjC1xL40gHo,BE6HMtlHyl1,31134.0,2016-03-31,2019-04-12,historical_crosswalk_baseline
HDX_ARC_WARDS_1450,UpSuhJyWAIc,1705,Malaba Central Ward,Busia,Teso North Sub County,UpSuhJyWAIc,Tvf1zgVZ0K4,GpEIlwz3FvT,25192.0,2016-03-31,2019-04-12,historical_crosswalk_baseline
HDX_ARC_WARDS_1450,jvY4ig8JLYY,1706,Malaba North Ward,Busia,Teso North Sub County,jvY4ig8JLYY,Tvf1zgVZ0K4,GpEIlwz3FvT,13765.0,2016-03-31,2019-04-12,historical_crosswalk_baseline
HDX_ARC_WARDS_1450,OSO67hxKiUf,1707,Ang'urai South Ward,Busia,Teso North Sub County,OSO67hxKiUf,Tvf1zgVZ0K4,GpEIlwz3FvT,20791.0,2016-03-31,2019-04-12,historical_crosswalk_baseline
HDX_ARC_WARDS_1450,oOa6cVAodY5,1708,Ang'urai North Ward,Busia,Teso North Sub County,oOa6cVAodY5,Tvf1zgVZ0K4,GpEIlwz3FvT,23400.0,2016-03-31,2019-04-12,historical_crosswalk_baseline
HDX_ARC_WARDS_1450,pVLJ4TYVNAR,1709,Ang'urai East Ward,Busia,Teso North Sub County,pVLJ4TYVNAR,Tvf1zgVZ0K4,GpEIlwz3FvT,15549.0,2016-03-31,2019-04-12,historical_crosswalk_baseline
HDX_ARC_WARDS_1450,VG4qlKr4Z2A,1710,Malaba South Ward,Busia,Teso North Sub County,VG4qlKr4Z2A,Tvf1zgVZ0K4,GpEIlwz3FvT,19250.0,2016-03-31,2019-04-12,historical_crosswalk_baseline
HDX_ARC_WARDS_1450,umi4GRQTwG0,1711,Ang'orom Ward,Busia,Teso South Sub County,umi4GRQTwG0,Tvf1zgVZ0K4,EhchjCHkhJ9,26162.0,2016-03-31,2019-04-12,historical_crosswalk_baseline
HDX_ARC_WARDS_1450,Ksb8Prco66C,1712,Chakol South Ward,Busia,Teso South Sub County,Ksb8Prco66C,Tvf1zgVZ0K4,EhchjCHkhJ9,30707.0,2016-03-31,2019-04-12,historical_crosswalk_baseline
HDX_ARC_WARDS_1450,rthnyPewuyf,1713,Chakol North Ward,Busia,Teso South Sub County,rthnyPewuyf,Tvf1zgVZ0K4,EhchjCHkhJ9,18655.0,2016-03-31,2019-04-12,historical_crosswalk_baseline
HDX_ARC_WARDS_1450,GcsaAX4B8x8,1714,Amukura West Ward,Busia,Teso South Sub County,GcsaAX4B8x8,Tvf1zgVZ0K4,EhchjCHkhJ9,17423.0,2016-03-31,2019-04-12,historical_crosswalk_baseline
HDX_ARC_WARDS_1450,xPmSqaPoPFT,1715,Amukura East Ward,Busia,Teso South Sub County,xPmSqaPoPFT,Tvf1zgVZ0K4,EhchjCHkhJ9,23357.0,2016-03-31,2019-04-12,historical_crosswalk_baseline
HDX_ARC_WARDS_1450,xK8OudWDlHV,452,Githioro Ward,NYANDARUA,Kipipiri Sub County,xK8OudWDlHV,mYZacFNIB3h,KlVgeHmvG6n,20037.0,2016-03-31,2019-04-12,historical_crosswalk_baseline
HDX_ARC_WARDS_1450,MLjJaYTdwrs,351,Mbitini Ward,KITUI,Kitui Rural Sub County,MLjJaYTdwrs,j8o6iO4Njsi,vbauk0RRq9N,24858.0,2016-03-31,2019-04-12,historical_crosswalk_baseline
HDX_ARC_WARDS_1450,QetTI3w7Tfe,454,Kanjuiri range Ward,NYANDARUA,Olkalou Sub County,QetTI3w7Tfe,mYZacFNIB3h,Lm9RMwhIu3G,25834.0,2016-03-31,2019-04-12,historical_crosswalk_baseline
HDX_ARC_WARDS_1450,VAOZFeKsbAT,1716,Amukura Central Ward,Busia,Teso South Sub County,VAOZFeKsbAT,Tvf1zgVZ0K4,EhchjCHkhJ9,20756.0,2016-03-31,2019-04-12,historical_crosswalk_baseline
HDX_ARC_WARDS_1450,fgZAe9zffHF,359,Zombe/mwitika Ward,KITUI,Kitui East Sub County,fgZAe9zffHF,j8o6iO4Njsi,d0Gu8FrRM0Y,25452.0,2016-03-31,2019-04-12,historical_crosswalk_baseline
HDX_ARC_WARDS_1450,kHOR6vEvDdY,225,MOYALE TOWNSHIP,MARSABIT,MOYALE,kHOR6vEvDdY,Eey8fT4Im3y,sZjPgbWI5ra,12695.0,2016-03-31,2019-04-12,historical_crosswalk_baseline
HDX_ARC_WARDS_1450,KKOlWI3X5nP,226,URAN,MARSABIT,MOYALE,KKOlWI3X5nP,Eey8fT4Im3y,sZjPgbWI5ra,9754.0,2016-03-31,2019-04-12,historical_crosswalk_baseline
HDX_ARC_WARDS_1450,fBMKIsnV2ZV,227,OBBU,MARSABIT,MOYALE,fBMKIsnV2ZV,Eey8fT4Im3y,sZjPgbWI5ra,5195.0,2016-03-31,2019-04-12,historical_crosswalk_baseline
HDX_ARC_WARDS_1450,kSbjSiQEQ91,228,DUKANA,MARSABIT,NORTH HORR,kSbjSiQEQ91,Eey8fT4Im3y,j6fqt5TYqPZ,18628.0,2016-03-31,2019-04-12,historical_crosswalk_baseline
HDX_ARC_WARDS_1450,hratVLq4Zft,229,MAIKONA,MARSABIT,NORTH HORR,hratVLq4Zft,Eey8fT4Im3y,j6fqt5TYqPZ,19225.0,2016-03-31,2019-04-12,historical_crosswalk_baseline
HDX_ARC_WARDS_1450,Pp4y0VFaeLg,206,WARGADUD,MANDERA,MANDERA SOUTH,Pp4y0VFaeLg,R6f9znhg37c,qyhVIMG2rUw,30399.0,2016-03-31,2019-04-12,historical_crosswalk_baseline
HDX_ARC_WARDS_1450,eBk1tdli8XV,457,Rurii Ward,NYANDARUA,Olkalou Sub County,eBk1tdli8XV,mYZacFNIB3h,Lm9RMwhIu3G,23952.0,2016-03-31,2019-04-12,historical_crosswalk_baseline
HDX_ARC_WARDS_1450,SDz17fk0X0k,96,Chewele Ward,TANA RIVER,Bura Sub County,SDz17fk0X0k,JsH2bnvNt2d,yWPcTwGwQ2B,16403.0,2016-03-31,2019-04-12,historical_crosswalk_baseline
HDX_ARC_WARDS_1450,MhwOKHDNTsU,234,KARARE,MARSABIT,SAKU,MhwOKHDNTsU,Eey8fT4Im3y,WILszL634oZ,8960.0,2016-03-31,2019-04-12,historical_crosswalk_baseline
HDX_ARC_WARDS_1450,PVB8iZMsHnd,235,MARSABIT CENTRAL,MARSABIT,SAKU,PVB8iZMsHnd,Eey8fT4Im3y,WILszL634oZ,20784.0,2016-03-31,2019-04-12,historical_crosswalk_baseline
HDX_ARC_WARDS_1450,xjbfzSmFPMk,236,LOIYANGALANI,MARSABIT,LAISAMIS,xjbfzSmFPMk,Eey8fT4Im3y,eZpy65ooW0m,16358.0,2016-03-31,2019-04-12,historical_crosswalk_baseline
HDX_ARC_WARDS_1450,yTb02ghmk0V,100,Madogo Ward,TANA RIVER,Bura Sub County,yTb02ghmk0V,JsH2bnvNt2d,yWPcTwGwQ2B,26284.0,2016-03-31,2019-04-12,historical_crosswalk_baseline
HDX_ARC_WARDS_1450,Fh0N1GDepVx,1722,Mayenje Ward,Busia,Matayos Sub County,Fh0N1GDepVx,Tvf1zgVZ0K4,tvkI2HSIRW9,9170.0,2016-03-31,2019-04-12,historical_crosswalk_baseline
HDX_ARC_WARDS_1450,WnuuhfEMxBf,1726,Marachi West Ward,Busia,Butula Sub County,WnuuhfEMxBf,Tvf1zgVZ0K4,RIBiZFJxB1K,20211.0,2016-03-31,2019-04-12,historical_crosswalk_baseline
HDX_ARC_WARDS_1450,jrWulcAQIzP,486,Karima Ward,NYERI,Nyeri South Sub County,jrWulcAQIzP,ptWVfaCIdVx,dd7jowvUO95,19093.0,2016-03-31,2019-04-12,historical_crosswalk_baseline
HDX_ARC_WARDS_1450,ohWtG7fskG2,487,Gikondi Ward,NYERI,Mukurweini Sub County,ohWtG7fskG2,ptWVfaCIdVx,zT8Zj5vNYCy,18533.0,2016-03-31,2019-04-12,historical_crosswalk_baseline
HDX_ARC_WARDS_1450,EitnMJgAT0z,488,Rugi Ward,NYERI,Mukurweini Sub County,EitnMJgAT0z,ptWVfaCIdVx,zT8Zj5vNYCy,20699.0,2016-03-31,2019-04-12,historical_crosswalk_baseline
HDX_ARC_WARDS_1450,WQtfFgLYHGe,489,Mukurwe-ini west Ward,NYERI,Mukurweini Sub County,WQtfFgLYHGe,ptWVfaCIdVx,zT8Zj5vNYCy,18417.0,2016-03-31,2019-04-12,historical_crosswalk_baseline
HDX_ARC_WARDS_1450,GAsUkSqRL2f,490,Mukurwe-ini central Ward,NYERI,Mukurweini Sub County,GAsUkSqRL2f,ptWVfaCIdVx,zT8Zj5vNYCy,26283.0,2016-03-31,2019-04-12,historical_crosswalk_baseline
HDX_ARC_WARDS_1450,Jf0JOsPw0vn,491,Kiganjo/mathari Ward,NYERI,Nyeri Central Sub County,Jf0JOsPw0vn,ptWVfaCIdVx,GXnD5lHeanK,23872.0,2016-03-31,2019-04-12,historical_crosswalk_baseline
HDX_ARC_WARDS_1450,At5MPktCh4M,492,Rware Ward,NYERI,Nyeri Central Sub County,At5MPktCh4M,ptWVfaCIdVx,GXnD5lHeanK,25018.0,2016-03-31,2019-04-12,historical_crosswalk_baseline
HDX_ARC_WARDS_1450,fYc1aD2k4cK,493,Gatitu/muruguru Ward,NYERI,Nyeri Central Sub County,fYc1aD2k4cK,ptWVfaCIdVx,GXnD5lHeanK,21804.0,2016-03-31,2019-04-12,historical_crosswalk_baseline
HDX_ARC_WARDS_1450,h8Uo12ri0RF,494,RURING'U / Karia Ward,NYERI,Nyeri Central Sub County,h8Uo12ri0RF,ptWVfaCIdVx,GXnD5lHeanK,22160.0,2016-03-31,2019-04-12,historical_crosswalk_baseline
HDX_ARC_WARDS_1450,iQw990SbVXY,495,Kamakwa/mukaro Ward,NYERI,Nyeri Central Sub County,iQw990SbVXY,ptWVfaCIdVx,GXnD5lHeanK,26419.0,2016-03-31,2019-04-12,historical_crosswalk_baseline
HDX_ARC_WARDS_1450,K3uHCihezz7,496,Mutithi Ward,KIRINYAGA,Kirinyaga North/Mwea West Sub County,K3uHCihezz7,Ulj33KBau7V,f6EOn3xI9YH,26864.0,2016-03-31,2019-04-12,historical_crosswalk_baseline
HDX_ARC_WARDS_1450,fghL5DnydV2,497,Kangai Ward,KIRINYAGA,Kirinyaga North/Mwea West Sub County,fghL5DnydV2,Ulj33KBau7V,f6EOn3xI9YH,19300.0,2016-03-31,2019-04-12,historical_crosswalk_baseline
HDX_ARC_WARDS_1450,Fx3891QAEv0,498,Thiba Ward,KIRINYAGA,Kirinyaga North/Mwea West Sub County,Fx3891QAEv0,Ulj33KBau7V,f6EOn3xI9YH,23219.0,2016-03-31,2019-04-12,historical_crosswalk_baseline
HDX_ARC_WARDS_1450,zMPe9KHPLp0,499,Wamumu Ward,KIRINYAGA,Kirinyaga North/Mwea West Sub County,zMPe9KHPLp0,Ulj33KBau7V,f6EOn3xI9YH,17881.0,2016-03-31,2019-04-12,historical_crosswalk_baseline
HDX_ARC_WARDS_1450,Gsl9Z7f1kbX,500,Nyangati Ward,KIRINYAGA,Kirinyaga South Sub County,Gsl9Z7f1kbX,Ulj33KBau7V,jHmpQUlnkQk,25016.0,2016-03-31,2019-04-12,historical_crosswalk_baseline
HDX_ARC_WARDS_1450,yXzhbb6Zwi8,501,Murinduko Ward,KIRINYAGA,Kirinyaga South Sub County,yXzhbb6Zwi8,Ulj33KBau7V,jHmpQUlnkQk,28250.0,2016-03-31,2019-04-12,historical_crosswalk_baseline
HDX_ARC_WARDS_1450,tWc3XLOEMO1,502,Gathigiriri Ward,KIRINYAGA,Kirinyaga South Sub County,tWc3XLOEMO1,Ulj33KBau7V,jHmpQUlnkQk,18337.0,2016-03-31,2019-04-12,historical_crosswalk_baseline
HDX_ARC_WARDS_1450,qrCcjRw4mdw,503,Tebere Ward,KIRINYAGA,Kirinyaga South Sub County,qrCcjRw4mdw,Ulj33KBau7V,jHmpQUlnkQk,31645.0,2016-03-31,2019-04-12,historical_crosswalk_baseline
HDX_ARC_WARDS_1450,E8dTFNJYgtl,504,Kabare Ward,KIRINYAGA,Kirinyaga East Sub County,E8dTFNJYgtl,Ulj33KBau7V,yOaHQLOLd1H,38489.0,2016-03-31,2019-04-12,historical_crosswalk_baseline
HDX_ARC_WARDS_1450,zY1T5H8vk9z,505,Baragwi Ward,KIRINYAGA,Kirinyaga East Sub County,zY1T5H8vk9z,Ulj33KBau7V,yOaHQLOLd1H,20027.0,2016-03-31,2019-04-12,historical_crosswalk_baseline
HDX_ARC_WARDS_1450,hnLq51q52zo,506,Njukiine Ward,KIRINYAGA,Kirinyaga East Sub County,hnLq51q52zo,Ulj33KBau7V,yOaHQLOLd1H,24190.0,2016-03-31,2019-04-12,historical_crosswalk_baseline
HDX_ARC_WARDS_1450,ClOFuXgqcFJ,507,Ngariama Ward,KIRINYAGA,Kirinyaga East Sub County,ClOFuXgqcFJ,Ulj33KBau7V,yOaHQLOLd1H,18064.0,2016-03-31,2019-04-12,historical_crosswalk_baseline
HDX_ARC_WARDS_1450,jlthZ0Rz41H,508,Karumandi Ward,KIRINYAGA,Kirinyaga East Sub County,jlthZ0Rz41H,Ulj33KBau7V,yOaHQLOLd1H,23902.0,2016-03-31,2019-04-12,historical_crosswalk_baseline
HDX_ARC_WARDS_1450,fCiM1MhUvOj,509,Mukure Ward,KIRINYAGA,Kirinyaga West Sub County,fCiM1MhUvOj,Ulj33KBau7V,A34NiI4rgnf,30536.0,2016-03-31,2019-04-12,historical_crosswalk_baseline
HDX_ARC_WARDS_1450,BSHD4ORT4xu,510,Kiine Ward,KIRINYAGA,Kirinyaga West Sub County,BSHD4ORT4xu,Ulj33KBau7V,A34NiI4rgnf,41036.0,2016-03-31,2019-04-12,historical_crosswalk_baseline
HDX_ARC_WARDS_1450,LAhI3yCEdB1,511,Kariti Ward,KIRINYAGA,Kirinyaga West Sub County,LAhI3yCEdB1,Ulj33KBau7V,A34NiI4rgnf,27943.0,2016-03-31,2019-04-12,historical_crosswalk_baseline
HDX_ARC_WARDS_1450,IS2J5mu8wNo,1729,Marachi East Ward,Busia,Butula Sub County,IS2J5mu8wNo,Tvf1zgVZ0K4,RIBiZFJxB1K,20865.0,2016-03-31,2019-04-12,historical_crosswalk_baseline
HDX_ARC_WARDS_1450,uHObeeBxuHY,1730,Marachi North Ward,Busia,Butula Sub County,uHObeeBxuHY,Tvf1zgVZ0K4,RIBiZFJxB1K,24054.0,2016-03-31,2019-04-12,historical_crosswalk_baseline
HDX_ARC_WARDS_1450,rIwgAyjb2JZ,1731,Elugulu Ward,Busia,Butula Sub County,rIwgAyjb2JZ,Tvf1zgVZ0K4,RIBiZFJxB1K,18654.0,2016-03-31,2019-04-12,historical_crosswalk_baseline
HDX_ARC_WARDS_1450,TXzHtrNrFeb,1732,Namboboto Nambuku Ward,Busia,Samia Sub County,TXzHtrNrFeb,Tvf1zgVZ0K4,NHRktMsAkO1,28143.0,2016-03-31,2019-04-12,historical_crosswalk_baseline
HDX_ARC_WARDS_1450,nuZowpCKvMd,1733,Nangina Ward,Busia,Samia Sub County,nuZowpCKvMd,Tvf1zgVZ0K4,NHRktMsAkO1,20193.0,2016-03-31,2019-04-12,historical_crosswalk_baseline
HDX_ARC_WARDS_1450,soQ5zdUZi2H,1734,Ageng'a Nanguba Ward,Busia,Samia Sub County,soQ5zdUZi2H,Tvf1zgVZ0K4,NHRktMsAkO1,25378.0,2016-03-31,2019-04-12,historical_crosswalk_baseline
HDX_ARC_WARDS_1450,fKK4JksHULe,1735,Bwiri Ward,Busia,Samia Sub County,fKK4JksHULe,Tvf1zgVZ0K4,NHRktMsAkO1,19786.0,2016-03-31,2019-04-12,historical_crosswalk_baseline
HDX_ARC_WARDS_1450,g28fToPCZhp,2097,Kiru Ward,Muranga,Mathioya Sub County,g28fToPCZhp,ahwTMNAJvrL,u7Gkh63FYe4,33583.0,2016-03-31,2019-04-12,historical_crosswalk_baseline
HDX_ARC_WARDS_1450,NJeG4zy8zci,2098,Kamacharia Ward,Muranga,Mathioya Sub County,NJeG4zy8zci,ahwTMNAJvrL,u7Gkh63FYe4,20905.0,2016-03-31,2019-04-12,historical_crosswalk_baseline
HDX_ARC_WARDS_1450,zjVTfkcrCb6,2099,Wangu Ward,Muranga,Kiharu Sub County,zjVTfkcrCb6,ahwTMNAJvrL,VDlzh6w4LKv,28898.0,2016-03-31,2019-04-12,historical_crosswalk_baseline
HDX_ARC_WARDS_1450,EVc3FnW4kcm,2100,Mugoiri Ward,Muranga,Kiharu Sub County,EVc3FnW4kcm,ahwTMNAJvrL,VDlzh6w4LKv,29192.0,2016-03-31,2019-04-12,historical_crosswalk_baseline
HDX_ARC_WARDS_1450,sG1YvrNWJTV,2101,Mbiri Ward,Muranga,Kiharu Sub County,sG1YvrNWJTV,ahwTMNAJvrL,VDlzh6w4LKv,33171.0,2016-03-31,2019-04-12,historical_crosswalk_baseline
HDX_ARC_WARDS_1450,ELXBhFCPcHC,2102,Township Ward,Muranga,Kiharu Sub County,ELXBhFCPcHC,ahwTMNAJvrL,VDlzh6w4LKv,27484.0,2016-03-31,2019-04-12,historical_crosswalk_baseline
HDX_ARC_WARDS_1450,d0uIgkgHOaB,2103,Murarandia Ward,Muranga,Kiharu Sub County,d0uIgkgHOaB,ahwTMNAJvrL,VDlzh6w4LKv,28943.0,2016-03-31,2019-04-12,historical_crosswalk_baseline
HDX_ARC_WARDS_1450,X5bxxQN8nP5,1741,Elburgon Ward,Nakuru,Molo  Sub County,X5bxxQN8nP5,ob6SxuRcqU4,RJ4LGJiSHFg,43438.0,2016-03-31,2019-04-12,historical_crosswalk_baseline
HDX_ARC_WARDS_1450,TaCopZQ4jLn,1749,Njoro Ward,Nakuru,Njoro  Sub County,TaCopZQ4jLn,ob6SxuRcqU4,gSJXzH1DM75,57429.0,2016-03-31,2019-04-12,historical_crosswalk_baseline
HDX_ARC_WARDS_1450,lW5g42Bv4Rk,1750,Biashara Ward,Nakuru,Naivasha  Sub County,lW5g42Bv4Rk,ob6SxuRcqU4,yZJJPoSGhY6,15692.0,2016-03-31,2019-04-12,historical_crosswalk_baseline
HDX_ARC_WARDS_1450,ZphUbBMB5yv,1751,Hells Gate Ward,Nakuru,Naivasha  Sub County,ZphUbBMB5yv,ob6SxuRcqU4,yZJJPoSGhY6,39209.0,2016-03-31,2019-04-12,historical_crosswalk_baseline
HDX_ARC_WARDS_1450,K8rhUYNmJhw,2104,Gaturi Ward,Muranga,Kiharu Sub County,K8rhUYNmJhw,ahwTMNAJvrL,VDlzh6w4LKv,33388.0,2016-03-31,2019-04-12,historical_crosswalk_baseline
HDX_ARC_WARDS_1450,X7arkK99dq7,2105,Kahumbu Ward,Muranga,Kigumo Sub County,X7arkK99dq7,ahwTMNAJvrL,tyfDsdZ1h3R,19586.0,2016-03-31,2019-04-12,historical_crosswalk_baseline
HDX_ARC_WARDS_1450,okaRgHkp8W5,1763,Amalo Ward,Nakuru,Kuresoi South  Sub County,okaRgHkp8W5,ob6SxuRcqU4,QwGkDS0DNls,21086.0,2016-03-31,2019-04-12,historical_crosswalk_baseline
HDX_ARC_WARDS_1450,ZSBD8btR2UC,1764,Keringet Ward,Nakuru,Kuresoi South  Sub County,ZSBD8btR2UC,ob6SxuRcqU4,QwGkDS0DNls,33549.0,2016-03-31,2019-04-12,historical_crosswalk_baseline
HDX_ARC_WARDS_1450,wKz9Uw8QczF,1765,Kiptagich Ward,Nakuru,Kuresoi South  Sub County,wKz9Uw8QczF,ob6SxuRcqU4,QwGkDS0DNls,26193.0,2016-03-31,2019-04-12,historical_crosswalk_baseline
HDX_ARC_WARDS_1450,fi569D0zk8J,1766,Tinet Ward,Nakuru,Kuresoi South  Sub County,fi569D0zk8J,ob6SxuRcqU4,QwGkDS0DNls,34607.0,2016-03-31,2019-04-12,historical_crosswalk_baseline
HDX_ARC_WARDS_1450,PfM59R0hE2L,611,Kaeris Ward,TURKANA,Turkana North Sub County,PfM59R0hE2L,kphDeKClFch,mWpq607yRXh,21338.0,2016-03-31,2019-04-12,historical_crosswalk_baseline
HDX_ARC_WARDS_1450,yVMtm0p4OeM,612,Lakezone Ward,TURKANA,Turkana North Sub County,yVMtm0p4OeM,kphDeKClFch,mWpq607yRXh,34289.0,2016-03-31,2019-04-12,historical_crosswalk_baseline
HDX_ARC_WARDS_1450,sKV3BVTK2cJ,613,Lapur Ward,TURKANA,Turkana North Sub County,sKV3BVTK2cJ,kphDeKClFch,mWpq607yRXh,21932.0,2016-03-31,2019-04-12,historical_crosswalk_baseline
HDX_ARC_WARDS_1450,nVDsZkKZSil,614,Kaaleng/kaikor Ward,TURKANA,Kibish Sub County,nVDsZkKZSil,kphDeKClFch,AXNntZ7T30a,29855.0,2016-03-31,2019-04-12,historical_crosswalk_baseline
HDX_ARC_WARDS_1450,qe32Mlgh56x,2106,Muthithi Ward,Muranga,Kigumo Sub County,qe32Mlgh56x,ahwTMNAJvrL,tyfDsdZ1h3R,23419.0,2016-03-31,2019-04-12,historical_crosswalk_baseline
HDX_ARC_WARDS_1450,H8uphttPusS,2107,Kigumo Ward,Muranga,Kigumo Sub County,H8uphttPusS,ahwTMNAJvrL,tyfDsdZ1h3R,23320.0,2016-03-31,2019-04-12,historical_crosswalk_baseline
HDX_ARC_WARDS_1450,PyVnQFcBqOT,2108,Kangari Ward,Muranga,Kigumo Sub County,PyVnQFcBqOT,ahwTMNAJvrL,tyfDsdZ1h3R,29195.0,2016-03-31,2019-04-12,historical_crosswalk_baseline
HDX_ARC_WARDS_1450,bpbzvOdMDqN,2109,Kinyona Ward,Muranga,Kigumo Sub County,bpbzvOdMDqN,ahwTMNAJvrL,tyfDsdZ1h3R,28246.0,2016-03-31,2019-04-12,historical_crosswalk_baseline
HDX_ARC_WARDS_1450,D8f8vrysA4J,2110,Kimorori/wempa Ward,Muranga,Muranga South Sub County,D8f8vrysA4J,ahwTMNAJvrL,l46g2PZUjoh,32365.0,2016-03-31,2019-04-12,historical_crosswalk_baseline
HDX_ARC_WARDS_1450,U3N4bJZ2BL0,2111,Makuyu Ward,Muranga,Muranga South Sub County,U3N4bJZ2BL0,ahwTMNAJvrL,l46g2PZUjoh,26910.0,2016-03-31,2019-04-12,historical_crosswalk_baseline
HDX_ARC_WARDS_1450,ul9ur7nq171,2112,Kambiti Ward,Muranga,Muranga South Sub County,ul9ur7nq171,ahwTMNAJvrL,l46g2PZUjoh,21195.0,2016-03-31,2019-04-12,historical_crosswalk_baseline
HDX_ARC_WARDS_1450,H7KVdIvj4Sp,2113,Kamahuhu Ward,Muranga,Muranga South Sub County,H7KVdIvj4Sp,ahwTMNAJvrL,l46g2PZUjoh,24189.0,2016-03-31,2019-04-12,historical_crosswalk_baseline
HDX_ARC_WARDS_1450,pjBltTaHYUz,2114,Ichagaki Ward,Muranga,Muranga South Sub County,pjBltTaHYUz,ahwTMNAJvrL,l46g2PZUjoh,23253.0,2016-03-31,2019-04-12,historical_crosswalk_baseline
HDX_ARC_WARDS_1450,JqeBiHQ9lNI,2115,Nginda Ward,Muranga,Muranga South Sub County,JqeBiHQ9lNI,ahwTMNAJvrL,l46g2PZUjoh,24360.0,2016-03-31,2019-04-12,historical_crosswalk_baseline
HDX_ARC_WARDS_1450,GqsqQj9CDst,2116,Ng'araria Ward,Muranga,Kandara Sub County,GqsqQj9CDst,ahwTMNAJvrL,gwYTo0wITYX,18005.0,2016-03-31,2019-04-12,historical_crosswalk_baseline
HDX_ARC_WARDS_1450,X7rwLIDSf7d,2117,Muruka Ward,Muranga,Kandara Sub County,X7rwLIDSf7d,ahwTMNAJvrL,gwYTo0wITYX,23535.0,2016-03-31,2019-04-12,historical_crosswalk_baseline
HDX_ARC_WARDS_1450,qNMJbWjRI45,2118,Kagundu-ini Ward,Muranga,Kandara Sub County,qNMJbWjRI45,ahwTMNAJvrL,gwYTo0wITYX,28847.0,2016-03-31,2019-04-12,historical_crosswalk_baseline
HDX_ARC_WARDS_1450,H3V7py1sKHI,2119,Gaichanjiru Ward,Muranga,Kandara Sub County,H3V7py1sKHI,ahwTMNAJvrL,gwYTo0wITYX,28363.0,2016-03-31,2019-04-12,historical_crosswalk_baseline
HDX_ARC_WARDS_1450,Wdh5QDM2Ov1,2120,Ithiru Ward,Muranga,Kandara Sub County,Wdh5QDM2Ov1,ahwTMNAJvrL,gwYTo0wITYX,27182.0,2016-03-31,2019-04-12,historical_crosswalk_baseline
HDX_ARC_WARDS_1450,WE5SA6SLnRY,2121,Ruchu Ward,Muranga,Kandara Sub County,WE5SA6SLnRY,ahwTMNAJvrL,gwYTo0wITYX,30731.0,2016-03-31,2019-04-12,historical_crosswalk_baseline
HDX_ARC_WARDS_1450,qduwDtFCdfH,2122,Ithanga Ward,Muranga,Gatanga Sub County,qduwDtFCdfH,ahwTMNAJvrL,Z7ALMtFNfeZ,19359.0,2016-03-31,2019-04-12,historical_crosswalk_baseline
HDX_ARC_WARDS_1450,v5Uz1hZEGu3,2123,Kakuzi/mitubiri Ward,Muranga,Gatanga Sub County,v5Uz1hZEGu3,ahwTMNAJvrL,Z7ALMtFNfeZ,31144.0,2016-03-31,2019-04-12,historical_crosswalk_baseline
HDX_ARC_WARDS_1450,uHJ0GgTgj0p,1727,Kingandole Ward,Busia,Butula Sub County,uHJ0GgTgj0p,Tvf1zgVZ0K4,RIBiZFJxB1K,18270.0,2016-03-31,2019-04-12,historical_crosswalk_baseline
HDX_ARC_WARDS_1450,Nv8G0Ki2owJ,462,Leshau/pondo Ward,NYANDARUA,Ndaragwa Sub County,Nv8G0Ki2owJ,mYZacFNIB3h,EESGLsSLTqH,19066.0,2016-03-31,2019-04-12,historical_crosswalk_baseline
HDX_ARC_WARDS_1450,Mdegig3qDW9,618,Lopur Ward,TURKANA,Turkana West Sub County,Mdegig3qDW9,kphDeKClFch,HK5SUCMQmsw,45664.0,2016-03-31,2019-04-12,historical_crosswalk_baseline
HDX_ARC_WARDS_1450,be0Y1B0phrY,619,Letea Ward,TURKANA,Turkana West Sub County,be0Y1B0phrY,kphDeKClFch,HK5SUCMQmsw,43262.0,2016-03-31,2019-04-12,historical_crosswalk_baseline
HDX_ARC_WARDS_1450,wMAoxOk8ORf,620,Songot Ward,TURKANA,Turkana West Sub County,wMAoxOk8ORf,kphDeKClFch,HK5SUCMQmsw,17624.0,2016-03-31,2019-04-12,historical_crosswalk_baseline
HDX_ARC_WARDS_1450,WnEb4RUZg21,2124,Mugumo-ini Ward,Muranga,Gatanga Sub County,WnEb4RUZg21,ahwTMNAJvrL,Z7ALMtFNfeZ,23832.0,2016-03-31,2019-04-12,historical_crosswalk_baseline
HDX_ARC_WARDS_1450,xaHRe14dY0G,2125,Kihumbu-ini Ward,Muranga,Gatanga Sub County,xaHRe14dY0G,ahwTMNAJvrL,Z7ALMtFNfeZ,27131.0,2016-03-31,2019-04-12,historical_crosswalk_baseline
HDX_ARC_WARDS_1450,yg2YesgFsrG,2126,Gatanga Ward,Muranga,Gatanga Sub County,yg2YesgFsrG,ahwTMNAJvrL,Z7ALMtFNfeZ,23959.0,2016-03-31,2019-04-12,historical_crosswalk_baseline
HDX_ARC_WARDS_1450,F0uYRw2XYg5,2127,Kariara Ward,Muranga,Gatanga Sub County,F0uYRw2XYg5,ahwTMNAJvrL,Z7ALMtFNfeZ,38172.0,2016-03-31,2019-04-12,historical_crosswalk_baseline
HDX_ARC_WARDS_1450,wyQ3FlLalVy,2128,Moi's Bridge Ward,Uasin Gishu,Soy Sub County,wyQ3FlLalVy,pZqQRRW7PHP,lmr1q6dTaso,30142.0,2016-03-31,2019-04-12,historical_crosswalk_baseline
HDX_ARC_WARDS_1450,WRLhcN3G2DL,160,Masalani Ward,GARISSA,Ijara Sub County,WRLhcN3G2DL,uyOrcHZBpW0,l5E6PiIUs1J,32375.0,2016-03-31,2019-04-12,historical_crosswalk_baseline
HDX_ARC_WARDS_1450,cSNEKHwtiWH,2129,Kapkures Ward,Uasin Gishu,Soy Sub County,cSNEKHwtiWH,pZqQRRW7PHP,lmr1q6dTaso,19076.0,2016-03-31,2019-04-12,historical_crosswalk_baseline
HDX_ARC_WARDS_1450,DUsGbpnzvet,2130,Ziwa Ward,Uasin Gishu,Soy Sub County,DUsGbpnzvet,pZqQRRW7PHP,lmr1q6dTaso,31433.0,2016-03-31,2019-04-12,historical_crosswalk_baseline
HDX_ARC_WARDS_1450,m7g3tve46XL,2133,Soy Ward,Uasin Gishu,Soy Sub County,m7g3tve46XL,pZqQRRW7PHP,lmr1q6dTaso,25068.0,2016-03-31,2019-04-12,historical_crosswalk_baseline
HDX_ARC_WARDS_1450,HglOFYGPmKB,2134,Kuinet/kapsuswa Ward,Uasin Gishu,Soy Sub County,HglOFYGPmKB,pZqQRRW7PHP,lmr1q6dTaso,12150.0,2016-03-31,2019-04-12,historical_crosswalk_baseline
HDX_ARC_WARDS_1450,NXNdgSCo71E,2135,Ngenyilel Ward,Uasin Gishu,Turbo Sub County,NXNdgSCo71E,pZqQRRW7PHP,KuprsuBe1l0,30805.0,2016-03-31,2019-04-12,historical_crosswalk_baseline
HDX_ARC_WARDS_1450,w6dTkyKAgzB,2136,Tapsagoi Ward,Uasin Gishu,Turbo Sub County,w6dTkyKAgzB,pZqQRRW7PHP,KuprsuBe1l0,30512.0,2016-03-31,2019-04-12,historical_crosswalk_baseline
HDX_ARC_WARDS_1450,P1RSkho9WMu,2137,Kamagut Ward,Uasin Gishu,Turbo Sub County,P1RSkho9WMu,pZqQRRW7PHP,KuprsuBe1l0,28290.0,2016-03-31,2019-04-12,historical_crosswalk_baseline
HDX_ARC_WARDS_1450,U9vp5b6AuGm,2138,Kiplombe Ward,Uasin Gishu,Turbo Sub County,U9vp5b6AuGm,pZqQRRW7PHP,KuprsuBe1l0,53659.0,2016-03-31,2019-04-12,historical_crosswalk_baseline
HDX_ARC_WARDS_1450,Itj44Rse7au,2139,Kapsaos Ward,Uasin Gishu,Turbo Sub County,Itj44Rse7au,pZqQRRW7PHP,KuprsuBe1l0,28593.0,2016-03-31,2019-04-12,historical_crosswalk_baseline
HDX_ARC_WARDS_1450,GCgCUcOL0Mz,2140,Huruma Ward,Uasin Gishu,Turbo Sub County,GCgCUcOL0Mz,pZqQRRW7PHP,KuprsuBe1l0,38545.0,2016-03-31,2019-04-12,historical_crosswalk_baseline
HDX_ARC_WARDS_1450,w7fqbD2ws7l,161,Gurar Ward,WAJIR,Wajir North Sub County,w7fqbD2ws7l,CeLsrJOH0g9,qsjAa8FE8OS,20434.0,2016-03-31,2019-04-12,historical_crosswalk_baseline
HDX_ARC_WARDS_1450,sTm9i4x7TTQ,345,Waita Ward,KITUI,Mwingi Central Sub- County,sTm9i4x7TTQ,j8o6iO4Njsi,uE7HKhqPOtf,20890.0,2016-03-31,2019-04-12,historical_crosswalk_baseline
HDX_ARC_WARDS_1450,IgBhlSMshmk,346,Mutongoni Ward,KITUI,Kitui West  Sub County,IgBhlSMshmk,j8o6iO4Njsi,cmWAJB5kCDW,34140.0,2016-03-31,2019-04-12,historical_crosswalk_baseline
HDX_ARC_WARDS_1450,T9ZjyItHbW9,347,Kauwi Ward,KITUI,Kitui West  Sub County,T9ZjyItHbW9,j8o6iO4Njsi,cmWAJB5kCDW,25385.0,2016-03-31,2019-04-12,historical_crosswalk_baseline
HDX_ARC_WARDS_1450,fIEkqCnDeKD,348,Matinyani Ward,KITUI,Kitui West  Sub County,fIEkqCnDeKD,j8o6iO4Njsi,cmWAJB5kCDW,24081.0,2016-03-31,2019-04-12,historical_crosswalk_baseline
HDX_ARC_WARDS_1450,rWDqxS3mGCY,349,Kwamutonga/kithumula Ward,KITUI,Kitui West  Sub County,rWDqxS3mGCY,j8o6iO4Njsi,cmWAJB5kCDW,18708.0,2016-03-31,2019-04-12,historical_crosswalk_baseline
HDX_ARC_WARDS_1450,oCDeWaZZImt,482,Karatina town Ward,NYERI,Mathira East Sub County,oCDeWaZZImt,ptWVfaCIdVx,vznKK4IegIL,27670.0,2016-03-31,2019-04-12,historical_crosswalk_baseline
HDX_ARC_WARDS_1450,t5i5lYBO7C5,483,Mahiga Ward,NYERI,Nyeri South Sub County,t5i5lYBO7C5,ptWVfaCIdVx,dd7jowvUO95,21846.0,2016-03-31,2019-04-12,historical_crosswalk_baseline
HDX_ARC_WARDS_1450,fYDplrDSXQI,362,Voo/kyamatu Ward,KITUI,Kitui East Sub County,fYDplrDSXQI,j8o6iO4Njsi,d0Gu8FrRM0Y,23011.0,2016-03-31,2019-04-12,historical_crosswalk_baseline
HDX_ARC_WARDS_1450,p0vnle5S7g2,363,Endau/malalani Ward,KITUI,Kitui East Sub County,p0vnle5S7g2,j8o6iO4Njsi,d0Gu8FrRM0Y,15506.0,2016-03-31,2019-04-12,historical_crosswalk_baseline
HDX_ARC_WARDS_1450,qWZAzrzTN2v,364,Mutitu/kaliku Ward,KITUI,Kitui East Sub County,qWZAzrzTN2v,j8o6iO4Njsi,d0Gu8FrRM0Y,19098.0,2016-03-31,2019-04-12,historical_crosswalk_baseline
HDX_ARC_WARDS_1450,BLSmZHA1d92,365,Ikanga/kyatune Ward,KITUI,Kitui South Sub County,BLSmZHA1d92,j8o6iO4Njsi,d3hSQ3EtnPk,36185.0,2016-03-31,2019-04-12,historical_crosswalk_baseline
HDX_ARC_WARDS_1450,Q1FhAEC0Ode,436,Emali/Mulala Ward,MAKUENI,Kibwezi West  Sub County,Q1FhAEC0Ode,BoDytkJQ4Qi,toa2Hl7iVQI,25657.0,2016-03-31,2019-04-12,historical_crosswalk_baseline
HDX_ARC_WARDS_1450,oVE1UXXDGcA,437,Masongaleni Ward,MAKUENI,Kibwezi East  Sub County,oVE1UXXDGcA,BoDytkJQ4Qi,ZhhyithPNoI,32270.0,2016-03-31,2019-04-12,historical_crosswalk_baseline
HDX_ARC_WARDS_1450,LAm2YbBslNB,438,Mtito Andei Ward,MAKUENI,Kibwezi East  Sub County,LAm2YbBslNB,BoDytkJQ4Qi,ZhhyithPNoI,35123.0,2016-03-31,2019-04-12,historical_crosswalk_baseline
HDX_ARC_WARDS_1450,zU0IodQbzMz,439,Thange Ward,MAKUENI,Kibwezi East  Sub County,zU0IodQbzMz,BoDytkJQ4Qi,ZhhyithPNoI,32160.0,2016-03-31,2019-04-12,historical_crosswalk_baseline
HDX_ARC_WARDS_1450,wFxBj0Hldme,440,Ivingoni/Nzambani Ward,MAKUENI,Kibwezi East  Sub County,wFxBj0Hldme,BoDytkJQ4Qi,ZhhyithPNoI,32643.0,2016-03-31,2019-04-12,historical_crosswalk_baseline
HDX_ARC_WARDS_1450,lcpTYDEAUs9,441,Engineer Ward,NYANDARUA,Kinangop Sub County,lcpTYDEAUs9,mYZacFNIB3h,RAnL5kBKMIt,26977.0,2016-03-31,2019-04-12,historical_crosswalk_baseline
HDX_ARC_WARDS_1450,vH5k45ZRgZG,442,Gathara Ward,NYANDARUA,Kinangop Sub County,vH5k45ZRgZG,mYZacFNIB3h,RAnL5kBKMIt,26656.0,2016-03-31,2019-04-12,historical_crosswalk_baseline
HDX_ARC_WARDS_1450,UU5SWe7Tv1P,443,North kinangop Ward,NYANDARUA,Kinangop Sub County,UU5SWe7Tv1P,mYZacFNIB3h,RAnL5kBKMIt,20898.0,2016-03-31,2019-04-12,historical_crosswalk_baseline
HDX_ARC_WARDS_1450,ZvHXuhKoAuI,444,Murungaru Ward,NYANDARUA,Kinangop Sub County,ZvHXuhKoAuI,mYZacFNIB3h,RAnL5kBKMIt,26920.0,2016-03-31,2019-04-12,historical_crosswalk_baseline
HDX_ARC_WARDS_1450,d5qc4G0CclB,449,Wanjohi Ward,NYANDARUA,Kipipiri Sub County,d5qc4G0CclB,mYZacFNIB3h,KlVgeHmvG6n,32051.0,2016-03-31,2019-04-12,historical_crosswalk_baseline
HDX_ARC_WARDS_1450,EAMXljqgEhV,450,Kipipiri Ward,NYANDARUA,Kipipiri Sub County,EAMXljqgEhV,mYZacFNIB3h,KlVgeHmvG6n,22991.0,2016-03-31,2019-04-12,historical_crosswalk_baseline
HDX_ARC_WARDS_1450,xFI9cbIii9H,512,Mutira Ward,KIRINYAGA,Kirinyaga Central Sub County,xFI9cbIii9H,Ulj33KBau7V,JKNaaTjVapG,23359.0,2016-03-31,2019-04-12,historical_crosswalk_baseline
HDX_ARC_WARDS_1450,WtvrxP6Ra8K,513,Kanyekini Ward,KIRINYAGA,Kirinyaga Central Sub County,WtvrxP6Ra8K,Ulj33KBau7V,JKNaaTjVapG,32333.0,2016-03-31,2019-04-12,historical_crosswalk_baseline
HDX_ARC_WARDS_1450,pToDCseGSVa,514,Kerugoya Ward,KIRINYAGA,Kirinyaga Central Sub County,pToDCseGSVa,Ulj33KBau7V,JKNaaTjVapG,30336.0,2016-03-31,2019-04-12,historical_crosswalk_baseline
HDX_ARC_WARDS_1450,upv9qERTCCI,515,Inoi Ward,KIRINYAGA,Kirinyaga Central Sub County,upv9qERTCCI,Ulj33KBau7V,JKNaaTjVapG,27327.0,2016-03-31,2019-04-12,historical_crosswalk_baseline
HDX_ARC_WARDS_1450,zwhTzysKfKc,624,Kerio Delta Ward,TURKANA,Turkana Central Sub County,zwhTzysKfKc,kphDeKClFch,zd8rhYqGowE,34212.0,2016-03-31,2019-04-12,historical_crosswalk_baseline
HDX_ARC_WARDS_1450,qQtpJ2wdCay,625,KANG'ATOTHA Ward,TURKANA,Turkana Central Sub County,qQtpJ2wdCay,kphDeKClFch,zd8rhYqGowE,22695.0,2016-03-31,2019-04-12,historical_crosswalk_baseline
HDX_ARC_WARDS_1450,DaWvBbVWP0W,626,Kalokol Ward,TURKANA,Turkana Central Sub County,DaWvBbVWP0W,kphDeKClFch,zd8rhYqGowE,19477.0,2016-03-31,2019-04-12,historical_crosswalk_baseline
HDX_ARC_WARDS_1450,dOQTHZsuaIb,2044,Mathare North Ward,Nairobi,Ruaraka  Sub County,dOQTHZsuaIb,jkG3zaihdSs,Cc8uEFkzfVf,55158.0,2016-03-31,2019-04-12,historical_crosswalk_baseline
HDX_ARC_WARDS_1450,vURFh88SwIe,1728,Marachi Central Ward,Busia,Butula Sub County,vURFh88SwIe,Tvf1zgVZ0K4,RIBiZFJxB1K,19816.0,2016-03-31,2019-04-12,historical_crosswalk_baseline
HDX_ARC_WARDS_1450,L8VRh5JlUik,1736,Bunyala Central Ward,Busia,Bunyala Sub County,L8VRh5JlUik,Tvf1zgVZ0K4,zI6vnsXresW,10381.0,2016-03-31,2019-04-12,historical_crosswalk_baseline
HDX_ARC_WARDS_1450,Nt7PPe0Vdou,2047,Imara Daima Ward,Nairobi,Embakasi South Sub County,Nt7PPe0Vdou,jkG3zaihdSs,aDp1odOWYC1,70641.0,2016-03-31,2019-04-12,historical_crosswalk_baseline
HDX_ARC_WARDS_1450,ZDarbsCJmOy,2141,Tembelio Ward,Uasin Gishu,Moiben Sub County,ZDarbsCJmOy,pZqQRRW7PHP,q8R0FA1hxnP,28021.0,2016-03-31,2019-04-12,historical_crosswalk_baseline
HDX_ARC_WARDS_1450,TCTO059sj6I,2142,Sergoit Ward,Uasin Gishu,Moiben Sub County,TCTO059sj6I,pZqQRRW7PHP,q8R0FA1hxnP,16220.0,2016-03-31,2019-04-12,historical_crosswalk_baseline
HDX_ARC_WARDS_1450,AwwBKeGhmam,2143,Karuna/meibeki Ward,Uasin Gishu,Moiben Sub County,AwwBKeGhmam,pZqQRRW7PHP,q8R0FA1hxnP,26048.0,2016-03-31,2019-04-12,historical_crosswalk_baseline
HDX_ARC_WARDS_1450,mKtIgRuq39B,2144,Moiben Ward,Uasin Gishu,Moiben Sub County,mKtIgRuq39B,pZqQRRW7PHP,q8R0FA1hxnP,25774.0,2016-03-31,2019-04-12,historical_crosswalk_baseline
HDX_ARC_WARDS_1450,VUb1Te4ZsaL,2145,Kimumu Ward,Uasin Gishu,Moiben Sub County,VUb1Te4ZsaL,pZqQRRW7PHP,q8R0FA1hxnP,60965.0,2016-03-31,2019-04-12,historical_crosswalk_baseline
HDX_ARC_WARDS_1450,H9e1tEercdW,2146,Kapsoya Ward,Uasin Gishu,Ainabkoi Sub County,H9e1tEercdW,pZqQRRW7PHP,mYlMs4xTj82,33438.0,2016-03-31,2019-04-12,historical_crosswalk_baseline
HDX_ARC_WARDS_1450,cYwuj1W0Wux,2147,Kaptagat Ward,Uasin Gishu,Ainabkoi Sub County,cYwuj1W0Wux,pZqQRRW7PHP,mYlMs4xTj82,36173.0,2016-03-31,2019-04-12,historical_crosswalk_baseline
HDX_ARC_WARDS_1450,keTxMrb6Oag,2148,Ainabkoi/olare Ward,Uasin Gishu,Ainabkoi Sub County,keTxMrb6Oag,pZqQRRW7PHP,mYlMs4xTj82,33431.0,2016-03-31,2019-04-12,historical_crosswalk_baseline
HDX_ARC_WARDS_1450,G30113eUpwM,2149,Simat/ Kapseret Ward,Uasin Gishu,Kapseret Sub County,G30113eUpwM,pZqQRRW7PHP,u9yagZzK49q,31030.0,2016-03-31,2019-04-12,historical_crosswalk_baseline
HDX_ARC_WARDS_1450,JZrMfy0ZEjq,2150,Kipkenyo Ward,Uasin Gishu,Kapseret Sub County,JZrMfy0ZEjq,pZqQRRW7PHP,u9yagZzK49q,20367.0,2016-03-31,2019-04-12,historical_crosswalk_baseline
HDX_ARC_WARDS_1450,FrPqZ0quyrF,1737,Bunyala North Ward,Busia,Bunyala Sub County,FrPqZ0quyrF,Tvf1zgVZ0K4,zI6vnsXresW,20948.0,2016-03-31,2019-04-12,historical_crosswalk_baseline
HDX_ARC_WARDS_1450,XqcnCg0VZ7k,1738,Bunyala West Ward,Busia,Bunyala Sub County,XqcnCg0VZ7k,Tvf1zgVZ0K4,zI6vnsXresW,21237.0,2016-03-31,2019-04-12,historical_crosswalk_baseline
HDX_ARC_WARDS_1450,BBkS40b5WG7,1739,Bunyala South Ward,Busia,Bunyala Sub County,BBkS40b5WG7,Tvf1zgVZ0K4,zI6vnsXresW,14157.0,2016-03-31,2019-04-12,historical_crosswalk_baseline
HDX_ARC_WARDS_1450,BbJmtHW0518,1740,Mariashoni Ward,Nakuru,Molo  Sub County,BbJmtHW0518,ob6SxuRcqU4,RJ4LGJiSHFg,12454.0,2016-03-31,2019-04-12,historical_crosswalk_baseline
HDX_ARC_WARDS_1450,PBAbBC0gDLA,1742,Turi Ward,Nakuru,Molo  Sub County,PBAbBC0gDLA,ob6SxuRcqU4,RJ4LGJiSHFg,25448.0,2016-03-31,2019-04-12,historical_crosswalk_baseline
HDX_ARC_WARDS_1450,STQIvkltmOp,1743,Molo Ward,Nakuru,Molo  Sub County,STQIvkltmOp,ob6SxuRcqU4,RJ4LGJiSHFg,43098.0,2016-03-31,2019-04-12,historical_crosswalk_baseline
HDX_ARC_WARDS_1450,DSk12NKnyRR,1744,Mau Narok Ward,Nakuru,Njoro  Sub County,DSk12NKnyRR,ob6SxuRcqU4,gSJXzH1DM75,35429.0,2016-03-31,2019-04-12,historical_crosswalk_baseline
HDX_ARC_WARDS_1450,KHWDXyBa4i6,1745,Mauche Ward,Nakuru,Njoro  Sub County,KHWDXyBa4i6,ob6SxuRcqU4,gSJXzH1DM75,34044.0,2016-03-31,2019-04-12,historical_crosswalk_baseline
HDX_ARC_WARDS_1450,rb2nGblpg8l,1746,Kihingo Ward,Nakuru,Njoro  Sub County,rb2nGblpg8l,ob6SxuRcqU4,gSJXzH1DM75,26607.0,2016-03-31,2019-04-12,historical_crosswalk_baseline
HDX_ARC_WARDS_1450,KqMw0Knznhu,1747,Nessuit Ward,Nakuru,Njoro  Sub County,KqMw0Knznhu,ob6SxuRcqU4,gSJXzH1DM75,13488.0,2016-03-31,2019-04-12,historical_crosswalk_baseline
HDX_ARC_WARDS_1450,BB9s4d9DV70,1748,Lare Ward,Nakuru,Njoro  Sub County,BB9s4d9DV70,ob6SxuRcqU4,gSJXzH1DM75,17862.0,2016-03-31,2019-04-12,historical_crosswalk_baseline
HDX_ARC_WARDS_1450,bFIJdjEp5Kl,2158,Kilgoris Central  Ward,Narok,Transmara West Sub County,bFIJdjEp5Kl,kqJ83J2D72s,Nb6e34jNGAq,41977.0,2016-03-31,2019-04-12,historical_crosswalk_baseline
HDX_ARC_WARDS_1450,xbHueeSJ4j8,1752,Lake View Ward,Nakuru,Naivasha  Sub County,xbHueeSJ4j8,ob6SxuRcqU4,yZJJPoSGhY6,20082.0,2016-03-31,2019-04-12,historical_crosswalk_baseline
HDX_ARC_WARDS_1450,l7oNy9qaqWe,1753,Mai Mahiu Ward,Nakuru,Naivasha  Sub County,l7oNy9qaqWe,ob6SxuRcqU4,yZJJPoSGhY6,29796.0,2016-03-31,2019-04-12,historical_crosswalk_baseline
HDX_ARC_WARDS_1450,fRDUt04TIg5,1754,Maeilla Ward,Nakuru,Naivasha  Sub County,fRDUt04TIg5,ob6SxuRcqU4,yZJJPoSGhY6,27498.0,2016-03-31,2019-04-12,historical_crosswalk_baseline
HDX_ARC_WARDS_1450,CTX9LIAvrFK,1755,Olkaria Ward,Nakuru,Naivasha  Sub County,CTX9LIAvrFK,ob6SxuRcqU4,yZJJPoSGhY6,25437.0,2016-03-31,2019-04-12,historical_crosswalk_baseline
HDX_ARC_WARDS_1450,A20qmlqFi5D,1756,Naivasha East Ward,Nakuru,Naivasha  Sub County,A20qmlqFi5D,ob6SxuRcqU4,yZJJPoSGhY6,20884.0,2016-03-31,2019-04-12,historical_crosswalk_baseline
HDX_ARC_WARDS_1450,quIiSx3L8OJ,1757,Viwandani Ward,Nakuru,Naivasha  Sub County,quIiSx3L8OJ,ob6SxuRcqU4,yZJJPoSGhY6,45543.0,2016-03-31,2019-04-12,historical_crosswalk_baseline
HDX_ARC_WARDS_1450,xK7G5Lg2CEW,1758,Gilgil Ward,Nakuru,Gilgil Sub County,xK7G5Lg2CEW,ob6SxuRcqU4,hBU8B1KI12P,47603.0,2016-03-31,2019-04-12,historical_crosswalk_baseline
HDX_ARC_WARDS_1450,RSps1nz09HH,1759,Elementaita Ward,Nakuru,Gilgil Sub County,RSps1nz09HH,ob6SxuRcqU4,hBU8B1KI12P,27504.0,2016-03-31,2019-04-12,historical_crosswalk_baseline
HDX_ARC_WARDS_1450,iIdFbrVody5,1760,Mbaruk/eburu Ward,Nakuru,Gilgil Sub County,iIdFbrVody5,ob6SxuRcqU4,hBU8B1KI12P,33395.0,2016-03-31,2019-04-12,historical_crosswalk_baseline
HDX_ARC_WARDS_1450,xCH1F3gEsNr,1761,Malewa West Ward,Nakuru,Gilgil Sub County,xCH1F3gEsNr,ob6SxuRcqU4,hBU8B1KI12P,21915.0,2016-03-31,2019-04-12,historical_crosswalk_baseline
HDX_ARC_WARDS_1450,mxshI67tMFJ,1762,Murindat Ward,Nakuru,Gilgil Sub County,mxshI67tMFJ,ob6SxuRcqU4,hBU8B1KI12P,21685.0,2016-03-31,2019-04-12,historical_crosswalk_baseline
HDX_ARC_WARDS_1450,dRuMh3lozxY,615,Kibish Ward,TURKANA,Kibish Sub County,dRuMh3lozxY,kphDeKClFch,AXNntZ7T30a,21673.0,2016-03-31,2019-04-12,historical_crosswalk_baseline
HDX_ARC_WARDS_1450,U3CWX2tDcnG,622,Lokichoggio Ward,TURKANA,Turkana West Sub County,U3CWX2tDcnG,kphDeKClFch,HK5SUCMQmsw,29267.0,2016-03-31,2019-04-12,historical_crosswalk_baseline
HDX_ARC_WARDS_1450,vpERRHtFCWg,630,Turkwel Ward,TURKANA,Loima Sub County,vpERRHtFCWg,kphDeKClFch,OZiGQn2R8kK,47399.0,2016-03-31,2019-04-12,historical_crosswalk_baseline
HDX_ARC_WARDS_1450,eQng6vyva8H,632,Lokiriama/Lorengippi Ward,TURKANA,Loima Sub County,eQng6vyva8H,kphDeKClFch,OZiGQn2R8kK,21056.0,2016-03-31,2019-04-12,historical_crosswalk_baseline
HDX_ARC_WARDS_1450,AR58QjsFekn,633,Kaputir Ward,TURKANA,Turkana South Sub County,AR58QjsFekn,kphDeKClFch,iTw0sFjlqZ2,15119.0,2016-03-31,2019-04-12,historical_crosswalk_baseline
HDX_ARC_WARDS_1450,p8Vk2rQT2gg,635,Lobokat Ward,TURKANA,Turkana South Sub County,p8Vk2rQT2gg,kphDeKClFch,iTw0sFjlqZ2,11128.0,2016-03-31,2019-04-12,historical_crosswalk_baseline
HDX_ARC_WARDS_1450,H6EZtZr2dWo,636,Kalapata Ward,TURKANA,Turkana South Sub County,H6EZtZr2dWo,kphDeKClFch,iTw0sFjlqZ2,23509.0,2016-03-31,2019-04-12,historical_crosswalk_baseline
HDX_ARC_WARDS_1450,sXlDThMXKIG,642,Kapenguria Ward,WEST POKOT,West Pokot Sub County,sXlDThMXKIG,XWALbfAPa6n,ylWg6VvADJE,29759.0,2016-03-31,2019-04-12,historical_crosswalk_baseline
HDX_ARC_WARDS_1450,OEuGotz3swq,643,Mnagei Ward,WEST POKOT,West Pokot Sub County,OEuGotz3swq,XWALbfAPa6n,ylWg6VvADJE,34966.0,2016-03-31,2019-04-12,historical_crosswalk_baseline
HDX_ARC_WARDS_1450,zf52hYIUeSz,644,Siyoi Ward,WEST POKOT,West Pokot Sub County,zf52hYIUeSz,XWALbfAPa6n,ylWg6VvADJE,17332.0,2016-03-31,2019-04-12,historical_crosswalk_baseline
HDX_ARC_WARDS_1450,WteTgAtzuJP,645,Endugh Ward,WEST POKOT,West Pokot Sub County,WteTgAtzuJP,XWALbfAPa6n,ylWg6VvADJE,17502.0,2016-03-31,2019-04-12,historical_crosswalk_baseline
HDX_ARC_WARDS_1450,UZ1D4NEN1qb,646,Sook Ward,WEST POKOT,West Pokot Sub County,UZ1D4NEN1qb,XWALbfAPa6n,ylWg6VvADJE,12414.0,2016-03-31,2019-04-12,historical_crosswalk_baseline
HDX_ARC_WARDS_1450,LTr0Kfbxu9C,647,Sekerr Ward,WEST POKOT,Pokot Central Sub County,LTr0Kfbxu9C,XWALbfAPa6n,SCbMzaOeTuR,16936.0,2016-03-31,2019-04-12,historical_crosswalk_baseline
HDX_ARC_WARDS_1450,abEfttdBmpZ,648,Masool Ward,WEST POKOT,Pokot Central Sub County,abEfttdBmpZ,XWALbfAPa6n,SCbMzaOeTuR,14744.0,2016-03-31,2019-04-12,historical_crosswalk_baseline
HDX_ARC_WARDS_1450,b1Z4WVS2owC,166,Danaba Ward,WAJIR,Wajir North Sub County,b1Z4WVS2owC,CeLsrJOH0g9,qsjAa8FE8OS,30435.0,2016-03-31,2019-04-12,historical_crosswalk_baseline
HDX_ARC_WARDS_1450,V9GqRwFec0l,649,Lomut Ward,WEST POKOT,Pokot Central Sub County,V9GqRwFec0l,XWALbfAPa6n,SCbMzaOeTuR,24768.0,2016-03-31,2019-04-12,historical_crosswalk_baseline
HDX_ARC_WARDS_1450,hS0lXNVsykJ,650,Wei wei Ward,WEST POKOT,Pokot Central Sub County,hS0lXNVsykJ,XWALbfAPa6n,SCbMzaOeTuR,28631.0,2016-03-31,2019-04-12,historical_crosswalk_baseline
HDX_ARC_WARDS_1450,pN8AuYvqE0e,2172,Olorropil Ward,Narok,Narok North Sub County,pN8AuYvqE0e,kqJ83J2D72s,fNROL0qm8De,29562.0,2016-03-31,2019-04-12,historical_crosswalk_baseline
HDX_ARC_WARDS_1450,hfUlTD9PANt,2173,Melili Ward,Narok,Narok North Sub County,hfUlTD9PANt,kqJ83J2D72s,fNROL0qm8De,37223.0,2016-03-31,2019-04-12,historical_crosswalk_baseline
HDX_ARC_WARDS_1450,fF2CijNSPDI,2174,Mosiro Ward,Narok,Narok East Sub County,fF2CijNSPDI,kqJ83J2D72s,gZM3NbHaugk,27463.0,2016-03-31,2019-04-12,historical_crosswalk_baseline
HDX_ARC_WARDS_1450,N27Hb5r1QR5,2175,Ildamat Ward,Narok,Narok East Sub County,N27Hb5r1QR5,kqJ83J2D72s,gZM3NbHaugk,15643.0,2016-03-31,2019-04-12,historical_crosswalk_baseline
HDX_ARC_WARDS_1450,YpEIAl1lcFe,2176,Keekonyokie Ward,Narok,Narok East Sub County,YpEIAl1lcFe,kqJ83J2D72s,gZM3NbHaugk,20613.0,2016-03-31,2019-04-12,historical_crosswalk_baseline
HDX_ARC_WARDS_1450,iZN31WZZycN,2177,Suswa Ward,Narok,Narok East Sub County,iZN31WZZycN,kqJ83J2D72s,gZM3NbHaugk,19237.0,2016-03-31,2019-04-12,historical_crosswalk_baseline
HDX_ARC_WARDS_1450,u5iwkT3DDNJ,2178,Maji Moto/naroosura Ward,Narok,Narok South Sub County,u5iwkT3DDNJ,kqJ83J2D72s,bnYzgzYe2Z7,39530.0,2016-03-31,2019-04-12,historical_crosswalk_baseline
HDX_ARC_WARDS_1450,aoZxerJJSBz,2179,Ololulung'a Ward,Narok,Narok South Sub County,aoZxerJJSBz,kqJ83J2D72s,bnYzgzYe2Z7,34633.0,2016-03-31,2019-04-12,historical_crosswalk_baseline
HDX_ARC_WARDS_1450,kBWwkKdW9Rh,2180,Melelo Ward,Narok,Narok South Sub County,kBWwkKdW9Rh,kqJ83J2D72s,bnYzgzYe2Z7,35069.0,2016-03-31,2019-04-12,historical_crosswalk_baseline
HDX_ARC_WARDS_1450,Xo0N7hDyvPP,2181,Loita Ward,Narok,Narok South Sub County,Xo0N7hDyvPP,kqJ83J2D72s,bnYzgzYe2Z7,22873.0,2016-03-31,2019-04-12,historical_crosswalk_baseline
HDX_ARC_WARDS_1450,xlp4GwINQiC,2182,Sogoo Ward,Narok,Narok South Sub County,xlp4GwINQiC,kqJ83J2D72s,bnYzgzYe2Z7,28743.0,2016-03-31,2019-04-12,historical_crosswalk_baseline
HDX_ARC_WARDS_1450,Tn1grqaqx7v,2183,Sagamian Ward,Narok,Narok South Sub County,Tn1grqaqx7v,kqJ83J2D72s,bnYzgzYe2Z7,21057.0,2016-03-31,2019-04-12,historical_crosswalk_baseline
HDX_ARC_WARDS_1450,ckpYcQagZdJ,2184,Ilmotiook Ward,Narok,Narok West Sub County,ckpYcQagZdJ,kqJ83J2D72s,ouA247cg58A,46135.0,2016-03-31,2019-04-12,historical_crosswalk_baseline
HDX_ARC_WARDS_1450,mX734z5OjqI,2185,Mara Ward,Narok,Narok West Sub County,mX734z5OjqI,kqJ83J2D72s,ouA247cg58A,33201.0,2016-03-31,2019-04-12,historical_crosswalk_baseline
HDX_ARC_WARDS_1450,amNn0DeeFdo,2186,Siana Ward,Narok,Narok West Sub County,amNn0DeeFdo,kqJ83J2D72s,ouA247cg58A,34095.0,2016-03-31,2019-04-12,historical_crosswalk_baseline
HDX_ARC_WARDS_1450,cZkc98eBxNL,664,Loosuk Ward,SAMBURU,Samburu Central Sub County,cZkc98eBxNL,o36zCRjSd4G,EmQRGVtvWy3,10240.0,2016-03-31,2019-04-12,historical_crosswalk_baseline
HDX_ARC_WARDS_1450,b4HPJJEYEsS,665,Porro Ward,SAMBURU,Samburu Central Sub County,b4HPJJEYEsS,o36zCRjSd4G,EmQRGVtvWy3,10578.0,2016-03-31,2019-04-12,historical_crosswalk_baseline
HDX_ARC_WARDS_1450,x8gYdLEuy5Y,666,El-barta Ward,SAMBURU,Samburu North Sub County,x8gYdLEuy5Y,o36zCRjSd4G,E2DGjZRlwbY,13675.0,2016-03-31,2019-04-12,historical_crosswalk_baseline
HDX_ARC_WARDS_1450,hV1NZb8gSOe,667,Nachola Ward,SAMBURU,Samburu North Sub County,hV1NZb8gSOe,o36zCRjSd4G,E2DGjZRlwbY,11622.0,2016-03-31,2019-04-12,historical_crosswalk_baseline
HDX_ARC_WARDS_1450,w6u8SoSKkmn,668,Ndoto Ward,SAMBURU,Samburu North Sub County,w6u8SoSKkmn,o36zCRjSd4G,E2DGjZRlwbY,14912.0,2016-03-31,2019-04-12,historical_crosswalk_baseline
HDX_ARC_WARDS_1450,UpMVKpuABHz,669,Nyiro Ward,SAMBURU,Samburu North Sub County,UpMVKpuABHz,o36zCRjSd4G,E2DGjZRlwbY,19592.0,2016-03-31,2019-04-12,historical_crosswalk_baseline
HDX_ARC_WARDS_1450,O57e90leR9M,670,Angata nayokie Ward,SAMBURU,Samburu Central Sub County,O57e90leR9M,o36zCRjSd4G,EmQRGVtvWy3,9747.0,2016-03-31,2019-04-12,historical_crosswalk_baseline
HDX_ARC_WARDS_1450,W4gx1OjSjzp,671,Baawa Ward,SAMBURU,Samburu Central Sub County,W4gx1OjSjzp,o36zCRjSd4G,EmQRGVtvWy3,11807.0,2016-03-31,2019-04-12,historical_crosswalk_baseline
HDX_ARC_WARDS_1450,l2uOoW4cwIa,672,Waso Ward,SAMBURU,Samburu East Sub County,l2uOoW4cwIa,o36zCRjSd4G,ldZ10N9unC9,17796.0,2016-03-31,2019-04-12,historical_crosswalk_baseline
HDX_ARC_WARDS_1450,KnKoadZgQjY,673,Wamba west Ward,SAMBURU,Samburu East Sub County,KnKoadZgQjY,o36zCRjSd4G,ldZ10N9unC9,13713.0,2016-03-31,2019-04-12,historical_crosswalk_baseline
HDX_ARC_WARDS_1450,WieLheAfLdw,674,Wamba east Ward,SAMBURU,Samburu East Sub County,WieLheAfLdw,o36zCRjSd4G,ldZ10N9unC9,16063.0,2016-03-31,2019-04-12,historical_crosswalk_baseline
HDX_ARC_WARDS_1450,p2OJcxIoP6e,675,Wamba north Ward,SAMBURU,Samburu East Sub County,p2OJcxIoP6e,o36zCRjSd4G,ldZ10N9unC9,11522.0,2016-03-31,2019-04-12,historical_crosswalk_baseline
HDX_ARC_WARDS_1450,zkVfk8cWPc2,676,Kapomboi Ward,TRANS NZOIA,Kwanza  Sub County,zkVfk8cWPc2,mThvosEflAU,ABy8CNqf2e7,56082.0,2016-03-31,2019-04-12,historical_crosswalk_baseline
HDX_ARC_WARDS_1450,PXmcdkpTB68,677,Kwanza Ward,TRANS NZOIA,Kwanza  Sub County,PXmcdkpTB68,mThvosEflAU,ABy8CNqf2e7,55647.0,2016-03-31,2019-04-12,historical_crosswalk_baseline
HDX_ARC_WARDS_1450,eT3Udm3xjFw,1841,Mwawesa Ward,Kilifi,Rabai Sub County,eT3Udm3xjFw,nrI2khZx3d0,hJf4rt7cvI6,15021.0,2016-03-31,2019-04-12,historical_crosswalk_baseline
HDX_ARC_WARDS_1450,IAEQih35LOS,680,Chepchoina Ward,TRANS NZOIA,Endebess Sub County,IAEQih35LOS,mThvosEflAU,PsjxYLsJSIp,36485.0,2016-03-31,2019-04-12,historical_crosswalk_baseline
HDX_ARC_WARDS_1450,t4cjnduc4dV,681,Endebess Ward,TRANS NZOIA,Endebess Sub County,t4cjnduc4dV,mThvosEflAU,PsjxYLsJSIp,23338.0,2016-03-31,2019-04-12,historical_crosswalk_baseline
HDX_ARC_WARDS_1450,ds38yFIWSBY,682,Matumbei Ward,TRANS NZOIA,Endebess Sub County,ds38yFIWSBY,mThvosEflAU,PsjxYLsJSIp,31369.0,2016-03-31,2019-04-12,historical_crosswalk_baseline
HDX_ARC_WARDS_1450,Qc2e6oVTp0G,683,Kinyoro Ward,TRANS NZOIA,Saboti  Sub County,Qc2e6oVTp0G,mThvosEflAU,y2M16lesMsF,39645.0,2016-03-31,2019-04-12,historical_crosswalk_baseline
HDX_ARC_WARDS_1450,kBH2TFh9qab,684,Matisi Ward,TRANS NZOIA,Saboti  Sub County,kBH2TFh9qab,mThvosEflAU,y2M16lesMsF,40662.0,2016-03-31,2019-04-12,historical_crosswalk_baseline
HDX_ARC_WARDS_1450,YCeebXtrvTd,1803,Mjambere Ward,Mombasa,Kisauni  Sub County,YCeebXtrvTd,wsBsC6gjHvn,C1hO6wNOgrH,27285.0,2016-03-31,2019-04-12,historical_crosswalk_baseline
HDX_ARC_WARDS_1450,Ay904HxgFbw,2187,Naikarra Ward,Narok,Narok West Sub County,Ay904HxgFbw,kqJ83J2D72s,ouA247cg58A,22508.0,2016-03-31,2019-04-12,historical_crosswalk_baseline
HDX_ARC_WARDS_1450,jALskID8BQS,2188,Githiga Ward,Kiambu,Githunguri Sub County,jALskID8BQS,qKzosKQPl6G,E7tkGikenbD,30911.0,2016-03-31,2019-04-12,historical_crosswalk_baseline
HDX_ARC_WARDS_1450,zvhM3m7bIIh,2189,Ikinu Ward,Kiambu,Githunguri Sub County,zvhM3m7bIIh,qKzosKQPl6G,E7tkGikenbD,23668.0,2016-03-31,2019-04-12,historical_crosswalk_baseline
HDX_ARC_WARDS_1450,bkMHxVGDIcL,2190,Ngewa Ward,Kiambu,Githunguri Sub County,bkMHxVGDIcL,qKzosKQPl6G,E7tkGikenbD,26292.0,2016-03-31,2019-04-12,historical_crosswalk_baseline
HDX_ARC_WARDS_1450,Tqs3YLWw30B,2191,Komothai Ward,Kiambu,Githunguri Sub County,Tqs3YLWw30B,qKzosKQPl6G,E7tkGikenbD,30514.0,2016-03-31,2019-04-12,historical_crosswalk_baseline
HDX_ARC_WARDS_1450,G5RaW09czpW,2192,Ting'ang'a Ward,Kiambu,Kiambu Town Sub County,G5RaW09czpW,qKzosKQPl6G,SBz4c48i24Y,19727.0,2016-03-31,2019-04-12,historical_crosswalk_baseline
HDX_ARC_WARDS_1450,B7Ek2TSSkr9,2193,Ndumberi Ward,Kiambu,Kiambu Town Sub County,B7Ek2TSSkr9,qKzosKQPl6G,SBz4c48i24Y,35823.0,2016-03-31,2019-04-12,historical_crosswalk_baseline
HDX_ARC_WARDS_1450,xgHhSzo3AuN,2194,Riabai Ward,Kiambu,Kiambu Town Sub County,xgHhSzo3AuN,qKzosKQPl6G,SBz4c48i24Y,25909.0,2016-03-31,2019-04-12,historical_crosswalk_baseline
HDX_ARC_WARDS_1450,byxif4bfwvo,2195,Kiambu Township Ward,Kiambu,Kiambu Town Sub County,byxif4bfwvo,qKzosKQPl6G,SBz4c48i24Y,27239.0,2016-03-31,2019-04-12,historical_crosswalk_baseline
HDX_ARC_WARDS_1450,woYqYmbk8hx,2196,Cianda Ward,Kiambu,Kiambaa Sub County,woYqYmbk8hx,qKzosKQPl6G,oMaQgNIs85x,15119.0,2016-03-31,2019-04-12,historical_crosswalk_baseline
HDX_ARC_WARDS_1450,eCWu3IedbJm,2197,Karuri Ward,Kiambu,Kiambaa Sub County,eCWu3IedbJm,qKzosKQPl6G,oMaQgNIs85x,30660.0,2016-03-31,2019-04-12,historical_crosswalk_baseline
HDX_ARC_WARDS_1450,NQ4XWNy3RM0,2198,Ndenderu Ward,Kiambu,Kiambaa Sub County,NQ4XWNy3RM0,qKzosKQPl6G,oMaQgNIs85x,35853.0,2016-03-31,2019-04-12,historical_crosswalk_baseline
HDX_ARC_WARDS_1450,v46jgbTAri7,2199,Muchatha Ward,Kiambu,Kiambaa Sub County,v46jgbTAri7,qKzosKQPl6G,oMaQgNIs85x,26544.0,2016-03-31,2019-04-12,historical_crosswalk_baseline
HDX_ARC_WARDS_1450,L4eA6Nld41v,2200,Kihara Ward,Kiambu,Kiambaa Sub County,L4eA6Nld41v,qKzosKQPl6G,oMaQgNIs85x,36877.0,2016-03-31,2019-04-12,historical_crosswalk_baseline
HDX_ARC_WARDS_1450,ZHKOkipqYxf,1767,Kiptororo Ward,Nakuru,Kuresoi North  Sub County,ZHKOkipqYxf,ob6SxuRcqU4,QBwORnYdu0e,37590.0,2016-03-31,2019-04-12,historical_crosswalk_baseline
HDX_ARC_WARDS_1450,jWX4knhb96j,1768,Nyota Ward,Nakuru,Kuresoi North  Sub County,jWX4knhb96j,ob6SxuRcqU4,QBwORnYdu0e,39455.0,2016-03-31,2019-04-12,historical_crosswalk_baseline
HDX_ARC_WARDS_1450,aGRpaeG5ziX,1769,Sirikwa Ward,Nakuru,Kuresoi North  Sub County,aGRpaeG5ziX,ob6SxuRcqU4,QBwORnYdu0e,17042.0,2016-03-31,2019-04-12,historical_crosswalk_baseline
HDX_ARC_WARDS_1450,P3TwXvbGu0Y,2201,Gitaru,Kiambu,Kabete Sub County,P3TwXvbGu0Y,qKzosKQPl6G,lb5LzWiUX8Y,29177.0,2016-03-31,2019-04-12,historical_crosswalk_baseline
HDX_ARC_WARDS_1450,LSpZcRA9tgp,2202,Muguga,Kiambu,Kabete Sub County,LSpZcRA9tgp,qKzosKQPl6G,lb5LzWiUX8Y,27527.0,2016-03-31,2019-04-12,historical_crosswalk_baseline
HDX_ARC_WARDS_1450,S5vdlHabZzv,2203,Nyadhuna Ward,Kiambu,Kabete Sub County,S5vdlHabZzv,qKzosKQPl6G,lb5LzWiUX8Y,28771.0,2016-03-31,2019-04-12,historical_crosswalk_baseline
HDX_ARC_WARDS_1450,ERl76hzXrr7,2204,Kabete Ward,Kiambu,Kabete Sub County,ERl76hzXrr7,qKzosKQPl6G,lb5LzWiUX8Y,30657.0,2016-03-31,2019-04-12,historical_crosswalk_baseline
HDX_ARC_WARDS_1450,pco0T7Zsd6V,688,Kiminini Ward,TRANS NZOIA,Kiminini  Sub County,pco0T7Zsd6V,mThvosEflAU,pzZHpL2ueIn,33764.0,2016-03-31,2019-04-12,historical_crosswalk_baseline
HDX_ARC_WARDS_1450,rPVkyP8OlZW,689,Waitaluk Ward,TRANS NZOIA,Kiminini  Sub County,rPVkyP8OlZW,mThvosEflAU,pzZHpL2ueIn,40377.0,2016-03-31,2019-04-12,historical_crosswalk_baseline
HDX_ARC_WARDS_1450,FXjBryC2ysZ,690,Sirende Ward,TRANS NZOIA,Kiminini  Sub County,FXjBryC2ysZ,mThvosEflAU,pzZHpL2ueIn,23677.0,2016-03-31,2019-04-12,historical_crosswalk_baseline
HDX_ARC_WARDS_1450,obOP2eWg8EX,1771,Subukia Ward,Nakuru,Subukia  Sub County,obOP2eWg8EX,ob6SxuRcqU4,zQEuNRaPYgE,32242.0,2016-03-31,2019-04-12,historical_crosswalk_baseline
HDX_ARC_WARDS_1450,bhhINffrIu8,189,Ibrahim ure Ward,WAJIR,Wajir South Sub County,bhhINffrIu8,CeLsrJOH0g9,U7KFQn3Up3o,19926.0,2016-03-31,2019-04-12,historical_crosswalk_baseline
HDX_ARC_WARDS_1450,PL9Y6PrB2oV,1774,Menengai West Ward,Nakuru,Rongai  Sub County,PL9Y6PrB2oV,ob6SxuRcqU4,OK0hW8DFHq3,27881.0,2016-03-31,2019-04-12,historical_crosswalk_baseline
HDX_ARC_WARDS_1450,DnlusvsKIKj,2216,Kinale Ward,Kiambu,Lari Sub County,DnlusvsKIKj,qKzosKQPl6G,nCziQtZ49jj,26007.0,2016-03-31,2019-04-12,historical_crosswalk_baseline
HDX_ARC_WARDS_1450,aR3qJ3GyWeP,2218,Nyanduma Ward,Kiambu,Lari Sub County,aR3qJ3GyWeP,qKzosKQPl6G,nCziQtZ49jj,23454.0,2016-03-31,2019-04-12,historical_crosswalk_baseline
HDX_ARC_WARDS_1450,rq7Y1sxGfgN,2219,Kamburu Ward,Kiambu,Lari Sub County,rq7Y1sxGfgN,qKzosKQPl6G,nCziQtZ49jj,18951.0,2016-03-31,2019-04-12,historical_crosswalk_baseline
HDX_ARC_WARDS_1450,NfJb3vThwG5,2220,Lari/kirenga Ward,Kiambu,Lari Sub County,NfJb3vThwG5,qKzosKQPl6G,nCziQtZ49jj,27871.0,2016-03-31,2019-04-12,historical_crosswalk_baseline
HDX_ARC_WARDS_1450,ORuLgjaAGBo,2221,Kiamwangi Ward,Kiambu,Gatundu South Sub County,ORuLgjaAGBo,qKzosKQPl6G,EcRytSSIkUq,20371.0,2016-03-31,2019-04-12,historical_crosswalk_baseline
HDX_ARC_WARDS_1450,YEjn4x9gyXR,2222,Kiganjo Ward,Kiambu,Gatundu South Sub County,YEjn4x9gyXR,qKzosKQPl6G,EcRytSSIkUq,27134.0,2016-03-31,2019-04-12,historical_crosswalk_baseline
HDX_ARC_WARDS_1450,BWRIH7ocbHB,2223,Ndarugu Ward,Kiambu,Gatundu South Sub County,BWRIH7ocbHB,qKzosKQPl6G,EcRytSSIkUq,20245.0,2016-03-31,2019-04-12,historical_crosswalk_baseline
HDX_ARC_WARDS_1450,l4MV7dNKjrG,2224,Ngenda Ward,Kiambu,Gatundu South Sub County,l4MV7dNKjrG,qKzosKQPl6G,EcRytSSIkUq,46430.0,2016-03-31,2019-04-12,historical_crosswalk_baseline
HDX_ARC_WARDS_1450,vR89p0TyICU,2225,Gituamba Ward,Kiambu,Gatundu North Sub County,vR89p0TyICU,qKzosKQPl6G,HEsM6W2ImQR,27731.0,2016-03-31,2019-04-12,historical_crosswalk_baseline
HDX_ARC_WARDS_1450,Dg4t78ouq8h,2226,Githobokoni Ward,Kiambu,Gatundu North Sub County,Dg4t78ouq8h,qKzosKQPl6G,HEsM6W2ImQR,21415.0,2016-03-31,2019-04-12,historical_crosswalk_baseline
HDX_ARC_WARDS_1450,ReDzOcQ8mT1,2227,Chania Ward,Kiambu,Gatundu North Sub County,ReDzOcQ8mT1,qKzosKQPl6G,HEsM6W2ImQR,26642.0,2016-03-31,2019-04-12,historical_crosswalk_baseline
HDX_ARC_WARDS_1450,C5gJnXO6h1Y,2228,Mang'u Ward,Kiambu,Gatundu North Sub County,C5gJnXO6h1Y,qKzosKQPl6G,HEsM6W2ImQR,24823.0,2016-03-31,2019-04-12,historical_crosswalk_baseline
HDX_ARC_WARDS_1450,OW3dhCE5nw8,2229,Murera Ward,Kiambu,Juja Sub County,OW3dhCE5nw8,qKzosKQPl6G,aiqi2bz0IMI,15887.0,2016-03-31,2019-04-12,historical_crosswalk_baseline
HDX_ARC_WARDS_1450,fxLikKorklY,2230,Theta Ward,Kiambu,Juja Sub County,fxLikKorklY,qKzosKQPl6G,aiqi2bz0IMI,23134.0,2016-03-31,2019-04-12,historical_crosswalk_baseline
HDX_ARC_WARDS_1450,bKCcKfnNznJ,1776,Visoi Ward,Nakuru,Rongai  Sub County,bKCcKfnNznJ,ob6SxuRcqU4,OK0hW8DFHq3,31368.0,2016-03-31,2019-04-12,historical_crosswalk_baseline
HDX_ARC_WARDS_1450,WsPnZQHN2CZ,2231,Juja Ward,Kiambu,Juja Sub County,WsPnZQHN2CZ,qKzosKQPl6G,aiqi2bz0IMI,34134.0,2016-03-31,2019-04-12,historical_crosswalk_baseline
HDX_ARC_WARDS_1450,OqnujBG8mvl,2232,Witeithie Ward,Kiambu,Juja Sub County,OqnujBG8mvl,qKzosKQPl6G,aiqi2bz0IMI,25777.0,2016-03-31,2019-04-12,historical_crosswalk_baseline
HDX_ARC_WARDS_1450,Cqn7anNruE5,2233,Kalimoni Ward,Kiambu,Juja Sub County,Cqn7anNruE5,qKzosKQPl6G,aiqi2bz0IMI,19861.0,2016-03-31,2019-04-12,historical_crosswalk_baseline
HDX_ARC_WARDS_1450,x1SnGzy9rZL,2234,Thika Township Ward,Kiambu,Thika Town Sub County,x1SnGzy9rZL,qKzosKQPl6G,YZAZ1a9MIvX,39100.0,2016-03-31,2019-04-12,historical_crosswalk_baseline
HDX_ARC_WARDS_1450,A7a1GZJvTGD,2235,Kamenu Ward,Kiambu,Thika Town Sub County,A7a1GZJvTGD,qKzosKQPl6G,YZAZ1a9MIvX,74149.0,2016-03-31,2019-04-12,historical_crosswalk_baseline
HDX_ARC_WARDS_1450,UPplEbma7DN,2236,Hospital Ward,Kiambu,Thika Town Sub County,UPplEbma7DN,qKzosKQPl6G,YZAZ1a9MIvX,25523.0,2016-03-31,2019-04-12,historical_crosswalk_baseline
HDX_ARC_WARDS_1450,Ff1CJ0oXLRy,1779,Dundori Ward,Nakuru,Nakuru North  Sub County,Ff1CJ0oXLRy,ob6SxuRcqU4,nwh9bXKykiS,24316.0,2016-03-31,2019-04-12,historical_crosswalk_baseline
HDX_ARC_WARDS_1450,u36eldinqnE,1842,Rurumaward,Kilifi,Rabai Sub County,u36eldinqnE,nrI2khZx3d0,hJf4rt7cvI6,21709.0,2016-03-31,2019-04-12,historical_crosswalk_baseline
HDX_ARC_WARDS_1450,s38X4K1qhST,695,Makutano Ward,TRANS NZOIA,Cherangany Sub County,s38X4K1qhST,mThvosEflAU,f18kGo9yXWo,18362.0,2016-03-31,2019-04-12,historical_crosswalk_baseline
HDX_ARC_WARDS_1450,wCRljUGZJCA,696,Kaplamai Ward,TRANS NZOIA,Cherangany Sub County,wCRljUGZJCA,mThvosEflAU,f18kGo9yXWo,25257.0,2016-03-31,2019-04-12,historical_crosswalk_baseline
HDX_ARC_WARDS_1450,XXbVgPo8AY8,697,Motosiet Ward,TRANS NZOIA,Cherangany Sub County,XXbVgPo8AY8,mThvosEflAU,f18kGo9yXWo,33185.0,2016-03-31,2019-04-12,historical_crosswalk_baseline
HDX_ARC_WARDS_1450,OrWMyDLtm7r,698,Cherangany/suwerwa Ward,TRANS NZOIA,Cherangany Sub County,OrWMyDLtm7r,mThvosEflAU,f18kGo9yXWo,36556.0,2016-03-31,2019-04-12,historical_crosswalk_baseline
HDX_ARC_WARDS_1450,wC4nO2SVsQH,699,Chepsiro/kiptoror Ward,TRANS NZOIA,Cherangany Sub County,wC4nO2SVsQH,mThvosEflAU,f18kGo9yXWo,29559.0,2016-03-31,2019-04-12,historical_crosswalk_baseline
HDX_ARC_WARDS_1450,dUh1anGaJK6,1808,Magogoni Ward,Mombasa,Kisauni  Sub County,dUh1anGaJK6,wsBsC6gjHvn,C1hO6wNOgrH,28830.0,2016-03-31,2019-04-12,historical_crosswalk_baseline
HDX_ARC_WARDS_1450,c8htRsEJD2W,1876,North Uyoma Ward,Siaya,Rarieda Sub County,c8htRsEJD2W,u4t9H8XyU9P,XcRpb1xsM64,21245.0,2016-03-31,2019-04-12,historical_crosswalk_baseline
HDX_ARC_WARDS_1450,VlWsveTXbi3,1877,South Uyoma Ward,Siaya,Rarieda Sub County,VlWsveTXbi3,u4t9H8XyU9P,XcRpb1xsM64,19536.0,2016-03-31,2019-04-12,historical_crosswalk_baseline
HDX_ARC_WARDS_1450,IqPuAjRYM1t,1878,West Uyoma Ward,Siaya,Rarieda Sub County,IqPuAjRYM1t,u4t9H8XyU9P,XcRpb1xsM64,27819.0,2016-03-31,2019-04-12,historical_crosswalk_baseline
HDX_ARC_WARDS_1450,iBuXrh8ESS2,1891,Ukunda Ward,Kwale,Msambweni Sub County,iBuXrh8ESS2,N7YETT3A9r1,ADMywdLwoRX,38629.0,2016-03-31,2019-04-12,historical_crosswalk_baseline
HDX_ARC_WARDS_1450,pOKIONEzUyF,1892,Kinondo Ward,Kwale,Msambweni Sub County,pOKIONEzUyF,N7YETT3A9r1,ADMywdLwoRX,22857.0,2016-03-31,2019-04-12,historical_crosswalk_baseline
HDX_ARC_WARDS_1450,VGENlt3MTt7,1893,Ramisi Ward,Kwale,Msambweni Sub County,VGENlt3MTt7,N7YETT3A9r1,ADMywdLwoRX,38707.0,2016-03-31,2019-04-12,historical_crosswalk_baseline
HDX_ARC_WARDS_1450,oJkRlx56eac,1894,Pongwe Kikoneni Ward,Kwale,Lunga Lunga Sub County,oJkRlx56eac,N7YETT3A9r1,TdcYaufNV4p,41098.0,2016-03-31,2019-04-12,historical_crosswalk_baseline
HDX_ARC_WARDS_1450,lijbuerznbA,1895,Dzombo Ward,Kwale,Lunga Lunga Sub County,lijbuerznbA,N7YETT3A9r1,TdcYaufNV4p,41509.0,2016-03-31,2019-04-12,historical_crosswalk_baseline
HDX_ARC_WARDS_1450,PBhYjIVYdhk,1896,Mwereni Ward,Kwale,Lunga Lunga Sub County,PBhYjIVYdhk,N7YETT3A9r1,TdcYaufNV4p,34628.0,2016-03-31,2019-04-12,historical_crosswalk_baseline
HDX_ARC_WARDS_1450,HEKTLM0EwH0,1897,Vanga Ward,Kwale,Lunga Lunga Sub County,HEKTLM0EwH0,N7YETT3A9r1,TdcYaufNV4p,36119.0,2016-03-31,2019-04-12,historical_crosswalk_baseline
HDX_ARC_WARDS_1450,KYyRxF09EOm,1780,Kabatini Ward,Nakuru,Nakuru North  Sub County,KYyRxF09EOm,ob6SxuRcqU4,nwh9bXKykiS,29629.0,2016-03-31,2019-04-12,historical_crosswalk_baseline
HDX_ARC_WARDS_1450,HLbG24kuSHF,1898,Tsimba Golini Ward,Kwale,Matuga Sub County,HLbG24kuSHF,N7YETT3A9r1,wUNEDOnx9uB,34002.0,2016-03-31,2019-04-12,historical_crosswalk_baseline
HDX_ARC_WARDS_1450,XZNJ3zaiaZH,1899,Waa Ngombeni Ward,Kwale,Matuga Sub County,XZNJ3zaiaZH,N7YETT3A9r1,wUNEDOnx9uB,37783.0,2016-03-31,2019-04-12,historical_crosswalk_baseline
HDX_ARC_WARDS_1450,lkMaj1oAFk0,1770,Kamara Ward,Nakuru,Kuresoi North  Sub County,lkMaj1oAFk0,ob6SxuRcqU4,QBwORnYdu0e,29963.0,2016-03-31,2019-04-12,historical_crosswalk_baseline
HDX_ARC_WARDS_1450,JBSYO3skSW5,1900,Tiwi Ward,Kwale,Matuga Sub County,JBSYO3skSW5,N7YETT3A9r1,wUNEDOnx9uB,19409.0,2016-03-31,2019-04-12,historical_crosswalk_baseline
HDX_ARC_WARDS_1450,dQkHuP0kVjq,1901,Kubo South Ward,Kwale,Matuga Sub County,dQkHuP0kVjq,N7YETT3A9r1,wUNEDOnx9uB,23466.0,2016-03-31,2019-04-12,historical_crosswalk_baseline
HDX_ARC_WARDS_1450,DCV7v4zjEnm,1772,Waseges Ward,Nakuru,Subukia  Sub County,DCV7v4zjEnm,ob6SxuRcqU4,zQEuNRaPYgE,27345.0,2016-03-31,2019-04-12,historical_crosswalk_baseline
HDX_ARC_WARDS_1450,JwFjLbUSxbO,1773,Kabazi Ward,Nakuru,Subukia  Sub County,JwFjLbUSxbO,ob6SxuRcqU4,zQEuNRaPYgE,34891.0,2016-03-31,2019-04-12,historical_crosswalk_baseline
HDX_ARC_WARDS_1450,SNs5tEDSO0k,731,Kapyego Ward,ELGEYO-MARAKWET,Marakwet East sub-county,SNs5tEDSO0k,MqnLxQBigG0,EZraJgLdRLX,17057.0,2016-03-31,2019-04-12,historical_crosswalk_baseline
HDX_ARC_WARDS_1450,OvRvzstUL5A,732,Sambirir Ward,ELGEYO-MARAKWET,Marakwet East sub-county,OvRvzstUL5A,MqnLxQBigG0,EZraJgLdRLX,22745.0,2016-03-31,2019-04-12,historical_crosswalk_baseline
HDX_ARC_WARDS_1450,rzPzDuVVuqw,1902,Mkongani Ward,Kwale,Matuga Sub County,rzPzDuVVuqw,N7YETT3A9r1,wUNEDOnx9uB,37318.0,2016-03-31,2019-04-12,historical_crosswalk_baseline
HDX_ARC_WARDS_1450,YZvux1SW3bs,1903,Ndavaya Ward,Kwale,Kinango Sub County,YZvux1SW3bs,N7YETT3A9r1,LOgbecTRkbp,27816.0,2016-03-31,2019-04-12,historical_crosswalk_baseline
HDX_ARC_WARDS_1450,QEGPqON6Zcj,1904,Puma Ward,Kwale,Kinango Sub County,QEGPqON6Zcj,N7YETT3A9r1,LOgbecTRkbp,19860.0,2016-03-31,2019-04-12,historical_crosswalk_baseline
HDX_ARC_WARDS_1450,PrGoCfZ06gm,1905,Kinango Ward,Kwale,Kinango Sub County,PrGoCfZ06gm,N7YETT3A9r1,LOgbecTRkbp,32571.0,2016-03-31,2019-04-12,historical_crosswalk_baseline
HDX_ARC_WARDS_1450,wfUbX2QagwS,1906,Mackinon Road Ward,Kwale,Kinango Sub County,wfUbX2QagwS,N7YETT3A9r1,LOgbecTRkbp,31128.0,2016-03-31,2019-04-12,historical_crosswalk_baseline
HDX_ARC_WARDS_1450,TwX1KTjb8Qp,1907,Chengoni/samburu Ward,Kwale,Kinango Sub County,TwX1KTjb8Qp,N7YETT3A9r1,LOgbecTRkbp,32641.0,2016-03-31,2019-04-12,historical_crosswalk_baseline
HDX_ARC_WARDS_1450,vjeHNVWOsRk,1908,Mwavumbo Ward,Kwale,Kinango Sub County,vjeHNVWOsRk,N7YETT3A9r1,LOgbecTRkbp,31902.0,2016-03-31,2019-04-12,historical_crosswalk_baseline
HDX_ARC_WARDS_1450,wgKfulEq1ZH,1781,Kiamaina Ward,Nakuru,Nakuru North  Sub County,wgKfulEq1ZH,ob6SxuRcqU4,nwh9bXKykiS,31345.0,2016-03-31,2019-04-12,historical_crosswalk_baseline
HDX_ARC_WARDS_1450,aom47Uzq1RZ,1909,Kasemeni Ward,Kwale,Kinango Sub County,aom47Uzq1RZ,N7YETT3A9r1,LOgbecTRkbp,33642.0,2016-03-31,2019-04-12,historical_crosswalk_baseline
HDX_ARC_WARDS_1450,t7COLdUthus,2237,Gatuanyaga Ward,Kiambu,Thika Town Sub County,t7COLdUthus,qKzosKQPl6G,YZAZ1a9MIvX,14934.0,2016-03-31,2019-04-12,historical_crosswalk_baseline
HDX_ARC_WARDS_1450,VWuMYjG4YX4,2238,Ngoliba Ward,Kiambu,Thika Town Sub County,VWuMYjG4YX4,qKzosKQPl6G,YZAZ1a9MIvX,11636.0,2016-03-31,2019-04-12,historical_crosswalk_baseline
HDX_ARC_WARDS_1450,Gf7UYKPruI2,2239,Gitothua,Kiambu,Ruiru Sub County,Gf7UYKPruI2,qKzosKQPl6G,TPRNJqSm4lK,18083.0,2016-03-31,2019-04-12,historical_crosswalk_baseline
HDX_ARC_WARDS_1450,AUs81wSmXra,112,Mahoo Ward,TAITA TAVETA,Taveta Sub County,AUs81wSmXra,QyGNX2DpR4h,jNzRdAwjaQ1,8299.0,2016-03-31,2019-04-12,historical_crosswalk_baseline
HDX_ARC_WARDS_1450,OFb6pB88hNT,2269,Kimulot Ward,Bomet,Konoin Sub County,OFb6pB88hNT,HMNARUV2CW4,PLFoYJO8MVS,22735.0,2016-03-31,2019-04-12,historical_crosswalk_baseline
HDX_ARC_WARDS_1450,rWijSZrVU5U,2270,Mogogosiek Ward,Bomet,Konoin Sub County,rWijSZrVU5U,HMNARUV2CW4,PLFoYJO8MVS,30734.0,2016-03-31,2019-04-12,historical_crosswalk_baseline
HDX_ARC_WARDS_1450,w8SzXPBdjgq,2271,Boito Ward,Bomet,Konoin Sub County,w8SzXPBdjgq,HMNARUV2CW4,PLFoYJO8MVS,31964.0,2016-03-31,2019-04-12,historical_crosswalk_baseline
HDX_ARC_WARDS_1450,QMzAkzZkH34,2272,Embomos Ward,Bomet,Konoin Sub County,QMzAkzZkH34,HMNARUV2CW4,PLFoYJO8MVS,33920.0,2016-03-31,2019-04-12,historical_crosswalk_baseline
HDX_ARC_WARDS_1450,q6eyMKDnFA0,2273,BOMBABA BORABU,Kisii,Bomachoge Borabu Sub County,q6eyMKDnFA0,sPkRcDvhGWA,ntRK47D5dYL,23724.0,2016-03-31,2019-04-12,historical_crosswalk_baseline
HDX_ARC_WARDS_1450,RLv6Wg2Eo8m,1775,Soin Ward,Nakuru,Rongai  Sub County,RLv6Wg2Eo8m,ob6SxuRcqU4,OK0hW8DFHq3,24969.0,2016-03-31,2019-04-12,historical_crosswalk_baseline
HDX_ARC_WARDS_1450,H2b8KHTcJqM,757,Kemeloi-maraba Ward,NANDI,Aldai Sub County,H2b8KHTcJqM,t0J75eHKxz5,Sq2fLWnOCGg,35085.0,2016-03-31,2019-04-12,historical_crosswalk_baseline
HDX_ARC_WARDS_1450,YxP90gGjD63,758,Kobujoi Ward,NANDI,Aldai Sub County,YxP90gGjD63,t0J75eHKxz5,Sq2fLWnOCGg,26539.0,2016-03-31,2019-04-12,historical_crosswalk_baseline
HDX_ARC_WARDS_1450,qj48MUGxhs9,759,Kaptumo/kaboi Ward,NANDI,Aldai Sub County,qj48MUGxhs9,t0J75eHKxz5,Sq2fLWnOCGg,24464.0,2016-03-31,2019-04-12,historical_crosswalk_baseline
HDX_ARC_WARDS_1450,UBMIBBujflT,760,Koyo/ndurio Ward,NANDI,Aldai Sub County,UBMIBBujflT,t0J75eHKxz5,Sq2fLWnOCGg,19905.0,2016-03-31,2019-04-12,historical_crosswalk_baseline
HDX_ARC_WARDS_1450,iWDqdgd87nd,761,Nandi hills Ward,NANDI,Nandi East Sub County,iWDqdgd87nd,t0J75eHKxz5,W6Err8cQf5J,33545.0,2016-03-31,2019-04-12,historical_crosswalk_baseline
HDX_ARC_WARDS_1450,O4tmt5AWnNr,762,Chepkunyuk Ward,NANDI,Nandi East Sub County,O4tmt5AWnNr,t0J75eHKxz5,W6Err8cQf5J,36775.0,2016-03-31,2019-04-12,historical_crosswalk_baseline
HDX_ARC_WARDS_1450,RXoThrI8OjU,119,Mwanda/mgange Ward,TAITA TAVETA,Wundanyi Sub County,RXoThrI8OjU,QyGNX2DpR4h,AM36DdkZ36Y,13322.0,2016-03-31,2019-04-12,historical_crosswalk_baseline
HDX_ARC_WARDS_1450,px49ejbHkuk,120,Ronge Ward,TAITA TAVETA,Mwatate Sub County,px49ejbHkuk,QyGNX2DpR4h,IBDoGsLdhvt,10805.0,2016-03-31,2019-04-12,historical_crosswalk_baseline
HDX_ARC_WARDS_1450,SYuNHyY118o,305,Igambang`ombe Ward,THARAKA-NITHI,Igambang'ombe Sub County,SYuNHyY118o,T4urHM47nlm,yXwsnpFBIPW,30160.0,2016-03-31,2019-04-12,historical_crosswalk_baseline
HDX_ARC_WARDS_1450,iZNVvlnVxm6,767,Lelmoko/ngechek Ward,NANDI,Chesumei Sub County,iZNVvlnVxm6,t0J75eHKxz5,xLWuQq3DjOR,23354.0,2016-03-31,2019-04-12,historical_crosswalk_baseline
HDX_ARC_WARDS_1450,i6WDSy6LjRp,121,Mwatate Ward,TAITA TAVETA,Mwatate Sub County,i6WDSy6LjRp,QyGNX2DpR4h,IBDoGsLdhvt,14508.0,2016-03-31,2019-04-12,historical_crosswalk_baseline
HDX_ARC_WARDS_1450,Xc5oMwMoQcz,124,Wusi/kishamba Ward,TAITA TAVETA,Mwatate Sub County,Xc5oMwMoQcz,QyGNX2DpR4h,IBDoGsLdhvt,13282.0,2016-03-31,2019-04-12,historical_crosswalk_baseline
HDX_ARC_WARDS_1450,HpGxgPszuYN,329,Muminji Ward,EMBU,Mbeere North  Sub County,HpGxgPszuYN,PFu8alU2KWG,eYBXetGx8xF,16728.0,2016-03-31,2019-04-12,historical_crosswalk_baseline
HDX_ARC_WARDS_1450,LlyKi6c8KbT,330,Evurore Ward,EMBU,Mbeere North  Sub County,LlyKi6c8KbT,PFu8alU2KWG,eYBXetGx8xF,45582.0,2016-03-31,2019-04-12,historical_crosswalk_baseline
HDX_ARC_WARDS_1450,uojD9lkbubw,1782,Lanet/umoja Ward,Nakuru,Nakuru North  Sub County,uojD9lkbubw,ob6SxuRcqU4,nwh9bXKykiS,28011.0,2016-03-31,2019-04-12,historical_crosswalk_baseline
HDX_ARC_WARDS_1450,J5JM3Ud8ASG,770,Chepkumia Ward,NANDI,Emgwen Sub County,J5JM3Ud8ASG,t0J75eHKxz5,Njv37QXxNy2,21283.0,2016-03-31,2019-04-12,historical_crosswalk_baseline
HDX_ARC_WARDS_1450,oK2KwbL5Dzx,1783,Bahati Ward,Nakuru,Nakuru North  Sub County,oK2KwbL5Dzx,ob6SxuRcqU4,nwh9bXKykiS,30965.0,2016-03-31,2019-04-12,historical_crosswalk_baseline
HDX_ARC_WARDS_1450,q6DoWWo1dCR,1786,Kaptembwo Ward,Nakuru,Nakuru West  Sub County,q6DoWWo1dCR,ob6SxuRcqU4,KTayLusaU5I,70352.0,2016-03-31,2019-04-12,historical_crosswalk_baseline
HDX_ARC_WARDS_1450,kgPF6QHfrWT,479,Iriaini Ward,NYERI,Mathira East Sub County,kgPF6QHfrWT,ptWVfaCIdVx,vznKK4IegIL,27652.0,2016-03-31,2019-04-12,historical_crosswalk_baseline
HDX_ARC_WARDS_1450,rGu0Fh2c3kI,480,Konyu Ward,NYERI,Mathira East Sub County,rGu0Fh2c3kI,ptWVfaCIdVx,vznKK4IegIL,21959.0,2016-03-31,2019-04-12,historical_crosswalk_baseline
HDX_ARC_WARDS_1450,VjsUVNylWoY,772,Kapsabet Ward,NANDI,Emgwen Sub County,VjsUVNylWoY,t0J75eHKxz5,Njv37QXxNy2,35962.0,2016-03-31,2019-04-12,historical_crosswalk_baseline
HDX_ARC_WARDS_1450,kHfVrUAnNlI,773,Kilibwoni Ward,NANDI,Emgwen Sub County,kHfVrUAnNlI,t0J75eHKxz5,Njv37QXxNy2,48845.0,2016-03-31,2019-04-12,historical_crosswalk_baseline
HDX_ARC_WARDS_1450,EDosdjVkXb6,1810,Frere Town Ward,Mombasa,Nyali  Sub County,EDosdjVkXb6,wsBsC6gjHvn,sr8WEz03EnP,41678.0,2016-03-31,2019-04-12,historical_crosswalk_baseline
HDX_ARC_WARDS_1450,xPtYtS4uaVJ,481,Kirimukuyu Ward,NYERI,Mathira West Sub County,xPtYtS4uaVJ,ptWVfaCIdVx,msIc1uFAY6B,28898.0,2016-03-31,2019-04-12,historical_crosswalk_baseline
HDX_ARC_WARDS_1450,pZuA4cJd4bl,1787,Kapkures Ward,Nakuru,Nakuru West  Sub County,pZuA4cJd4bl,ob6SxuRcqU4,KTayLusaU5I,8956.0,2016-03-31,2019-04-12,historical_crosswalk_baseline
HDX_ARC_WARDS_1450,i5te7PTlUjg,662,Suguta Marmar Ward,SAMBURU,Samburu Central Sub County,i5te7PTlUjg,o36zCRjSd4G,EmQRGVtvWy3,11905.0,2016-03-31,2019-04-12,historical_crosswalk_baseline
HDX_ARC_WARDS_1450,eQNgjFoG2ct,1788,Rhoda Ward,Nakuru,Nakuru West  Sub County,eQNgjFoG2ct,ob6SxuRcqU4,KTayLusaU5I,24596.0,2016-03-31,2019-04-12,historical_crosswalk_baseline
HDX_ARC_WARDS_1450,lTh2MSvx02l,1789,Shaabab Ward,Nakuru,Nakuru West  Sub County,lTh2MSvx02l,ob6SxuRcqU4,KTayLusaU5I,17989.0,2016-03-31,2019-04-12,historical_crosswalk_baseline
HDX_ARC_WARDS_1450,k3OQIur2Wia,747,Soy North Ward,ELGEYO-MARAKWET,Keiyo South Sub County,k3OQIur2Wia,MqnLxQBigG0,SOEG546PqbA,14457.0,2016-03-31,2019-04-12,historical_crosswalk_baseline
HDX_ARC_WARDS_1450,SZAo3nP3jDj,748,Soy South Ward,ELGEYO-MARAKWET,Keiyo South Sub County,SZAo3nP3jDj,MqnLxQBigG0,SOEG546PqbA,20370.0,2016-03-31,2019-04-12,historical_crosswalk_baseline
HDX_ARC_WARDS_1450,BA2zKL0pmeI,1790,Biashara Ward,Nakuru,Nakuru East  Sub County,BA2zKL0pmeI,ob6SxuRcqU4,FBJ9Y11esHS,35916.0,2016-03-31,2019-04-12,historical_crosswalk_baseline
HDX_ARC_WARDS_1450,Wh8ROphCMld,755,Kabwareng Ward,NANDI,Aldai Sub County,Wh8ROphCMld,t0J75eHKxz5,Sq2fLWnOCGg,22807.0,2016-03-31,2019-04-12,historical_crosswalk_baseline
HDX_ARC_WARDS_1450,JsaOcykkym2,778,Ndalat Ward,NANDI,Mosop Sub County,JsaOcykkym2,t0J75eHKxz5,Xtb7tbJpk9p,18651.0,2016-03-31,2019-04-12,historical_crosswalk_baseline
HDX_ARC_WARDS_1450,OFGHDVtVGOl,1791,Kivumbini Ward,Nakuru,Nakuru East  Sub County,OFGHDVtVGOl,ob6SxuRcqU4,FBJ9Y11esHS,20574.0,2016-03-31,2019-04-12,historical_crosswalk_baseline
HDX_ARC_WARDS_1450,QIMIjxzpGyb,1792,Flamingo Ward,Nakuru,Nakuru East  Sub County,QIMIjxzpGyb,ob6SxuRcqU4,FBJ9Y11esHS,31733.0,2016-03-31,2019-04-12,historical_crosswalk_baseline
HDX_ARC_WARDS_1450,sJ50zpy9iBV,1793,Menengai Ward,Nakuru,Nakuru East  Sub County,sJ50zpy9iBV,ob6SxuRcqU4,FBJ9Y11esHS,32926.0,2016-03-31,2019-04-12,historical_crosswalk_baseline
HDX_ARC_WARDS_1450,HTbw8gm6kms,781,Tirioko Ward,BARINGO,Tiaty Sub County,HTbw8gm6kms,vvOK1BxTbet,Mk4bMOSMRTB,23669.0,2016-03-31,2019-04-12,historical_crosswalk_baseline
HDX_ARC_WARDS_1450,LTWLjOZQMqk,782,Kolowa Ward,BARINGO,Tiaty Sub County,LTWLjOZQMqk,vvOK1BxTbet,Mk4bMOSMRTB,19499.0,2016-03-31,2019-04-12,historical_crosswalk_baseline
HDX_ARC_WARDS_1450,XLsFzNATUQ2,783,Ribkwo Ward,BARINGO,Tiaty Sub County,XLsFzNATUQ2,vvOK1BxTbet,Mk4bMOSMRTB,14572.0,2016-03-31,2019-04-12,historical_crosswalk_baseline
HDX_ARC_WARDS_1450,k2oUoGgQ9Nd,784,Silale Ward,BARINGO,Tiaty Sub County,k2oUoGgQ9Nd,vvOK1BxTbet,Mk4bMOSMRTB,21947.0,2016-03-31,2019-04-12,historical_crosswalk_baseline
HDX_ARC_WARDS_1450,A7kJTCLxqNq,785,Loiyamorok Ward,BARINGO,Tiaty Sub County,A7kJTCLxqNq,vvOK1BxTbet,Mk4bMOSMRTB,13885.0,2016-03-31,2019-04-12,historical_crosswalk_baseline
HDX_ARC_WARDS_1450,LMCJ2zXfHyL,1813,Kongowea Ward,Mombasa,Nyali  Sub County,LMCJ2zXfHyL,wsBsC6gjHvn,sr8WEz03EnP,33417.0,2016-03-31,2019-04-12,historical_crosswalk_baseline
HDX_ARC_WARDS_1450,OhvgVomhsMZ,814,Marmanet Ward,LAIKIPIA,Laikipia West Sub County,OhvgVomhsMZ,xuFdFy6t9AH,pXbWrnFPpKb,42629.0,2016-03-31,2019-04-12,historical_crosswalk_baseline
HDX_ARC_WARDS_1450,q38k1nKzsRS,815,Igwamiti Ward,LAIKIPIA,Laikipia West Sub County,q38k1nKzsRS,xuFdFy6t9AH,pXbWrnFPpKb,69491.0,2016-03-31,2019-04-12,historical_crosswalk_baseline
HDX_ARC_WARDS_1450,vU9560o42tL,816,Salama Ward,LAIKIPIA,Laikipia West Sub County,vU9560o42tL,xuFdFy6t9AH,pXbWrnFPpKb,23876.0,2016-03-31,2019-04-12,historical_crosswalk_baseline
HDX_ARC_WARDS_1450,pxHH7AAkfR6,817,Ngobit Ward,LAIKIPIA,Laikipia East Sub County,pxHH7AAkfR6,xuFdFy6t9AH,pF6qPMIlHte,23978.0,2016-03-31,2019-04-12,historical_crosswalk_baseline
HDX_ARC_WARDS_1450,ccNXklFrzuP,818,Tigithi Ward,LAIKIPIA,Laikipia East Sub County,ccNXklFrzuP,xuFdFy6t9AH,pF6qPMIlHte,27062.0,2016-03-31,2019-04-12,historical_crosswalk_baseline
HDX_ARC_WARDS_1450,AMlucMGQuxK,819,Thingithu Ward,LAIKIPIA,Laikipia East Sub County,AMlucMGQuxK,xuFdFy6t9AH,pF6qPMIlHte,20836.0,2016-03-31,2019-04-12,historical_crosswalk_baseline
HDX_ARC_WARDS_1450,DpYpJ6E1vRc,820,Nanyuki Ward,LAIKIPIA,Laikipia East Sub County,DpYpJ6E1vRc,xuFdFy6t9AH,pF6qPMIlHte,28485.0,2016-03-31,2019-04-12,historical_crosswalk_baseline
HDX_ARC_WARDS_1450,oLZDP6nDlYc,1821,Tudor Ward,Mombasa,Mvita  Sub County,oLZDP6nDlYc,wsBsC6gjHvn,C1xuoa1NAMm,32100.0,2016-03-31,2019-04-12,historical_crosswalk_baseline
HDX_ARC_WARDS_1450,PUv9Q5hrTYP,1777,Mosop Ward,Nakuru,Rongai  Sub County,PUv9Q5hrTYP,ob6SxuRcqU4,OK0hW8DFHq3,27047.0,2016-03-31,2019-04-12,historical_crosswalk_baseline
HDX_ARC_WARDS_1450,qjDeBQFEB19,1778,Solai Ward,Nakuru,Rongai  Sub County,qjDeBQFEB19,ob6SxuRcqU4,OK0hW8DFHq3,18867.0,2016-03-31,2019-04-12,historical_crosswalk_baseline
HDX_ARC_WARDS_1450,vwpMqmZzByo,117,Werugha Ward,TAITA TAVETA,Wundanyi Sub County,vwpMqmZzByo,QyGNX2DpR4h,AM36DdkZ36Y,8676.0,2016-03-31,2019-04-12,historical_crosswalk_baseline
HDX_ARC_WARDS_1450,pfFWXloU0jC,1784,Barut Ward,Nakuru,Nakuru West  Sub County,pfFWXloU0jC,ob6SxuRcqU4,KTayLusaU5I,7404.0,2016-03-31,2019-04-12,historical_crosswalk_baseline
HDX_ARC_WARDS_1450,LdShr7Egg6N,1785,London Ward,Nakuru,Nakuru West  Sub County,LdShr7Egg6N,ob6SxuRcqU4,KTayLusaU5I,23583.0,2016-03-31,2019-04-12,historical_crosswalk_baseline
HDX_ARC_WARDS_1450,PeLH4hGTO17,1799,Chaani Ward,Mombasa,Changamwe Sub County,PeLH4hGTO17,wsBsC6gjHvn,OvI6w06DhPJ,30110.0,2016-03-31,2019-04-12,historical_crosswalk_baseline
HDX_ARC_WARDS_1450,RHwexebB7PD,911,Olkeri Ward,KAJIADO,Kajiado North Sub County,RHwexebB7PD,Hsk1YV8kHkT,BLz1HkvvMkA,41641.0,2016-03-31,2019-04-12,historical_crosswalk_baseline
HDX_ARC_WARDS_1450,RZsWJRZ4mIG,912,Ongata rongai Ward,KAJIADO,Kajiado North Sub County,RZsWJRZ4mIG,Hsk1YV8kHkT,BLz1HkvvMkA,44678.0,2016-03-31,2019-04-12,historical_crosswalk_baseline
HDX_ARC_WARDS_1450,pp24Rb9gQ9W,913,Nkaimurunya Ward,KAJIADO,Kajiado North Sub County,pp24Rb9gQ9W,Hsk1YV8kHkT,BLz1HkvvMkA,55406.0,2016-03-31,2019-04-12,historical_crosswalk_baseline
HDX_ARC_WARDS_1450,xvmwT1IuPuK,914,Oloolua Ward,KAJIADO,Kajiado North Sub County,xvmwT1IuPuK,Hsk1YV8kHkT,BLz1HkvvMkA,33754.0,2016-03-31,2019-04-12,historical_crosswalk_baseline
HDX_ARC_WARDS_1450,nioMzFVoQ7l,915,Ngong Ward,KAJIADO,Kajiado North Sub County,nioMzFVoQ7l,Hsk1YV8kHkT,BLz1HkvvMkA,18091.0,2016-03-31,2019-04-12,historical_crosswalk_baseline
HDX_ARC_WARDS_1450,LeE5Ma7cpT6,916,Purko Ward,KAJIADO,Kajiado Central Sub County,LeE5Ma7cpT6,Hsk1YV8kHkT,SZapM1R0Kti,5342.0,2016-03-31,2019-04-12,historical_crosswalk_baseline
HDX_ARC_WARDS_1450,yS9HZLzM3Ah,917,Ildamat Ward,KAJIADO,Kajiado Central Sub County,yS9HZLzM3Ah,Hsk1YV8kHkT,SZapM1R0Kti,9990.0,2016-03-31,2019-04-12,historical_crosswalk_baseline
HDX_ARC_WARDS_1450,oqGH96tt2v4,918,Dalalekutuk Ward,KAJIADO,Kajiado Central Sub County,oqGH96tt2v4,Hsk1YV8kHkT,SZapM1R0Kti,27830.0,2016-03-31,2019-04-12,historical_crosswalk_baseline
HDX_ARC_WARDS_1450,quFXokobrnW,919,Matapato north Ward,KAJIADO,Kajiado Central Sub County,quFXokobrnW,Hsk1YV8kHkT,SZapM1R0Kti,29830.0,2016-03-31,2019-04-12,historical_crosswalk_baseline
HDX_ARC_WARDS_1450,PPE8hAClees,920,Matapato south Ward,KAJIADO,Kajiado Central Sub County,PPE8hAClees,Hsk1YV8kHkT,SZapM1R0Kti,31161.0,2016-03-31,2019-04-12,historical_crosswalk_baseline
HDX_ARC_WARDS_1450,BQ7G5kGe1Cv,921,Kaputiei north Ward,KAJIADO,Kajiado East Sub County,BQ7G5kGe1Cv,Hsk1YV8kHkT,g6gTzQ5nfYq,29488.0,2016-03-31,2019-04-12,historical_crosswalk_baseline
HDX_ARC_WARDS_1450,L6v0cndEtYB,922,Kitengela Ward,KAJIADO,Kajiado East Sub County,L6v0cndEtYB,Hsk1YV8kHkT,g6gTzQ5nfYq,30663.0,2016-03-31,2019-04-12,historical_crosswalk_baseline
HDX_ARC_WARDS_1450,oXm4Fpl0iEr,923,Oloosirkon/sholinke Ward,KAJIADO,Kajiado East Sub County,oXm4Fpl0iEr,Hsk1YV8kHkT,g6gTzQ5nfYq,34175.0,2016-03-31,2019-04-12,historical_crosswalk_baseline
HDX_ARC_WARDS_1450,KONREaUfSht,924,Kenyawa-poka Ward,KAJIADO,Kajiado East Sub County,KONREaUfSht,Hsk1YV8kHkT,g6gTzQ5nfYq,24559.0,2016-03-31,2019-04-12,historical_crosswalk_baseline
HDX_ARC_WARDS_1450,ZvbwkucYq4T,925,Imaroro Ward,KAJIADO,Kajiado East Sub County,ZvbwkucYq4T,Hsk1YV8kHkT,g6gTzQ5nfYq,17096.0,2016-03-31,2019-04-12,historical_crosswalk_baseline
HDX_ARC_WARDS_1450,ZwZ7vxnP9WF,926,Keekonyokie Ward,KAJIADO,Kajiado West Sub County,ZwZ7vxnP9WF,Hsk1YV8kHkT,wYsCfCAUWNB,38912.0,2016-03-31,2019-04-12,historical_crosswalk_baseline
HDX_ARC_WARDS_1450,It7fWcKbcZX,1912,Manyatta B Ward,Kisumu,Kisumu East Sub County,It7fWcKbcZX,tAbBVBbueqD,PRpKwAloU5b,27952.0,2016-03-31,2019-04-12,historical_crosswalk_baseline
HDX_ARC_WARDS_1450,aNuklGLRul5,943,Chilchila Ward,KERICHO,Kipkelion West Sub County,aNuklGLRul5,ihZsJ8alvtb,Taw0Zg7nArd,31177.0,2016-03-31,2019-04-12,historical_crosswalk_baseline
HDX_ARC_WARDS_1450,oNPVt1oUD8L,944,Kapsoit Ward,KERICHO,Ainamoi Sub County,oNPVt1oUD8L,ihZsJ8alvtb,GshNTMZJ5r1,27845.0,2016-03-31,2019-04-12,historical_crosswalk_baseline
HDX_ARC_WARDS_1450,ZJyTpeyEcK5,945,Ainamoi Ward,KERICHO,Ainamoi Sub County,ZJyTpeyEcK5,ihZsJ8alvtb,GshNTMZJ5r1,17377.0,2016-03-31,2019-04-12,historical_crosswalk_baseline
HDX_ARC_WARDS_1450,D2NqKgPvDTJ,946,Kapkugerwet Ward,KERICHO,Ainamoi Sub County,D2NqKgPvDTJ,ihZsJ8alvtb,GshNTMZJ5r1,28345.0,2016-03-31,2019-04-12,historical_crosswalk_baseline
HDX_ARC_WARDS_1450,H7KO7IjHYfk,947,Kipchebor Ward,KERICHO,Ainamoi Sub County,H7KO7IjHYfk,ihZsJ8alvtb,GshNTMZJ5r1,29765.0,2016-03-31,2019-04-12,historical_crosswalk_baseline
HDX_ARC_WARDS_1450,pI2ju7BZsfE,948,Kipchimchim Ward,KERICHO,Ainamoi Sub County,pI2ju7BZsfE,ihZsJ8alvtb,GshNTMZJ5r1,11860.0,2016-03-31,2019-04-12,historical_crosswalk_baseline
HDX_ARC_WARDS_1450,V4rpRD8L2PY,949,Kapsaos Ward,KERICHO,Ainamoi Sub County,V4rpRD8L2PY,ihZsJ8alvtb,GshNTMZJ5r1,29121.0,2016-03-31,2019-04-12,historical_crosswalk_baseline
HDX_ARC_WARDS_1450,isMgPdVs6v0,950,Kisiara Ward,KERICHO,Bureti Sub County,isMgPdVs6v0,ihZsJ8alvtb,wt8cPHWfkfu,21402.0,2016-03-31,2019-04-12,historical_crosswalk_baseline
HDX_ARC_WARDS_1450,Fz7L53g5qRy,951,Tebesonik Ward,KERICHO,Bureti Sub County,Fz7L53g5qRy,ihZsJ8alvtb,wt8cPHWfkfu,20912.0,2016-03-31,2019-04-12,historical_crosswalk_baseline
HDX_ARC_WARDS_1450,hLTIOtzQE9w,952,Cheboin Ward,KERICHO,Bureti Sub County,hLTIOtzQE9w,ihZsJ8alvtb,wt8cPHWfkfu,22834.0,2016-03-31,2019-04-12,historical_crosswalk_baseline
HDX_ARC_WARDS_1450,dbSH3rqE3n1,953,Chemosot Ward,KERICHO,Bureti Sub County,dbSH3rqE3n1,ihZsJ8alvtb,wt8cPHWfkfu,26553.0,2016-03-31,2019-04-12,historical_crosswalk_baseline
HDX_ARC_WARDS_1450,rkbxH4r1ceD,954,Litein Ward,KERICHO,Bureti Sub County,rkbxH4r1ceD,ihZsJ8alvtb,wt8cPHWfkfu,26275.0,2016-03-31,2019-04-12,historical_crosswalk_baseline
HDX_ARC_WARDS_1450,qqTlgrxWdkY,955,Cheplanget Ward,KERICHO,Bureti Sub County,qqTlgrxWdkY,ihZsJ8alvtb,wt8cPHWfkfu,26940.0,2016-03-31,2019-04-12,historical_crosswalk_baseline
HDX_ARC_WARDS_1450,yG5oV3cleu9,957,Waldai Ward,KERICHO,Belgut Sub County,yG5oV3cleu9,ihZsJ8alvtb,YnIAWg1T4AY,33674.0,2016-03-31,2019-04-12,historical_crosswalk_baseline
HDX_ARC_WARDS_1450,yr6iJLD5JmG,958,Kabianga Ward,KERICHO,Belgut Sub County,yr6iJLD5JmG,ihZsJ8alvtb,YnIAWg1T4AY,35091.0,2016-03-31,2019-04-12,historical_crosswalk_baseline
HDX_ARC_WARDS_1450,FydnlJp81aR,1814,Kadzandani Ward,Mombasa,Nyali  Sub County,FydnlJp81aR,wsBsC6gjHvn,sr8WEz03EnP,38133.0,2016-03-31,2019-04-12,historical_crosswalk_baseline
HDX_ARC_WARDS_1450,W1Kv7kfFzub,1794,Nakuru East Ward,Nakuru,Nakuru East  Sub County,W1Kv7kfFzub,ob6SxuRcqU4,FBJ9Y11esHS,35395.0,2016-03-31,2019-04-12,historical_crosswalk_baseline
HDX_ARC_WARDS_1450,oflRkUjvrdd,1795,Port Reitz Ward,Mombasa,Changamwe Sub County,oflRkUjvrdd,wsBsC6gjHvn,OvI6w06DhPJ,33779.0,2016-03-31,2019-04-12,historical_crosswalk_baseline
HDX_ARC_WARDS_1450,BzWaUDxCn6y,962,Sigowet Ward,KERICHO,Sigowet/Soin Sub County,BzWaUDxCn6y,ihZsJ8alvtb,ScLzA7tQxrH,36175.0,2016-03-31,2019-04-12,historical_crosswalk_baseline
HDX_ARC_WARDS_1450,pPJvbpIWpvb,963,Kaplelartet Ward,KERICHO,Sigowet/Soin Sub County,pPJvbpIWpvb,ihZsJ8alvtb,ScLzA7tQxrH,31753.0,2016-03-31,2019-04-12,historical_crosswalk_baseline
HDX_ARC_WARDS_1450,dUgf0oEF9if,964,Soliat Ward,KERICHO,Sigowet/Soin Sub County,dUgf0oEF9if,ihZsJ8alvtb,ScLzA7tQxrH,16124.0,2016-03-31,2019-04-12,historical_crosswalk_baseline
HDX_ARC_WARDS_1450,bHrDi28DWdF,965,Soin Ward,KERICHO,Sigowet/Soin Sub County,bHrDi28DWdF,ihZsJ8alvtb,ScLzA7tQxrH,21072.0,2016-03-31,2019-04-12,historical_crosswalk_baseline
HDX_ARC_WARDS_1450,cFjb7QOxAMu,1816,Shika Adabu Ward,Mombasa,Likoni  Sub County,cFjb7QOxAMu,wsBsC6gjHvn,iy93Mmi73Or,26036.0,2016-03-31,2019-04-12,historical_crosswalk_baseline
HDX_ARC_WARDS_1450,sHr1V63b6gP,1804,Junda Ward,Mombasa,Kisauni  Sub County,sHr1V63b6gP,wsBsC6gjHvn,C1hO6wNOgrH,39432.0,2016-03-31,2019-04-12,historical_crosswalk_baseline
HDX_ARC_WARDS_1450,J9QXQIm43fW,1805,Bamburi Ward,Mombasa,Kisauni  Sub County,J9QXQIm43fW,wsBsC6gjHvn,C1hO6wNOgrH,24918.0,2016-03-31,2019-04-12,historical_crosswalk_baseline
HDX_ARC_WARDS_1450,zkZxEdH45U1,1806,Mwakirunge Ward,Mombasa,Kisauni  Sub County,zkZxEdH45U1,wsBsC6gjHvn,C1hO6wNOgrH,8929.0,2016-03-31,2019-04-12,historical_crosswalk_baseline
HDX_ARC_WARDS_1450,hi7bKqPsdhE,1807,Mtopanga Ward,Mombasa,Kisauni  Sub County,hi7bKqPsdhE,wsBsC6gjHvn,C1hO6wNOgrH,26603.0,2016-03-31,2019-04-12,historical_crosswalk_baseline
HDX_ARC_WARDS_1450,roJc7UkCD2l,1913,Nyalenda A Ward,Kisumu,Kisumu East Sub County,roJc7UkCD2l,tAbBVBbueqD,PRpKwAloU5b,28269.0,2016-03-31,2019-04-12,historical_crosswalk_baseline
HDX_ARC_WARDS_1450,ZvkGsTVOoog,1809,Shanzu Ward,Mombasa,Kisauni  Sub County,ZvkGsTVOoog,wsBsC6gjHvn,C1hO6wNOgrH,38067.0,2016-03-31,2019-04-12,historical_crosswalk_baseline
HDX_ARC_WARDS_1450,XhBDUNeFqF6,1811,Ziwa La Ng'ombe Ward,Mombasa,Nyali  Sub County,XhBDUNeFqF6,wsBsC6gjHvn,sr8WEz03EnP,42187.0,2016-03-31,2019-04-12,historical_crosswalk_baseline
HDX_ARC_WARDS_1450,FXRGaOT9JD8,1812,Mkomani Ward,Mombasa,Nyali  Sub County,FXRGaOT9JD8,wsBsC6gjHvn,sr8WEz03EnP,30576.0,2016-03-31,2019-04-12,historical_crosswalk_baseline
HDX_ARC_WARDS_1450,SwcDu8wwQiR,1815,Mtongwe Ward,Mombasa,Likoni  Sub County,SwcDu8wwQiR,wsBsC6gjHvn,iy93Mmi73Or,28168.0,2016-03-31,2019-04-12,historical_crosswalk_baseline
HDX_ARC_WARDS_1450,arVnioHdpH6,125,Mbololo Ward,TAITA TAVETA,Voi Sub County,arVnioHdpH6,QyGNX2DpR4h,yoGLpCTgjed,25991.0,2016-03-31,2019-04-12,historical_crosswalk_baseline
HDX_ARC_WARDS_1450,dHlamDlw0NG,1817,Bofu Ward,Mombasa,Likoni  Sub County,dHlamDlw0NG,wsBsC6gjHvn,iy93Mmi73Or,29154.0,2016-03-31,2019-04-12,historical_crosswalk_baseline
HDX_ARC_WARDS_1450,M5NeUqFK6KO,1826,Sokoni Ward,Kilifi,Kilifi North Sub County,M5NeUqFK6KO,nrI2khZx3d0,MEkEH8ZmcOU,35027.0,2016-03-31,2019-04-12,historical_crosswalk_baseline
HDX_ARC_WARDS_1450,rgdgbj0yHfG,1828,Dabaso Ward,Kilifi,Kilifi North Sub County,rgdgbj0yHfG,nrI2khZx3d0,MEkEH8ZmcOU,29603.0,2016-03-31,2019-04-12,historical_crosswalk_baseline
HDX_ARC_WARDS_1450,FmnSathgx18,1830,Watamu Ward,Kilifi,Kilifi North Sub County,FmnSathgx18,nrI2khZx3d0,MEkEH8ZmcOU,25982.0,2016-03-31,2019-04-12,historical_crosswalk_baseline
HDX_ARC_WARDS_1450,sWZmeA6lkx9,1833,Mwarakaya Ward,Kilifi,Kilifi South Sub County,sWZmeA6lkx9,nrI2khZx3d0,xWAZBULwGxp,25072.0,2016-03-31,2019-04-12,historical_crosswalk_baseline
HDX_ARC_WARDS_1450,yi6G0JRSjwo,1835,Chasimba Ward,Kilifi,Kilifi South Sub County,yi6G0JRSjwo,nrI2khZx3d0,xWAZBULwGxp,29294.0,2016-03-31,2019-04-12,historical_crosswalk_baseline
HDX_ARC_WARDS_1450,Z6pxPuARGdF,1836,Mtepeni Ward,Kilifi,Kilifi South Sub County,Z6pxPuARGdF,nrI2khZx3d0,xWAZBULwGxp,34643.0,2016-03-31,2019-04-12,historical_crosswalk_baseline
HDX_ARC_WARDS_1450,utg5SKGYTGO,1837,Mariakani Ward,Kilifi,Kaloleni Sub County,utg5SKGYTGO,nrI2khZx3d0,tSKDWoVKiPo,43199.0,2016-03-31,2019-04-12,historical_crosswalk_baseline
HDX_ARC_WARDS_1450,FzfEfKdj7p6,1838,Kayafungo Ward,Kilifi,Kaloleni Sub County,FzfEfKdj7p6,nrI2khZx3d0,tSKDWoVKiPo,35040.0,2016-03-31,2019-04-12,historical_crosswalk_baseline
HDX_ARC_WARDS_1450,KOJIrVBHq0c,1839,Kaloleni Ward,Kilifi,Kaloleni Sub County,KOJIrVBHq0c,nrI2khZx3d0,tSKDWoVKiPo,56026.0,2016-03-31,2019-04-12,historical_crosswalk_baseline
HDX_ARC_WARDS_1450,B2L7OVm0ZO1,1840,Mwanamwinga Ward,Kilifi,Kaloleni Sub County,B2L7OVm0ZO1,nrI2khZx3d0,tSKDWoVKiPo,21474.0,2016-03-31,2019-04-12,historical_crosswalk_baseline
HDX_ARC_WARDS_1450,rJRyj2PndJ3,1843,Kambe/ribe Ward,Kilifi,Rabai Sub County,rJRyj2PndJ3,nrI2khZx3d0,hJf4rt7cvI6,17311.0,2016-03-31,2019-04-12,historical_crosswalk_baseline
HDX_ARC_WARDS_1450,UqLylL8NY0G,1922,Shauri Moyo Kaloleni Ward,Kisumu,Kisumu Central Sub County,UqLylL8NY0G,tAbBVBbueqD,OpLt8IgyHop,14806.0,2016-03-31,2019-04-12,historical_crosswalk_baseline
HDX_ARC_WARDS_1450,BE24fZlEXxt,1846,Bamba Ward,Kilifi,Ganze Sub County,BE24fZlEXxt,nrI2khZx3d0,x7qUMtZZvo9,37830.0,2016-03-31,2019-04-12,historical_crosswalk_baseline
HDX_ARC_WARDS_1450,JLTt8kf6vtA,1847,Jaribuni Ward,Kilifi,Ganze Sub County,JLTt8kf6vtA,nrI2khZx3d0,x7qUMtZZvo9,24958.0,2016-03-31,2019-04-12,historical_crosswalk_baseline
HDX_ARC_WARDS_1450,nqJwUrOo66m,1849,Jilore Ward,Kilifi,Malindi Sub County,nqJwUrOo66m,nrI2khZx3d0,lGg3wEy784X,17497.0,2016-03-31,2019-04-12,historical_crosswalk_baseline
HDX_ARC_WARDS_1450,ckJv892Aokb,1850,Kakuyuni Ward,Kilifi,Malindi Sub County,ckJv892Aokb,nrI2khZx3d0,lGg3wEy784X,17965.0,2016-03-31,2019-04-12,historical_crosswalk_baseline
HDX_ARC_WARDS_1450,kKIgRAJckI3,1853,Shella Ward,Kilifi,Malindi Sub County,kKIgRAJckI3,nrI2khZx3d0,lGg3wEy784X,43434.0,2016-03-31,2019-04-12,historical_crosswalk_baseline
HDX_ARC_WARDS_1450,Icchyn9Ob1j,1854,Marafa Ward,Kilifi,Magarini Sub County,Icchyn9Ob1j,nrI2khZx3d0,KMWrMZrlO5u,16847.0,2016-03-31,2019-04-12,historical_crosswalk_baseline
HDX_ARC_WARDS_1450,uI1MltAs8p3,1855,Magarini Ward,Kilifi,Magarini Sub County,uI1MltAs8p3,nrI2khZx3d0,KMWrMZrlO5u,40694.0,2016-03-31,2019-04-12,historical_crosswalk_baseline
HDX_ARC_WARDS_1450,XdZKE7HcK5B,1879,West Ugenya Ward,Siaya,Ugenya Sub County,XdZKE7HcK5B,u4t9H8XyU9P,InECuIlzJGx,30325.0,2016-03-31,2019-04-12,historical_crosswalk_baseline
HDX_ARC_WARDS_1450,AxesNVgsvhq,1880,Ukwala Ward,Siaya,Ugenya Sub County,AxesNVgsvhq,u4t9H8XyU9P,InECuIlzJGx,21270.0,2016-03-31,2019-04-12,historical_crosswalk_baseline
HDX_ARC_WARDS_1450,quAHj7k172D,1881,North Ugenya Ward,Siaya,Ugenya Sub County,quAHj7k172D,u4t9H8XyU9P,InECuIlzJGx,27081.0,2016-03-31,2019-04-12,historical_crosswalk_baseline
HDX_ARC_WARDS_1450,XIgwnIXyBx0,1882,East Ugenya Ward,Siaya,Ugenya Sub County,XIgwnIXyBx0,u4t9H8XyU9P,InECuIlzJGx,30258.0,2016-03-31,2019-04-12,historical_crosswalk_baseline
HDX_ARC_WARDS_1450,rngZkqTBd03,1883,Sidindi Ward,Siaya,Ugunja Sub County,rngZkqTBd03,u4t9H8XyU9P,m9nsQ1MXlVU,24527.0,2016-03-31,2019-04-12,historical_crosswalk_baseline
HDX_ARC_WARDS_1450,WrmJKkvfjDl,1884,Sigomere Ward,Siaya,Ugunja Sub County,WrmJKkvfjDl,u4t9H8XyU9P,m9nsQ1MXlVU,29632.0,2016-03-31,2019-04-12,historical_crosswalk_baseline
HDX_ARC_WARDS_1450,pHKNjOmIqg4,1885,Ugunja Ward,Siaya,Ugunja Sub County,pHKNjOmIqg4,u4t9H8XyU9P,m9nsQ1MXlVU,39213.0,2016-03-31,2019-04-12,historical_crosswalk_baseline
HDX_ARC_WARDS_1450,utYTK2xBC3k,1886,Usonga Ward,Siaya,Alego Usonga Sub County,utYTK2xBC3k,u4t9H8XyU9P,Cu46otDi1RO,13601.0,2016-03-31,2019-04-12,historical_crosswalk_baseline
HDX_ARC_WARDS_1450,zaHyyp9lXME,1887,West Alego Ward,Siaya,Alego Usonga Sub County,zaHyyp9lXME,u4t9H8XyU9P,Cu46otDi1RO,32234.0,2016-03-31,2019-04-12,historical_crosswalk_baseline
HDX_ARC_WARDS_1450,fpnhZCEZEGQ,1888,Central Alego Ward,Siaya,Alego Usonga Sub County,fpnhZCEZEGQ,u4t9H8XyU9P,Cu46otDi1RO,30993.0,2016-03-31,2019-04-12,historical_crosswalk_baseline
HDX_ARC_WARDS_1450,bcaDvBIDj6b,1889,Siaya Township Ward,Siaya,Alego Usonga Sub County,bcaDvBIDj6b,u4t9H8XyU9P,Cu46otDi1RO,32252.0,2016-03-31,2019-04-12,historical_crosswalk_baseline
HDX_ARC_WARDS_1450,ByAmsolBen5,1890,Gombato Bongwe Ward,Kwale,Msambweni Sub County,ByAmsolBen5,N7YETT3A9r1,ADMywdLwoRX,34846.0,2016-03-31,2019-04-12,historical_crosswalk_baseline
HDX_ARC_WARDS_1450,IawwjaYnKtR,126,Sagala Ward,TAITA TAVETA,Voi Sub County,IawwjaYnKtR,QyGNX2DpR4h,yoGLpCTgjed,12030.0,2016-03-31,2019-04-12,historical_crosswalk_baseline
HDX_ARC_WARDS_1450,hAzpUozlCyI,1915,South West Kisumu Ward,Kisumu,Kisumu West Sub County,hAzpUozlCyI,tAbBVBbueqD,YzEDO9Mq4TR,22126.0,2016-03-31,2019-04-12,historical_crosswalk_baseline
HDX_ARC_WARDS_1450,z8JmM1WxmgG,2005,Nyakoe Ward,Kisii,Kitutu Chache South Sub County,z8JmM1WxmgG,sPkRcDvhGWA,gPR82w2xgJZ,23096.0,2016-03-31,2019-04-12,historical_crosswalk_baseline
HDX_ARC_WARDS_1450,erVsVGwRwBc,2006,Kisii Central Ward,Kisii,Kitutu Chache South Sub County,erVsVGwRwBc,sPkRcDvhGWA,gPR82w2xgJZ,50363.0,2016-03-31,2019-04-12,historical_crosswalk_baseline
HDX_ARC_WARDS_1450,QhDd2LAuXAF,2008,Parklands/highridge Ward,Nairobi,Westlands  Sub County,QhDd2LAuXAF,jkG3zaihdSs,f1T0Ltob8VQ,38384.0,2016-03-31,2019-04-12,historical_crosswalk_baseline
HDX_ARC_WARDS_1450,yXbOIljEz90,2012,Kilimani Ward,Nairobi,Dagoretti North Sub County,yXbOIljEz90,jkG3zaihdSs,CcTr4bcVGAG,43122.0,2016-03-31,2019-04-12,historical_crosswalk_baseline
HDX_ARC_WARDS_1450,DnVTXbCnup5,2015,Kileleshwa Ward,Nairobi,Dagoretti North Sub County,DnVTXbCnup5,jkG3zaihdSs,CcTr4bcVGAG,27202.0,2016-03-31,2019-04-12,historical_crosswalk_baseline
HDX_ARC_WARDS_1450,duv5obCpRzb,802,Mogotio Ward,BARINGO,Mogotio Sub County,duv5obCpRzb,vvOK1BxTbet,k5sxmlXAtIg,27793.0,2016-03-31,2019-04-12,historical_crosswalk_baseline
HDX_ARC_WARDS_1450,uhTYg7CLmOd,803,Emining Ward,BARINGO,Mogotio Sub County,uhTYg7CLmOd,vvOK1BxTbet,k5sxmlXAtIg,16508.0,2016-03-31,2019-04-12,historical_crosswalk_baseline
HDX_ARC_WARDS_1450,LYDEE54oZAu,804,Kisanana Ward,BARINGO,Mogotio Sub County,LYDEE54oZAu,vvOK1BxTbet,k5sxmlXAtIg,16658.0,2016-03-31,2019-04-12,historical_crosswalk_baseline
HDX_ARC_WARDS_1450,KUL5AR13rwy,805,Lembus Ward,BARINGO,Koibatek Sub County,KUL5AR13rwy,vvOK1BxTbet,Yl9UDBnDvvW,21140.0,2016-03-31,2019-04-12,historical_crosswalk_baseline
HDX_ARC_WARDS_1450,YoFhsT3n9Ln,806,Lembus kwen Ward,BARINGO,Koibatek Sub County,YoFhsT3n9Ln,vvOK1BxTbet,Yl9UDBnDvvW,20207.0,2016-03-31,2019-04-12,historical_crosswalk_baseline
HDX_ARC_WARDS_1450,ikiFHlCFCCq,807,Ravine Ward,BARINGO,Koibatek Sub County,ikiFHlCFCCq,vvOK1BxTbet,Yl9UDBnDvvW,17026.0,2016-03-31,2019-04-12,historical_crosswalk_baseline
HDX_ARC_WARDS_1450,b85TEdR4eRk,808,Mumberes/Maji Mazuri Ward,BARINGO,Koibatek Sub County,b85TEdR4eRk,vvOK1BxTbet,Yl9UDBnDvvW,18881.0,2016-03-31,2019-04-12,historical_crosswalk_baseline
HDX_ARC_WARDS_1450,NmgTZ010rTT,809,Lembus/Perkerra Ward,BARINGO,Koibatek Sub County,NmgTZ010rTT,vvOK1BxTbet,Yl9UDBnDvvW,15871.0,2016-03-31,2019-04-12,historical_crosswalk_baseline
HDX_ARC_WARDS_1450,NFMLHmkjDil,810,Koibatek Ward,BARINGO,Koibatek Sub County,NFMLHmkjDil,vvOK1BxTbet,Yl9UDBnDvvW,12148.0,2016-03-31,2019-04-12,historical_crosswalk_baseline
HDX_ARC_WARDS_1450,IZGBFhMdekx,811,Ol-Moran Ward,LAIKIPIA,Laikipia West Sub County,IZGBFhMdekx,xuFdFy6t9AH,pXbWrnFPpKb,17731.0,2016-03-31,2019-04-12,historical_crosswalk_baseline
HDX_ARC_WARDS_1450,JoGNwQRLIWT,812,Rumuruti Township Ward,LAIKIPIA,Laikipia West Sub County,JoGNwQRLIWT,xuFdFy6t9AH,pXbWrnFPpKb,21630.0,2016-03-31,2019-04-12,historical_crosswalk_baseline
HDX_ARC_WARDS_1450,Smgomyf1mXV,2030,Woodley/kenyatta Golf Course Ward,Nairobi,Kibra  Sub County,Smgomyf1mXV,jkG3zaihdSs,LO5he3DtiFG,35355.0,2016-03-31,2019-04-12,historical_crosswalk_baseline
HDX_ARC_WARDS_1450,tqCrm5nojsI,937,Kedowa/kimugul Ward,KERICHO,Kipkelion East Sub County,tqCrm5nojsI,ihZsJ8alvtb,gU0Cz7Qlfss,36330.0,2016-03-31,2019-04-12,historical_crosswalk_baseline
HDX_ARC_WARDS_1450,k828CVWMS7V,938,Chepseon Ward,KERICHO,Kipkelion East Sub County,k828CVWMS7V,ihZsJ8alvtb,gU0Cz7Qlfss,36284.0,2016-03-31,2019-04-12,historical_crosswalk_baseline
HDX_ARC_WARDS_1450,OrFIWXUMeP6,939,Tendeno/sorget Ward,KERICHO,Kipkelion East Sub County,OrFIWXUMeP6,ihZsJ8alvtb,gU0Cz7Qlfss,14665.0,2016-03-31,2019-04-12,historical_crosswalk_baseline
HDX_ARC_WARDS_1450,phnXUDE38Bv,940,Kunyak Ward,KERICHO,Kipkelion West Sub County,phnXUDE38Bv,ihZsJ8alvtb,Taw0Zg7nArd,18001.0,2016-03-31,2019-04-12,historical_crosswalk_baseline
HDX_ARC_WARDS_1450,O7GqFgG69Md,941,Kamasian Ward,KERICHO,Kipkelion West Sub County,O7GqFgG69Md,ihZsJ8alvtb,Taw0Zg7nArd,20079.0,2016-03-31,2019-04-12,historical_crosswalk_baseline
HDX_ARC_WARDS_1450,fLlw3oVxfPp,942,Kipkelion Ward,KERICHO,Kipkelion West Sub County,fLlw3oVxfPp,ihZsJ8alvtb,Taw0Zg7nArd,25501.0,2016-03-31,2019-04-12,historical_crosswalk_baseline
HDX_ARC_WARDS_1450,y9LgUAIGBj7,1818,Likoni Ward,Mombasa,Likoni  Sub County,y9LgUAIGBj7,wsBsC6gjHvn,iy93Mmi73Or,21639.0,2016-03-31,2019-04-12,historical_crosswalk_baseline
HDX_ARC_WARDS_1450,m3CPhYAMMRN,2034,Zimmerman Ward,Nairobi,Roysambu  Sub County,m3CPhYAMMRN,jkG3zaihdSs,j7GpbairCOi,38912.0,2016-03-31,2019-04-12,historical_crosswalk_baseline
HDX_ARC_WARDS_1450,RRAEO9Ltfec,2035,Roysambu Ward,Nairobi,Roysambu  Sub County,RRAEO9Ltfec,jkG3zaihdSs,j7GpbairCOi,40331.0,2016-03-31,2019-04-12,historical_crosswalk_baseline
HDX_ARC_WARDS_1450,LWZoX1NZFa1,2038,Mwiki Ward,Nairobi,Kasarani  Sub County,LWZoX1NZFa1,jkG3zaihdSs,FoqzDgIByL6,39156.0,2016-03-31,2019-04-12,historical_crosswalk_baseline
HDX_ARC_WARDS_1450,eVnnqyuwBfa,2039,Kasarani Ward,Nairobi,Kasarani  Sub County,eVnnqyuwBfa,jkG3zaihdSs,FoqzDgIByL6,21353.0,2016-03-31,2019-04-12,historical_crosswalk_baseline
HDX_ARC_WARDS_1450,wTeTHBlXnQj,1923,Market Milimani Ward,Kisumu,Kisumu Central Sub County,wTeTHBlXnQj,tAbBVBbueqD,OpLt8IgyHop,18902.0,2016-03-31,2019-04-12,historical_crosswalk_baseline
HDX_ARC_WARDS_1450,cUX8GhsuLPn,2045,Lucky Summer Ward,Nairobi,Ruaraka  Sub County,cUX8GhsuLPn,jkG3zaihdSs,Cc8uEFkzfVf,20705.0,2016-03-31,2019-04-12,historical_crosswalk_baseline
HDX_ARC_WARDS_1450,TqSqq39Jbcz,2046,Korogocho Ward,Nairobi,Ruaraka  Sub County,TqSqq39Jbcz,jkG3zaihdSs,Cc8uEFkzfVf,41946.0,2016-03-31,2019-04-12,historical_crosswalk_baseline
HDX_ARC_WARDS_1450,MrSf22UB5d3,1827,Kibarani Ward,Kilifi,Kilifi North Sub County,MrSf22UB5d3,nrI2khZx3d0,MEkEH8ZmcOU,24492.0,2016-03-31,2019-04-12,historical_crosswalk_baseline
HDX_ARC_WARDS_1450,XWYco24xiw4,1829,Matsangoni Ward,Kilifi,Kilifi North Sub County,XWYco24xiw4,nrI2khZx3d0,MEkEH8ZmcOU,33563.0,2016-03-31,2019-04-12,historical_crosswalk_baseline
HDX_ARC_WARDS_1450,vjOR4Xpi2TY,2050,Pipeline Ward,Nairobi,Embakasi South Sub County,vjOR4Xpi2TY,jkG3zaihdSs,aDp1odOWYC1,56198.0,2016-03-31,2019-04-12,historical_crosswalk_baseline
HDX_ARC_WARDS_1450,pOsTvaq49pN,1924,Kondele Ward,Kisumu,Kisumu Central Sub County,pOsTvaq49pN,tAbBVBbueqD,OpLt8IgyHop,48004.0,2016-03-31,2019-04-12,historical_crosswalk_baseline
HDX_ARC_WARDS_1450,bZcRxqnzRy0,1819,Timbwani Ward,Mombasa,Likoni  Sub County,bZcRxqnzRy0,wsBsC6gjHvn,iy93Mmi73Or,61011.0,2016-03-31,2019-04-12,historical_crosswalk_baseline
HDX_ARC_WARDS_1450,yz3WGD5x3v2,1925,Nyalenda B Ward,Kisumu,Kisumu Central Sub County,yz3WGD5x3v2,tAbBVBbueqD,OpLt8IgyHop,32430.0,2016-03-31,2019-04-12,historical_crosswalk_baseline
HDX_ARC_WARDS_1450,ulkhuNyw2MH,1926,West Seme Ward,Kisumu,Seme Sub County,ulkhuNyw2MH,tAbBVBbueqD,LRNmnMw1fBs,28456.0,2016-03-31,2019-04-12,historical_crosswalk_baseline
HDX_ARC_WARDS_1450,o6cVZ72goEk,1927,Central Seme Ward,Kisumu,Seme Sub County,o6cVZ72goEk,tAbBVBbueqD,LRNmnMw1fBs,23213.0,2016-03-31,2019-04-12,historical_crosswalk_baseline
HDX_ARC_WARDS_1450,BRDtIETwfeW,1928,East Seme Ward,Kisumu,Seme Sub County,BRDtIETwfeW,tAbBVBbueqD,LRNmnMw1fBs,21688.0,2016-03-31,2019-04-12,historical_crosswalk_baseline
HDX_ARC_WARDS_1450,b2DzrddWnYN,1929,North Seme Ward,Kisumu,Seme Sub County,b2DzrddWnYN,tAbBVBbueqD,LRNmnMw1fBs,25448.0,2016-03-31,2019-04-12,historical_crosswalk_baseline
HDX_ARC_WARDS_1450,ONutw6s6W4y,1930,East Kano/wawidhi Ward,Kisumu,Nyando Sub County,ONutw6s6W4y,tAbBVBbueqD,iRK9uABUTVZ,17334.0,2016-03-31,2019-04-12,historical_crosswalk_baseline
HDX_ARC_WARDS_1450,LCXl4ftRJYy,1931,Kabonyo Kanyagwal,Kisumu,Nyando Sub County,LCXl4ftRJYy,tAbBVBbueqD,iRK9uABUTVZ,25065.0,2016-03-31,2019-04-12,historical_crosswalk_baseline
HDX_ARC_WARDS_1450,s2NvoXiAGWj,1932,Kobura Ward,Kisumu,Nyando Sub County,s2NvoXiAGWj,tAbBVBbueqD,iRK9uABUTVZ,36261.0,2016-03-31,2019-04-12,historical_crosswalk_baseline
HDX_ARC_WARDS_1450,PoYQc8biHf3,1933,Miwani Ward,Kisumu,Muhoroni Sub County,PoYQc8biHf3,tAbBVBbueqD,NmbwkQ5r5cB,19426.0,2016-03-31,2019-04-12,historical_crosswalk_baseline
HDX_ARC_WARDS_1450,cnOFVqKDVEi,1934,Ombeyi Ward,Kisumu,Muhoroni Sub County,cnOFVqKDVEi,tAbBVBbueqD,NmbwkQ5r5cB,26307.0,2016-03-31,2019-04-12,historical_crosswalk_baseline
HDX_ARC_WARDS_1450,FFfi4zTqdH2,1935,Masogo/nyang'oma Ward,Kisumu,Muhoroni Sub County,FFfi4zTqdH2,tAbBVBbueqD,NmbwkQ5r5cB,32496.0,2016-03-31,2019-04-12,historical_crosswalk_baseline
HDX_ARC_WARDS_1450,WzjCQ2bnOk7,1936,Chemelil Ward,Kisumu,Muhoroni Sub County,WzjCQ2bnOk7,tAbBVBbueqD,NmbwkQ5r5cB,33078.0,2016-03-31,2019-04-12,historical_crosswalk_baseline
HDX_ARC_WARDS_1450,cyChGO6tdNS,1937,Muhoroni Koru Ward,Kisumu,Muhoroni Sub County,cyChGO6tdNS,tAbBVBbueqD,NmbwkQ5r5cB,34457.0,2016-03-31,2019-04-12,historical_crosswalk_baseline
HDX_ARC_WARDS_1450,oTl0WEQrKtX,1938,South West Nyakach Ward,Kisumu,Nyakach Sub County,oTl0WEQrKtX,tAbBVBbueqD,kBQIjtWUBqj,17322.0,2016-03-31,2019-04-12,historical_crosswalk_baseline
HDX_ARC_WARDS_1450,G2B9ridstXR,1939,North Nyakach Ward,Kisumu,Nyakach Sub County,G2B9ridstXR,tAbBVBbueqD,kBQIjtWUBqj,31829.0,2016-03-31,2019-04-12,historical_crosswalk_baseline
HDX_ARC_WARDS_1450,go41UxgIdh5,1940,Central Nyakach Ward,Kisumu,Nyakach Sub County,go41UxgIdh5,tAbBVBbueqD,kBQIjtWUBqj,26960.0,2016-03-31,2019-04-12,historical_crosswalk_baseline
HDX_ARC_WARDS_1450,cSmqxMnL3hd,1941,West Nyakach Ward,Kisumu,Nyakach Sub County,cSmqxMnL3hd,tAbBVBbueqD,kBQIjtWUBqj,26403.0,2016-03-31,2019-04-12,historical_crosswalk_baseline
HDX_ARC_WARDS_1450,TAZBFBDq6KC,1942,South East Nyakach Ward,Kisumu,Nyakach Sub County,TAZBFBDq6KC,tAbBVBbueqD,kBQIjtWUBqj,30527.0,2016-03-31,2019-04-12,historical_crosswalk_baseline
HDX_ARC_WARDS_1450,Vi7hrFiryu0,1943,Awasi/onjiko Ward,Kisumu,Nyando Sub County,Vi7hrFiryu0,tAbBVBbueqD,iRK9uABUTVZ,26071.0,2016-03-31,2019-04-12,historical_crosswalk_baseline
HDX_ARC_WARDS_1450,F1etBBfosCl,1944,Ahero Ward,Kisumu,Nyando Sub County,F1etBBfosCl,tAbBVBbueqD,iRK9uABUTVZ,36306.0,2016-03-31,2019-04-12,historical_crosswalk_baseline
HDX_ARC_WARDS_1450,oq5P0uoHv4U,1945,Rigoma Ward,Nyamira,Masaba North Sub County,oq5P0uoHv4U,uepLTG8wGWJ,Qn5Fff2lIDz,43300.0,2016-03-31,2019-04-12,historical_crosswalk_baseline
HDX_ARC_WARDS_1450,PLayyGokkLa,1946,Gachuba Ward,Nyamira,Masaba North Sub County,PLayyGokkLa,uepLTG8wGWJ,Qn5Fff2lIDz,32305.0,2016-03-31,2019-04-12,historical_crosswalk_baseline
HDX_ARC_WARDS_1450,ZJdVAPAukav,1947,Kamera Ward,Nyamira,Manga Sub County,ZJdVAPAukav,uepLTG8wGWJ,f3AcdRzgTwz,35307.0,2016-03-31,2019-04-12,historical_crosswalk_baseline
HDX_ARC_WARDS_1450,s7u7anGLs0p,1948,Magombo Ward,Nyamira,Manga Sub County,s7u7anGLs0p,uepLTG8wGWJ,f3AcdRzgTwz,22263.0,2016-03-31,2019-04-12,historical_crosswalk_baseline
HDX_ARC_WARDS_1450,zfVQ2KNTfgY,1949,Manga Ward,Nyamira,Manga Sub County,zfVQ2KNTfgY,uepLTG8wGWJ,f3AcdRzgTwz,30289.0,2016-03-31,2019-04-12,historical_crosswalk_baseline
HDX_ARC_WARDS_1450,sHxQtj2KMIR,1950,Gesima Ward,Nyamira,Masaba North Sub County,sHxQtj2KMIR,uepLTG8wGWJ,Qn5Fff2lIDz,35672.0,2016-03-31,2019-04-12,historical_crosswalk_baseline
HDX_ARC_WARDS_1450,Av8d3lmuaua,1951,Nyamaiya Ward,Nyamira,Nyamira Sub County,Av8d3lmuaua,uepLTG8wGWJ,cxjRPbvhjzr,32676.0,2016-03-31,2019-04-12,historical_crosswalk_baseline
HDX_ARC_WARDS_1450,odXKgaPu8B0,1952,Bogichora Ward,Nyamira,Nyamira Sub County,odXKgaPu8B0,uepLTG8wGWJ,cxjRPbvhjzr,41826.0,2016-03-31,2019-04-12,historical_crosswalk_baseline
HDX_ARC_WARDS_1450,b3aaM8BOTDz,1953,Bosamaro Ward,Nyamira,Nyamira Sub County,b3aaM8BOTDz,uepLTG8wGWJ,cxjRPbvhjzr,39758.0,2016-03-31,2019-04-12,historical_crosswalk_baseline
HDX_ARC_WARDS_1450,d7n8GfG2cFO,1954,Bonyamatuta Ward,Nyamira,Nyamira Sub County,d7n8GfG2cFO,uepLTG8wGWJ,cxjRPbvhjzr,25836.0,2016-03-31,2019-04-12,historical_crosswalk_baseline
HDX_ARC_WARDS_1450,tjmkRVSEHwx,1955,Township Ward,Nyamira,Nyamira Sub County,tjmkRVSEHwx,uepLTG8wGWJ,cxjRPbvhjzr,19577.0,2016-03-31,2019-04-12,historical_crosswalk_baseline
HDX_ARC_WARDS_1450,ojhmHJxovB6,1956,Itibo Ward,Nyamira,Nyamira North Sub County,ojhmHJxovB6,uepLTG8wGWJ,v5qbFUgfIoF,27598.0,2016-03-31,2019-04-12,historical_crosswalk_baseline
HDX_ARC_WARDS_1450,Z4MKjHrF1wJ,1957,Bomwagamo Ward,Nyamira,Nyamira North Sub County,Z4MKjHrF1wJ,uepLTG8wGWJ,v5qbFUgfIoF,17252.0,2016-03-31,2019-04-12,historical_crosswalk_baseline
HDX_ARC_WARDS_1450,nvxLbNo63Zw,1958,Bokeira Ward,Nyamira,Nyamira North Sub County,nvxLbNo63Zw,uepLTG8wGWJ,v5qbFUgfIoF,32482.0,2016-03-31,2019-04-12,historical_crosswalk_baseline
HDX_ARC_WARDS_1450,AAVwWFH70cF,1959,Magwagwa Ward,Nyamira,Nyamira North Sub County,AAVwWFH70cF,uepLTG8wGWJ,v5qbFUgfIoF,18362.0,2016-03-31,2019-04-12,historical_crosswalk_baseline
HDX_ARC_WARDS_1450,QcYbNJ5Z88l,1960,Ekerenyo Ward,Nyamira,Nyamira North Sub County,QcYbNJ5Z88l,uepLTG8wGWJ,v5qbFUgfIoF,26659.0,2016-03-31,2019-04-12,historical_crosswalk_baseline
HDX_ARC_WARDS_1450,UZzNEWFdz58,1961,Mekenene Ward,Nyamira,Borabu Sub County,UZzNEWFdz58,uepLTG8wGWJ,ABuzigW8Lzw,18976.0,2016-03-31,2019-04-12,historical_crosswalk_baseline
HDX_ARC_WARDS_1450,ZHnLneFdqXj,1962,Kiabonyoru Ward,Nyamira,Borabu Sub County,ZHnLneFdqXj,uepLTG8wGWJ,ABuzigW8Lzw,43664.0,2016-03-31,2019-04-12,historical_crosswalk_baseline
HDX_ARC_WARDS_1450,pjOkCmcntm6,1963,Nyansiongo Ward,Nyamira,Borabu Sub County,pjOkCmcntm6,uepLTG8wGWJ,ABuzigW8Lzw,27495.0,2016-03-31,2019-04-12,historical_crosswalk_baseline
HDX_ARC_WARDS_1450,yCs7obwONR9,1964,Esise Ward,Nyamira,Borabu Sub County,yCs7obwONR9,uepLTG8wGWJ,ABuzigW8Lzw,26955.0,2016-03-31,2019-04-12,historical_crosswalk_baseline
HDX_ARC_WARDS_1450,lRfveTknPgF,1965,Bomariba Ward,Kisii,Bonchari  Sub County,lRfveTknPgF,sPkRcDvhGWA,zCCIu1Vi3Wh,20618.0,2016-03-31,2019-04-12,historical_crosswalk_baseline
HDX_ARC_WARDS_1450,JKJtpBP77A1,1966,Bogiakumu Ward,Kisii,Bonchari  Sub County,JKJtpBP77A1,sPkRcDvhGWA,zCCIu1Vi3Wh,27694.0,2016-03-31,2019-04-12,historical_crosswalk_baseline
HDX_ARC_WARDS_1450,MyzWMCaSFlX,1967,Bomorenda Ward,Kisii,Bonchari  Sub County,MyzWMCaSFlX,sPkRcDvhGWA,zCCIu1Vi3Wh,31952.0,2016-03-31,2019-04-12,historical_crosswalk_baseline
HDX_ARC_WARDS_1450,f2pOlRPY9gE,1968,Riana Ward,Kisii,Bonchari  Sub County,f2pOlRPY9gE,sPkRcDvhGWA,zCCIu1Vi3Wh,34351.0,2016-03-31,2019-04-12,historical_crosswalk_baseline
HDX_ARC_WARDS_1450,e0kbTojCjio,1969,Tabaka Ward,Kisii,South Mugirango Sub County,e0kbTojCjio,sPkRcDvhGWA,WHG67QCDRS9,32115.0,2016-03-31,2019-04-12,historical_crosswalk_baseline
HDX_ARC_WARDS_1450,OrArvkA4MbA,1970,Boikanga Ward,Kisii,South Mugirango Sub County,OrArvkA4MbA,sPkRcDvhGWA,WHG67QCDRS9,19866.0,2016-03-31,2019-04-12,historical_crosswalk_baseline
HDX_ARC_WARDS_1450,NZLSKCRL1O0,1971,Bogetenga Ward,Kisii,South Mugirango Sub County,NZLSKCRL1O0,sPkRcDvhGWA,WHG67QCDRS9,26139.0,2016-03-31,2019-04-12,historical_crosswalk_baseline
HDX_ARC_WARDS_1450,fBGAi2rHJgE,1972,Borabu Chitago Ward,Kisii,South Mugirango Sub County,fBGAi2rHJgE,sPkRcDvhGWA,WHG67QCDRS9,39413.0,2016-03-31,2019-04-12,historical_crosswalk_baseline
HDX_ARC_WARDS_1450,nbMilBEW7vk,1973,Moticho Ward,Kisii,South Mugirango Sub County,nbMilBEW7vk,sPkRcDvhGWA,WHG67QCDRS9,26611.0,2016-03-31,2019-04-12,historical_crosswalk_baseline
HDX_ARC_WARDS_1450,lY9h6WKKqjC,1974,Getenga Ward,Kisii,South Mugirango Sub County,lY9h6WKKqjC,sPkRcDvhGWA,WHG67QCDRS9,14905.0,2016-03-31,2019-04-12,historical_crosswalk_baseline
HDX_ARC_WARDS_1450,F0FgIasVA92,1975,Bokimonge Ward,Kisii,Bomachoge Borabu Sub County,F0FgIasVA92,sPkRcDvhGWA,ntRK47D5dYL,33499.0,2016-03-31,2019-04-12,historical_crosswalk_baseline
HDX_ARC_WARDS_1450,DHNNNbrtKX9,1976,Magenche Ward,Kisii,Bomachoge Borabu Sub County,DHNNNbrtKX9,sPkRcDvhGWA,ntRK47D5dYL,33703.0,2016-03-31,2019-04-12,historical_crosswalk_baseline
HDX_ARC_WARDS_1450,kNhuVMT4NIA,1977,Masige West Ward,Kisii,Bobasi Sub County,kNhuVMT4NIA,sPkRcDvhGWA,cooDDG3Lh3A,18492.0,2016-03-31,2019-04-12,historical_crosswalk_baseline
HDX_ARC_WARDS_1450,ZmF6haTsiNT,1978,Masige East Ward,Kisii,Bobasi Sub County,ZmF6haTsiNT,sPkRcDvhGWA,cooDDG3Lh3A,19170.0,2016-03-31,2019-04-12,historical_crosswalk_baseline
HDX_ARC_WARDS_1450,UGCnusbnkFI,1979,Basi Central Ward,Kisii,Bobasi Sub County,UGCnusbnkFI,sPkRcDvhGWA,cooDDG3Lh3A,23346.0,2016-03-31,2019-04-12,historical_crosswalk_baseline
HDX_ARC_WARDS_1450,oAXSVQp3K0O,1980,Nyacheki Ward,Kisii,Bobasi Sub County,oAXSVQp3K0O,sPkRcDvhGWA,cooDDG3Lh3A,31088.0,2016-03-31,2019-04-12,historical_crosswalk_baseline
HDX_ARC_WARDS_1450,u15fCmBOYHT,1981,Bassi Bogetaorio Ward,Kisii,Bobasi Sub County,u15fCmBOYHT,sPkRcDvhGWA,cooDDG3Lh3A,34166.0,2016-03-31,2019-04-12,historical_crosswalk_baseline
HDX_ARC_WARDS_1450,Xwhn2CB2cZ3,1982,Bobasi Chache Ward,Kisii,Bobasi Sub County,Xwhn2CB2cZ3,sPkRcDvhGWA,cooDDG3Lh3A,22004.0,2016-03-31,2019-04-12,historical_crosswalk_baseline
HDX_ARC_WARDS_1450,qH2ke0Qrbu7,1983,Sameta Mokwerero Ward,Kisii,Bobasi Sub County,qH2ke0Qrbu7,sPkRcDvhGWA,cooDDG3Lh3A,21246.0,2016-03-31,2019-04-12,historical_crosswalk_baseline
HDX_ARC_WARDS_1450,wXOHBThI5Kf,1984,Bobasi Boitangare Ward,Kisii,Bobasi Sub County,wXOHBThI5Kf,sPkRcDvhGWA,cooDDG3Lh3A,20562.0,2016-03-31,2019-04-12,historical_crosswalk_baseline
HDX_ARC_WARDS_1450,fOorbUi6HUx,1985,Majoge Basi Ward,Kisii,Bomachoge Chache Sub County,fOorbUi6HUx,sPkRcDvhGWA,YqYSkwmOtiR,23482.0,2016-03-31,2019-04-12,historical_crosswalk_baseline
HDX_ARC_WARDS_1450,R8gqeFZV0qT,1986,Boochi Tendere Ward,Kisii,Bomachoge Chache Sub County,R8gqeFZV0qT,sPkRcDvhGWA,YqYSkwmOtiR,33197.0,2016-03-31,2019-04-12,historical_crosswalk_baseline
HDX_ARC_WARDS_1450,BNC4x8wPAsw,1987,Bosoti Sengera Ward,Kisii,Bomachoge Chache Sub County,BNC4x8wPAsw,sPkRcDvhGWA,YqYSkwmOtiR,36851.0,2016-03-31,2019-04-12,historical_crosswalk_baseline
HDX_ARC_WARDS_1450,TSCRn3jEAXw,1988,Ichuni Ward,Kisii,Nyaribari Masaba Sub County,TSCRn3jEAXw,sPkRcDvhGWA,A6Sj8RumZ0m,27724.0,2016-03-31,2019-04-12,historical_crosswalk_baseline
HDX_ARC_WARDS_1450,CbtRAlHp1JA,1989,Nyamasibi Ward,Kisii,Nyaribari Masaba Sub County,CbtRAlHp1JA,sPkRcDvhGWA,A6Sj8RumZ0m,21526.0,2016-03-31,2019-04-12,historical_crosswalk_baseline
HDX_ARC_WARDS_1450,CDUIv5RI0VU,1990,Masimba Ward,Kisii,Nyaribari Masaba Sub County,CDUIv5RI0VU,sPkRcDvhGWA,A6Sj8RumZ0m,26013.0,2016-03-31,2019-04-12,historical_crosswalk_baseline
HDX_ARC_WARDS_1450,GC3CIljaAjo,1991,Gesusu Ward,Kisii,Nyaribari Masaba Sub County,GC3CIljaAjo,sPkRcDvhGWA,A6Sj8RumZ0m,25821.0,2016-03-31,2019-04-12,historical_crosswalk_baseline
HDX_ARC_WARDS_1450,cpLjDOte8ze,1992,Kiamokama Ward,Kisii,Nyaribari Masaba Sub County,cpLjDOte8ze,sPkRcDvhGWA,A6Sj8RumZ0m,20986.0,2016-03-31,2019-04-12,historical_crosswalk_baseline
HDX_ARC_WARDS_1450,H5US8Zu9bIJ,1993,Bobaracho Ward,Kisii,Nyaribari Chache  Sub County,H5US8Zu9bIJ,sPkRcDvhGWA,fFh3beH29fD,29338.0,2016-03-31,2019-04-12,historical_crosswalk_baseline
HDX_ARC_WARDS_1450,IO0zXx5HVO2,1994,Kisii Central Ward,Kisii,Nyaribari Chache  Sub County,IO0zXx5HVO2,sPkRcDvhGWA,fFh3beH29fD,32203.0,2016-03-31,2019-04-12,historical_crosswalk_baseline
HDX_ARC_WARDS_1450,fsE425Pq6Bo,1995,Keumbu Ward,Kisii,Nyaribari Chache  Sub County,fsE425Pq6Bo,sPkRcDvhGWA,fFh3beH29fD,15024.0,2016-03-31,2019-04-12,historical_crosswalk_baseline
HDX_ARC_WARDS_1450,o25UHSbQwGY,1996,Kiogoro Ward,Kisii,Nyaribari Chache  Sub County,o25UHSbQwGY,sPkRcDvhGWA,fFh3beH29fD,13102.0,2016-03-31,2019-04-12,historical_crosswalk_baseline
HDX_ARC_WARDS_1450,g8iPQGXNRmg,1997,Birongo Ward,Kisii,Nyaribari Chache  Sub County,g8iPQGXNRmg,sPkRcDvhGWA,fFh3beH29fD,19368.0,2016-03-31,2019-04-12,historical_crosswalk_baseline
HDX_ARC_WARDS_1450,mvDV6e04X7a,128,Marungu Ward,TAITA TAVETA,Voi Sub County,mvDV6e04X7a,QyGNX2DpR4h,yoGLpCTgjed,8757.0,2016-03-31,2019-04-12,historical_crosswalk_baseline
HDX_ARC_WARDS_1450,Qjd5eRv25sb,2063,Lower Savanna Ward,Nairobi,Embakasi East Sub County,Qjd5eRv25sb,jkG3zaihdSs,gD4xxgDGJ4Y,30751.0,2016-03-31,2019-04-12,historical_crosswalk_baseline
HDX_ARC_WARDS_1450,raV5YKTRCG2,2064,Embakasi Ward,Nairobi,Embakasi East Sub County,raV5YKTRCG2,jkG3zaihdSs,gD4xxgDGJ4Y,34084.0,2016-03-31,2019-04-12,historical_crosswalk_baseline
HDX_ARC_WARDS_1450,rEwQxmUPoZE,2065,Utawala Ward,Nairobi,Embakasi East Sub County,rEwQxmUPoZE,jkG3zaihdSs,gD4xxgDGJ4Y,30950.0,2016-03-31,2019-04-12,historical_crosswalk_baseline
HDX_ARC_WARDS_1450,GwVllI2Zdfe,2066,Mihango Ward,Nairobi,Embakasi East Sub County,GwVllI2Zdfe,jkG3zaihdSs,gD4xxgDGJ4Y,22936.0,2016-03-31,2019-04-12,historical_crosswalk_baseline
HDX_ARC_WARDS_1450,XzqVKmvJA4m,130,Ngolia Ward,TAITA TAVETA,Voi Sub County,XzqVKmvJA4m,QyGNX2DpR4h,yoGLpCTgjed,7875.0,2016-03-31,2019-04-12,historical_crosswalk_baseline
HDX_ARC_WARDS_1450,SmXNTLIxvM0,2000,Sensi Ward,Kisii,Kitutu Chache North Sub County,SmXNTLIxvM0,sPkRcDvhGWA,cQkF9l9wePP,27539.0,2016-03-31,2019-04-12,historical_crosswalk_baseline
HDX_ARC_WARDS_1450,rSGZNHDJ4jJ,2072,Viwandani Ward,Nairobi,Makadara  Sub County,rSGZNHDJ4jJ,jkG3zaihdSs,wwROy3Qkwin,44881.0,2016-03-31,2019-04-12,historical_crosswalk_baseline
HDX_ARC_WARDS_1450,T7AinNTWtXe,2073,Harambee Ward,Nairobi,Makadara  Sub County,T7AinNTWtXe,jkG3zaihdSs,wwROy3Qkwin,55456.0,2016-03-31,2019-04-12,historical_crosswalk_baseline
HDX_ARC_WARDS_1450,zP3xgQdPmJX,2077,Eastleigh South Ward,Nairobi,Kamukunji  Sub County,zP3xgQdPmJX,jkG3zaihdSs,qoLIT7y5f5c,66264.0,2016-03-31,2019-04-12,historical_crosswalk_baseline
HDX_ARC_WARDS_1450,ZUMLw8HBqqW,749,Kabiemit Ward,ELGEYO-MARAKWET,Keiyo South Sub County,ZUMLw8HBqqW,MqnLxQBigG0,SOEG546PqbA,18970.0,2016-03-31,2019-04-12,historical_crosswalk_baseline
HDX_ARC_WARDS_1450,weu7m3lq9xG,143,Maalimin Ward,GARISSA,Lagdera Sub County,weu7m3lq9xG,uyOrcHZBpW0,J69iWev2zwu,10777.0,2016-03-31,2019-04-12,historical_crosswalk_baseline
HDX_ARC_WARDS_1450,bdYNcnPn5ze,144,Sabena Ward,GARISSA,Lagdera Sub County,bdYNcnPn5ze,uyOrcHZBpW0,J69iWev2zwu,19839.0,2016-03-31,2019-04-12,historical_crosswalk_baseline
HDX_ARC_WARDS_1450,phpfjGEVjg8,145,Baraki Ward,GARISSA,Lagdera Sub County,phpfjGEVjg8,uyOrcHZBpW0,J69iWev2zwu,9778.0,2016-03-31,2019-04-12,historical_crosswalk_baseline
HDX_ARC_WARDS_1450,G1AXnlrNy7a,765,Chemundu/kapng'etunyi Ward,NANDI,Chesumei Sub County,G1AXnlrNy7a,t0J75eHKxz5,xLWuQq3DjOR,25403.0,2016-03-31,2019-04-12,historical_crosswalk_baseline
HDX_ARC_WARDS_1450,arZgeTW65s5,2013,Kawangware Ward,Nairobi,Dagoretti North Sub County,arZgeTW65s5,jkG3zaihdSs,CcTr4bcVGAG,27401.0,2016-03-31,2019-04-12,historical_crosswalk_baseline
HDX_ARC_WARDS_1450,oYFOeehTMK2,2084,Landimawe Ward,Nairobi,Starehe  Sub County,oYFOeehTMK2,jkG3zaihdSs,nKHlZyN0lt9,26509.0,2016-03-31,2019-04-12,historical_crosswalk_baseline
HDX_ARC_WARDS_1450,LYgnp1wcewP,2085,Nairobi South Ward,Nairobi,Starehe  Sub County,LYgnp1wcewP,jkG3zaihdSs,nKHlZyN0lt9,53303.0,2016-03-31,2019-04-12,historical_crosswalk_baseline
HDX_ARC_WARDS_1450,LlDgh96665K,2088,Huruma Ward,Nairobi,Mathare  Sub County,LlDgh96665K,jkG3zaihdSs,gh2kzpOFCeF,37972.0,2016-03-31,2019-04-12,historical_crosswalk_baseline
HDX_ARC_WARDS_1450,LXgF3A1KBLn,2131,Segeroi/barsombe Ward,Uasin Gishu,Soy Sub County,LXgF3A1KBLn,pZqQRRW7PHP,lmr1q6dTaso,25580.0,2016-03-31,2019-04-12,historical_crosswalk_baseline
HDX_ARC_WARDS_1450,tSBIbHLo6tl,2132,Kipsomba Ward,Uasin Gishu,Soy Sub County,tSBIbHLo6tl,pZqQRRW7PHP,lmr1q6dTaso,19183.0,2016-03-31,2019-04-12,historical_crosswalk_baseline
HDX_ARC_WARDS_1450,gQ7WBbu9IbN,2152,Megun Ward,Uasin Gishu,Kapseret Sub County,gQ7WBbu9IbN,pZqQRRW7PHP,u9yagZzK49q,12836.0,2016-03-31,2019-04-12,historical_crosswalk_baseline
HDX_ARC_WARDS_1450,mq1FEx5vQZ4,2159,Keyian Ward,Narok,Transmara West Sub County,mq1FEx5vQZ4,kqJ83J2D72s,Nb6e34jNGAq,26673.0,2016-03-31,2019-04-12,historical_crosswalk_baseline
HDX_ARC_WARDS_1450,QYQsVGsbKWg,2160,Angata Barikoi Ward,Narok,Transmara West Sub County,QYQsVGsbKWg,kqJ83J2D72s,Nb6e34jNGAq,24945.0,2016-03-31,2019-04-12,historical_crosswalk_baseline
HDX_ARC_WARDS_1450,L1Lr24F5gyc,2161,Shankoe Ward,Narok,Transmara West Sub County,L1Lr24F5gyc,kqJ83J2D72s,Nb6e34jNGAq,28545.0,2016-03-31,2019-04-12,historical_crosswalk_baseline
HDX_ARC_WARDS_1450,BCIB2lbwUN4,2162,Kimintet Ward,Narok,Transmara West Sub County,BCIB2lbwUN4,kqJ83J2D72s,Nb6e34jNGAq,22843.0,2016-03-31,2019-04-12,historical_crosswalk_baseline
HDX_ARC_WARDS_1450,jhNc8UIGW4Y,2163,Lolgorian Ward,Narok,Transmara West Sub County,jhNc8UIGW4Y,kqJ83J2D72s,Nb6e34jNGAq,35434.0,2016-03-31,2019-04-12,historical_crosswalk_baseline
HDX_ARC_WARDS_1450,lQwlJ2oi5zA,2164,Iikerin Ward,Narok,Transmara East Sub County,lQwlJ2oi5zA,kqJ83J2D72s,PGTkGnIAZuy,26357.0,2016-03-31,2019-04-12,historical_crosswalk_baseline
HDX_ARC_WARDS_1450,tVa5R01HhNz,2165,Ololmasani Ward,Narok,Transmara East Sub County,tVa5R01HhNz,kqJ83J2D72s,PGTkGnIAZuy,26773.0,2016-03-31,2019-04-12,historical_crosswalk_baseline
HDX_ARC_WARDS_1450,VcvJbIcShgA,2166,Mogondo Ward,Narok,Transmara East Sub County,VcvJbIcShgA,kqJ83J2D72s,PGTkGnIAZuy,17580.0,2016-03-31,2019-04-12,historical_crosswalk_baseline
HDX_ARC_WARDS_1450,oA6eNmEvCaj,2217,Kijabe Ward,Kiambu,Lari Sub County,oA6eNmEvCaj,qKzosKQPl6G,nCziQtZ49jj,27612.0,2016-03-31,2019-04-12,historical_crosswalk_baseline
HDX_ARC_WARDS_1450,B1GDVDYIGwK,2241,Gatongora Ward,Kiambu,Ruiru Sub County,B1GDVDYIGwK,qKzosKQPl6G,TPRNJqSm4lK,13807.0,2016-03-31,2019-04-12,historical_crosswalk_baseline
HDX_ARC_WARDS_1450,Z8xEFHWnQB4,306,Gatunga Ward,THARAKA-NITHI,Tharaka North Sub County,Z8xEFHWnQB4,T4urHM47nlm,ZNXf7qiVh3t,25703.0,2016-03-31,2019-04-12,historical_crosswalk_baseline
HDX_ARC_WARDS_1450,l4FVdIFWQov,307,Mukothima Ward,THARAKA-NITHI,Tharaka North Sub County,l4FVdIFWQov,T4urHM47nlm,ZNXf7qiVh3t,24273.0,2016-03-31,2019-04-12,historical_crosswalk_baseline
HDX_ARC_WARDS_1450,w3MNsmpJJHX,2243,Kahawa Wendani Ward,Kiambu,Ruiru Sub County,w3MNsmpJJHX,qKzosKQPl6G,TPRNJqSm4lK,16711.0,2016-03-31,2019-04-12,historical_crosswalk_baseline
HDX_ARC_WARDS_1450,iklOZN0Ok77,2274,BOOCHI BORABU,Kisii,Bomachoge Borabu Sub County,iklOZN0Ok77,sPkRcDvhGWA,ntRK47D5dYL,16273.0,2016-03-31,2019-04-12,historical_crosswalk_baseline
HDX_ARC_WARDS_1450,UD0FqqyuxBJ,86,Kipini east Ward,TANA RIVER,Garsen Sub County,UD0FqqyuxBJ,JsH2bnvNt2d,Lj0mu9j58Ss,19577.0,2016-03-31,2019-04-12,historical_crosswalk_baseline
HDX_ARC_WARDS_1450,dckG5TO7hf8,87,Garsen south Ward,TANA RIVER,Garsen Sub County,dckG5TO7hf8,JsH2bnvNt2d,Lj0mu9j58Ss,16019.0,2016-03-31,2019-04-12,historical_crosswalk_baseline
HDX_ARC_WARDS_1450,doitLG3v6PZ,196,BANISSA,MANDERA,BANISSA,doitLG3v6PZ,R6f9znhg37c,hCvlJNjyZna,44501.0,2016-03-31,2019-04-12,historical_crosswalk_baseline
HDX_ARC_WARDS_1450,C72ryGO9u3f,197,DERKHALE,MANDERA,BANISSA,C72ryGO9u3f,R6f9znhg37c,hCvlJNjyZna,32078.0,2016-03-31,2019-04-12,historical_crosswalk_baseline
HDX_ARC_WARDS_1450,aVUy55683jB,242,BULA PESA,ISIOLO,Isiolo Sub County,aVUy55683jB,bzOfj0iwfDH,I2LYLqKU6AW,22722.0,2016-03-31,2019-04-12,historical_crosswalk_baseline
HDX_ARC_WARDS_1450,HTTUdsL0gAm,243,CHARI,ISIOLO,Merti Sub County,HTTUdsL0gAm,bzOfj0iwfDH,NrGORu301bx,4781.0,2016-03-31,2019-04-12,historical_crosswalk_baseline
HDX_ARC_WARDS_1450,onY1jZ8tPTG,244,CHERAB,ISIOLO,Merti Sub County,onY1jZ8tPTG,bzOfj0iwfDH,NrGORu301bx,15560.0,2016-03-31,2019-04-12,historical_crosswalk_baseline
HDX_ARC_WARDS_1450,GHmkA5jGVqQ,245,NGARE MARA,ISIOLO,Isiolo Sub County,GHmkA5jGVqQ,bzOfj0iwfDH,I2LYLqKU6AW,5520.0,2016-03-31,2019-04-12,historical_crosswalk_baseline
HDX_ARC_WARDS_1450,PwpI3UVqNMb,246,BURAT,ISIOLO,Isiolo Sub County,PwpI3UVqNMb,bzOfj0iwfDH,I2LYLqKU6AW,18774.0,2016-03-31,2019-04-12,historical_crosswalk_baseline
HDX_ARC_WARDS_1450,ZJgywSuefy6,247,OLDONYIRO,ISIOLO,Isiolo Sub County,ZJgywSuefy6,bzOfj0iwfDH,I2LYLqKU6AW,15388.0,2016-03-31,2019-04-12,historical_crosswalk_baseline
HDX_ARC_WARDS_1450,PoEBay5v6Vh,248,GARBATULLA,ISIOLO,Garbatulla Sub County,PoEBay5v6Vh,bzOfj0iwfDH,ecl4YnDebUi,16401.0,2016-03-31,2019-04-12,historical_crosswalk_baseline
HDX_ARC_WARDS_1450,um7zkcazal1,249,KINNA,ISIOLO,Garbatulla Sub County,um7zkcazal1,bzOfj0iwfDH,ecl4YnDebUi,14618.0,2016-03-31,2019-04-12,historical_crosswalk_baseline
HDX_ARC_WARDS_1450,Yqxw7nddfbo,250,SERICHO,ISIOLO,Garbatulla Sub County,Yqxw7nddfbo,bzOfj0iwfDH,ecl4YnDebUi,12099.0,2016-03-31,2019-04-12,historical_crosswalk_baseline
HDX_ARC_WARDS_1450,rBlQZ6By4ru,193,LAGHSURE,MANDERA,MANDERA WEST,rBlQZ6By4ru,R6f9znhg37c,H5RvDZkoDJL,14837.0,2016-03-31,2019-04-12,historical_crosswalk_baseline
HDX_ARC_WARDS_1450,YJhdNCfPDKH,201,ASHABITO,MANDERA,MANDERA NORTH,YJhdNCfPDKH,R6f9znhg37c,jrm0uyLXnC1,43449.0,2016-03-31,2019-04-12,historical_crosswalk_baseline
HDX_ARC_WARDS_1450,A4Ko5vFs83F,202,GUTICHA,MANDERA,MANDERA NORTH,A4Ko5vFs83F,R6f9znhg37c,jrm0uyLXnC1,33658.0,2016-03-31,2019-04-12,historical_crosswalk_baseline
HDX_ARC_WARDS_1450,g1daXHb0Lz0,212,BULLA MPYA,MANDERA,MANDERA EAST,g1daXHb0Lz0,R6f9znhg37c,fGr9rRvaovO,36794.0,2016-03-31,2019-04-12,historical_crosswalk_baseline
HDX_ARC_WARDS_1450,gVbkohpiw1f,213,KHALALIO,MANDERA,MANDERA EAST,gVbkohpiw1f,R6f9znhg37c,fGr9rRvaovO,13822.0,2016-03-31,2019-04-12,historical_crosswalk_baseline
HDX_ARC_WARDS_1450,UU5663WBF7t,214,NEBOI,MANDERA,MANDERA EAST,UU5663WBF7t,R6f9znhg37c,fGr9rRvaovO,12298.0,2016-03-31,2019-04-12,historical_crosswalk_baseline
HDX_ARC_WARDS_1450,dYhEFLJSRYl,215,TOWNSHIP,MANDERA,MANDERA EAST,dYhEFLJSRYl,R6f9znhg37c,fGr9rRvaovO,45358.0,2016-03-31,2019-04-12,historical_crosswalk_baseline
HDX_ARC_WARDS_1450,r9itCpitueT,216,LIBEHIA,MANDERA,LAFEY,r9itCpitueT,R6f9znhg37c,nsfbHBS9tMT,49098.0,2016-03-31,2019-04-12,historical_crosswalk_baseline
HDX_ARC_WARDS_1450,BRWO7tcujQF,217,FINO,MANDERA,LAFEY,BRWO7tcujQF,R6f9znhg37c,nsfbHBS9tMT,16632.0,2016-03-31,2019-04-12,historical_crosswalk_baseline
HDX_ARC_WARDS_1450,LtPutnKuKqO,218,LAFEY,MANDERA,LAFEY,LtPutnKuKqO,R6f9znhg37c,nsfbHBS9tMT,48659.0,2016-03-31,2019-04-12,historical_crosswalk_baseline
HDX_ARC_WARDS_1450,k3FtDRPwlPG,219,WARANKARA,MANDERA,LAFEY,k3FtDRPwlPG,R6f9znhg37c,nsfbHBS9tMT,24619.0,2016-03-31,2019-04-12,historical_crosswalk_baseline
HDX_ARC_WARDS_1450,zFbFESCJ8mq,220,ALANGO GOF,MANDERA,LAFEY,zFbFESCJ8mq,R6f9znhg37c,nsfbHBS9tMT,14138.0,2016-03-31,2019-04-12,historical_crosswalk_baseline
HDX_ARC_WARDS_1450,WntjnQMsI6t,445,Njabani/kiburu Ward,NYANDARUA,Kinangop Sub County,WntjnQMsI6t,mYZacFNIB3h,RAnL5kBKMIt,20665.0,2016-03-31,2019-04-12,historical_crosswalk_baseline
HDX_ARC_WARDS_1450,Dg2JnSl7lk7,637,Lokichar Ward,TURKANA,Turkana South Sub County,Dg2JnSl7lk7,kphDeKClFch,iTw0sFjlqZ2,44233.0,2016-03-31,2019-04-12,historical_crosswalk_baseline
HDX_ARC_WARDS_1450,prqcH9XZcQe,638,Kapedo/napeitom Ward,TURKANA,Turkana East Sub County,prqcH9XZcQe,kphDeKClFch,dr8gOvVAdiE,25438.0,2016-03-31,2019-04-12,historical_crosswalk_baseline
HDX_ARC_WARDS_1450,pwYHLOkW31r,733,Endo Ward,ELGEYO-MARAKWET,Marakwet East sub-county,pwYHLOkW31r,MqnLxQBigG0,EZraJgLdRLX,23898.0,2016-03-31,2019-04-12,historical_crosswalk_baseline
HDX_ARC_WARDS_1450,u6ONpoWIV0d,734,Embobut/Embulot Ward,ELGEYO-MARAKWET,Marakwet East sub-county,u6ONpoWIV0d,MqnLxQBigG0,EZraJgLdRLX,15049.0,2016-03-31,2019-04-12,historical_crosswalk_baseline
HDX_ARC_WARDS_1450,qsljIZxApCc,735,Lelan Ward,ELGEYO-MARAKWET,Marakwet West Sub County,qsljIZxApCc,MqnLxQBigG0,fNCuk4Lpsnh,20111.0,2016-03-31,2019-04-12,historical_crosswalk_baseline
HDX_ARC_WARDS_1450,Kzpb8gvmSkz,2016,Kabiro Ward,Nairobi,Dagoretti North Sub County,Kzpb8gvmSkz,jkG3zaihdSs,CcTr4bcVGAG,40013.0,2016-03-31,2019-04-12,historical_crosswalk_baseline
HDX_ARC_WARDS_1450,HuBMlfYHHEy,2017,Mutu-ini Ward,Nairobi,Dagoretti South Sub County,HuBMlfYHHEy,jkG3zaihdSs,sqNWYDHZZ6W,17973.0,2016-03-31,2019-04-12,historical_crosswalk_baseline
HDX_ARC_WARDS_1450,bK37v9AMeU3,2018,Ngando Ward,Nairobi,Dagoretti South Sub County,bK37v9AMeU3,jkG3zaihdSs,sqNWYDHZZ6W,34014.0,2016-03-31,2019-04-12,historical_crosswalk_baseline
HDX_ARC_WARDS_1450,PTKcICD0k31,2019,Riruta Ward,Nairobi,Dagoretti South Sub County,PTKcICD0k31,jkG3zaihdSs,sqNWYDHZZ6W,65320.0,2016-03-31,2019-04-12,historical_crosswalk_baseline
HDX_ARC_WARDS_1450,jaQjWqSJPAd,2020,Uthiru/ruthimitu Ward,Nairobi,Dagoretti South Sub County,jaQjWqSJPAd,jkG3zaihdSs,sqNWYDHZZ6W,32575.0,2016-03-31,2019-04-12,historical_crosswalk_baseline
HDX_ARC_WARDS_1450,pUKcRGZTyGW,2021,Waithaka Ward,Nairobi,Dagoretti South Sub County,pUKcRGZTyGW,jkG3zaihdSs,sqNWYDHZZ6W,31054.0,2016-03-31,2019-04-12,historical_crosswalk_baseline
HDX_ARC_WARDS_1450,clyAqa9XVNp,2022,Karen Ward,Nairobi,Langata  Sub County,clyAqa9XVNp,jkG3zaihdSs,aTGYlhEw2Xx,33303.0,2016-03-31,2019-04-12,historical_crosswalk_baseline
HDX_ARC_WARDS_1450,X0OCKVcartn,794,Sacho Ward,BARINGO,Baringo Central Sub County,X0OCKVcartn,vvOK1BxTbet,k7Rj54u6dMx,15230.0,2016-03-31,2019-04-12,historical_crosswalk_baseline
HDX_ARC_WARDS_1450,sPoq2HB87R1,801,Mukutani Ward,BARINGO,Marigat Sub County,sPoq2HB87R1,vvOK1BxTbet,dSLnPmNlm8Q,9503.0,2016-03-31,2019-04-12,historical_crosswalk_baseline
HDX_ARC_WARDS_1450,REkEoX4PR5g,935,Kimana Ward,KAJIADO,Loitokitok Sub County,REkEoX4PR5g,Hsk1YV8kHkT,eyADpAXM834,20349.0,2016-03-31,2019-04-12,historical_crosswalk_baseline
HDX_ARC_WARDS_1450,GpddBXmXl2i,821,Umande Ward,LAIKIPIA,Laikipia East Sub County,GpddBXmXl2i,xuFdFy6t9AH,pF6qPMIlHte,16201.0,2016-03-31,2019-04-12,historical_crosswalk_baseline
HDX_ARC_WARDS_1450,Dg8SGNnGQny,822,Sosian Ward,LAIKIPIA,Laikipia North Sub County,Dg8SGNnGQny,xuFdFy6t9AH,RJyUfi5BQUm,26077.0,2016-03-31,2019-04-12,historical_crosswalk_baseline
HDX_ARC_WARDS_1450,Kx1h1yqLZh9,823,Segera Ward,LAIKIPIA,Laikipia North Sub County,Kx1h1yqLZh9,xuFdFy6t9AH,RJyUfi5BQUm,16002.0,2016-03-31,2019-04-12,historical_crosswalk_baseline
HDX_ARC_WARDS_1450,Zrkf6cQj2AP,824,Mugogodo West Ward,LAIKIPIA,Laikipia North Sub County,Zrkf6cQj2AP,xuFdFy6t9AH,RJyUfi5BQUm,13715.0,2016-03-31,2019-04-12,historical_crosswalk_baseline
HDX_ARC_WARDS_1450,qZ5JBQj1DxJ,825,Mugogodo East Ward,LAIKIPIA,Laikipia North Sub County,qZ5JBQj1DxJ,xuFdFy6t9AH,RJyUfi5BQUm,23412.0,2016-03-31,2019-04-12,historical_crosswalk_baseline
HDX_ARC_WARDS_1450,MMPnyemUFot,927,Iloodokilani Ward,KAJIADO,Kajiado West Sub County,MMPnyemUFot,Hsk1YV8kHkT,wYsCfCAUWNB,16470.0,2016-03-31,2019-04-12,historical_crosswalk_baseline
HDX_ARC_WARDS_1450,bSdHZBeB5bQ,928,Magadi Ward,KAJIADO,Kajiado West Sub County,bSdHZBeB5bQ,Hsk1YV8kHkT,wYsCfCAUWNB,25451.0,2016-03-31,2019-04-12,historical_crosswalk_baseline
HDX_ARC_WARDS_1450,KHFGFujHwZA,929,Ewuaso oonkidong'i Ward,KAJIADO,Kajiado West Sub County,KHFGFujHwZA,Hsk1YV8kHkT,wYsCfCAUWNB,29587.0,2016-03-31,2019-04-12,historical_crosswalk_baseline
HDX_ARC_WARDS_1450,AtSX1b8b5wZ,1802,Mikindani Ward,Mombasa,Jomvu  Sub County,AtSX1b8b5wZ,wsBsC6gjHvn,vSISrsNNHwq,52777.0,2016-03-31,2019-04-12,historical_crosswalk_baseline
HDX_ARC_WARDS_1450,lZiLgEqsjq5,1820,Makadara Ward-mji Wa Kale Ward,Mombasa,Mvita  Sub County,lZiLgEqsjq5,wsBsC6gjHvn,C1xuoa1NAMm,25875.0,2016-03-31,2019-04-12,historical_crosswalk_baseline
HDX_ARC_WARDS_1450,Dvo3BcpbGkD,1822,Tononoka Ward,Mombasa,Mvita  Sub County,Dvo3BcpbGkD,wsBsC6gjHvn,C1xuoa1NAMm,27513.0,2016-03-31,2019-04-12,historical_crosswalk_baseline
HDX_ARC_WARDS_1450,I1ioJIBPdpG,1823,Ganjoni Ward-shimanzi Ward,Mombasa,Mvita  Sub County,I1ioJIBPdpG,wsBsC6gjHvn,C1xuoa1NAMm,18806.0,2016-03-31,2019-04-12,historical_crosswalk_baseline
HDX_ARC_WARDS_1450,i1bANekmIzQ,1824,Majengo Ward,Mombasa,Mvita  Sub County,i1bANekmIzQ,wsBsC6gjHvn,C1xuoa1NAMm,38834.0,2016-03-31,2019-04-12,historical_crosswalk_baseline
HDX_ARC_WARDS_1450,xmMP1QapXiY,1825,Tezo Ward,Kilifi,Kilifi North Sub County,xmMP1QapXiY,nrI2khZx3d0,MEkEH8ZmcOU,25545.0,2016-03-31,2019-04-12,historical_crosswalk_baseline
HDX_ARC_WARDS_1450,NkcRjTGJbuh,123,Chawia Ward,TAITA TAVETA,Mwatate Sub County,NkcRjTGJbuh,QyGNX2DpR4h,IBDoGsLdhvt,14155.0,2016-03-31,2019-04-12,historical_crosswalk_baseline
HDX_ARC_WARDS_1450,QfHPo7H918V,1834,Shimo La Tewa Ward,Kilifi,Kilifi South Sub County,QfHPo7H918V,nrI2khZx3d0,xWAZBULwGxp,50846.0,2016-03-31,2019-04-12,historical_crosswalk_baseline
HDX_ARC_WARDS_1450,mi5ayQN77v7,1844,Rabai/kisurutini Ward,Kilifi,Rabai Sub County,mi5ayQN77v7,nrI2khZx3d0,hJf4rt7cvI6,43144.0,2016-03-31,2019-04-12,historical_crosswalk_baseline
HDX_ARC_WARDS_1450,f51CfBzKknF,1845,Ganze Ward,Kilifi,Ganze Sub County,f51CfBzKknF,nrI2khZx3d0,x7qUMtZZvo9,31333.0,2016-03-31,2019-04-12,historical_crosswalk_baseline
HDX_ARC_WARDS_1450,kpL4HsQ7YZ5,1848,Sokoke Ward,Kilifi,Ganze Sub County,kpL4HsQ7YZ5,nrI2khZx3d0,x7qUMtZZvo9,43543.0,2016-03-31,2019-04-12,historical_crosswalk_baseline
HDX_ARC_WARDS_1450,gWqTliiaRaB,1851,Ganda Ward,Kilifi,Malindi Sub County,gWqTliiaRaB,nrI2khZx3d0,lGg3wEy784X,32562.0,2016-03-31,2019-04-12,historical_crosswalk_baseline
HDX_ARC_WARDS_1450,u6oi5OySCnQ,1852,Malindi Town Ward,Kilifi,Malindi Sub County,u6oi5OySCnQ,nrI2khZx3d0,lGg3wEy784X,51254.0,2016-03-31,2019-04-12,historical_crosswalk_baseline
HDX_ARC_WARDS_1450,nsigtOm8lE7,1856,Gongoni Ward,Kilifi,Magarini Sub County,nsigtOm8lE7,nrI2khZx3d0,KMWrMZrlO5u,34597.0,2016-03-31,2019-04-12,historical_crosswalk_baseline
HDX_ARC_WARDS_1450,EO3kbx8nZIp,1857,Adu Ward,Kilifi,Magarini Sub County,EO3kbx8nZIp,nrI2khZx3d0,KMWrMZrlO5u,43005.0,2016-03-31,2019-04-12,historical_crosswalk_baseline
HDX_ARC_WARDS_1450,nResMsI1yRw,1858,Garashi Ward,Kilifi,Magarini Sub County,nResMsI1yRw,nrI2khZx3d0,KMWrMZrlO5u,25781.0,2016-03-31,2019-04-12,historical_crosswalk_baseline
HDX_ARC_WARDS_1450,fXc21yLLxVd,1859,Sabaki Ward,Kilifi,Magarini Sub County,fXc21yLLxVd,nrI2khZx3d0,KMWrMZrlO5u,16317.0,2016-03-31,2019-04-12,historical_crosswalk_baseline
HDX_ARC_WARDS_1450,zcpKiQgMNyb,1860,North Alego Ward,Siaya,Alego Usonga Sub County,zcpKiQgMNyb,u4t9H8XyU9P,Cu46otDi1RO,31777.0,2016-03-31,2019-04-12,historical_crosswalk_baseline
HDX_ARC_WARDS_1450,hMo6PZnvQqb,1861,South East Alego Ward,Siaya,Alego Usonga Sub County,hMo6PZnvQqb,u4t9H8XyU9P,Cu46otDi1RO,46386.0,2016-03-31,2019-04-12,historical_crosswalk_baseline
HDX_ARC_WARDS_1450,KzqDLd1CVFQ,1862,North Gem Ward,Siaya,Gem Sub County,KzqDLd1CVFQ,u4t9H8XyU9P,PKeFksHlJkB,35004.0,2016-03-31,2019-04-12,historical_crosswalk_baseline
HDX_ARC_WARDS_1450,mEZBjj4fLBT,1863,West Gem Ward,Siaya,Gem Sub County,mEZBjj4fLBT,u4t9H8XyU9P,PKeFksHlJkB,23481.0,2016-03-31,2019-04-12,historical_crosswalk_baseline
HDX_ARC_WARDS_1450,LWXYw2EpuLy,1864,Central Gem Ward,Siaya,Gem Sub County,LWXYw2EpuLy,u4t9H8XyU9P,PKeFksHlJkB,23854.0,2016-03-31,2019-04-12,historical_crosswalk_baseline
HDX_ARC_WARDS_1450,PeEcMfBchbr,1865,Yala Township Ward,Siaya,Gem Sub County,PeEcMfBchbr,u4t9H8XyU9P,PKeFksHlJkB,23151.0,2016-03-31,2019-04-12,historical_crosswalk_baseline
HDX_ARC_WARDS_1450,XM6wZZeKqhk,1866,East Gem Ward,Siaya,Gem Sub County,XM6wZZeKqhk,u4t9H8XyU9P,PKeFksHlJkB,24764.0,2016-03-31,2019-04-12,historical_crosswalk_baseline
HDX_ARC_WARDS_1450,F3o4X4OBHKw,1867,South Gem Ward,Siaya,Gem Sub County,F3o4X4OBHKw,u4t9H8XyU9P,PKeFksHlJkB,30421.0,2016-03-31,2019-04-12,historical_crosswalk_baseline
HDX_ARC_WARDS_1450,NYqz8G2gfEC,1868,West Yimbo Ward,Siaya,Bondo Sub County,NYqz8G2gfEC,u4t9H8XyU9P,JNvqpOnKfGR,28503.0,2016-03-31,2019-04-12,historical_crosswalk_baseline
HDX_ARC_WARDS_1450,JVz0J1MJJ0V,1869,Central Sakwa Ward,Siaya,Bondo Sub County,JVz0J1MJJ0V,u4t9H8XyU9P,JNvqpOnKfGR,20093.0,2016-03-31,2019-04-12,historical_crosswalk_baseline
HDX_ARC_WARDS_1450,CRBP2g6KqWH,1870,South Sakwa Ward,Siaya,Bondo Sub County,CRBP2g6KqWH,u4t9H8XyU9P,JNvqpOnKfGR,23260.0,2016-03-31,2019-04-12,historical_crosswalk_baseline
HDX_ARC_WARDS_1450,bxQkw99jktF,1871,Yimbo East Ward,Siaya,Bondo Sub County,bxQkw99jktF,u4t9H8XyU9P,JNvqpOnKfGR,27189.0,2016-03-31,2019-04-12,historical_crosswalk_baseline
HDX_ARC_WARDS_1450,uid3Vo2PCsW,1872,West Sakwa Ward,Siaya,Bondo Sub County,uid3Vo2PCsW,u4t9H8XyU9P,JNvqpOnKfGR,25313.0,2016-03-31,2019-04-12,historical_crosswalk_baseline
HDX_ARC_WARDS_1450,EmooFdjzKlm,1873,North Sakwa Ward,Siaya,Bondo Sub County,EmooFdjzKlm,u4t9H8XyU9P,JNvqpOnKfGR,33164.0,2016-03-31,2019-04-12,historical_crosswalk_baseline
HDX_ARC_WARDS_1450,cfUqqHJA6z4,1874,East Asembo Ward,Siaya,Rarieda Sub County,cfUqqHJA6z4,u4t9H8XyU9P,XcRpb1xsM64,32886.0,2016-03-31,2019-04-12,historical_crosswalk_baseline
HDX_ARC_WARDS_1450,kazFsB6YZ6J,1875,West Asembo Ward,Siaya,Rarieda Sub County,kazFsB6YZ6J,u4t9H8XyU9P,XcRpb1xsM64,33072.0,2016-03-31,2019-04-12,historical_crosswalk_baseline
HDX_ARC_WARDS_1450,xyzeTkTa8o7,1910,Kajulu Ward,Kisumu,Kisumu East Sub County,xyzeTkTa8o7,tAbBVBbueqD,PRpKwAloU5b,40876.0,2016-03-31,2019-04-12,historical_crosswalk_baseline
HDX_ARC_WARDS_1450,kQXcKGM8chb,1911,Kolwa East Ward,Kisumu,Kisumu East Sub County,kQXcKGM8chb,tAbBVBbueqD,PRpKwAloU5b,21288.0,2016-03-31,2019-04-12,historical_crosswalk_baseline
HDX_ARC_WARDS_1450,ml7KNIMIuvz,1914,Kolwa Central Ward,Kisumu,Kisumu East Sub County,ml7KNIMIuvz,tAbBVBbueqD,PRpKwAloU5b,31739.0,2016-03-31,2019-04-12,historical_crosswalk_baseline
HDX_ARC_WARDS_1450,Xs7PwQOVMmb,1916,Central Kisumu Ward,Kisumu,Kisumu West Sub County,Xs7PwQOVMmb,tAbBVBbueqD,YzEDO9Mq4TR,38128.0,2016-03-31,2019-04-12,historical_crosswalk_baseline
HDX_ARC_WARDS_1450,KrQMvgSyMd7,127,Kaloleni  Ward,TAITA TAVETA,Voi Sub County,KrQMvgSyMd7,QyGNX2DpR4h,yoGLpCTgjed,20418.0,2016-03-31,2019-04-12,historical_crosswalk_baseline
HDX_ARC_WARDS_1450,SPH4pigpmjD,1917,North Kisumu Ward,Kisumu,Kisumu West Sub County,SPH4pigpmjD,tAbBVBbueqD,YzEDO9Mq4TR,24890.0,2016-03-31,2019-04-12,historical_crosswalk_baseline
HDX_ARC_WARDS_1450,DP7qvMiw5Du,1918,West Kisumu Ward,Kisumu,Kisumu West Sub County,DP7qvMiw5Du,tAbBVBbueqD,YzEDO9Mq4TR,22147.0,2016-03-31,2019-04-12,historical_crosswalk_baseline
HDX_ARC_WARDS_1450,r6rYPoyjxvR,1919,North West Kisumu Ward,Kisumu,Kisumu West Sub County,r6rYPoyjxvR,tAbBVBbueqD,YzEDO9Mq4TR,23955.0,2016-03-31,2019-04-12,historical_crosswalk_baseline
HDX_ARC_WARDS_1450,ZplKg3SMkIC,1920,Railways Ward,Kisumu,Kisumu Central Sub County,ZplKg3SMkIC,tAbBVBbueqD,OpLt8IgyHop,34924.0,2016-03-31,2019-04-12,historical_crosswalk_baseline
HDX_ARC_WARDS_1450,oz6zXuKWiR9,1921,Migosi Ward,Kisumu,Kisumu Central Sub County,oz6zXuKWiR9,tAbBVBbueqD,OpLt8IgyHop,19826.0,2016-03-31,2019-04-12,historical_crosswalk_baseline
HDX_ARC_WARDS_1450,v0dNWrWeT7B,1998,Ibeno Ward,Kisii,Nyaribari Chache  Sub County,v0dNWrWeT7B,sPkRcDvhGWA,fFh3beH29fD,20710.0,2016-03-31,2019-04-12,historical_crosswalk_baseline
HDX_ARC_WARDS_1450,PwxIcksWPYQ,1999,Monyerero Ward,Kisii,Kitutu Chache North Sub County,PwxIcksWPYQ,sPkRcDvhGWA,cQkF9l9wePP,27611.0,2016-03-31,2019-04-12,historical_crosswalk_baseline
HDX_ARC_WARDS_1450,BR5uAoEu5yV,2001,Marani Ward,Kisii,Kitutu Chache North Sub County,BR5uAoEu5yV,sPkRcDvhGWA,cQkF9l9wePP,28161.0,2016-03-31,2019-04-12,historical_crosswalk_baseline
HDX_ARC_WARDS_1450,O8hNbyssZJJ,2002,Kegogi Ward,Kisii,Kitutu Chache North Sub County,O8hNbyssZJJ,sPkRcDvhGWA,cQkF9l9wePP,20558.0,2016-03-31,2019-04-12,historical_crosswalk_baseline
HDX_ARC_WARDS_1450,rWETDR5My3k,2003,Bogusero Ward,Kisii,Kitutu Chache South Sub County,rWETDR5My3k,sPkRcDvhGWA,gPR82w2xgJZ,24872.0,2016-03-31,2019-04-12,historical_crosswalk_baseline
HDX_ARC_WARDS_1450,TwsN9rzFim6,2004,Bogeka Ward,Kisii,Kitutu Chache South Sub County,TwsN9rzFim6,sPkRcDvhGWA,gPR82w2xgJZ,13254.0,2016-03-31,2019-04-12,historical_crosswalk_baseline
HDX_ARC_WARDS_1450,Dvfw4PI207c,2007,Nyatieko Ward,Kisii,Kitutu Chache South Sub County,Dvfw4PI207c,sPkRcDvhGWA,gPR82w2xgJZ,20546.0,2016-03-31,2019-04-12,historical_crosswalk_baseline
HDX_ARC_WARDS_1450,CNKaaMOOKGn,2009,Karura Ward,Nairobi,Westlands  Sub County,CNKaaMOOKGn,jkG3zaihdSs,f1T0Ltob8VQ,26453.0,2016-03-31,2019-04-12,historical_crosswalk_baseline
HDX_ARC_WARDS_1450,HWHpeXSxVCb,2010,Kangemi Ward,Nairobi,Westlands  Sub County,HWHpeXSxVCb,jkG3zaihdSs,f1T0Ltob8VQ,44564.0,2016-03-31,2019-04-12,historical_crosswalk_baseline
HDX_ARC_WARDS_1450,Wrx3LFjULLl,2011,Mountain View Ward,Nairobi,Westlands  Sub County,Wrx3LFjULLl,jkG3zaihdSs,f1T0Ltob8VQ,36135.0,2016-03-31,2019-04-12,historical_crosswalk_baseline
HDX_ARC_WARDS_1450,HSm3Cq7ZrWd,678,Keiyo Ward,TRANS NZOIA,Kwanza  Sub County,HSm3Cq7ZrWd,mThvosEflAU,ABy8CNqf2e7,33297.0,2016-03-31,2019-04-12,historical_crosswalk_baseline
HDX_ARC_WARDS_1450,ufzdiFbvPYg,2014,Gatina Ward,Nairobi,Dagoretti North Sub County,ufzdiFbvPYg,jkG3zaihdSs,CcTr4bcVGAG,45872.0,2016-03-31,2019-04-12,historical_crosswalk_baseline
HDX_ARC_WARDS_1450,Vh31LHi1RC8,780,Sangalo/kebulonik Ward,NANDI,Mosop Sub County,Vh31LHi1RC8,t0J75eHKxz5,Xtb7tbJpk9p,21390.0,2016-03-31,2019-04-12,historical_crosswalk_baseline
HDX_ARC_WARDS_1450,i4HY1pMsQ4q,786,Tangulbei/korossi Ward,BARINGO,Tiaty Sub County,i4HY1pMsQ4q,vvOK1BxTbet,Mk4bMOSMRTB,18390.0,2016-03-31,2019-04-12,historical_crosswalk_baseline
HDX_ARC_WARDS_1450,uPv6CYD6np2,2023,Nairobi West Ward,Nairobi,Langata  Sub County,uPv6CYD6np2,jkG3zaihdSs,aTGYlhEw2Xx,33377.0,2016-03-31,2019-04-12,historical_crosswalk_baseline
HDX_ARC_WARDS_1450,oFPmL4TCoWb,2024,Mugumo-ini Ward,Nairobi,Langata  Sub County,oFPmL4TCoWb,jkG3zaihdSs,aTGYlhEw2Xx,47037.0,2016-03-31,2019-04-12,historical_crosswalk_baseline
HDX_ARC_WARDS_1450,gF0VBsLJhxK,787,Churo/amaya Ward,BARINGO,Tiaty Sub County,gF0VBsLJhxK,vvOK1BxTbet,Mk4bMOSMRTB,21227.0,2016-03-31,2019-04-12,historical_crosswalk_baseline
HDX_ARC_WARDS_1450,OlKUTmnTY57,788,Barwessa Ward,BARINGO,Baringo North Sub County,OlKUTmnTY57,vvOK1BxTbet,bqtTmWcikTN,23986.0,2016-03-31,2019-04-12,historical_crosswalk_baseline
HDX_ARC_WARDS_1450,hOymt7wmmCI,789,Kabartonjo Ward,BARINGO,Baringo North Sub County,hOymt7wmmCI,vvOK1BxTbet,bqtTmWcikTN,19092.0,2016-03-31,2019-04-12,historical_crosswalk_baseline
HDX_ARC_WARDS_1450,PS4XNPha7bO,790,Saimoi/kipsaraman Ward,BARINGO,Baringo North Sub County,PS4XNPha7bO,vvOK1BxTbet,bqtTmWcikTN,21046.0,2016-03-31,2019-04-12,historical_crosswalk_baseline
HDX_ARC_WARDS_1450,SRnkv6Fgvoh,791,Saimo/soi Ward,BARINGO,Baringo North Sub County,SRnkv6Fgvoh,vvOK1BxTbet,bqtTmWcikTN,17814.0,2016-03-31,2019-04-12,historical_crosswalk_baseline
HDX_ARC_WARDS_1450,Tdyu1iQYirq,792,Bartabwa Ward,BARINGO,Baringo North Sub County,Tdyu1iQYirq,vvOK1BxTbet,bqtTmWcikTN,11851.0,2016-03-31,2019-04-12,historical_crosswalk_baseline
HDX_ARC_WARDS_1450,Kn2aiEXbw5B,793,Kabarnet Ward,BARINGO,Baringo Central Sub County,Kn2aiEXbw5B,vvOK1BxTbet,k7Rj54u6dMx,23430.0,2016-03-31,2019-04-12,historical_crosswalk_baseline
HDX_ARC_WARDS_1450,ZWRytukDvQ7,2025,South C Ward,Nairobi,Langata  Sub County,ZWRytukDvQ7,jkG3zaihdSs,aTGYlhEw2Xx,47202.0,2016-03-31,2019-04-12,historical_crosswalk_baseline
HDX_ARC_WARDS_1450,l7Lt0CsaQGl,795,Tenges Ward,BARINGO,Baringo Central Sub County,l7Lt0CsaQGl,vvOK1BxTbet,k7Rj54u6dMx,9567.0,2016-03-31,2019-04-12,historical_crosswalk_baseline
HDX_ARC_WARDS_1450,Uq1zAqIJXv3,796,Ewalel/chapchap Ward,BARINGO,Baringo Central Sub County,Uq1zAqIJXv3,vvOK1BxTbet,k7Rj54u6dMx,17021.0,2016-03-31,2019-04-12,historical_crosswalk_baseline
HDX_ARC_WARDS_1450,er24ckvh14d,797,Kapropita Ward,BARINGO,Baringo Central Sub County,er24ckvh14d,vvOK1BxTbet,k7Rj54u6dMx,16232.0,2016-03-31,2019-04-12,historical_crosswalk_baseline
HDX_ARC_WARDS_1450,bVD6U8Bf6As,798,Marigat Ward,BARINGO,Marigat Sub County,bVD6U8Bf6As,vvOK1BxTbet,dSLnPmNlm8Q,27669.0,2016-03-31,2019-04-12,historical_crosswalk_baseline
HDX_ARC_WARDS_1450,zI7CuvCQcos,799,Iichamus Ward,BARINGO,Marigat Sub County,zI7CuvCQcos,vvOK1BxTbet,dSLnPmNlm8Q,16000.0,2016-03-31,2019-04-12,historical_crosswalk_baseline
HDX_ARC_WARDS_1450,RUfWwfXjF1B,800,Mochongoi Ward,BARINGO,Marigat Sub County,RUfWwfXjF1B,vvOK1BxTbet,dSLnPmNlm8Q,27699.0,2016-03-31,2019-04-12,historical_crosswalk_baseline
HDX_ARC_WARDS_1450,IDtR0R9o2Q4,2026,Nyayo Highrise Ward,Nairobi,Langata  Sub County,IDtR0R9o2Q4,jkG3zaihdSs,aTGYlhEw2Xx,24191.0,2016-03-31,2019-04-12,historical_crosswalk_baseline
HDX_ARC_WARDS_1450,sFC62axqvzl,2027,Laini Saba Ward,Nairobi,Kibra  Sub County,sFC62axqvzl,jkG3zaihdSs,LO5he3DtiFG,28182.0,2016-03-31,2019-04-12,historical_crosswalk_baseline
HDX_ARC_WARDS_1450,gV7ZuBU4q7U,930,Mosiro Ward,KAJIADO,Kajiado West Sub County,gV7ZuBU4q7U,Hsk1YV8kHkT,wYsCfCAUWNB,5692.0,2016-03-31,2019-04-12,historical_crosswalk_baseline
HDX_ARC_WARDS_1450,u3IXGUmWgZ2,931,Entonet/lenkism Ward,KAJIADO,Loitokitok Sub County,u3IXGUmWgZ2,Hsk1YV8kHkT,eyADpAXM834,23779.0,2016-03-31,2019-04-12,historical_crosswalk_baseline
HDX_ARC_WARDS_1450,fBbEs297NMY,932,Imbrikani/eselelnkei Ward,KAJIADO,Loitokitok Sub County,fBbEs297NMY,Hsk1YV8kHkT,eyADpAXM834,18617.0,2016-03-31,2019-04-12,historical_crosswalk_baseline
HDX_ARC_WARDS_1450,aLPl4YD1hzh,933,Kuku Ward,KAJIADO,Loitokitok Sub County,aLPl4YD1hzh,Hsk1YV8kHkT,eyADpAXM834,37147.0,2016-03-31,2019-04-12,historical_crosswalk_baseline
HDX_ARC_WARDS_1450,Zk0ZFibhfaI,934,Rombo Ward,KAJIADO,Loitokitok Sub County,Zk0ZFibhfaI,Hsk1YV8kHkT,eyADpAXM834,37604.0,2016-03-31,2019-04-12,historical_crosswalk_baseline
HDX_ARC_WARDS_1450,taVVtCXxo50,2028,Lindi Ward,Nairobi,Kibra  Sub County,taVVtCXxo50,jkG3zaihdSs,LO5he3DtiFG,52521.0,2016-03-31,2019-04-12,historical_crosswalk_baseline
HDX_ARC_WARDS_1450,hnO1LFuQFvR,936,Londiani Ward,KERICHO,Kipkelion East Sub County,hnO1LFuQFvR,ihZsJ8alvtb,gU0Cz7Qlfss,24553.0,2016-03-31,2019-04-12,historical_crosswalk_baseline
HDX_ARC_WARDS_1450,tZfKaFDQcdW,2029,Makina Ward,Nairobi,Kibra  Sub County,tZfKaFDQcdW,jkG3zaihdSs,LO5he3DtiFG,35028.0,2016-03-31,2019-04-12,historical_crosswalk_baseline
HDX_ARC_WARDS_1450,dYniZG1Q7Tk,2031,Sarang'ombe Ward,Nairobi,Kibra  Sub County,dYniZG1Q7Tk,jkG3zaihdSs,LO5he3DtiFG,54347.0,2016-03-31,2019-04-12,historical_crosswalk_baseline
HDX_ARC_WARDS_1450,FNDsOKdbWTO,2032,Githurai Ward,Nairobi,Roysambu  Sub County,FNDsOKdbWTO,jkG3zaihdSs,j7GpbairCOi,47188.0,2016-03-31,2019-04-12,historical_crosswalk_baseline
HDX_ARC_WARDS_1450,gJel307q0y1,2033,Kahawa West,Nairobi,Roysambu  Sub County,gJel307q0y1,jkG3zaihdSs,j7GpbairCOi,39994.0,2016-03-31,2019-04-12,historical_crosswalk_baseline
HDX_ARC_WARDS_1450,ihmR2IRWnpi,2036,Kahawa,Nairobi,Roysambu  Sub County,ihmR2IRWnpi,jkG3zaihdSs,j7GpbairCOi,25265.0,2016-03-31,2019-04-12,historical_crosswalk_baseline
HDX_ARC_WARDS_1450,bF28Xs26tXA,2037,Clay City,Nairobi,Kasarani  Sub County,bF28Xs26tXA,jkG3zaihdSs,FoqzDgIByL6,39963.0,2016-03-31,2019-04-12,historical_crosswalk_baseline
HDX_ARC_WARDS_1450,aZGmpSZ2M0H,2040,Njiru Ward,Nairobi,Kasarani  Sub County,aZGmpSZ2M0H,jkG3zaihdSs,FoqzDgIByL6,34523.0,2016-03-31,2019-04-12,historical_crosswalk_baseline
HDX_ARC_WARDS_1450,wskDg8KQ0v3,2041,Ruai Ward,Nairobi,Kasarani  Sub County,wskDg8KQ0v3,jkG3zaihdSs,FoqzDgIByL6,35961.0,2016-03-31,2019-04-12,historical_crosswalk_baseline
HDX_ARC_WARDS_1450,OObzseEJrMs,2042,Babandogo,Nairobi,Ruaraka  Sub County,OObzseEJrMs,jkG3zaihdSs,Cc8uEFkzfVf,40036.0,2016-03-31,2019-04-12,historical_crosswalk_baseline
HDX_ARC_WARDS_1450,r1YlC9GTC4S,2043,Utalii Ward,Nairobi,Ruaraka  Sub County,r1YlC9GTC4S,jkG3zaihdSs,Cc8uEFkzfVf,36275.0,2016-03-31,2019-04-12,historical_crosswalk_baseline
HDX_ARC_WARDS_1450,XnWPNKPDxxo,2048,Kwa Njenga Ward,Nairobi,Embakasi South Sub County,XnWPNKPDxxo,jkG3zaihdSs,aDp1odOWYC1,24359.0,2016-03-31,2019-04-12,historical_crosswalk_baseline
HDX_ARC_WARDS_1450,rj9COmxBpVr,2056,Dandora Area Iv Ward,Nairobi,Embakasi North Sub County,rj9COmxBpVr,jkG3zaihdSs,SSz1iOv28Jk,45567.0,2016-03-31,2019-04-12,historical_crosswalk_baseline
HDX_ARC_WARDS_1450,HvcGWkiIxjp,2049,Kwa Reuben Ward,Nairobi,Embakasi South Sub County,HvcGWkiIxjp,jkG3zaihdSs,aDp1odOWYC1,26015.0,2016-03-31,2019-04-12,historical_crosswalk_baseline
HDX_ARC_WARDS_1450,Zmv9YmuisYs,2067,Umoja I Ward,Nairobi,Embakasi West Sub County,Zmv9YmuisYs,jkG3zaihdSs,aCwUX5V42Zz,47811.0,2016-03-31,2019-04-12,historical_crosswalk_baseline
HDX_ARC_WARDS_1450,A1sIHVzJM77,2051,Kware Ward,Nairobi,Embakasi South Sub County,A1sIHVzJM77,jkG3zaihdSs,aDp1odOWYC1,23829.0,2016-03-31,2019-04-12,historical_crosswalk_baseline
HDX_ARC_WARDS_1450,YMBLUc2euxC,2052,Kariobangi North Ward,Nairobi,Embakasi North Sub County,YMBLUc2euxC,jkG3zaihdSs,SSz1iOv28Jk,39342.0,2016-03-31,2019-04-12,historical_crosswalk_baseline
HDX_ARC_WARDS_1450,Qusks6YHAmd,2053,Dandora Area I Ward,Nairobi,Embakasi North Sub County,Qusks6YHAmd,jkG3zaihdSs,SSz1iOv28Jk,22802.0,2016-03-31,2019-04-12,historical_crosswalk_baseline
HDX_ARC_WARDS_1450,KhxCmDKgYMT,2054,Dandora Area Ii Ward,Nairobi,Embakasi North Sub County,KhxCmDKgYMT,jkG3zaihdSs,SSz1iOv28Jk,33675.0,2016-03-31,2019-04-12,historical_crosswalk_baseline
HDX_ARC_WARDS_1450,UrLRfZeC3Oq,2055,Dandora Area Iii Ward,Nairobi,Embakasi North Sub County,UrLRfZeC3Oq,jkG3zaihdSs,SSz1iOv28Jk,40002.0,2016-03-31,2019-04-12,historical_crosswalk_baseline
HDX_ARC_WARDS_1450,ETN4UDiD5y5,2057,Kayole North Ward,Nairobi,Embakasi Central Sub County,ETN4UDiD5y5,jkG3zaihdSs,XvpLXU47BKs,39292.0,2016-03-31,2019-04-12,historical_crosswalk_baseline
HDX_ARC_WARDS_1450,BMzkWPbVOCH,2058,Kayole Central Ward,Nairobi,Embakasi Central Sub County,BMzkWPbVOCH,jkG3zaihdSs,XvpLXU47BKs,50712.0,2016-03-31,2019-04-12,historical_crosswalk_baseline
HDX_ARC_WARDS_1450,ivNrlSMRNra,2068,Umoja Ii Ward,Nairobi,Embakasi West Sub County,ivNrlSMRNra,jkG3zaihdSs,aCwUX5V42Zz,53666.0,2016-03-31,2019-04-12,historical_crosswalk_baseline
HDX_ARC_WARDS_1450,UJlaR99kRxm,2059,Kayole South Ward,Nairobi,Embakasi Central Sub County,UJlaR99kRxm,jkG3zaihdSs,XvpLXU47BKs,50317.0,2016-03-31,2019-04-12,historical_crosswalk_baseline
HDX_ARC_WARDS_1450,ov2muONmDh8,2074,Makongeni Ward,Nairobi,Makadara  Sub County,ov2muONmDh8,jkG3zaihdSs,wwROy3Qkwin,31022.0,2016-03-31,2019-04-12,historical_crosswalk_baseline
HDX_ARC_WARDS_1450,I6S3XcUsF34,2060,Komarock Ward,Nairobi,Embakasi Central Sub County,I6S3XcUsF34,jkG3zaihdSs,XvpLXU47BKs,35628.0,2016-03-31,2019-04-12,historical_crosswalk_baseline
HDX_ARC_WARDS_1450,xhXsdnqx3eX,2061,Matopeni/spring Valley Ward,Nairobi,Embakasi Central Sub County,xhXsdnqx3eX,jkG3zaihdSs,XvpLXU47BKs,14930.0,2016-03-31,2019-04-12,historical_crosswalk_baseline
HDX_ARC_WARDS_1450,i1zR9ESXM9L,2076,Eastleigh North Ward,Nairobi,Kamukunji  Sub County,i1zR9ESXM9L,jkG3zaihdSs,qoLIT7y5f5c,43258.0,2016-03-31,2019-04-12,historical_crosswalk_baseline
HDX_ARC_WARDS_1450,OaqOHmb6jNs,2062,Upper Savanna Ward,Nairobi,Embakasi East Sub County,OaqOHmb6jNs,jkG3zaihdSs,gD4xxgDGJ4Y,45137.0,2016-03-31,2019-04-12,historical_crosswalk_baseline
HDX_ARC_WARDS_1450,ujYuDykrrXi,2069,Mowlem Ward,Nairobi,Embakasi West Sub County,ujYuDykrrXi,jkG3zaihdSs,aCwUX5V42Zz,22953.0,2016-03-31,2019-04-12,historical_crosswalk_baseline
HDX_ARC_WARDS_1450,WJ020FJI9yB,2070,Kariobangi South Ward,Nairobi,Embakasi West Sub County,WJ020FJI9yB,jkG3zaihdSs,aCwUX5V42Zz,33036.0,2016-03-31,2019-04-12,historical_crosswalk_baseline
HDX_ARC_WARDS_1450,Ao5e4mVaq7w,2071,Maringo/hamza Ward,Nairobi,Makadara  Sub County,Ao5e4mVaq7w,jkG3zaihdSs,wwROy3Qkwin,52293.0,2016-03-31,2019-04-12,historical_crosswalk_baseline
HDX_ARC_WARDS_1450,X1eiwwCQwbI,693,Nabiswa Ward,TRANS NZOIA,Kiminini  Sub County,X1eiwwCQwbI,mThvosEflAU,pzZHpL2ueIn,38731.0,2016-03-31,2019-04-12,historical_crosswalk_baseline
HDX_ARC_WARDS_1450,LR8RoEpERGM,2079,California Ward,Nairobi,Kamukunji  Sub County,LR8RoEpERGM,jkG3zaihdSs,qoLIT7y5f5c,21699.0,2016-03-31,2019-04-12,historical_crosswalk_baseline
HDX_ARC_WARDS_1450,x6E428s1HPf,2075,Pumwani Ward,Nairobi,Kamukunji  Sub County,x6E428s1HPf,jkG3zaihdSs,qoLIT7y5f5c,37602.0,2016-03-31,2019-04-12,historical_crosswalk_baseline
HDX_ARC_WARDS_1450,hHfS8R69bEH,694,Sinyerere Ward,TRANS NZOIA,Cherangany Sub County,hHfS8R69bEH,mThvosEflAU,f18kGo9yXWo,25890.0,2016-03-31,2019-04-12,historical_crosswalk_baseline
HDX_ARC_WARDS_1450,t4Suo8Enc7T,2078,Airbase Ward,Nairobi,Kamukunji  Sub County,t4Suo8Enc7T,jkG3zaihdSs,qoLIT7y5f5c,43168.0,2016-03-31,2019-04-12,historical_crosswalk_baseline
HDX_ARC_WARDS_1450,sxXb2Lcz396,133,Iftin Ward,GARISSA,Garissa Sub County,sxXb2Lcz396,uyOrcHZBpW0,lQkHbTC1iRg,22349.0,2016-03-31,2019-04-12,historical_crosswalk_baseline
HDX_ARC_WARDS_1450,KJHG9zDp2UR,2080,Nairobi Central Ward,Nairobi,Starehe  Sub County,KJHG9zDp2UR,jkG3zaihdSs,nKHlZyN0lt9,13328.0,2016-03-31,2019-04-12,historical_crosswalk_baseline
HDX_ARC_WARDS_1450,s9YsYYqvjAs,146,Dertu Ward,GARISSA,Dadaab Sub County,s9YsYYqvjAs,uyOrcHZBpW0,EW4Jw4dVWBt,15013.0,2016-03-31,2019-04-12,historical_crosswalk_baseline
HDX_ARC_WARDS_1450,MG7qx3dHgee,147,Dadaab Ward,GARISSA,Dadaab Sub County,MG7qx3dHgee,uyOrcHZBpW0,EW4Jw4dVWBt,60390.0,2016-03-31,2019-04-12,historical_crosswalk_baseline
HDX_ARC_WARDS_1450,IqrzDYsRJpA,148,LABISGALE Ward,GARISSA,Dadaab Sub County,IqrzDYsRJpA,uyOrcHZBpW0,EW4Jw4dVWBt,43741.0,2016-03-31,2019-04-12,historical_crosswalk_baseline
HDX_ARC_WARDS_1450,Iz7ISZHUk3Q,149,Damajale Ward,GARISSA,Dadaab Sub County,Iz7ISZHUk3Q,uyOrcHZBpW0,EW4Jw4dVWBt,9469.0,2016-03-31,2019-04-12,historical_crosswalk_baseline
HDX_ARC_WARDS_1450,OazP6bDZAb4,150,Liboi Ward,GARISSA,Dadaab Sub County,OazP6bDZAb4,uyOrcHZBpW0,EW4Jw4dVWBt,11440.0,2016-03-31,2019-04-12,historical_crosswalk_baseline
HDX_ARC_WARDS_1450,Mn7xPHjxcxb,151,Abakaile Ward,GARISSA,Dadaab Sub County,Mn7xPHjxcxb,uyOrcHZBpW0,EW4Jw4dVWBt,12434.0,2016-03-31,2019-04-12,historical_crosswalk_baseline
HDX_ARC_WARDS_1450,ojy9ffncq0R,756,Terik Ward,NANDI,Aldai Sub County,ojy9ffncq0R,t0J75eHKxz5,Sq2fLWnOCGg,20456.0,2016-03-31,2019-04-12,historical_crosswalk_baseline
HDX_ARC_WARDS_1450,QKZyfxaG8EJ,2081,Ngara Ward Ward,Nairobi,Starehe  Sub County,QKZyfxaG8EJ,jkG3zaihdSs,nKHlZyN0lt9,25354.0,2016-03-31,2019-04-12,historical_crosswalk_baseline
HDX_ARC_WARDS_1450,DR0BSs3eYeC,2082,Pangani Ward,Nairobi,Starehe  Sub County,DR0BSs3eYeC,jkG3zaihdSs,nKHlZyN0lt9,37062.0,2016-03-31,2019-04-12,historical_crosswalk_baseline
HDX_ARC_WARDS_1450,nRw6kIlJ23L,2083,Ziwani/kariokor,Nairobi,Starehe  Sub County,nRw6kIlJ23L,jkG3zaihdSs,nKHlZyN0lt9,10488.0,2016-03-31,2019-04-12,historical_crosswalk_baseline
HDX_ARC_WARDS_1450,QzN4B49WE91,2086,Hospital Ward,Nairobi,Mathare  Sub County,QzN4B49WE91,jkG3zaihdSs,gh2kzpOFCeF,20463.0,2016-03-31,2019-04-12,historical_crosswalk_baseline
HDX_ARC_WARDS_1450,rD8Z7AgYLaS,2087,Mabatini Ward,Nairobi,Mathare  Sub County,rD8Z7AgYLaS,jkG3zaihdSs,gh2kzpOFCeF,28260.0,2016-03-31,2019-04-12,historical_crosswalk_baseline
HDX_ARC_WARDS_1450,tsmsPb6qMFa,2089,Ngei Ward,Nairobi,Mathare  Sub County,tsmsPb6qMFa,jkG3zaihdSs,gh2kzpOFCeF,34523.0,2016-03-31,2019-04-12,historical_crosswalk_baseline
HDX_ARC_WARDS_1450,lvETWuhiIMi,2090,Mlango Kubwa,Nairobi,Mathare  Sub County,lvETWuhiIMi,jkG3zaihdSs,gh2kzpOFCeF,38374.0,2016-03-31,2019-04-12,historical_crosswalk_baseline
HDX_ARC_WARDS_1450,tgAB60BL0u9,2091,Kiamaiko Ward,Nairobi,Mathare  Sub County,tgAB60BL0u9,jkG3zaihdSs,gh2kzpOFCeF,33824.0,2016-03-31,2019-04-12,historical_crosswalk_baseline
HDX_ARC_WARDS_1450,TpTOC5VcUGe,2092,Kitisuru Ward,Nairobi,Westlands  Sub County,TpTOC5VcUGe,jkG3zaihdSs,f1T0Ltob8VQ,31242.0,2016-03-31,2019-04-12,historical_crosswalk_baseline
HDX_ARC_WARDS_1450,lJIdDl7HaCT,2093,Kanyenya-ini Ward,Muranga,Kangema Sub County,lJIdDl7HaCT,ahwTMNAJvrL,U9CLTNIwehR,23192.0,2016-03-31,2019-04-12,historical_crosswalk_baseline
HDX_ARC_WARDS_1450,Mdn0FWVc1MX,2094,Muguru Ward,Muranga,Kangema Sub County,Mdn0FWVc1MX,ahwTMNAJvrL,U9CLTNIwehR,34524.0,2016-03-31,2019-04-12,historical_crosswalk_baseline
HDX_ARC_WARDS_1450,UYC51WCz1R2,2095,Rwathia Ward,Muranga,Kangema Sub County,UYC51WCz1R2,ahwTMNAJvrL,U9CLTNIwehR,19272.0,2016-03-31,2019-04-12,historical_crosswalk_baseline
HDX_ARC_WARDS_1450,UgrVrVp78rA,2096,Gitugi Ward,Muranga,Mathioya Sub County,UgrVrVp78rA,ahwTMNAJvrL,u7Gkh63FYe4,33731.0,2016-03-31,2019-04-12,historical_crosswalk_baseline
HDX_ARC_WARDS_1450,bvqz4r93cJm,168,Wagberi Ward,WAJIR,Wajir East Sub County,bvqz4r93cJm,CeLsrJOH0g9,uov0yFMw9Qm,23381.0,2016-03-31,2019-04-12,historical_crosswalk_baseline
HDX_ARC_WARDS_1450,ymhb4pW8ryv,2151,Ngeria Ward,Uasin Gishu,Kapseret Sub County,ymhb4pW8ryv,pZqQRRW7PHP,u9yagZzK49q,17347.0,2016-03-31,2019-04-12,historical_crosswalk_baseline
HDX_ARC_WARDS_1450,ZBnsczLPwr2,2153,Langas Ward,Uasin Gishu,Kapseret Sub County,ZBnsczLPwr2,pZqQRRW7PHP,u9yagZzK49q,51041.0,2016-03-31,2019-04-12,historical_crosswalk_baseline
HDX_ARC_WARDS_1450,jJEKwJhftfv,181,Eldas Ward,WAJIR,Eldas Sub County,jJEKwJhftfv,CeLsrJOH0g9,x6Z1sBeiyqQ,19322.0,2016-03-31,2019-04-12,historical_crosswalk_baseline
HDX_ARC_WARDS_1450,ydfRAgF1oDr,2154,Racecourse Ward,Uasin Gishu,Kesses Sub County,ydfRAgF1oDr,pZqQRRW7PHP,dKHnvt7gleN,22028.0,2016-03-31,2019-04-12,historical_crosswalk_baseline
HDX_ARC_WARDS_1450,ydWuSvAtVs1,2155,Cheptiret/kipchamo Ward,Uasin Gishu,Kesses Sub County,ydWuSvAtVs1,pZqQRRW7PHP,dKHnvt7gleN,27657.0,2016-03-31,2019-04-12,historical_crosswalk_baseline
HDX_ARC_WARDS_1450,M2Y9JtFNd0u,2156,Tulwet/chiyat Ward,Uasin Gishu,Kesses Sub County,M2Y9JtFNd0u,pZqQRRW7PHP,dKHnvt7gleN,41084.0,2016-03-31,2019-04-12,historical_crosswalk_baseline
HDX_ARC_WARDS_1450,HrhIAUzgxqq,2157,Tarakwa Ward,Uasin Gishu,Kesses Sub County,HrhIAUzgxqq,pZqQRRW7PHP,dKHnvt7gleN,37683.0,2016-03-31,2019-04-12,historical_crosswalk_baseline
HDX_ARC_WARDS_1450,kqTPEb1RsMy,152,Bura Ward,GARISSA,Fafi Sub County,kqTPEb1RsMy,uyOrcHZBpW0,RScEHA3V38d,5316.0,2016-03-31,2019-04-12,historical_crosswalk_baseline
HDX_ARC_WARDS_1450,D9H082cdWsj,2167,Kapsasian Ward,Narok,Transmara East Sub County,D9H082cdWsj,kqJ83J2D72s,PGTkGnIAZuy,23405.0,2016-03-31,2019-04-12,historical_crosswalk_baseline
HDX_ARC_WARDS_1450,gzHtPrtr6nU,2168,Olposimoru Ward,Narok,Narok North Sub County,gzHtPrtr6nU,kqJ83J2D72s,fNROL0qm8De,20035.0,2016-03-31,2019-04-12,historical_crosswalk_baseline
HDX_ARC_WARDS_1450,pTkgy00IQrp,2169,Olokurto Ward,Narok,Narok North Sub County,pTkgy00IQrp,kqJ83J2D72s,fNROL0qm8De,21045.0,2016-03-31,2019-04-12,historical_crosswalk_baseline
HDX_ARC_WARDS_1450,MAdyJPs0RUr,2170,Narok Town Ward,Narok,Narok North Sub County,MAdyJPs0RUr,kqJ83J2D72s,fNROL0qm8De,47517.0,2016-03-31,2019-04-12,historical_crosswalk_baseline
HDX_ARC_WARDS_1450,zoVBqNpy6Sw,2171,Nkareta Ward,Narok,Narok North Sub County,zoVBqNpy6Sw,kqJ83J2D72s,fNROL0qm8De,20206.0,2016-03-31,2019-04-12,historical_crosswalk_baseline
HDX_ARC_WARDS_1450,FpUMvmJqkG2,182,Della Ward,WAJIR,Eldas Sub County,FpUMvmJqkG2,CeLsrJOH0g9,x6Z1sBeiyqQ,21080.0,2016-03-31,2019-04-12,historical_crosswalk_baseline
HDX_ARC_WARDS_1450,qLYEefMIqQ0,186,Dadaja bulla Ward,WAJIR,Wajir South Sub County,qLYEefMIqQ0,CeLsrJOH0g9,U7KFQn3Up3o,8693.0,2016-03-31,2019-04-12,historical_crosswalk_baseline
HDX_ARC_WARDS_1450,HO38wbafDJg,187,Habasswein Ward,WAJIR,Wajir South Sub County,HO38wbafDJg,CeLsrJOH0g9,U7KFQn3Up3o,27968.0,2016-03-31,2019-04-12,historical_crosswalk_baseline
HDX_ARC_WARDS_1450,feWwmqlVMEq,188,Lagboghoi south Ward,WAJIR,Wajir South Sub County,feWwmqlVMEq,CeLsrJOH0g9,U7KFQn3Up3o,22631.0,2016-03-31,2019-04-12,historical_crosswalk_baseline
HDX_ARC_WARDS_1450,AJKSRemTmee,2205,Uthiru Ward,Kiambu,Kabete Sub County,AJKSRemTmee,qKzosKQPl6G,lb5LzWiUX8Y,24295.0,2016-03-31,2019-04-12,historical_crosswalk_baseline
HDX_ARC_WARDS_1450,rdJwRuqqUHC,2206,Karai,Kiambu,Kikuyu Sub County,rdJwRuqqUHC,qKzosKQPl6G,jOVcLeZQSsS,20420.0,2016-03-31,2019-04-12,historical_crosswalk_baseline
HDX_ARC_WARDS_1450,gFLRh6j7pBd,2207,Nachu Ward,Kiambu,Kikuyu Sub County,gFLRh6j7pBd,qKzosKQPl6G,jOVcLeZQSsS,18655.0,2016-03-31,2019-04-12,historical_crosswalk_baseline
HDX_ARC_WARDS_1450,Rm2JR4F01rw,2208,Sigona Ward,Kiambu,Kikuyu Sub County,Rm2JR4F01rw,qKzosKQPl6G,jOVcLeZQSsS,26823.0,2016-03-31,2019-04-12,historical_crosswalk_baseline
HDX_ARC_WARDS_1450,cbYznphRVBi,2209,Kikuyu Ward,Kiambu,Kikuyu Sub County,cbYznphRVBi,qKzosKQPl6G,jOVcLeZQSsS,32422.0,2016-03-31,2019-04-12,historical_crosswalk_baseline
HDX_ARC_WARDS_1450,WoFjxj90Kle,2210,Kinoo,Kiambu,Kikuyu Sub County,WoFjxj90Kle,qKzosKQPl6G,jOVcLeZQSsS,27082.0,2016-03-31,2019-04-12,historical_crosswalk_baseline
HDX_ARC_WARDS_1450,cSNzNEfbQfk,2211,Bibirioni Ward,Kiambu,Limuru Sub County,cSNzNEfbQfk,qKzosKQPl6G,xhVi71INcFs,21202.0,2016-03-31,2019-04-12,historical_crosswalk_baseline
HDX_ARC_WARDS_1450,DwOhEdMGpB7,2212,Limuru Central Ward,Kiambu,Limuru Sub County,DwOhEdMGpB7,qKzosKQPl6G,xhVi71INcFs,31211.0,2016-03-31,2019-04-12,historical_crosswalk_baseline
HDX_ARC_WARDS_1450,lRFhjTLImNu,2213,Ndeiya Ward,Kiambu,Limuru Sub County,lRFhjTLImNu,qKzosKQPl6G,xhVi71INcFs,26387.0,2016-03-31,2019-04-12,historical_crosswalk_baseline
HDX_ARC_WARDS_1450,JbltwguSYWn,2214,Limuru East Ward,Kiambu,Limuru Sub County,JbltwguSYWn,qKzosKQPl6G,xhVi71INcFs,28348.0,2016-03-31,2019-04-12,historical_crosswalk_baseline
HDX_ARC_WARDS_1450,tp0mFiSv7ar,2215,Ngecha Tigoni Ward,Kiambu,Limuru Sub County,tp0mFiSv7ar,qKzosKQPl6G,xhVi71INcFs,23984.0,2016-03-31,2019-04-12,historical_crosswalk_baseline
HDX_ARC_WARDS_1450,RXFwsNh7egy,153,Dekaharia Ward,GARISSA,Fafi Sub County,RXFwsNh7egy,uyOrcHZBpW0,RScEHA3V38d,9522.0,2016-03-31,2019-04-12,historical_crosswalk_baseline
HDX_ARC_WARDS_1450,jXyH8e9KzGe,190,Diif Ward,WAJIR,Wajir South Sub County,jXyH8e9KzGe,CeLsrJOH0g9,U7KFQn3Up3o,15692.0,2016-03-31,2019-04-12,historical_crosswalk_baseline
HDX_ARC_WARDS_1450,uQXYQokmIzX,2240,Biashara Ward,Kiambu,Ruiru Sub County,uQXYQokmIzX,qKzosKQPl6G,TPRNJqSm4lK,41596.0,2016-03-31,2019-04-12,historical_crosswalk_baseline
HDX_ARC_WARDS_1450,Om9OC4PNQJo,308,Nkondi Ward,THARAKA-NITHI,Tharaka South Sub County,Om9OC4PNQJo,T4urHM47nlm,Yz1V5Cx8CO2,15574.0,2016-03-31,2019-04-12,historical_crosswalk_baseline
HDX_ARC_WARDS_1450,rZ0Io1sU38M,309,Chiakagira Ward,THARAKA-NITHI,Tharaka South Sub County,rZ0Io1sU38M,T4urHM47nlm,Yz1V5Cx8CO2,34679.0,2016-03-31,2019-04-12,historical_crosswalk_baseline
HDX_ARC_WARDS_1450,IcAegRcGuV6,310,Marimanti Ward,THARAKA-NITHI,Tharaka South Sub County,IcAegRcGuV6,T4urHM47nlm,Yz1V5Cx8CO2,29869.0,2016-03-31,2019-04-12,historical_crosswalk_baseline
HDX_ARC_WARDS_1450,ncD8mIBXHRn,311,Ruguru-Ngandori Ward,EMBU,Manyatta  Sub County,ncD8mIBXHRn,PFu8alU2KWG,IPOMRXiYjxr,27925.0,2016-03-31,2019-04-12,historical_crosswalk_baseline
HDX_ARC_WARDS_1450,lMTHF7AFCSP,312,Kithimu Ward,EMBU,Manyatta  Sub County,lMTHF7AFCSP,PFu8alU2KWG,IPOMRXiYjxr,18999.0,2016-03-31,2019-04-12,historical_crosswalk_baseline
HDX_ARC_WARDS_1450,juDN8sSnk3O,313,Nginda Ward,EMBU,Manyatta  Sub County,juDN8sSnk3O,PFu8alU2KWG,IPOMRXiYjxr,28511.0,2016-03-31,2019-04-12,historical_crosswalk_baseline
HDX_ARC_WARDS_1450,vEAFtHnPDrX,314,Mbeti north Ward,EMBU,Manyatta  Sub County,vEAFtHnPDrX,PFu8alU2KWG,IPOMRXiYjxr,33468.0,2016-03-31,2019-04-12,historical_crosswalk_baseline
HDX_ARC_WARDS_1450,GjGpfHjSGbO,315,Kirimari Ward,EMBU,Manyatta  Sub County,GjGpfHjSGbO,PFu8alU2KWG,IPOMRXiYjxr,32185.0,2016-03-31,2019-04-12,historical_crosswalk_baseline
HDX_ARC_WARDS_1450,FUD1yUgctME,316,Gaturi south Ward,EMBU,Manyatta  Sub County,FUD1yUgctME,PFu8alU2KWG,IPOMRXiYjxr,13544.0,2016-03-31,2019-04-12,historical_crosswalk_baseline
HDX_ARC_WARDS_1450,s3eywuLj65m,317,Gaturi north Ward,EMBU,Manyatta  Sub County,s3eywuLj65m,PFu8alU2KWG,IPOMRXiYjxr,24398.0,2016-03-31,2019-04-12,historical_crosswalk_baseline
HDX_ARC_WARDS_1450,QpKvk4GkYRI,318,Kaagari South Ward,EMBU,Runyenjes  Sub County,QpKvk4GkYRI,PFu8alU2KWG,kMSLkN4nsRl,20426.0,2016-03-31,2019-04-12,historical_crosswalk_baseline
HDX_ARC_WARDS_1450,wZh1OhsZAK2,319,Central ward,EMBU,Runyenjes  Sub County,wZh1OhsZAK2,PFu8alU2KWG,kMSLkN4nsRl,23600.0,2016-03-31,2019-04-12,historical_crosswalk_baseline
HDX_ARC_WARDS_1450,kiVPb44vhiR,320,Kaagari North Ward,EMBU,Runyenjes  Sub County,kiVPb44vhiR,PFu8alU2KWG,kMSLkN4nsRl,24952.0,2016-03-31,2019-04-12,historical_crosswalk_baseline
HDX_ARC_WARDS_1450,Lc6GluslY9h,2242,Kahawa/sukari Ward,Kiambu,Ruiru Sub County,Lc6GluslY9h,qKzosKQPl6G,TPRNJqSm4lK,8744.0,2016-03-31,2019-04-12,historical_crosswalk_baseline
HDX_ARC_WARDS_1450,PN1D8Nm8ufZ,2244,Kiuu Ward,Kiambu,Ruiru Sub County,PN1D8Nm8ufZ,qKzosKQPl6G,TPRNJqSm4lK,46351.0,2016-03-31,2019-04-12,historical_crosswalk_baseline
HDX_ARC_WARDS_1450,zR0sWpigMWE,331,Ngomeni Ward,KITUI,Mwingi North Sub County,zR0sWpigMWE,j8o6iO4Njsi,KXM9VnhuLfP,18447.0,2016-03-31,2019-04-12,historical_crosswalk_baseline
HDX_ARC_WARDS_1450,WJLrTzwzXNb,332,Kyuso Ward,KITUI,Mwingi North Sub County,WJLrTzwzXNb,j8o6iO4Njsi,KXM9VnhuLfP,40375.0,2016-03-31,2019-04-12,historical_crosswalk_baseline
HDX_ARC_WARDS_1450,KoIp1GKz0UI,2245,Mwiki Ward,Kiambu,Ruiru Sub County,KoIp1GKz0UI,qKzosKQPl6G,TPRNJqSm4lK,44760.0,2016-03-31,2019-04-12,historical_crosswalk_baseline
HDX_ARC_WARDS_1450,dnLaU3RrCnp,2246,Mwihoko Ward,Kiambu,Ruiru Sub County,dnLaU3RrCnp,qKzosKQPl6G,TPRNJqSm4lK,11934.0,2016-03-31,2019-04-12,historical_crosswalk_baseline
HDX_ARC_WARDS_1450,NFNF57gkxbf,2247,Githunguri Ward,Kiambu,Githunguri Sub County,NFNF57gkxbf,qKzosKQPl6G,E7tkGikenbD,36378.0,2016-03-31,2019-04-12,historical_crosswalk_baseline
HDX_ARC_WARDS_1450,ygECklrrzGE,2248,Ndanai/abosi Ward,Bomet,Sotik Sub County,ygECklrrzGE,HMNARUV2CW4,KyuSYunELJI,37149.0,2016-03-31,2019-04-12,historical_crosswalk_baseline
HDX_ARC_WARDS_1450,LK2nY0OUCDG,2249,Chemagel Ward,Bomet,Sotik Sub County,LK2nY0OUCDG,HMNARUV2CW4,KyuSYunELJI,32234.0,2016-03-31,2019-04-12,historical_crosswalk_baseline
HDX_ARC_WARDS_1450,p5Z6myFYERX,2250,Kipsonoi Ward,Bomet,Sotik Sub County,p5Z6myFYERX,HMNARUV2CW4,KyuSYunELJI,32708.0,2016-03-31,2019-04-12,historical_crosswalk_baseline
HDX_ARC_WARDS_1450,G6aklDidwGe,2251,Kapletundo Ward,Bomet,Sotik Sub County,G6aklDidwGe,HMNARUV2CW4,KyuSYunELJI,40368.0,2016-03-31,2019-04-12,historical_crosswalk_baseline
HDX_ARC_WARDS_1450,Xj8EsCO27Jv,2252,Rongena/manaret Ward,Bomet,Sotik Sub County,Xj8EsCO27Jv,HMNARUV2CW4,KyuSYunELJI,24830.0,2016-03-31,2019-04-12,historical_crosswalk_baseline
HDX_ARC_WARDS_1450,IBgG8lef22L,2253,Kong'asis Ward,Bomet,Chepalungu Sub County,IBgG8lef22L,HMNARUV2CW4,PUhMyfDD2xp,29458.0,2016-03-31,2019-04-12,historical_crosswalk_baseline
HDX_ARC_WARDS_1450,mareBenlFqk,2254,Nyangores Ward,Bomet,Chepalungu Sub County,mareBenlFqk,HMNARUV2CW4,PUhMyfDD2xp,35420.0,2016-03-31,2019-04-12,historical_crosswalk_baseline
HDX_ARC_WARDS_1450,KFjbUWezAnU,2255,Sigor Ward,Bomet,Chepalungu Sub County,KFjbUWezAnU,HMNARUV2CW4,PUhMyfDD2xp,32818.0,2016-03-31,2019-04-12,historical_crosswalk_baseline
HDX_ARC_WARDS_1450,m6Ko9GT996i,2256,Chebunyo Ward,Bomet,Chepalungu Sub County,m6Ko9GT996i,HMNARUV2CW4,PUhMyfDD2xp,34922.0,2016-03-31,2019-04-12,historical_crosswalk_baseline
HDX_ARC_WARDS_1450,zxVl78P6p8i,2257,Siongiroi Ward,Bomet,Chepalungu Sub County,zxVl78P6p8i,HMNARUV2CW4,PUhMyfDD2xp,31215.0,2016-03-31,2019-04-12,historical_crosswalk_baseline
HDX_ARC_WARDS_1450,sp794D1MvxT,2258,Merigi Ward,Bomet,Bomet East Sub County,sp794D1MvxT,HMNARUV2CW4,OZNRpww2TUK,29062.0,2016-03-31,2019-04-12,historical_crosswalk_baseline
HDX_ARC_WARDS_1450,Va67VduPAgZ,2259,Kembu Ward,Bomet,Bomet East Sub County,Va67VduPAgZ,HMNARUV2CW4,OZNRpww2TUK,26992.0,2016-03-31,2019-04-12,historical_crosswalk_baseline
HDX_ARC_WARDS_1450,drrGwAxlRtW,2260,Longisa Ward,Bomet,Bomet East Sub County,drrGwAxlRtW,HMNARUV2CW4,OZNRpww2TUK,28365.0,2016-03-31,2019-04-12,historical_crosswalk_baseline
HDX_ARC_WARDS_1450,dDmN1rie0ij,2261,Kipreres  Ward,Bomet,Bomet East Sub County,dDmN1rie0ij,HMNARUV2CW4,OZNRpww2TUK,23272.0,2016-03-31,2019-04-12,historical_crosswalk_baseline
HDX_ARC_WARDS_1450,qj9Id3LgrGI,2262,Chemaner Ward,Bomet,Bomet East Sub County,qj9Id3LgrGI,HMNARUV2CW4,OZNRpww2TUK,19233.0,2016-03-31,2019-04-12,historical_crosswalk_baseline
HDX_ARC_WARDS_1450,tM4Bmyj48cN,2263,Silibwet Township Ward,Bomet,Bomet Central Sub County,tM4Bmyj48cN,HMNARUV2CW4,m9gdonbVXjZ,28017.0,2016-03-31,2019-04-12,historical_crosswalk_baseline
HDX_ARC_WARDS_1450,J4ZIAuamKlu,2264,Ndaraweta Ward,Bomet,Bomet Central Sub County,J4ZIAuamKlu,HMNARUV2CW4,m9gdonbVXjZ,22059.0,2016-03-31,2019-04-12,historical_crosswalk_baseline
HDX_ARC_WARDS_1450,wHeMr9JlYBi,2265,Singorwet Ward,Bomet,Bomet Central Sub County,wHeMr9JlYBi,HMNARUV2CW4,m9gdonbVXjZ,21795.0,2016-03-31,2019-04-12,historical_crosswalk_baseline
HDX_ARC_WARDS_1450,Nu4cnZtQHk8,2266,Chesoen Ward,Bomet,Bomet Central Sub County,Nu4cnZtQHk8,HMNARUV2CW4,m9gdonbVXjZ,34476.0,2016-03-31,2019-04-12,historical_crosswalk_baseline
HDX_ARC_WARDS_1450,g5eGcoROeya,2267,Mutarakwa  Ward,Bomet,Bomet Central Sub County,g5eGcoROeya,HMNARUV2CW4,m9gdonbVXjZ,20679.0,2016-03-31,2019-04-12,historical_crosswalk_baseline
HDX_ARC_WARDS_1450,uMqAPTG5rm0,2268,Chepchabas Ward,Bomet,Konoin Sub County,uMqAPTG5rm0,HMNARUV2CW4,PLFoYJO8MVS,25704.0,2016-03-31,2019-04-12,historical_crosswalk_baseline
HDX_ARC_WARDS_1450,EgSwrsgfIho,159,Ijara Ward,GARISSA,Ijara Sub County,EgSwrsgfIho,uyOrcHZBpW0,l5E6PiIUs1J,16055.0,2016-03-31,2019-04-12,historical_crosswalk_baseline
HDX_ARC_WARDS_1450,lZqCQuWJGTO,198,GUBA,MANDERA,BANISSA,lZqCQuWJGTO,R6f9znhg37c,hCvlJNjyZna,20068.0,2016-03-31,2019-04-12,historical_crosswalk_baseline
HDX_ARC_WARDS_1450,eLXthnYAfFd,199,MALKAMARI,MANDERA,BANISSA,eLXthnYAfFd,R6f9znhg37c,hCvlJNjyZna,27602.0,2016-03-31,2019-04-12,historical_crosswalk_baseline
HDX_ARC_WARDS_1450,SmP2VkWU2f9,88,Kipini west Ward,TANA RIVER,Garsen Sub County,SmP2VkWU2f9,JsH2bnvNt2d,Lj0mu9j58Ss,17999.0,2016-03-31,2019-04-12,historical_crosswalk_baseline
HDX_ARC_WARDS_1450,y1cIpVUXwUj,89,Garsen central Ward,TANA RIVER,Garsen Sub County,y1cIpVUXwUj,JsH2bnvNt2d,Lj0mu9j58Ss,14852.0,2016-03-31,2019-04-12,historical_crosswalk_baseline
HDX_ARC_WARDS_1450,urcMYGpY3xy,90,Garsen west Ward,TANA RIVER,Garsen Sub County,urcMYGpY3xy,JsH2bnvNt2d,Lj0mu9j58Ss,10716.0,2016-03-31,2019-04-12,historical_crosswalk_baseline
HDX_ARC_WARDS_1450,wXf275eEPuy,107,MKUNUMBI,LAMU,LAMU WEST,wXf275eEPuy,NjWSbQTwys4,Lfxw0DfD4jN,11724.0,2016-03-31,2019-04-12,historical_crosswalk_baseline
HDX_ARC_WARDS_1450,m7FYoouCqec,110,BAHARI,LAMU,LAMU WEST,m7FYoouCqec,NjWSbQTwys4,Lfxw0DfD4jN,15706.0,2016-03-31,2019-04-12,historical_crosswalk_baseline
HDX_ARC_WARDS_1450,vuSQ9fTFw30,194,DANDU,MANDERA,MANDERA WEST,vuSQ9fTFw30,R6f9znhg37c,H5RvDZkoDJL,37494.0,2016-03-31,2019-04-12,historical_crosswalk_baseline
HDX_ARC_WARDS_1450,eaH1r5sQTr0,195,GITHER,MANDERA,MANDERA WEST,eaH1r5sQTr0,R6f9znhg37c,H5RvDZkoDJL,33271.0,2016-03-31,2019-04-12,historical_crosswalk_baseline
HDX_ARC_WARDS_1450,ZEJu2asfUfk,200,KILIWAHERI,MANDERA,BANISSA,ZEJu2asfUfk,R6f9znhg37c,hCvlJNjyZna,33825.0,2016-03-31,2019-04-12,historical_crosswalk_baseline
HDX_ARC_WARDS_1450,h0htcHoe6tJ,209,ELWAK NORTH,MANDERA,MANDERA SOUTH,h0htcHoe6tJ,R6f9znhg37c,qyhVIMG2rUw,27347.0,2016-03-31,2019-04-12,historical_crosswalk_baseline
HDX_ARC_WARDS_1450,WJ7jJ5A1MjS,230,TURBI,MARSABIT,NORTH HORR,WJ7jJ5A1MjS,Eey8fT4Im3y,j6fqt5TYqPZ,10336.0,2016-03-31,2019-04-12,historical_crosswalk_baseline
HDX_ARC_WARDS_1450,aoySZ1KcDFN,109,WITU,LAMU,LAMU WEST,aoySZ1KcDFN,NjWSbQTwys4,Lfxw0DfD4jN,13105.0,2016-03-31,2019-04-12,historical_crosswalk_baseline
HDX_ARC_WARDS_1450,RaSqiM3lgfo,237,KARGI/SOUTH HORR,MARSABIT,LAISAMIS,RaSqiM3lgfo,Eey8fT4Im3y,eZpy65ooW0m,9753.0,2016-03-31,2019-04-12,historical_crosswalk_baseline
HDX_ARC_WARDS_1450,si4GkeAGSXo,238,KORR/NGURUNIT,MARSABIT,LAISAMIS,si4GkeAGSXo,Eey8fT4Im3y,eZpy65ooW0m,21305.0,2016-03-31,2019-04-12,historical_crosswalk_baseline
HDX_ARC_WARDS_1450,aLLewdAnspB,91,Garsen north Ward,TANA RIVER,Garsen Sub County,aLLewdAnspB,JsH2bnvNt2d,Lj0mu9j58Ss,17501.0,2016-03-31,2019-04-12,historical_crosswalk_baseline
HDX_ARC_WARDS_1450,ooyM9K6FAXE,239,LOGOLOGO,MARSABIT,LAISAMIS,ooyM9K6FAXE,Eey8fT4Im3y,eZpy65ooW0m,5144.0,2016-03-31,2019-04-12,historical_crosswalk_baseline
HDX_ARC_WARDS_1450,K6stsAPW2Eu,132,Galbet Ward,GARISSA,Garissa Sub County,K6stsAPW2Eu,uyOrcHZBpW0,lQkHbTC1iRg,43244.0,2016-03-31,2019-04-12,historical_crosswalk_baseline
HDX_ARC_WARDS_1450,SjGfdtwQbHd,169,Township Ward,WAJIR,Wajir East Sub County,SjGfdtwQbHd,CeLsrJOH0g9,uov0yFMw9Qm,29349.0,2016-03-31,2019-04-12,historical_crosswalk_baseline
HDX_ARC_WARDS_1450,x1BOzSCIanu,170,Barwaqo Ward,WAJIR,Wajir East Sub County,x1BOzSCIanu,CeLsrJOH0g9,uov0yFMw9Qm,30070.0,2016-03-31,2019-04-12,historical_crosswalk_baseline
HDX_ARC_WARDS_1450,xvlSuZsdYVY,176,Arbajahan Ward,WAJIR,Wajir West Sub County,xvlSuZsdYVY,CeLsrJOH0g9,X98G0eIWdmP,21750.0,2016-03-31,2019-04-12,historical_crosswalk_baseline
HDX_ARC_WARDS_1450,BMKDCdHbiHL,178,ADEMASAJIDE Ward,WAJIR,Wajir West Sub County,BMKDCdHbiHL,CeLsrJOH0g9,X98G0eIWdmP,26216.0,2016-03-31,2019-04-12,historical_crosswalk_baseline
HDX_ARC_WARDS_1450,Y6KykEFTGUj,179,Ganyure Wagalla Ward,WAJIR,Wajir West Sub County,Y6KykEFTGUj,CeLsrJOH0g9,X98G0eIWdmP,14842.0,2016-03-31,2019-04-12,historical_crosswalk_baseline
HDX_ARC_WARDS_1450,xgSKqiZof82,180,Lakoley south/basir Ward,WAJIR,Eldas Sub County,xgSKqiZof82,CeLsrJOH0g9,x6Z1sBeiyqQ,9071.0,2016-03-31,2019-04-12,historical_crosswalk_baseline
HDX_ARC_WARDS_1450,AIL7D1wnOIl,299,Ganga Ward,THARAKA-NITHI,Mwimbi Sub County,AIL7D1wnOIl,T4urHM47nlm,wQ8XjZ7zVwL,17487.0,2016-03-31,2019-04-12,historical_crosswalk_baseline
HDX_ARC_WARDS_1450,yQ9Js5EZ61q,300,Chogoria Ward,THARAKA-NITHI,Mwimbi Sub County,yQ9Js5EZ61q,T4urHM47nlm,wQ8XjZ7zVwL,32021.0,2016-03-31,2019-04-12,historical_crosswalk_baseline
HDX_ARC_WARDS_1450,Dcu26yytcIH,301,Mariani Ward,THARAKA-NITHI,Igambang'ombe Sub County,Dcu26yytcIH,T4urHM47nlm,yXwsnpFBIPW,14123.0,2016-03-31,2019-04-12,historical_crosswalk_baseline
HDX_ARC_WARDS_1450,UQd8QPTpVD0,302,Karingani Ward,THARAKA-NITHI,Chuka Sub County,UQd8QPTpVD0,T4urHM47nlm,JmE1qRVQD4F,23141.0,2016-03-31,2019-04-12,historical_crosswalk_baseline
HDX_ARC_WARDS_1450,vGpXQ5hFNmS,303,Magumoni Ward,THARAKA-NITHI,Chuka Sub County,vGpXQ5hFNmS,T4urHM47nlm,JmE1qRVQD4F,36498.0,2016-03-31,2019-04-12,historical_crosswalk_baseline
HDX_ARC_WARDS_1450,mr7zhcDiR5h,304,Mugwe Ward,THARAKA-NITHI,Chuka Sub County,mr7zhcDiR5h,T4urHM47nlm,JmE1qRVQD4F,24185.0,2016-03-31,2019-04-12,historical_crosswalk_baseline
HDX_ARC_WARDS_1450,QRBxWEQZUpe,321,Kyeni north Ward,EMBU,Runyenjes  Sub County,QRBxWEQZUpe,PFu8alU2KWG,kMSLkN4nsRl,21546.0,2016-03-31,2019-04-12,historical_crosswalk_baseline
HDX_ARC_WARDS_1450,hA5gPMwN9gK,322,Kyeni south Ward,EMBU,Runyenjes  Sub County,hA5gPMwN9gK,PFu8alU2KWG,kMSLkN4nsRl,27438.0,2016-03-31,2019-04-12,historical_crosswalk_baseline
HDX_ARC_WARDS_1450,cWJOQn1YUfg,323,Mwea Ward,EMBU,Mbeere South  Sub County,cWJOQn1YUfg,PFu8alU2KWG,AvnM6jKoocs,30117.0,2016-03-31,2019-04-12,historical_crosswalk_baseline
HDX_ARC_WARDS_1450,AoN9iYrVOUP,324,Makima Ward,EMBU,Mbeere South  Sub County,AoN9iYrVOUP,PFu8alU2KWG,AvnM6jKoocs,21291.0,2016-03-31,2019-04-12,historical_crosswalk_baseline
HDX_ARC_WARDS_1450,wCqyM612JwW,325,Mbeti south Ward,EMBU,Mbeere South  Sub County,wCqyM612JwW,PFu8alU2KWG,AvnM6jKoocs,29579.0,2016-03-31,2019-04-12,historical_crosswalk_baseline
HDX_ARC_WARDS_1450,IqDql8D0FEF,326,Mavuria Ward,EMBU,Mbeere South  Sub County,IqDql8D0FEF,PFu8alU2KWG,AvnM6jKoocs,34139.0,2016-03-31,2019-04-12,historical_crosswalk_baseline
HDX_ARC_WARDS_1450,CMHN2XMxdY9,327,Kiambere Ward,EMBU,Mbeere South  Sub County,CMHN2XMxdY9,PFu8alU2KWG,AvnM6jKoocs,15059.0,2016-03-31,2019-04-12,historical_crosswalk_baseline
HDX_ARC_WARDS_1450,tGtfKyhl0y1,328,Nthawa Ward,EMBU,Mbeere North  Sub County,tGtfKyhl0y1,PFu8alU2KWG,eYBXetGx8xF,26725.0,2016-03-31,2019-04-12,historical_crosswalk_baseline
HDX_ARC_WARDS_1450,ZkMkC815uDw,350,Kisasi Ward,KITUI,Kitui Rural Sub County,ZkMkC815uDw,j8o6iO4Njsi,vbauk0RRq9N,26759.0,2016-03-31,2019-04-12,historical_crosswalk_baseline
HDX_ARC_WARDS_1450,KBHoROCFohc,357,Mulango Ward,KITUI,Kitui Central  Sub County,KBHoROCFohc,j8o6iO4Njsi,MWqQbxWqACn,28573.0,2016-03-31,2019-04-12,historical_crosswalk_baseline
HDX_ARC_WARDS_1450,XCMLultdtNW,358,Kyangwithya east Ward,KITUI,Kitui Central  Sub County,XCMLultdtNW,j8o6iO4Njsi,MWqQbxWqACn,28257.0,2016-03-31,2019-04-12,historical_crosswalk_baseline
HDX_ARC_WARDS_1450,CHn58eAvVl9,361,Chuluni Ward,KITUI,Kitui East Sub County,CHn58eAvVl9,j8o6iO4Njsi,d0Gu8FrRM0Y,22046.0,2016-03-31,2019-04-12,historical_crosswalk_baseline
HDX_ARC_WARDS_1450,ToGeasli0pe,366,Mutomo Ward,KITUI,Kitui South Sub County,ToGeasli0pe,j8o6iO4Njsi,d3hSQ3EtnPk,24450.0,2016-03-31,2019-04-12,historical_crosswalk_baseline
HDX_ARC_WARDS_1450,V2yqe9L0ha7,367,Mutha Ward,KITUI,Kitui South Sub County,V2yqe9L0ha7,j8o6iO4Njsi,d3hSQ3EtnPk,25138.0,2016-03-31,2019-04-12,historical_crosswalk_baseline
HDX_ARC_WARDS_1450,zNPxEQ4AIcH,369,Kanziko Ward,KITUI,Kitui South Sub County,zNPxEQ4AIcH,j8o6iO4Njsi,d3hSQ3EtnPk,18664.0,2016-03-31,2019-04-12,historical_crosswalk_baseline
HDX_ARC_WARDS_1450,sDFNdNK4QJ8,446,Nyakio Ward,NYANDARUA,Kinangop Sub County,sDFNdNK4QJ8,mYZacFNIB3h,RAnL5kBKMIt,25140.0,2016-03-31,2019-04-12,historical_crosswalk_baseline
HDX_ARC_WARDS_1450,il32x0l8U6u,447,Githabai Ward,NYANDARUA,Kinangop Sub County,il32x0l8U6u,mYZacFNIB3h,RAnL5kBKMIt,19485.0,2016-03-31,2019-04-12,historical_crosswalk_baseline
HDX_ARC_WARDS_1450,BBQbdCSiXdl,448,Magumu Ward,NYANDARUA,Kinangop Sub County,BBQbdCSiXdl,mYZacFNIB3h,RAnL5kBKMIt,25638.0,2016-03-31,2019-04-12,historical_crosswalk_baseline
HDX_ARC_WARDS_1450,ExTmlWkEQL9,451,Geta Ward,NYANDARUA,Kipipiri Sub County,ExTmlWkEQL9,mYZacFNIB3h,KlVgeHmvG6n,20259.0,2016-03-31,2019-04-12,historical_crosswalk_baseline
HDX_ARC_WARDS_1450,b7xmixlTNYm,453,Karau Ward,NYANDARUA,Olkalou Sub County,b7xmixlTNYm,mYZacFNIB3h,Lm9RMwhIu3G,25514.0,2016-03-31,2019-04-12,historical_crosswalk_baseline
HDX_ARC_WARDS_1450,QFG9oFhHG2F,455,Mirangine Ward,NYANDARUA,Olkalou Sub County,QFG9oFhHG2F,mYZacFNIB3h,Lm9RMwhIu3G,27056.0,2016-03-31,2019-04-12,historical_crosswalk_baseline
HDX_ARC_WARDS_1450,hYNt8KLy0zR,456,Kaimbaga Ward,NYANDARUA,Olkalou Sub County,hYNt8KLy0zR,mYZacFNIB3h,Lm9RMwhIu3G,17926.0,2016-03-31,2019-04-12,historical_crosswalk_baseline
HDX_ARC_WARDS_1450,xNnLSFClkz7,458,Gathanji Ward,NYANDARUA,Oljoroorok Sub County,xNnLSFClkz7,mYZacFNIB3h,fVSw60UAC3W,21331.0,2016-03-31,2019-04-12,historical_crosswalk_baseline
HDX_ARC_WARDS_1450,hh7VWuhTI6A,459,Gatimu Ward,NYANDARUA,Oljoroorok Sub County,hh7VWuhTI6A,mYZacFNIB3h,fVSw60UAC3W,26341.0,2016-03-31,2019-04-12,historical_crosswalk_baseline
HDX_ARC_WARDS_1450,yOvD8h5gUOb,460,Weru Ward,NYANDARUA,Oljoroorok Sub County,yOvD8h5gUOb,mYZacFNIB3h,fVSw60UAC3W,26147.0,2016-03-31,2019-04-12,historical_crosswalk_baseline
HDX_ARC_WARDS_1450,xzY6X2bhxaT,463,Kiritta Ward,NYANDARUA,Ndaragwa Sub County,xzY6X2bhxaT,mYZacFNIB3h,EESGLsSLTqH,20159.0,2016-03-31,2019-04-12,historical_crosswalk_baseline
HDX_ARC_WARDS_1450,e0xkgk6TZEG,464,Central Ward,NYANDARUA,Ndaragwa Sub County,e0xkgk6TZEG,mYZacFNIB3h,EESGLsSLTqH,29960.0,2016-03-31,2019-04-12,historical_crosswalk_baseline
HDX_ARC_WARDS_1450,W9GVYGq6UqK,465,Shamata Ward,NYANDARUA,Ndaragwa Sub County,W9GVYGq6UqK,mYZacFNIB3h,EESGLsSLTqH,23441.0,2016-03-31,2019-04-12,historical_crosswalk_baseline
HDX_ARC_WARDS_1450,LDPAHGr7qUm,466,Dedan kimathi Ward,NYERI,Tetu Sub County,LDPAHGr7qUm,ptWVfaCIdVx,YT3tecc4atw,20686.0,2016-03-31,2019-04-12,historical_crosswalk_baseline
HDX_ARC_WARDS_1450,AO0q4JiVIMz,467,Wamagana Ward,NYERI,Tetu Sub County,AO0q4JiVIMz,ptWVfaCIdVx,YT3tecc4atw,31003.0,2016-03-31,2019-04-12,historical_crosswalk_baseline
HDX_ARC_WARDS_1450,JIQYJYd5CzO,468,Aguthi-gaaki Ward,NYERI,Tetu Sub County,JIQYJYd5CzO,ptWVfaCIdVx,YT3tecc4atw,26631.0,2016-03-31,2019-04-12,historical_crosswalk_baseline
HDX_ARC_WARDS_1450,uhmsPJrZCXF,469,Mweiga Ward,NYERI,Kieni West Sub County,uhmsPJrZCXF,ptWVfaCIdVx,odOtfcaMg4p,17264.0,2016-03-31,2019-04-12,historical_crosswalk_baseline
HDX_ARC_WARDS_1450,REFeM2dROq3,470,Naromoru/kiamathaga Ward,NYERI,Kieni East Sub County,REFeM2dROq3,ptWVfaCIdVx,YXt5ETQPRlB,26291.0,2016-03-31,2019-04-12,historical_crosswalk_baseline
HDX_ARC_WARDS_1450,kBloQxkcKxZ,471,Mwiyogo/endarasha Ward,NYERI,Kieni West Sub County,kBloQxkcKxZ,ptWVfaCIdVx,odOtfcaMg4p,19446.0,2016-03-31,2019-04-12,historical_crosswalk_baseline
HDX_ARC_WARDS_1450,Ls8TbRfbKBs,472,Mugunda Ward,NYERI,Kieni West Sub County,Ls8TbRfbKBs,ptWVfaCIdVx,odOtfcaMg4p,23712.0,2016-03-31,2019-04-12,historical_crosswalk_baseline
HDX_ARC_WARDS_1450,cWSGKfzRIhc,473,Gatarakwa Ward,NYERI,Kieni West Sub County,cWSGKfzRIhc,ptWVfaCIdVx,odOtfcaMg4p,18890.0,2016-03-31,2019-04-12,historical_crosswalk_baseline
HDX_ARC_WARDS_1450,lZXZ7HwrMGu,474,Thegu river Ward,NYERI,Kieni East Sub County,lZXZ7HwrMGu,ptWVfaCIdVx,YXt5ETQPRlB,21804.0,2016-03-31,2019-04-12,historical_crosswalk_baseline
HDX_ARC_WARDS_1450,fB16JFnw8Ex,475,Kabaru Ward,NYERI,Kieni East Sub County,fB16JFnw8Ex,ptWVfaCIdVx,YXt5ETQPRlB,22084.0,2016-03-31,2019-04-12,historical_crosswalk_baseline
HDX_ARC_WARDS_1450,FsRuO9llshq,476,Gakawa Ward,NYERI,Kieni East Sub County,FsRuO9llshq,ptWVfaCIdVx,YXt5ETQPRlB,26321.0,2016-03-31,2019-04-12,historical_crosswalk_baseline
HDX_ARC_WARDS_1450,Z2yWQMpy2Ki,477,Ruguru Ward,NYERI,Mathira West Sub County,Z2yWQMpy2Ki,ptWVfaCIdVx,msIc1uFAY6B,22946.0,2016-03-31,2019-04-12,historical_crosswalk_baseline
HDX_ARC_WARDS_1450,AZOhKeOxHR7,478,Magutu Ward,NYERI,Mathira East Sub County,AZOhKeOxHR7,ptWVfaCIdVx,vznKK4IegIL,19722.0,2016-03-31,2019-04-12,historical_crosswalk_baseline
HDX_ARC_WARDS_1450,bg4tS3m8rZA,617,Kakuma Ward,TURKANA,Turkana West Sub County,bg4tS3m8rZA,kphDeKClFch,HK5SUCMQmsw,33539.0,2016-03-31,2019-04-12,historical_crosswalk_baseline
HDX_ARC_WARDS_1450,WwMThzLSS3I,621,Kalobeyei Ward,TURKANA,Turkana West Sub County,WwMThzLSS3I,kphDeKClFch,HK5SUCMQmsw,18272.0,2016-03-31,2019-04-12,historical_crosswalk_baseline
HDX_ARC_WARDS_1450,C93goWh2C1d,623,Nanaam Ward,TURKANA,Turkana West Sub County,C93goWh2C1d,kphDeKClFch,HK5SUCMQmsw,42211.0,2016-03-31,2019-04-12,historical_crosswalk_baseline
HDX_ARC_WARDS_1450,v27o9CuZh11,627,Lodwar Township Ward,TURKANA,Turkana Central Sub County,v27o9CuZh11,kphDeKClFch,zd8rhYqGowE,35506.0,2016-03-31,2019-04-12,historical_crosswalk_baseline
HDX_ARC_WARDS_1450,U0eLQb7xmyu,628,Kanamkemer Ward,TURKANA,Turkana Central Sub County,U0eLQb7xmyu,kphDeKClFch,zd8rhYqGowE,22784.0,2016-03-31,2019-04-12,historical_crosswalk_baseline
HDX_ARC_WARDS_1450,z3pqrBr5TyV,629,Kotaruk/Lobei Ward,TURKANA,Loima Sub County,z3pqrBr5TyV,kphDeKClFch,OZiGQn2R8kK,31629.0,2016-03-31,2019-04-12,historical_crosswalk_baseline
HDX_ARC_WARDS_1450,jRyJjLWoDig,631,Loima Ward,TURKANA,Loima Sub County,jRyJjLWoDig,kphDeKClFch,OZiGQn2R8kK,19848.0,2016-03-31,2019-04-12,historical_crosswalk_baseline
HDX_ARC_WARDS_1450,XtEn1yMSsKf,634,Katilu Ward,TURKANA,Turkana South Sub County,XtEn1yMSsKf,kphDeKClFch,iTw0sFjlqZ2,41924.0,2016-03-31,2019-04-12,historical_crosswalk_baseline
HDX_ARC_WARDS_1450,NhFq5rXnO3r,639,Katilia Ward,TURKANA,Turkana East Sub County,NhFq5rXnO3r,kphDeKClFch,dr8gOvVAdiE,20983.0,2016-03-31,2019-04-12,historical_crosswalk_baseline
HDX_ARC_WARDS_1450,AY46zJ3BT9H,640,Lokori/kochodin Ward,TURKANA,Turkana East Sub County,AY46zJ3BT9H,kphDeKClFch,dr8gOvVAdiE,44045.0,2016-03-31,2019-04-12,historical_crosswalk_baseline
HDX_ARC_WARDS_1450,Oe8JEzBVDa9,656,Alale Ward,WEST POKOT,Pokot North Sub County,Oe8JEzBVDa9,XWALbfAPa6n,YXpHG1Ez8V2,43565.0,2016-03-31,2019-04-12,historical_crosswalk_baseline
HDX_ARC_WARDS_1450,cQvnOvaqDNE,657,Chepareria Ward,WEST POKOT,Pokot South Sub County,cQvnOvaqDNE,XWALbfAPa6n,u2zJahNiSP5,41563.0,2016-03-31,2019-04-12,historical_crosswalk_baseline
HDX_ARC_WARDS_1450,Vfo6mLv2MkA,658,Batei Ward,WEST POKOT,Pokot South Sub County,Vfo6mLv2MkA,XWALbfAPa6n,u2zJahNiSP5,30773.0,2016-03-31,2019-04-12,historical_crosswalk_baseline
HDX_ARC_WARDS_1450,NfgFPylvlvN,659,Lelan Ward,WEST POKOT,Pokot South Sub County,NfgFPylvlvN,XWALbfAPa6n,u2zJahNiSP5,33527.0,2016-03-31,2019-04-12,historical_crosswalk_baseline
HDX_ARC_WARDS_1450,WmCj9vCPVH2,660,Tapach Ward,WEST POKOT,Pokot South Sub County,WmCj9vCPVH2,XWALbfAPa6n,u2zJahNiSP5,26237.0,2016-03-31,2019-04-12,historical_crosswalk_baseline
HDX_ARC_WARDS_1450,PRuQd7VjO3x,661,Lodokejek Ward,SAMBURU,Samburu Central Sub County,PRuQd7VjO3x,o36zCRjSd4G,EmQRGVtvWy3,14020.0,2016-03-31,2019-04-12,historical_crosswalk_baseline
HDX_ARC_WARDS_1450,NAWbghvoSOZ,679,Bidii Ward,TRANS NZOIA,Kwanza  Sub County,NAWbghvoSOZ,mThvosEflAU,ABy8CNqf2e7,21498.0,2016-03-31,2019-04-12,historical_crosswalk_baseline
HDX_ARC_WARDS_1450,xpKH3jY02I5,685,Tuwani Ward,TRANS NZOIA,Saboti  Sub County,xpKH3jY02I5,mThvosEflAU,y2M16lesMsF,39662.0,2016-03-31,2019-04-12,historical_crosswalk_baseline
HDX_ARC_WARDS_1450,OBSb0eIl4tb,686,Saboti Ward,TRANS NZOIA,Saboti  Sub County,OBSb0eIl4tb,mThvosEflAU,y2M16lesMsF,34988.0,2016-03-31,2019-04-12,historical_crosswalk_baseline
HDX_ARC_WARDS_1450,GQFH01xLj74,687,Machewa Ward,TRANS NZOIA,Saboti  Sub County,GQFH01xLj74,mThvosEflAU,y2M16lesMsF,19999.0,2016-03-31,2019-04-12,historical_crosswalk_baseline
HDX_ARC_WARDS_1450,O6JUPINK7vr,691,Hospital Ward,TRANS NZOIA,Kiminini  Sub County,O6JUPINK7vr,mThvosEflAU,pzZHpL2ueIn,30234.0,2016-03-31,2019-04-12,historical_crosswalk_baseline
HDX_ARC_WARDS_1450,SvN2Xzl3FK7,692,Sikhendu Ward,TRANS NZOIA,Kiminini  Sub County,SvN2Xzl3FK7,mThvosEflAU,pzZHpL2ueIn,24129.0,2016-03-31,2019-04-12,historical_crosswalk_baseline
HDX_ARC_WARDS_1450,jUfXO40BeXD,700,Sitatunga Ward,TRANS NZOIA,Cherangany Sub County,jUfXO40BeXD,mThvosEflAU,f18kGo9yXWo,26364.0,2016-03-31,2019-04-12,historical_crosswalk_baseline
HDX_ARC_WARDS_1450,T8RJtzhGvHA,736,Sengwer Ward,ELGEYO-MARAKWET,Marakwet West Sub County,T8RJtzhGvHA,MqnLxQBigG0,fNCuk4Lpsnh,18903.0,2016-03-31,2019-04-12,historical_crosswalk_baseline
HDX_ARC_WARDS_1450,z5brnaiDs4p,737,Cherangany  Ward,ELGEYO-MARAKWET,Marakwet West Sub County,z5brnaiDs4p,MqnLxQBigG0,fNCuk4Lpsnh,18172.0,2016-03-31,2019-04-12,historical_crosswalk_baseline
HDX_ARC_WARDS_1450,aMEeDm5knkx,738,Moiben Kuserwo Ward,ELGEYO-MARAKWET,Marakwet West Sub County,aMEeDm5knkx,MqnLxQBigG0,fNCuk4Lpsnh,19277.0,2016-03-31,2019-04-12,historical_crosswalk_baseline
HDX_ARC_WARDS_1450,bxngHzifzKY,739,Kapsowar Ward,ELGEYO-MARAKWET,Marakwet West Sub County,bxngHzifzKY,MqnLxQBigG0,fNCuk4Lpsnh,25423.0,2016-03-31,2019-04-12,historical_crosswalk_baseline
HDX_ARC_WARDS_1450,nwXVUZOi5LN,740,Arror Ward,ELGEYO-MARAKWET,Marakwet West Sub County,nwXVUZOi5LN,MqnLxQBigG0,fNCuk4Lpsnh,6488.0,2016-03-31,2019-04-12,historical_crosswalk_baseline
HDX_ARC_WARDS_1450,upVp36SDGsU,741,Kamariny Ward,ELGEYO-MARAKWET,Keiyo North Sub County,upVp36SDGsU,MqnLxQBigG0,rlWH0Ac9vjc,25057.0,2016-03-31,2019-04-12,historical_crosswalk_baseline
HDX_ARC_WARDS_1450,i7TCmhUejq5,742,Emsoo Ward,ELGEYO-MARAKWET,Keiyo North Sub County,i7TCmhUejq5,MqnLxQBigG0,rlWH0Ac9vjc,9602.0,2016-03-31,2019-04-12,historical_crosswalk_baseline
HDX_ARC_WARDS_1450,q3dexsgOLhS,743,Tambach Ward,ELGEYO-MARAKWET,Keiyo North Sub County,q3dexsgOLhS,MqnLxQBigG0,rlWH0Ac9vjc,15930.0,2016-03-31,2019-04-12,historical_crosswalk_baseline
HDX_ARC_WARDS_1450,XMy3sTrrhew,744,Kapchemutwa Ward,ELGEYO-MARAKWET,Keiyo North Sub County,XMy3sTrrhew,MqnLxQBigG0,rlWH0Ac9vjc,23126.0,2016-03-31,2019-04-12,historical_crosswalk_baseline
HDX_ARC_WARDS_1450,elLT94gpbch,745,Kaptarakwa Ward,ELGEYO-MARAKWET,Keiyo South Sub County,elLT94gpbch,MqnLxQBigG0,SOEG546PqbA,19069.0,2016-03-31,2019-04-12,historical_crosswalk_baseline
HDX_ARC_WARDS_1450,ca3KHxzwLQy,746,Chepkorio Ward,ELGEYO-MARAKWET,Keiyo South Sub County,ca3KHxzwLQy,MqnLxQBigG0,SOEG546PqbA,23349.0,2016-03-31,2019-04-12,historical_crosswalk_baseline
HDX_ARC_WARDS_1450,mdOmXEGyL3l,750,Metkei Ward,ELGEYO-MARAKWET,Keiyo South Sub County,mdOmXEGyL3l,MqnLxQBigG0,SOEG546PqbA,12945.0,2016-03-31,2019-04-12,historical_crosswalk_baseline
HDX_ARC_WARDS_1450,MWpytk1a5rh,751,Songhor/Soba Ward,NANDI,Tinderet Sub County,MWpytk1a5rh,t0J75eHKxz5,NPYRMdqrK6L,39934.0,2016-03-31,2019-04-12,historical_crosswalk_baseline
HDX_ARC_WARDS_1450,f2OJrvgkEuq,752,Tinderet Ward,NANDI,Tinderet Sub County,f2OJrvgkEuq,t0J75eHKxz5,NPYRMdqrK6L,27896.0,2016-03-31,2019-04-12,historical_crosswalk_baseline
HDX_ARC_WARDS_1450,EHPasx2Mt1b,753,Chemelil/chemase Ward,NANDI,Tinderet Sub County,EHPasx2Mt1b,t0J75eHKxz5,NPYRMdqrK6L,14479.0,2016-03-31,2019-04-12,historical_crosswalk_baseline
HDX_ARC_WARDS_1450,lTqRLp5FwoY,754,Kapsimotwo Ward,NANDI,Nandi East Sub County,lTqRLp5FwoY,t0J75eHKxz5,W6Err8cQf5J,18382.0,2016-03-31,2019-04-12,historical_crosswalk_baseline
HDX_ARC_WARDS_1450,w0ljXC7o4Rd,763,Ol'lessos Ward,NANDI,Nandi East Sub County,w0ljXC7o4Rd,t0J75eHKxz5,W6Err8cQf5J,19396.0,2016-03-31,2019-04-12,historical_crosswalk_baseline
HDX_ARC_WARDS_1450,kVHX5gVg5MQ,764,Kapchorua Ward,NANDI,Nandi East Sub County,kVHX5gVg5MQ,t0J75eHKxz5,W6Err8cQf5J,17818.0,2016-03-31,2019-04-12,historical_crosswalk_baseline
HDX_ARC_WARDS_1450,k9ff5zzhfkX,766,Kosirai Ward,NANDI,Chesumei Sub County,k9ff5zzhfkX,t0J75eHKxz5,xLWuQq3DjOR,25741.0,2016-03-31,2019-04-12,historical_crosswalk_baseline
HDX_ARC_WARDS_1450,i590M8uyKeM,768,Kaptel/kamoiywo Ward,NANDI,Chesumei Sub County,i590M8uyKeM,t0J75eHKxz5,xLWuQq3DjOR,31375.0,2016-03-31,2019-04-12,historical_crosswalk_baseline
HDX_ARC_WARDS_1450,KfApxlzUoLn,769,Kiptuiya Ward,NANDI,Chesumei Sub County,KfApxlzUoLn,t0J75eHKxz5,xLWuQq3DjOR,24879.0,2016-03-31,2019-04-12,historical_crosswalk_baseline
HDX_ARC_WARDS_1450,deAxq0HNUFb,771,Kapkangani Ward,NANDI,Emgwen Sub County,deAxq0HNUFb,t0J75eHKxz5,Njv37QXxNy2,23994.0,2016-03-31,2019-04-12,historical_crosswalk_baseline
HDX_ARC_WARDS_1450,eB5qRSOhocc,774,Chepterwai Ward,NANDI,Mosop Sub County,eB5qRSOhocc,t0J75eHKxz5,Xtb7tbJpk9p,18944.0,2016-03-31,2019-04-12,historical_crosswalk_baseline
HDX_ARC_WARDS_1450,Dfh61wYrllH,775,Kipkaren Ward,NANDI,Mosop Sub County,Dfh61wYrllH,t0J75eHKxz5,Xtb7tbJpk9p,19147.0,2016-03-31,2019-04-12,historical_crosswalk_baseline
HDX_ARC_WARDS_1450,UDgBjC3Y1eU,776,Kurgung/surungai Ward,NANDI,Mosop Sub County,UDgBjC3Y1eU,t0J75eHKxz5,Xtb7tbJpk9p,18225.0,2016-03-31,2019-04-12,historical_crosswalk_baseline
HDX_ARC_WARDS_1450,Qno2Rye1no5,777,Kabiyet Ward,NANDI,Mosop Sub County,Qno2Rye1no5,t0J75eHKxz5,Xtb7tbJpk9p,19262.0,2016-03-31,2019-04-12,historical_crosswalk_baseline
HDX_ARC_WARDS_1450,upEtsdaf6Ri,779,Kabisaga Ward,NANDI,Mosop Sub County,upEtsdaf6Ri,t0J75eHKxz5,Xtb7tbJpk9p,19029.0,2016-03-31,2019-04-12,historical_crosswalk_baseline
HDX_ARC_WARDS_1450,pgF7Kz2WZPu,813,Githiga Ward,LAIKIPIA,Laikipia West Sub County,pgF7Kz2WZPu,xuFdFy6t9AH,pXbWrnFPpKb,28102.0,2016-03-31,2019-04-12,historical_crosswalk_baseline
HDX_ARC_WARDS_1450,t6j6TDZfwrc,956,Kapkatet Ward,KERICHO,Bureti Sub County,t6j6TDZfwrc,ihZsJ8alvtb,wt8cPHWfkfu,22733.0,2016-03-31,2019-04-12,historical_crosswalk_baseline
HDX_ARC_WARDS_1450,d45kXzPbKzk,959,Cheptororiet/seretut Ward,KERICHO,Belgut Sub County,d45kXzPbKzk,ihZsJ8alvtb,YnIAWg1T4AY,20649.0,2016-03-31,2019-04-12,historical_crosswalk_baseline
