gb_boundary_id,gb_boundary_name,gb_boundary_type,gb_release,gb_boundary_year,hdx_uid,hdx_cuid,hdx_scuid,hdx_gid,hdx_county,hdx_subcounty,hdx_ward,match_method,match_confidence,source_gb,source_hdx
90231094B20432175736632,Sinoko,ADM3,gbOpen,2020,clRPOipiZXp,BjC1xL40gHo,wMv0s3U2nnG,1655,Kakamega,Likuyani Sub County,Sinoko Ward,representative_point_in_hdx_polygon,high,geoBoundaries current gbOpen KEN ADM3 API release,HDX Administrative Wards in Kenya 1450
90231094B85146980423829,Kiomo/Kyethani,ADM3,gbOpen,2020,vpiZlB5cdK7,j8o6iO4Njsi,svwbDnzhgik,339,KITUI,Mwingi West Sub County,Kiomo/kyethani Ward,representative_point_in_hdx_polygon,high,geoBoundaries current gbOpen KEN ADM3 API release,HDX Administrative Wards in Kenya 1450
90231094B52004705419934,Nyalenda 'A',ADM3,gbOpen,2020,roJc7UkCD2l,tAbBVBbueqD,PRpKwAloU5b,1913,Kisumu,Kisumu East Sub County,Nyalenda A Ward,unique_normalized_name,medium,geoBoundaries current gbOpen KEN ADM3 API release,HDX Administrative Wards in Kenya 1450
90231094B90563434903456,Saboti,ADM3,gbOpen,2020,OBSb0eIl4tb,mThvosEflAU,y2M16lesMsF,686,TRANS NZOIA,Saboti  Sub County,Saboti Ward,representative_point_in_hdx_polygon,high,geoBoundaries current gbOpen KEN ADM3 API release,HDX Administrative Wards in Kenya 1450
90231094B91979562778969,South Maragoli,ADM3,gbOpen,2020,hTylTMl1aid,sANMZ3lpqGs,OOF3UX4yOt7,1597,Vihiga,Vihiga Sub County,South Maragoli Ward,representative_point_in_hdx_polygon,high,geoBoundaries current gbOpen KEN ADM3 API release,HDX Administrative Wards in Kenya 1450
90231094B24725825323693,Ithiru,ADM3,gbOpen,2020,Wdh5QDM2Ov1,ahwTMNAJvrL,gwYTo0wITYX,2120,Muranga,Kandara Sub County,Ithiru Ward,representative_point_in_hdx_polygon,high,geoBoundaries current gbOpen KEN ADM3 API release,HDX Administrative Wards in Kenya 1450
90231094B35912937440658,Mahoo,ADM3,gbOpen,2020,AUs81wSmXra,QyGNX2DpR4h,jNzRdAwjaQ1,112,TAITA TAVETA,Taveta Sub County,Mahoo Ward,representative_point_in_hdx_polygon,high,geoBoundaries current gbOpen KEN ADM3 API release,HDX Administrative Wards in Kenya 1450
90231094B49337120320895,Kokwanyo/Kakelo,ADM3,gbOpen,2020,dPxooReTfTv,nK0A12Q7MvS,BzFBYZhF5fx,1542,Homa Bay,Kabondo Kasipul Sub County,Kokwanyo/kakelo Ward,representative_point_in_hdx_polygon,high,geoBoundaries current gbOpen KEN ADM3 API release,HDX Administrative Wards in Kenya 1450
90231094B66403689767778,Kapckok,ADM3,gbOpen,2020,AXu2vRnnxOt,XWALbfAPa6n,YXpHG1Ez8V2,654,WEST POKOT,Pokot North Sub County,Kapchok Ward,representative_point_in_hdx_polygon,high,geoBoundaries current gbOpen KEN ADM3 API release,HDX Administrative Wards in Kenya 1450
90231094B29596600427469,Visoi,ADM3,gbOpen,2020,bKCcKfnNznJ,ob6SxuRcqU4,OK0hW8DFHq3,1776,Nakuru,Rongai  Sub County,Visoi Ward,representative_point_in_hdx_polygon,high,geoBoundaries current gbOpen KEN ADM3 API release,HDX Administrative Wards in Kenya 1450
90231094B80171653734887,Chemagel,ADM3,gbOpen,2020,LK2nY0OUCDG,HMNARUV2CW4,KyuSYunELJI,2249,Bomet,Sotik Sub County,Chemagel Ward,representative_point_in_hdx_polygon,high,geoBoundaries current gbOpen KEN ADM3 API release,HDX Administrative Wards in Kenya 1450
90231094B49138610268239,Kaloleni,ADM3,gbOpen,2020,KOJIrVBHq0c,nrI2khZx3d0,tSKDWoVKiPo,1839,Kilifi,Kaloleni Sub County,Kaloleni Ward,representative_point_in_hdx_polygon,high,geoBoundaries current gbOpen KEN ADM3 API release,HDX Administrative Wards in Kenya 1450
90231094B38717407291444,Kapsuser,ADM3,gbOpen,2020,,,,961,KERICHO,AINAMOI,BELGUT,representative_point_in_hdx_polygon,high,geoBoundaries current gbOpen KEN ADM3 API release,HDX Administrative Wards in Kenya 1450
90231094B19194152773087,Rabai/Kisurutini,ADM3,gbOpen,2020,mi5ayQN77v7,nrI2khZx3d0,hJf4rt7cvI6,1844,Kilifi,Rabai Sub County,Rabai/kisurutini Ward,representative_point_in_hdx_polygon,high,geoBoundaries current gbOpen KEN ADM3 API release,HDX Administrative Wards in Kenya 1450
90231094B90425830459462,Sigor,ADM3,gbOpen,2020,KFjbUWezAnU,HMNARUV2CW4,PUhMyfDD2xp,2255,Bomet,Chepalungu Sub County,Sigor Ward,representative_point_in_hdx_polygon,high,geoBoundaries current gbOpen KEN ADM3 API release,HDX Administrative Wards in Kenya 1450
90231094B45152840693854,Ngenda,ADM3,gbOpen,2020,l4MV7dNKjrG,qKzosKQPl6G,EcRytSSIkUq,2224,Kiambu,Gatundu South Sub County,Ngenda Ward,representative_point_in_hdx_polygon,high,geoBoundaries current gbOpen KEN ADM3 API release,HDX Administrative Wards in Kenya 1450
90231094B8989360267118,Umoja II,ADM3,gbOpen,2020,ivNrlSMRNra,jkG3zaihdSs,aCwUX5V42Zz,2068,Nairobi,Embakasi West Sub County,Umoja Ii Ward,representative_point_in_hdx_polygon,high,geoBoundaries current gbOpen KEN ADM3 API release,HDX Administrative Wards in Kenya 1450
90231094B40369376812083,Karuri,ADM3,gbOpen,2020,eCWu3IedbJm,qKzosKQPl6G,oMaQgNIs85x,2197,Kiambu,Kiambaa Sub County,Karuri Ward,representative_point_in_hdx_polygon,high,geoBoundaries current gbOpen KEN ADM3 API release,HDX Administrative Wards in Kenya 1450
90231094B13496276724387,Mogogosiek,ADM3,gbOpen,2020,rWijSZrVU5U,HMNARUV2CW4,PLFoYJO8MVS,2270,Bomet,Konoin Sub County,Mogogosiek Ward,representative_point_in_hdx_polygon,high,geoBoundaries current gbOpen KEN ADM3 API release,HDX Administrative Wards in Kenya 1450
90231094B2618235515222,Kamenu,ADM3,gbOpen,2020,A7a1GZJvTGD,qKzosKQPl6G,YZAZ1a9MIvX,2235,Kiambu,Thika Town Sub County,Kamenu Ward,representative_point_in_hdx_polygon,high,geoBoundaries current gbOpen KEN ADM3 API release,HDX Administrative Wards in Kenya 1450
90231094B94089375025555,Liboi,ADM3,gbOpen,2020,OazP6bDZAb4,uyOrcHZBpW0,EW4Jw4dVWBt,150,GARISSA,Dadaab Sub County,Liboi Ward,representative_point_in_hdx_polygon,high,geoBoundaries current gbOpen KEN ADM3 API release,HDX Administrative Wards in Kenya 1450
90231094B2383087300873,Ang'Urai East,ADM3,gbOpen,2020,pVLJ4TYVNAR,Tvf1zgVZ0K4,GpEIlwz3FvT,1709,Busia,Teso North Sub County,Ang'urai East Ward,representative_point_in_hdx_polygon,high,geoBoundaries current gbOpen KEN ADM3 API release,HDX Administrative Wards in Kenya 1450
90231094B39803716809978,Athi,ADM3,gbOpen,2020,amA6INYYpDG,j8o6iO4Njsi,d3hSQ3EtnPk,370,KITUI,Kitui South Sub County,Athi Ward,representative_point_in_hdx_polygon,high,geoBoundaries current gbOpen KEN ADM3 API release,HDX Administrative Wards in Kenya 1450
90231094B24735354779323,Cheptais,ADM3,gbOpen,2020,iKvnghqTvSP,KGHhQ5GLd4k,NZphHeczehh,1600,Bungoma,Cheptais Sub County,Cheptais Ward,representative_point_in_hdx_polygon,high,geoBoundaries current gbOpen KEN ADM3 API release,HDX Administrative Wards in Kenya 1450
90231094B6264132448282,Soliat,ADM3,gbOpen,2020,dUgf0oEF9if,ihZsJ8alvtb,ScLzA7tQxrH,964,KERICHO,Sigowet/Soin Sub County,Soliat Ward,representative_point_in_hdx_polygon,high,geoBoundaries current gbOpen KEN ADM3 API release,HDX Administrative Wards in Kenya 1450
90231094B264955787444,Kahawa Wendani,ADM3,gbOpen,2020,w3MNsmpJJHX,qKzosKQPl6G,TPRNJqSm4lK,2243,Kiambu,Ruiru Sub County,Kahawa Wendani Ward,representative_point_in_hdx_polygon,high,geoBoundaries current gbOpen KEN ADM3 API release,HDX Administrative Wards in Kenya 1450
90231094B96042290796194,Nyakio,ADM3,gbOpen,2020,sDFNdNK4QJ8,mYZacFNIB3h,RAnL5kBKMIt,446,NYANDARUA,Kinangop Sub County,Nyakio Ward,representative_point_in_hdx_polygon,high,geoBoundaries current gbOpen KEN ADM3 API release,HDX Administrative Wards in Kenya 1450
90231094B14692002926210,Kahumbu,ADM3,gbOpen,2020,X7arkK99dq7,ahwTMNAJvrL,tyfDsdZ1h3R,2105,Muranga,Kigumo Sub County,Kahumbu Ward,representative_point_in_hdx_polygon,high,geoBoundaries current gbOpen KEN ADM3 API release,HDX Administrative Wards in Kenya 1450
90231094B24918589161946,Weru,ADM3,gbOpen,2020,yOvD8h5gUOb,mYZacFNIB3h,fVSw60UAC3W,460,NYANDARUA,Oljoroorok Sub County,Weru Ward,representative_point_in_hdx_polygon,high,geoBoundaries current gbOpen KEN ADM3 API release,HDX Administrative Wards in Kenya 1450
90231094B87655125406851,Nzambani,ADM3,gbOpen,2020,Ekb0OY8S4Jm,j8o6iO4Njsi,d0Gu8FrRM0Y,360,KITUI,Kitui East Sub County,Nzambani Ward,representative_point_in_hdx_polygon,high,geoBoundaries current gbOpen KEN ADM3 API release,HDX Administrative Wards in Kenya 1450
90231094B22547450038710,West Yimbo,ADM3,gbOpen,2020,NYqz8G2gfEC,u4t9H8XyU9P,JNvqpOnKfGR,1868,Siaya,Bondo Sub County,West Yimbo Ward,representative_point_in_hdx_polygon,high,geoBoundaries current gbOpen KEN ADM3 API release,HDX Administrative Wards in Kenya 1450
90231094B34758611882117,Kaimbaga,ADM3,gbOpen,2020,hYNt8KLy0zR,mYZacFNIB3h,Lm9RMwhIu3G,456,NYANDARUA,Olkalou Sub County,Kaimbaga Ward,representative_point_in_hdx_polygon,high,geoBoundaries current gbOpen KEN ADM3 API release,HDX Administrative Wards in Kenya 1450
90231094B7731566474968,Kipkelion,ADM3,gbOpen,2020,fLlw3oVxfPp,ihZsJ8alvtb,Taw0Zg7nArd,942,KERICHO,Kipkelion West Sub County,Kipkelion Ward,representative_point_in_hdx_polygon,high,geoBoundaries current gbOpen KEN ADM3 API release,HDX Administrative Wards in Kenya 1450
90231094B15221228355606,Burumba,ADM3,gbOpen,2020,Yk6G4ret1OC,Tvf1zgVZ0K4,tvkI2HSIRW9,1725,Busia,Matayos Sub County,Burumba Ward,representative_point_in_hdx_polygon,high,geoBoundaries current gbOpen KEN ADM3 API release,HDX Administrative Wards in Kenya 1450
90231094B10896407574025,Kaplamai,ADM3,gbOpen,2020,wCRljUGZJCA,mThvosEflAU,f18kGo9yXWo,696,TRANS NZOIA,Cherangany Sub County,Kaplamai Ward,representative_point_in_hdx_polygon,high,geoBoundaries current gbOpen KEN ADM3 API release,HDX Administrative Wards in Kenya 1450
90231094B9367624271064,Banja,ADM3,gbOpen,2020,r6KB3hMzaXh,sANMZ3lpqGs,BXaq5PxSfz2,1596,Vihiga,Hamisi Sub County,Banja Ward,representative_point_in_hdx_polygon,high,geoBoundaries current gbOpen KEN ADM3 API release,HDX Administrative Wards in Kenya 1450
90231094B39813102885680,Matuu,ADM3,gbOpen,2020,EhkLDtwfJnH,yhCUgGcCcOo,CeukNtGhW7J,1501,Machakos,Yatta Sub County,Matuu Ward,representative_point_in_hdx_polygon,high,geoBoundaries current gbOpen KEN ADM3 API release,HDX Administrative Wards in Kenya 1450
90231094B62975482477787,Kinakomba,ADM3,gbOpen,2020,JRAYgvhoUEp,JsH2bnvNt2d,A4SNYCxrrnv,92,TANA RIVER,Galole Sub County,Kinakomba Ward,representative_point_in_hdx_polygon,high,geoBoundaries current gbOpen KEN ADM3 API release,HDX Administrative Wards in Kenya 1450
90231094B72237274546648,Chepkumia,ADM3,gbOpen,2020,J5JM3Ud8ASG,t0J75eHKxz5,Njv37QXxNy2,770,NANDI,Emgwen Sub County,Chepkumia Ward,representative_point_in_hdx_polygon,high,geoBoundaries current gbOpen KEN ADM3 API release,HDX Administrative Wards in Kenya 1450
90231094B34636751799790,Muthesya,ADM3,gbOpen,2020,mbGPooHKbdA,yhCUgGcCcOo,hpcb7MYi6nc,1498,Machakos,Masinga Sub County,Muthesya Ward,representative_point_in_hdx_polygon,high,geoBoundaries current gbOpen KEN ADM3 API release,HDX Administrative Wards in Kenya 1450
90231094B60034933298722,Nairobi West,ADM3,gbOpen,2020,uPv6CYD6np2,jkG3zaihdSs,aTGYlhEw2Xx,2023,Nairobi,Langata  Sub County,Nairobi West Ward,representative_point_in_hdx_polygon,high,geoBoundaries current gbOpen KEN ADM3 API release,HDX Administrative Wards in Kenya 1450
90231094B75740112815720,Gatuanyaga,ADM3,gbOpen,2020,t7COLdUthus,qKzosKQPl6G,YZAZ1a9MIvX,2237,Kiambu,Thika Town Sub County,Gatuanyaga Ward,representative_point_in_hdx_polygon,high,geoBoundaries current gbOpen KEN ADM3 API release,HDX Administrative Wards in Kenya 1450
90231094B8459297454519,God Jope,ADM3,gbOpen,2020,Fp2Wuqu3GAI,fVra3Pwta0Q,nHEr5EciFh0,1462,Migori,Suna East Sub County,God Jope  Ward,representative_point_in_hdx_polygon,high,geoBoundaries current gbOpen KEN ADM3 API release,HDX Administrative Wards in Kenya 1450
90231094B75831412348554,Embomos,ADM3,gbOpen,2020,QMzAkzZkH34,HMNARUV2CW4,PLFoYJO8MVS,2272,Bomet,Konoin Sub County,Embomos Ward,representative_point_in_hdx_polygon,high,geoBoundaries current gbOpen KEN ADM3 API release,HDX Administrative Wards in Kenya 1450
90231094B90368578193167,Marama Central,ADM3,gbOpen,2020,p8bUOZBUz0i,BjC1xL40gHo,K7mZpm8COh7,1687,Kakamega,Butere Sub County,Marama Central Ward,representative_point_in_hdx_polygon,high,geoBoundaries current gbOpen KEN ADM3 API release,HDX Administrative Wards in Kenya 1450
90231094B25343125214960,Cheptiret/Kipchamo,ADM3,gbOpen,2020,ydWuSvAtVs1,pZqQRRW7PHP,dKHnvt7gleN,2155,Uasin Gishu,Kesses Sub County,Cheptiret/kipchamo Ward,representative_point_in_hdx_polygon,high,geoBoundaries current gbOpen KEN ADM3 API release,HDX Administrative Wards in Kenya 1450
90231094B49188012653513,Bukhayo East,ADM3,gbOpen,2020,ov8OgPXuR5N,Tvf1zgVZ0K4,e1J7R103h8I,1719,Busia,Nambale Sub County,Bukhayo East Ward,representative_point_in_hdx_polygon,high,geoBoundaries current gbOpen KEN ADM3 API release,HDX Administrative Wards in Kenya 1450
90231094B54625802121426,Kagaari North,ADM3,gbOpen,2020,kiVPb44vhiR,PFu8alU2KWG,kMSLkN4nsRl,320,EMBU,Runyenjes  Sub County,Kaagari North Ward,representative_point_in_hdx_polygon,high,geoBoundaries current gbOpen KEN ADM3 API release,HDX Administrative Wards in Kenya 1450
90231094B10208882356749,Kabete,ADM3,gbOpen,2020,ERl76hzXrr7,qKzosKQPl6G,lb5LzWiUX8Y,2204,Kiambu,Kabete Sub County,Kabete Ward,representative_point_in_hdx_polygon,high,geoBoundaries current gbOpen KEN ADM3 API release,HDX Administrative Wards in Kenya 1450
90231094B66524469831822,Tala,ADM3,gbOpen,2020,fEYm1lDe2ES,yhCUgGcCcOo,GnixPSqaV6D,1509,Machakos,Matungulu Sub County,Tala Ward,representative_point_in_hdx_polygon,high,geoBoundaries current gbOpen KEN ADM3 API release,HDX Administrative Wards in Kenya 1450
90231094B65556795751933,Kochia,ADM3,gbOpen,2020,ODrYkIYLlui,nK0A12Q7MvS,iK2Jk2AxhlD,1554,Homa Bay,Rangwe Sub County,Kochia Ward,representative_point_in_hdx_polygon,high,geoBoundaries current gbOpen KEN ADM3 API release,HDX Administrative Wards in Kenya 1450
90231094B61937936353520,Makutano,ADM3,gbOpen,2020,s38X4K1qhST,mThvosEflAU,f18kGo9yXWo,695,TRANS NZOIA,Cherangany Sub County,Makutano Ward,representative_point_in_hdx_polygon,high,geoBoundaries current gbOpen KEN ADM3 API release,HDX Administrative Wards in Kenya 1450
90231094B52379767783923,Kapkures,ADM3,gbOpen,2020,cSNEKHwtiWH,pZqQRRW7PHP,lmr1q6dTaso,2129,Uasin Gishu,Soy Sub County,Kapkures Ward,representative_point_in_hdx_polygon,high,geoBoundaries current gbOpen KEN ADM3 API release,HDX Administrative Wards in Kenya 1450
90231094B17513066840951,Bonyamatuta,ADM3,gbOpen,2020,d7n8GfG2cFO,uepLTG8wGWJ,cxjRPbvhjzr,1954,Nyamira,Nyamira Sub County,Bonyamatuta Ward,representative_point_in_hdx_polygon,high,geoBoundaries current gbOpen KEN ADM3 API release,HDX Administrative Wards in Kenya 1450
90231094B62283390748221,Mayoni,ADM3,gbOpen,2020,PXAviuGXJGl,BjC1xL40gHo,ssbO49f0iLN,1684,Kakamega,Matungu Sub County,Mayoni Ward,representative_point_in_hdx_polygon,high,geoBoundaries current gbOpen KEN ADM3 API release,HDX Administrative Wards in Kenya 1450
90231094B92760573921980,Luanda Township,ADM3,gbOpen,2020,ZD3ThdrdoTN,sANMZ3lpqGs,lkYdgjRSOoE,1588,Vihiga,Luanda Sub County,Luanda Township Ward,representative_point_in_hdx_polygon,high,geoBoundaries current gbOpen KEN ADM3 API release,HDX Administrative Wards in Kenya 1450
90231094B34589920171531,Emsoo,ADM3,gbOpen,2020,i7TCmhUejq5,MqnLxQBigG0,rlWH0Ac9vjc,742,ELGEYO-MARAKWET,Keiyo North Sub County,Emsoo Ward,representative_point_in_hdx_polygon,high,geoBoundaries current gbOpen KEN ADM3 API release,HDX Administrative Wards in Kenya 1450
90231094B65269585704540,Mbitini,ADM3,gbOpen,2020,VUT7af8sHh5,BoDytkJQ4Qi,AIGIQpolMRn,430,MAKUENI,Makueni  Sub County,Mbitini Ward,representative_point_in_hdx_polygon,high,geoBoundaries current gbOpen KEN ADM3 API release,HDX Administrative Wards in Kenya 1450
90231094B78816975942503,Voo/Kyamatu,ADM3,gbOpen,2020,fYDplrDSXQI,j8o6iO4Njsi,d0Gu8FrRM0Y,362,KITUI,Kitui East Sub County,Voo/kyamatu Ward,representative_point_in_hdx_polygon,high,geoBoundaries current gbOpen KEN ADM3 API release,HDX Administrative Wards in Kenya 1450
90231094B31111225336916,Central Sakwa,ADM3,gbOpen,2020,jmeydKjWYw7,fVra3Pwta0Q,ka9Uv3Ckcbd,1461,Migori,Awendo Sub County,Central Sakwa Ward,representative_point_in_hdx_polygon,high,geoBoundaries current gbOpen KEN ADM3 API release,HDX Administrative Wards in Kenya 1450
90231094B62942360374422,Silibwet Township,ADM3,gbOpen,2020,tM4Bmyj48cN,HMNARUV2CW4,m9gdonbVXjZ,2263,Bomet,Bomet Central Sub County,Silibwet Township Ward,representative_point_in_hdx_polygon,high,geoBoundaries current gbOpen KEN ADM3 API release,HDX Administrative Wards in Kenya 1450
90231094B31823107392306,East Gem,ADM3,gbOpen,2020,nUVin4tYKY2,nK0A12Q7MvS,iK2Jk2AxhlD,1552,Homa Bay,Rangwe Sub County,East Gem Ward,representative_point_in_hdx_polygon,high,geoBoundaries current gbOpen KEN ADM3 API release,HDX Administrative Wards in Kenya 1450
90231094B12205651631267,Mumias Central,ADM3,gbOpen,2020,w6anQIp7OrZ,BjC1xL40gHo,uRl5fBkhpcE,1674,Kakamega,Mumias West  Sub County,Mumias Central Ward,representative_point_in_hdx_polygon,high,geoBoundaries current gbOpen KEN ADM3 API release,HDX Administrative Wards in Kenya 1450
90231094B56235128284376,Kipipiri,ADM3,gbOpen,2020,EAMXljqgEhV,mYZacFNIB3h,KlVgeHmvG6n,450,NYANDARUA,Kipipiri Sub County,Kipipiri Ward,representative_point_in_hdx_polygon,high,geoBoundaries current gbOpen KEN ADM3 API release,HDX Administrative Wards in Kenya 1450
90231094B61394441165884,Ganga,ADM3,gbOpen,2020,AIL7D1wnOIl,T4urHM47nlm,wQ8XjZ7zVwL,299,THARAKA-NITHI,Mwimbi Sub County,Ganga Ward,representative_point_in_hdx_polygon,high,geoBoundaries current gbOpen KEN ADM3 API release,HDX Administrative Wards in Kenya 1450
90231094B32730963912261,Narok Town,ADM3,gbOpen,2020,MAdyJPs0RUr,kqJ83J2D72s,fNROL0qm8De,2170,Narok,Narok North Sub County,Narok Town Ward,representative_point_in_hdx_polygon,high,geoBoundaries current gbOpen KEN ADM3 API release,HDX Administrative Wards in Kenya 1450
90231094B36290448233845,Kamagut,ADM3,gbOpen,2020,P1RSkho9WMu,pZqQRRW7PHP,KuprsuBe1l0,2137,Uasin Gishu,Turbo Sub County,Kamagut Ward,representative_point_in_hdx_polygon,high,geoBoundaries current gbOpen KEN ADM3 API release,HDX Administrative Wards in Kenya 1450
90231094B32189092528867,Kipkenyo,ADM3,gbOpen,2020,JZrMfy0ZEjq,pZqQRRW7PHP,u9yagZzK49q,2150,Uasin Gishu,Kapseret Sub County,Kipkenyo Ward,representative_point_in_hdx_polygon,high,geoBoundaries current gbOpen KEN ADM3 API release,HDX Administrative Wards in Kenya 1450
90231094B5991441392173,Naikarra,ADM3,gbOpen,2020,Ay904HxgFbw,kqJ83J2D72s,ouA247cg58A,2187,Narok,Narok West Sub County,Naikarra Ward,representative_point_in_hdx_polygon,high,geoBoundaries current gbOpen KEN ADM3 API release,HDX Administrative Wards in Kenya 1450
90231094B57126687440723,North East Bunyore,ADM3,gbOpen,2020,AgnY1dRfILu,sANMZ3lpqGs,Lpy789vqRC6,1593,Vihiga,Emuhaya Sub County,North East Bunyore Ward,representative_point_in_hdx_polygon,high,geoBoundaries current gbOpen KEN ADM3 API release,HDX Administrative Wards in Kenya 1450
90231094B44876107223794,Luanda South,ADM3,gbOpen,2020,P35Hsu3jEza,sANMZ3lpqGs,lkYdgjRSOoE,1591,Vihiga,Luanda Sub County,Luanda South Ward,representative_point_in_hdx_polygon,high,geoBoundaries current gbOpen KEN ADM3 API release,HDX Administrative Wards in Kenya 1450
90231094B54170766550939,Mariani,ADM3,gbOpen,2020,Dcu26yytcIH,T4urHM47nlm,yXwsnpFBIPW,301,THARAKA-NITHI,Igambang'ombe Sub County,Mariani Ward,representative_point_in_hdx_polygon,high,geoBoundaries current gbOpen KEN ADM3 API release,HDX Administrative Wards in Kenya 1450
90231094B42318024028374,Mukaa,ADM3,gbOpen,2020,sZE7f9VLEbp,BoDytkJQ4Qi,XAy1bjurhLU,418,MAKUENI,Kilome Sub County,Mukaa Ward,representative_point_in_hdx_polygon,high,geoBoundaries current gbOpen KEN ADM3 API release,HDX Administrative Wards in Kenya 1450
90231094B22847647980947,Lugaga-Wamuluma,ADM3,gbOpen,2020,af8ohZ5YbyQ,sANMZ3lpqGs,OOF3UX4yOt7,1575,Vihiga,Vihiga Sub County,Lugaga-wamuluma Ward,representative_point_in_hdx_polygon,high,geoBoundaries current gbOpen KEN ADM3 API release,HDX Administrative Wards in Kenya 1450
90231094B43774926953051,Milima,ADM3,gbOpen,2020,ky9RthnIKqS,KGHhQ5GLd4k,orUwYD52An3,1641,Bungoma,Tongaren Sub County,Milima Ward,representative_point_in_hdx_polygon,high,geoBoundaries current gbOpen KEN ADM3 API release,HDX Administrative Wards in Kenya 1450
90231094B46896393410979,Masogo/Nyang'Oma,ADM3,gbOpen,2020,FFfi4zTqdH2,tAbBVBbueqD,NmbwkQ5r5cB,1935,Kisumu,Muhoroni Sub County,Masogo/nyang'oma Ward,representative_point_in_hdx_polygon,high,geoBoundaries current gbOpen KEN ADM3 API release,HDX Administrative Wards in Kenya 1450
90231094B85669558340303,West Sakwa,ADM3,gbOpen,2020,uid3Vo2PCsW,u4t9H8XyU9P,JNvqpOnKfGR,1872,Siaya,Bondo Sub County,West Sakwa Ward,representative_point_in_hdx_polygon,high,geoBoundaries current gbOpen KEN ADM3 API release,HDX Administrative Wards in Kenya 1450
90231094B3814955884120,Kisa East,ADM3,gbOpen,2020,YROnQ32WW3W,BjC1xL40gHo,UhQS2Mv0PCK,1692,Kakamega,Khwisero Sub County,Kisa East Ward,representative_point_in_hdx_polygon,high,geoBoundaries current gbOpen KEN ADM3 API release,HDX Administrative Wards in Kenya 1450
90231094B82960595828811,Mwea,ADM3,gbOpen,2020,cWJOQn1YUfg,PFu8alU2KWG,AvnM6jKoocs,323,EMBU,Mbeere South  Sub County,Mwea Ward,representative_point_in_hdx_polygon,high,geoBoundaries current gbOpen KEN ADM3 API release,HDX Administrative Wards in Kenya 1450
90231094B82964343122573,Malaba North,ADM3,gbOpen,2020,jvY4ig8JLYY,Tvf1zgVZ0K4,GpEIlwz3FvT,1706,Busia,Teso North Sub County,Malaba North Ward,representative_point_in_hdx_polygon,high,geoBoundaries current gbOpen KEN ADM3 API release,HDX Administrative Wards in Kenya 1450
90231094B63035039119550,Hongwe,ADM3,gbOpen,2020,att6OMwShzH,NjWSbQTwys4,Lfxw0DfD4jN,108,LAMU,LAMU WEST,HONGWE,representative_point_in_hdx_polygon,high,geoBoundaries current gbOpen KEN ADM3 API release,HDX Administrative Wards in Kenya 1450
90231094B39754598271104,Marachi West,ADM3,gbOpen,2020,WnuuhfEMxBf,Tvf1zgVZ0K4,RIBiZFJxB1K,1726,Busia,Butula Sub County,Marachi West Ward,representative_point_in_hdx_polygon,high,geoBoundaries current gbOpen KEN ADM3 API release,HDX Administrative Wards in Kenya 1450
90231094B35648548516916,Manda-Shivanga,ADM3,gbOpen,2020,oQbUJJHfsbX,BjC1xL40gHo,ES1CWa4AJmJ,1660,Kakamega,Malava Sub County,Manda-shivanga Ward,representative_point_in_hdx_polygon,high,geoBoundaries current gbOpen KEN ADM3 API release,HDX Administrative Wards in Kenya 1450
90231094B88992162335907,West Kisumu,ADM3,gbOpen,2020,DP7qvMiw5Du,tAbBVBbueqD,YzEDO9Mq4TR,1918,Kisumu,Kisumu West Sub County,West Kisumu Ward,representative_point_in_hdx_polygon,high,geoBoundaries current gbOpen KEN ADM3 API release,HDX Administrative Wards in Kenya 1450
90231094B73489831700037,Chepkunyuk,ADM3,gbOpen,2020,O4tmt5AWnNr,t0J75eHKxz5,W6Err8cQf5J,762,NANDI,Nandi East Sub County,Chepkunyuk Ward,representative_point_in_hdx_polygon,high,geoBoundaries current gbOpen KEN ADM3 API release,HDX Administrative Wards in Kenya 1450
90231094B32676019369343,Murinduko,ADM3,gbOpen,2020,yXzhbb6Zwi8,Ulj33KBau7V,jHmpQUlnkQk,501,KIRINYAGA,Kirinyaga South Sub County,Murinduko Ward,representative_point_in_hdx_polygon,high,geoBoundaries current gbOpen KEN ADM3 API release,HDX Administrative Wards in Kenya 1450
90231094B70700616465596,Getenga,ADM3,gbOpen,2020,lY9h6WKKqjC,sPkRcDvhGWA,WHG67QCDRS9,1974,Kisii,South Mugirango Sub County,Getenga Ward,representative_point_in_hdx_polygon,high,geoBoundaries current gbOpen KEN ADM3 API release,HDX Administrative Wards in Kenya 1450
90231094B54072497370845,Central Seme,ADM3,gbOpen,2020,o6cVZ72goEk,tAbBVBbueqD,LRNmnMw1fBs,1927,Kisumu,Seme Sub County,Central Seme Ward,representative_point_in_hdx_polygon,high,geoBoundaries current gbOpen KEN ADM3 API release,HDX Administrative Wards in Kenya 1450
90231094B19728626261720,Kwa Njenga,ADM3,gbOpen,2020,Nt7PPe0Vdou,jkG3zaihdSs,aDp1odOWYC1,2047,Nairobi,Embakasi South Sub County,Imara Daima Ward,representative_point_in_hdx_polygon,high,geoBoundaries current gbOpen KEN ADM3 API release,HDX Administrative Wards in Kenya 1450
90231094B94050479621482,Garsen Central,ADM3,gbOpen,2020,y1cIpVUXwUj,JsH2bnvNt2d,Lj0mu9j58Ss,89,TANA RIVER,Garsen Sub County,Garsen central Ward,representative_point_in_hdx_polygon,high,geoBoundaries current gbOpen KEN ADM3 API release,HDX Administrative Wards in Kenya 1450
90231094B7724881422871,North Kanyamkago,ADM3,gbOpen,2020,LXYI6dwqHoR,fVra3Pwta0Q,fCInDXluNhx,1471,Migori,Uriri Sub County,North  Kanyamkago Ward,representative_point_in_hdx_polygon,high,geoBoundaries current gbOpen KEN ADM3 API release,HDX Administrative Wards in Kenya 1450
90231094B26116363357882,Siana,ADM3,gbOpen,2020,amNn0DeeFdo,kqJ83J2D72s,ouA247cg58A,2186,Narok,Narok West Sub County,Siana Ward,representative_point_in_hdx_polygon,high,geoBoundaries current gbOpen KEN ADM3 API release,HDX Administrative Wards in Kenya 1450
90231094B84736397436402,Kakrao,ADM3,gbOpen,2020,SUvzbKCIzyN,fVra3Pwta0Q,nHEr5EciFh0,1464,Migori,Suna East Sub County,Kakrao Ward,representative_point_in_hdx_polygon,high,geoBoundaries current gbOpen KEN ADM3 API release,HDX Administrative Wards in Kenya 1450
90231094B68176923386999,Kuinet/Kapsuswa,ADM3,gbOpen,2020,HglOFYGPmKB,pZqQRRW7PHP,lmr1q6dTaso,2134,Uasin Gishu,Soy Sub County,Kuinet/kapsuswa Ward,representative_point_in_hdx_polygon,high,geoBoundaries current gbOpen KEN ADM3 API release,HDX Administrative Wards in Kenya 1450
90231094B22402771457190,Nyangores,ADM3,gbOpen,2020,mareBenlFqk,HMNARUV2CW4,PUhMyfDD2xp,2254,Bomet,Chepalungu Sub County,Nyangores Ward,representative_point_in_hdx_polygon,high,geoBoundaries current gbOpen KEN ADM3 API release,HDX Administrative Wards in Kenya 1450
90231094B49695478682113,Kinoo,ADM3,gbOpen,2020,WoFjxj90Kle,qKzosKQPl6G,jOVcLeZQSsS,2210,Kiambu,Kikuyu Sub County,Kinoo,representative_point_in_hdx_polygon,high,geoBoundaries current gbOpen KEN ADM3 API release,HDX Administrative Wards in Kenya 1450
90231094B91228914162960,West Asembo,ADM3,gbOpen,2020,kazFsB6YZ6J,u4t9H8XyU9P,XcRpb1xsM64,1875,Siaya,Rarieda Sub County,West Asembo Ward,representative_point_in_hdx_polygon,high,geoBoundaries current gbOpen KEN ADM3 API release,HDX Administrative Wards in Kenya 1450
90231094B87142784156030,Kambiti,ADM3,gbOpen,2020,ul9ur7nq171,ahwTMNAJvrL,l46g2PZUjoh,2112,Muranga,Muranga South Sub County,Kambiti Ward,representative_point_in_hdx_polygon,high,geoBoundaries current gbOpen KEN ADM3 API release,HDX Administrative Wards in Kenya 1450
90231094B51181590419560,Mekenene,ADM3,gbOpen,2020,UZzNEWFdz58,uepLTG8wGWJ,ABuzigW8Lzw,1961,Nyamira,Borabu Sub County,Mekenene Ward,representative_point_in_hdx_polygon,high,geoBoundaries current gbOpen KEN ADM3 API release,HDX Administrative Wards in Kenya 1450
90231094B40065626001716,Bidii,ADM3,gbOpen,2020,NAWbghvoSOZ,mThvosEflAU,ABy8CNqf2e7,679,TRANS NZOIA,Kwanza  Sub County,Bidii Ward,representative_point_in_hdx_polygon,high,geoBoundaries current gbOpen KEN ADM3 API release,HDX Administrative Wards in Kenya 1450
90231094B48090429650866,Tuwani,ADM3,gbOpen,2020,xpKH3jY02I5,mThvosEflAU,y2M16lesMsF,685,TRANS NZOIA,Saboti  Sub County,Tuwani Ward,representative_point_in_hdx_polygon,high,geoBoundaries current gbOpen KEN ADM3 API release,HDX Administrative Wards in Kenya 1450
90231094B22009461109088,Gisambai,ADM3,gbOpen,2020,d7jBlFuDPt7,sANMZ3lpqGs,BXaq5PxSfz2,1584,Vihiga,Hamisi Sub County,Gisambai Ward,representative_point_in_hdx_polygon,high,geoBoundaries current gbOpen KEN ADM3 API release,HDX Administrative Wards in Kenya 1450
90231094B23279663779894,Amukura West,ADM3,gbOpen,2020,GcsaAX4B8x8,Tvf1zgVZ0K4,EhchjCHkhJ9,1714,Busia,Teso South Sub County,Amukura West Ward,representative_point_in_hdx_polygon,high,geoBoundaries current gbOpen KEN ADM3 API release,HDX Administrative Wards in Kenya 1450
90231094B59001214976718,Moticho,ADM3,gbOpen,2020,nbMilBEW7vk,sPkRcDvhGWA,WHG67QCDRS9,1973,Kisii,South Mugirango Sub County,Moticho Ward,representative_point_in_hdx_polygon,high,geoBoundaries current gbOpen KEN ADM3 API release,HDX Administrative Wards in Kenya 1450
90231094B4065885882878,Lakeview,ADM3,gbOpen,2020,xbHueeSJ4j8,ob6SxuRcqU4,yZJJPoSGhY6,1752,Nakuru,Naivasha  Sub County,Lake View Ward,representative_point_in_hdx_polygon,high,geoBoundaries current gbOpen KEN ADM3 API release,HDX Administrative Wards in Kenya 1450
90231094B48619501037725,Gurar,ADM3,gbOpen,2020,w7fqbD2ws7l,CeLsrJOH0g9,qsjAa8FE8OS,161,WAJIR,Wajir North Sub County,Gurar Ward,representative_point_in_hdx_polygon,high,geoBoundaries current gbOpen KEN ADM3 API release,HDX Administrative Wards in Kenya 1450
90231094B86219045441992,Mugwe,ADM3,gbOpen,2020,mr7zhcDiR5h,T4urHM47nlm,JmE1qRVQD4F,304,THARAKA-NITHI,Chuka Sub County,Mugwe Ward,representative_point_in_hdx_polygon,high,geoBoundaries current gbOpen KEN ADM3 API release,HDX Administrative Wards in Kenya 1450
90231094B26309360605313,East Seme,ADM3,gbOpen,2020,BRDtIETwfeW,tAbBVBbueqD,LRNmnMw1fBs,1928,Kisumu,Seme Sub County,East Seme Ward,representative_point_in_hdx_polygon,high,geoBoundaries current gbOpen KEN ADM3 API release,HDX Administrative Wards in Kenya 1450
90231094B48042615669449,Siongiroi,ADM3,gbOpen,2020,zxVl78P6p8i,HMNARUV2CW4,PUhMyfDD2xp,2257,Bomet,Chepalungu Sub County,Siongiroi Ward,representative_point_in_hdx_polygon,high,geoBoundaries current gbOpen KEN ADM3 API release,HDX Administrative Wards in Kenya 1450
90231094B68449667609235,Kenyawa-Poka,ADM3,gbOpen,2020,KONREaUfSht,Hsk1YV8kHkT,g6gTzQ5nfYq,924,KAJIADO,Kajiado East Sub County,Kenyawa-poka Ward,representative_point_in_hdx_polygon,high,geoBoundaries current gbOpen KEN ADM3 API release,HDX Administrative Wards in Kenya 1450
90231094B94646233168184,Ibeno,ADM3,gbOpen,2020,v0dNWrWeT7B,sPkRcDvhGWA,fFh3beH29fD,1998,Kisii,Nyaribari Chache  Sub County,Ibeno Ward,representative_point_in_hdx_polygon,high,geoBoundaries current gbOpen KEN ADM3 API release,HDX Administrative Wards in Kenya 1450
90231094B80665103490424,East Kamagak,ADM3,gbOpen,2020,RvsMMMCame7,nK0A12Q7MvS,NhsAMiaS0TD,1538,Homa Bay,Kasipul Sub County,East Kamagak Ward,representative_point_in_hdx_polygon,high,geoBoundaries current gbOpen KEN ADM3 API release,HDX Administrative Wards in Kenya 1450
90231094B87629011785293,Kianjai,ADM3,gbOpen,2020,rjPvpKtHTus,Y52XNJ50hYb,Q4xAPhWUnYC,268,MERU,Tigania West Sub County,Kianjai Ward,representative_point_in_hdx_polygon,high,geoBoundaries current gbOpen KEN ADM3 API release,HDX Administrative Wards in Kenya 1450
90231094B41580484632049,Kibarani,ADM3,gbOpen,2020,MrSf22UB5d3,nrI2khZx3d0,MEkEH8ZmcOU,1827,Kilifi,Kilifi North Sub County,Kibarani Ward,representative_point_in_hdx_polygon,high,geoBoundaries current gbOpen KEN ADM3 API release,HDX Administrative Wards in Kenya 1450
90231094B17389205510117,Sirende,ADM3,gbOpen,2020,FXjBryC2ysZ,mThvosEflAU,pzZHpL2ueIn,690,TRANS NZOIA,Kiminini  Sub County,Sirende Ward,representative_point_in_hdx_polygon,high,geoBoundaries current gbOpen KEN ADM3 API release,HDX Administrative Wards in Kenya 1450
90231094B44497252393008,Mutira,ADM3,gbOpen,2020,xFI9cbIii9H,Ulj33KBau7V,JKNaaTjVapG,512,KIRINYAGA,Kirinyaga Central Sub County,Mutira Ward,representative_point_in_hdx_polygon,high,geoBoundaries current gbOpen KEN ADM3 API release,HDX Administrative Wards in Kenya 1450
90231094B43713732117315,Central Gem,ADM3,gbOpen,2020,LWXYw2EpuLy,u4t9H8XyU9P,PKeFksHlJkB,1864,Siaya,Gem Sub County,Central Gem Ward,representative_point_in_hdx_polygon,high,geoBoundaries current gbOpen KEN ADM3 API release,HDX Administrative Wards in Kenya 1450
90231094B61473169811752,Kasgunga,ADM3,gbOpen,2020,eX9fqY9KVU8,nK0A12Q7MvS,mCGytMcMf6y,1568,Homa Bay,Mbita Sub County,Kasgunga Ward,representative_point_in_hdx_polygon,high,geoBoundaries current gbOpen KEN ADM3 API release,HDX Administrative Wards in Kenya 1450
90231094B95458009496203,Khalaba,ADM3,gbOpen,2020,ldYP7L1GA6f,BjC1xL40gHo,ssbO49f0iLN,1683,Kakamega,Matungu Sub County,Khalaba Ward,representative_point_in_hdx_polygon,high,geoBoundaries current gbOpen KEN ADM3 API release,HDX Administrative Wards in Kenya 1450
90231094B57486336325540,Igambang'Ombe,ADM3,gbOpen,2020,SYuNHyY118o,T4urHM47nlm,yXwsnpFBIPW,305,THARAKA-NITHI,Igambang'ombe Sub County,Igambang`ombe Ward,representative_point_in_hdx_polygon,high,geoBoundaries current gbOpen KEN ADM3 API release,HDX Administrative Wards in Kenya 1450
90231094B29913128699293,Mwibona,ADM3,gbOpen,2020,gvz1kfj99I3,sANMZ3lpqGs,lkYdgjRSOoE,1590,Vihiga,Luanda Sub County,Mwibona Ward,representative_point_in_hdx_polygon,high,geoBoundaries current gbOpen KEN ADM3 API release,HDX Administrative Wards in Kenya 1450
90231094B41796221101860,Kamukuywa,ADM3,gbOpen,2020,krBcnnShWw6,KGHhQ5GLd4k,AphsS3lJwKU,1638,Bungoma,Kimilili Sub County,Kamukuywa Ward,representative_point_in_hdx_polygon,high,geoBoundaries current gbOpen KEN ADM3 API release,HDX Administrative Wards in Kenya 1450
90231094B79592704564787,Bukhayo West,ADM3,gbOpen,2020,xMPuIHmGdYe,Tvf1zgVZ0K4,tvkI2HSIRW9,1721,Busia,Matayos Sub County,Bukhayo West Ward,representative_point_in_hdx_polygon,high,geoBoundaries current gbOpen KEN ADM3 API release,HDX Administrative Wards in Kenya 1450
90231094B81102626508310,Kapsoya,ADM3,gbOpen,2020,H9e1tEercdW,pZqQRRW7PHP,mYlMs4xTj82,2146,Uasin Gishu,Ainabkoi Sub County,Kapsoya Ward,representative_point_in_hdx_polygon,high,geoBoundaries current gbOpen KEN ADM3 API release,HDX Administrative Wards in Kenya 1450
90231094B68019941894087,Karatina Town,ADM3,gbOpen,2020,oCDeWaZZImt,ptWVfaCIdVx,vznKK4IegIL,482,NYERI,Mathira East Sub County,Karatina town Ward,representative_point_in_hdx_polygon,high,geoBoundaries current gbOpen KEN ADM3 API release,HDX Administrative Wards in Kenya 1450
90231094B99662905793124,Itibo,ADM3,gbOpen,2020,ojhmHJxovB6,uepLTG8wGWJ,v5qbFUgfIoF,1956,Nyamira,Nyamira North Sub County,Itibo Ward,representative_point_in_hdx_polygon,high,geoBoundaries current gbOpen KEN ADM3 API release,HDX Administrative Wards in Kenya 1450
90231094B17310074556281,Ukia,ADM3,gbOpen,2020,INKzs9VvqEs,BoDytkJQ4Qi,pKJ4NZGPzTA,420,MAKUENI,Kaiti  Sub County,Ukia ward,representative_point_in_hdx_polygon,high,geoBoundaries current gbOpen KEN ADM3 API release,HDX Administrative Wards in Kenya 1450
90231094B47105443255219,Kabula,ADM3,gbOpen,2020,sIW2S02bdN0,KGHhQ5GLd4k,jkQZEow83MX,1616,Bungoma,Bumula Sub County,Kabula  Ward,representative_point_in_hdx_polygon,high,geoBoundaries current gbOpen KEN ADM3 API release,HDX Administrative Wards in Kenya 1450
90231094B89130347923816,Chekalini,ADM3,gbOpen,2020,WU8NRoTwaDK,BjC1xL40gHo,ZOdhgR19Akq,1648,Kakamega,Lugari Sub County,Chekalini Ward,representative_point_in_hdx_polygon,high,geoBoundaries current gbOpen KEN ADM3 API release,HDX Administrative Wards in Kenya 1450
90231094B62991511414132,Kigumo,ADM3,gbOpen,2020,H8uphttPusS,ahwTMNAJvrL,tyfDsdZ1h3R,2107,Muranga,Kigumo Sub County,Kigumo Ward,representative_point_in_hdx_polygon,high,geoBoundaries current gbOpen KEN ADM3 API release,HDX Administrative Wards in Kenya 1450
90231094B93995146778368,Khalaba,ADM3,gbOpen,2020,AqsJZWunWRF,KGHhQ5GLd4k,CUjthlounWV,1623,Bungoma,Kanduyi Sub County,Khalaba Ward,representative_point_in_hdx_polygon,high,geoBoundaries current gbOpen KEN ADM3 API release,HDX Administrative Wards in Kenya 1450
90231094B57834468236188,Ruiri/Rwarera,ADM3,gbOpen,2020,LXCb2xO5iF7,Y52XNJ50hYb,xN5aPo4ZOIt,284,MERU,Buuri Sub County,Ruiru Rwawera Ward,representative_point_in_hdx_polygon,high,geoBoundaries current gbOpen KEN ADM3 API release,HDX Administrative Wards in Kenya 1450
90231094B67483375460384,Kanyamwa Kosewe,ADM3,gbOpen,2020,ccNnEThhT6C,nK0A12Q7MvS,i2Y2fyNoFyZ,1565,Homa Bay,Ndhiwa Sub County,Kanyamwa Kosewe Ward,representative_point_in_hdx_polygon,high,geoBoundaries current gbOpen KEN ADM3 API release,HDX Administrative Wards in Kenya 1450
90231094B63790375510230,Central Bunyore,ADM3,gbOpen,2020,rF4SKTlT0XH,sANMZ3lpqGs,Lpy789vqRC6,1594,Vihiga,Emuhaya Sub County,Central Bunyore Ward,representative_point_in_hdx_polygon,high,geoBoundaries current gbOpen KEN ADM3 API release,HDX Administrative Wards in Kenya 1450
90231094B48487435657211,Marafa,ADM3,gbOpen,2020,Icchyn9Ob1j,nrI2khZx3d0,KMWrMZrlO5u,1854,Kilifi,Magarini Sub County,Marafa Ward,representative_point_in_hdx_polygon,high,geoBoundaries current gbOpen KEN ADM3 API release,HDX Administrative Wards in Kenya 1450
90231094B55000162942820,Kayole North,ADM3,gbOpen,2020,ETN4UDiD5y5,jkG3zaihdSs,XvpLXU47BKs,2057,Nairobi,Embakasi Central Sub County,Kayole North Ward,representative_point_in_hdx_polygon,high,geoBoundaries current gbOpen KEN ADM3 API release,HDX Administrative Wards in Kenya 1450
90231094B47882418060892,Kanyeki-Ini,ADM3,gbOpen,2020,WtvrxP6Ra8K,Ulj33KBau7V,JKNaaTjVapG,513,KIRINYAGA,Kirinyaga Central Sub County,Kanyekini Ward,representative_point_in_hdx_polygon,high,geoBoundaries current gbOpen KEN ADM3 API release,HDX Administrative Wards in Kenya 1450
90231094B28709258486712,Mayenje,ADM3,gbOpen,2020,Fh0N1GDepVx,Tvf1zgVZ0K4,tvkI2HSIRW9,1722,Busia,Matayos Sub County,Mayenje Ward,representative_point_in_hdx_polygon,high,geoBoundaries current gbOpen KEN ADM3 API release,HDX Administrative Wards in Kenya 1450
90231094B50999130574769,Godoma,ADM3,gbOpen,2020,cGxvLpMCjj9,CeLsrJOH0g9,qsjAa8FE8OS,167,WAJIR,Wajir North Sub County,Godoma Ward,representative_point_in_hdx_polygon,high,geoBoundaries current gbOpen KEN ADM3 API release,HDX Administrative Wards in Kenya 1450
90231094B80268017191277,Parklands/Highridge,ADM3,gbOpen,2020,QhDd2LAuXAF,jkG3zaihdSs,f1T0Ltob8VQ,2008,Nairobi,Westlands  Sub County,Parklands/highridge Ward,representative_point_in_hdx_polygon,high,geoBoundaries current gbOpen KEN ADM3 API release,HDX Administrative Wards in Kenya 1450
90231094B32600263227767,Kiganjo,ADM3,gbOpen,2020,YEjn4x9gyXR,qKzosKQPl6G,EcRytSSIkUq,2222,Kiambu,Gatundu South Sub County,Kiganjo Ward,representative_point_in_hdx_polygon,high,geoBoundaries current gbOpen KEN ADM3 API release,HDX Administrative Wards in Kenya 1450
90231094B70503450281704,Bomariba,ADM3,gbOpen,2020,lRfveTknPgF,sPkRcDvhGWA,zCCIu1Vi3Wh,1965,Kisii,Bonchari  Sub County,Bomariba Ward,representative_point_in_hdx_polygon,high,geoBoundaries current gbOpen KEN ADM3 API release,HDX Administrative Wards in Kenya 1450
90231094B19505120608742,Mbiuni,ADM3,gbOpen,2020,mTYNhOlvCK8,yhCUgGcCcOo,fYYivceocJ2,1529,Machakos,Mwala Sub County,Mbiuni Ward,representative_point_in_hdx_polygon,high,geoBoundaries current gbOpen KEN ADM3 API release,HDX Administrative Wards in Kenya 1450
90231094B62134894246183,Matayos South,ADM3,gbOpen,2020,UMeXjZoZxct,Tvf1zgVZ0K4,tvkI2HSIRW9,1723,Busia,Matayos Sub County,Matayos South Ward,representative_point_in_hdx_polygon,high,geoBoundaries current gbOpen KEN ADM3 API release,HDX Administrative Wards in Kenya 1450
90231094B72111873493169,Nambale Township,ADM3,gbOpen,2020,IUsXLSNYp1f,Tvf1zgVZ0K4,e1J7R103h8I,1717,Busia,Nambale Sub County,Nambale Township Ward,representative_point_in_hdx_polygon,high,geoBoundaries current gbOpen KEN ADM3 API release,HDX Administrative Wards in Kenya 1450
90231094B70385458168678,East Sang'Alo,ADM3,gbOpen,2020,jhQaAr01YU5,KGHhQ5GLd4k,CUjthlounWV,1625,Bungoma,Kanduyi Sub County,East Sang'alo Ward,representative_point_in_hdx_polygon,high,geoBoundaries current gbOpen KEN ADM3 API release,HDX Administrative Wards in Kenya 1450
90231094B86389063696777,Gatanga,ADM3,gbOpen,2020,yg2YesgFsrG,ahwTMNAJvrL,Z7ALMtFNfeZ,2126,Muranga,Gatanga Sub County,Gatanga Ward,representative_point_in_hdx_polygon,high,geoBoundaries current gbOpen KEN ADM3 API release,HDX Administrative Wards in Kenya 1450
90231094B92656919749248,Wiga,ADM3,gbOpen,2020,kxIw7ZzqXPq,fVra3Pwta0Q,VtuwXD7O1O9,1466,Migori,Suna West Sub County,Wiga Ward,representative_point_in_hdx_polygon,high,geoBoundaries current gbOpen KEN ADM3 API release,HDX Administrative Wards in Kenya 1450
90231094B34648440497842,Bokeira,ADM3,gbOpen,2020,nvxLbNo63Zw,uepLTG8wGWJ,v5qbFUgfIoF,1958,Nyamira,Nyamira North Sub County,Bokeira Ward,representative_point_in_hdx_polygon,high,geoBoundaries current gbOpen KEN ADM3 API release,HDX Administrative Wards in Kenya 1450
90231094B17728159466486,Boito,ADM3,gbOpen,2020,w8SzXPBdjgq,HMNARUV2CW4,PLFoYJO8MVS,2271,Bomet,Konoin Sub County,Boito Ward,representative_point_in_hdx_polygon,high,geoBoundaries current gbOpen KEN ADM3 API release,HDX Administrative Wards in Kenya 1450
90231094B37204147872189,Kwabwai,ADM3,gbOpen,2020,Fsxrjp3QlVa,nK0A12Q7MvS,i2Y2fyNoFyZ,1559,Homa Bay,Ndhiwa Sub County,Kwabwai Ward,representative_point_in_hdx_polygon,high,geoBoundaries current gbOpen KEN ADM3 API release,HDX Administrative Wards in Kenya 1450
90231094B53566041103404,Kargi/South Horr,ADM3,gbOpen,2020,RaSqiM3lgfo,Eey8fT4Im3y,eZpy65ooW0m,237,MARSABIT,LAISAMIS,KARGI/SOUTH HORR,representative_point_in_hdx_polygon,high,geoBoundaries current gbOpen KEN ADM3 API release,HDX Administrative Wards in Kenya 1450
90231094B42599946075045,Gatimu,ADM3,gbOpen,2020,hh7VWuhTI6A,mYZacFNIB3h,fVSw60UAC3W,459,NYANDARUA,Oljoroorok Sub County,Gatimu Ward,representative_point_in_hdx_polygon,high,geoBoundaries current gbOpen KEN ADM3 API release,HDX Administrative Wards in Kenya 1450
90231094B78954351432082,Litein,ADM3,gbOpen,2020,rkbxH4r1ceD,ihZsJ8alvtb,wt8cPHWfkfu,954,KERICHO,Bureti Sub County,Litein Ward,representative_point_in_hdx_polygon,high,geoBoundaries current gbOpen KEN ADM3 API release,HDX Administrative Wards in Kenya 1450
90231094B40069115671252,Masige West,ADM3,gbOpen,2020,kNhuVMT4NIA,sPkRcDvhGWA,cooDDG3Lh3A,1977,Kisii,Bobasi Sub County,Masige West Ward,representative_point_in_hdx_polygon,high,geoBoundaries current gbOpen KEN ADM3 API release,HDX Administrative Wards in Kenya 1450
90231094B24590563610793,Magumoni,ADM3,gbOpen,2020,vGpXQ5hFNmS,T4urHM47nlm,JmE1qRVQD4F,303,THARAKA-NITHI,Chuka Sub County,Magumoni Ward,representative_point_in_hdx_polygon,high,geoBoundaries current gbOpen KEN ADM3 API release,HDX Administrative Wards in Kenya 1450
90231094B47124927981792,Chemelil/Chemase,ADM3,gbOpen,2020,EHPasx2Mt1b,t0J75eHKxz5,NPYRMdqrK6L,753,NANDI,Tinderet Sub County,Chemelil/chemase Ward,representative_point_in_hdx_polygon,high,geoBoundaries current gbOpen KEN ADM3 API release,HDX Administrative Wards in Kenya 1450
90231094B65090443239984,Kobura,ADM3,gbOpen,2020,s2NvoXiAGWj,tAbBVBbueqD,iRK9uABUTVZ,1932,Kisumu,Nyando Sub County,Kobura Ward,representative_point_in_hdx_polygon,high,geoBoundaries current gbOpen KEN ADM3 API release,HDX Administrative Wards in Kenya 1450
90231094B62451632398945,Charagita,ADM3,gbOpen,2020,Yh0tdzyDjHY,mYZacFNIB3h,fVSw60UAC3W,461,NYANDARUA,Oljoroorok Sub County,Charagita Ward,representative_point_in_hdx_polygon,high,geoBoundaries current gbOpen KEN ADM3 API release,HDX Administrative Wards in Kenya 1450
90231094B99018363452317,Marakaru/Tuuti,ADM3,gbOpen,2020,thvW4MLkf3E,KGHhQ5GLd4k,CUjthlounWV,1626,Bungoma,Kanduyi Sub County,Marakaru/tuuti Ward,representative_point_in_hdx_polygon,high,geoBoundaries current gbOpen KEN ADM3 API release,HDX Administrative Wards in Kenya 1450
90231094B15502897164300,Central,ADM3,gbOpen,2020,vvsB9Kldjzy,j8o6iO4Njsi,uE7HKhqPOtf,340,KITUI,Mwingi Central Sub- County,Central Ward,representative_point_in_hdx_polygon,high,geoBoundaries current gbOpen KEN ADM3 API release,HDX Administrative Wards in Kenya 1450
90231094B23700475765334,Inoi,ADM3,gbOpen,2020,upv9qERTCCI,Ulj33KBau7V,JKNaaTjVapG,515,KIRINYAGA,Kirinyaga Central Sub County,Inoi Ward,representative_point_in_hdx_polygon,high,geoBoundaries current gbOpen KEN ADM3 API release,HDX Administrative Wards in Kenya 1450
90231094B44889641708012,Bukhayo North/Waltsi,ADM3,gbOpen,2020,YXM5WOeQkyO,Tvf1zgVZ0K4,e1J7R103h8I,1718,Busia,Nambale Sub County,Bukhayo North Walatsi Ward,representative_point_in_hdx_polygon,high,geoBoundaries current gbOpen KEN ADM3 API release,HDX Administrative Wards in Kenya 1450
90231094B49723734905696,Homa Bay West,ADM3,gbOpen,2020,jjce8vXK50R,nK0A12Q7MvS,Ur2xRBDtazT,1557,Homa Bay,Homa Bay Town Sub County,Homa Bay West Ward,representative_point_in_hdx_polygon,high,geoBoundaries current gbOpen KEN ADM3 API release,HDX Administrative Wards in Kenya 1450
90231094B6713421145361,Iloodokilani,ADM3,gbOpen,2020,MMPnyemUFot,Hsk1YV8kHkT,wYsCfCAUWNB,927,KAJIADO,Kajiado West Sub County,Iloodokilani Ward,representative_point_in_hdx_polygon,high,geoBoundaries current gbOpen KEN ADM3 API release,HDX Administrative Wards in Kenya 1450
90231094B7433924742004,Butali/Chegulo,ADM3,gbOpen,2020,WlgJjiJVyHY,BjC1xL40gHo,ES1CWa4AJmJ,1659,Kakamega,Malava Sub County,Butali Chegulo Ward,representative_point_in_hdx_polygon,high,geoBoundaries current gbOpen KEN ADM3 API release,HDX Administrative Wards in Kenya 1450
90231094B20190588707332,Kapkateny,ADM3,gbOpen,2020,WIQaiUzKu6p,KGHhQ5GLd4k,NZphHeczehh,1603,Bungoma,Cheptais Sub County,Kakateny Ward,representative_point_in_hdx_polygon,high,geoBoundaries current gbOpen KEN ADM3 API release,HDX Administrative Wards in Kenya 1450
90231094B59746137593948,Marachi North,ADM3,gbOpen,2020,uHObeeBxuHY,Tvf1zgVZ0K4,RIBiZFJxB1K,1730,Busia,Butula Sub County,Marachi North Ward,representative_point_in_hdx_polygon,high,geoBoundaries current gbOpen KEN ADM3 API release,HDX Administrative Wards in Kenya 1450
90231094B32860180729579,Sogoo,ADM3,gbOpen,2020,Tn1grqaqx7v,kqJ83J2D72s,bnYzgzYe2Z7,2183,Narok,Narok South Sub County,Sagamian Ward,representative_point_in_hdx_polygon,high,geoBoundaries current gbOpen KEN ADM3 API release,HDX Administrative Wards in Kenya 1450
90231094B13305037933118,Ukunda,ADM3,gbOpen,2020,iBuXrh8ESS2,N7YETT3A9r1,ADMywdLwoRX,1891,Kwale,Msambweni Sub County,Ukunda Ward,representative_point_in_hdx_polygon,high,geoBoundaries current gbOpen KEN ADM3 API release,HDX Administrative Wards in Kenya 1450
90231094B81946633035565,Gokeharaka/Getambwega,ADM3,gbOpen,2020,Y9n3cjtnU4R,fVra3Pwta0Q,THm2tCJa2ZQ,1489,Migori,Kuria East Sub County,Gokeharaka/getambwega Ward,representative_point_in_hdx_polygon,high,geoBoundaries current gbOpen KEN ADM3 API release,HDX Administrative Wards in Kenya 1450
90231094B50795016725207,Songhor/Soba,ADM3,gbOpen,2020,MWpytk1a5rh,t0J75eHKxz5,NPYRMdqrK6L,751,NANDI,Tinderet Sub County,Songhor/Soba Ward,representative_point_in_hdx_polygon,high,geoBoundaries current gbOpen KEN ADM3 API release,HDX Administrative Wards in Kenya 1450
90231094B22788649441841,Chebunyo,ADM3,gbOpen,2020,m6Ko9GT996i,HMNARUV2CW4,PUhMyfDD2xp,2256,Bomet,Chepalungu Sub County,Chebunyo Ward,representative_point_in_hdx_polygon,high,geoBoundaries current gbOpen KEN ADM3 API release,HDX Administrative Wards in Kenya 1450
90231094B53175189556073,Kivaa,ADM3,gbOpen,2020,Z1lLfOZ4sab,yhCUgGcCcOo,hpcb7MYi6nc,1495,Machakos,Masinga Sub County,Kivaa Ward,representative_point_in_hdx_polygon,high,geoBoundaries current gbOpen KEN ADM3 API release,HDX Administrative Wards in Kenya 1450
90231094B24231620022060,Kaputiei North,ADM3,gbOpen,2020,BQ7G5kGe1Cv,Hsk1YV8kHkT,g6gTzQ5nfYq,921,KAJIADO,Kajiado East Sub County,Kaputiei north Ward,representative_point_in_hdx_polygon,high,geoBoundaries current gbOpen KEN ADM3 API release,HDX Administrative Wards in Kenya 1450
90231094B83389108831293,Mwanamwinga,ADM3,gbOpen,2020,B2L7OVm0ZO1,nrI2khZx3d0,tSKDWoVKiPo,1840,Kilifi,Kaloleni Sub County,Mwanamwinga Ward,representative_point_in_hdx_polygon,high,geoBoundaries current gbOpen KEN ADM3 API release,HDX Administrative Wards in Kenya 1450
90231094B4079556500584,Kembu,ADM3,gbOpen,2020,Va67VduPAgZ,HMNARUV2CW4,OZNRpww2TUK,2259,Bomet,Bomet East Sub County,Kembu Ward,representative_point_in_hdx_polygon,high,geoBoundaries current gbOpen KEN ADM3 API release,HDX Administrative Wards in Kenya 1450
90231094B70656942809195,Kileleshwa,ADM3,gbOpen,2020,DnVTXbCnup5,jkG3zaihdSs,CcTr4bcVGAG,2015,Nairobi,Dagoretti North Sub County,Kileleshwa Ward,representative_point_in_hdx_polygon,high,geoBoundaries current gbOpen KEN ADM3 API release,HDX Administrative Wards in Kenya 1450
90231094B47179213325845,Moiben,ADM3,gbOpen,2020,mKtIgRuq39B,pZqQRRW7PHP,q8R0FA1hxnP,2144,Uasin Gishu,Moiben Sub County,Moiben Ward,representative_point_in_hdx_polygon,high,geoBoundaries current gbOpen KEN ADM3 API release,HDX Administrative Wards in Kenya 1450
90231094B21336840090975,Tiwi,ADM3,gbOpen,2020,JBSYO3skSW5,N7YETT3A9r1,wUNEDOnx9uB,1900,Kwale,Matuga Sub County,Tiwi Ward,representative_point_in_hdx_polygon,high,geoBoundaries current gbOpen KEN ADM3 API release,HDX Administrative Wards in Kenya 1450
90231094B92079557850073,Muthambi,ADM3,gbOpen,2020,BkpZUfBGM9x,T4urHM47nlm,gLD3Q9fHpvy,297,THARAKA-NITHI,Muthambi Sub County,Muthambi Ward,representative_point_in_hdx_polygon,high,geoBoundaries current gbOpen KEN ADM3 API release,HDX Administrative Wards in Kenya 1450
90231094B73986577117385,Thingithu,ADM3,gbOpen,2020,AMlucMGQuxK,xuFdFy6t9AH,pF6qPMIlHte,819,LAIKIPIA,Laikipia East Sub County,Thingithu Ward,representative_point_in_hdx_polygon,high,geoBoundaries current gbOpen KEN ADM3 API release,HDX Administrative Wards in Kenya 1450
90231094B83976316297901,Kyuso,ADM3,gbOpen,2020,WJLrTzwzXNb,j8o6iO4Njsi,KXM9VnhuLfP,332,KITUI,Mwingi North Sub County,Kyuso Ward,representative_point_in_hdx_polygon,high,geoBoundaries current gbOpen KEN ADM3 API release,HDX Administrative Wards in Kenya 1450
90231094B38125372159363,Wemilabi,ADM3,gbOpen,2020,VY0CncsctUg,sANMZ3lpqGs,lkYdgjRSOoE,1589,Vihiga,Luanda Sub County,Wemilabi Ward,representative_point_in_hdx_polygon,high,geoBoundaries current gbOpen KEN ADM3 API release,HDX Administrative Wards in Kenya 1450
90231094B6553166799211,Madogo,ADM3,gbOpen,2020,yTb02ghmk0V,JsH2bnvNt2d,yWPcTwGwQ2B,100,TANA RIVER,Bura Sub County,Madogo Ward,representative_point_in_hdx_polygon,high,geoBoundaries current gbOpen KEN ADM3 API release,HDX Administrative Wards in Kenya 1450
90231094B14926839980586,Bombaba Borabu,ADM3,gbOpen,2020,q6eyMKDnFA0,sPkRcDvhGWA,ntRK47D5dYL,2273,Kisii,Bomachoge Borabu Sub County,BOMBABA BORABU,representative_point_in_hdx_polygon,high,geoBoundaries current gbOpen KEN ADM3 API release,HDX Administrative Wards in Kenya 1450
90231094B26504586470506,Lwandeti,ADM3,gbOpen,2020,nbaDAo4y7cH,BjC1xL40gHo,ZOdhgR19Akq,1650,Kakamega,Lugari Sub County,Lwandeti Ward,representative_point_in_hdx_polygon,high,geoBoundaries current gbOpen KEN ADM3 API release,HDX Administrative Wards in Kenya 1450
90231094B74361771735641,Wanjohi,ADM3,gbOpen,2020,d5qc4G0CclB,mYZacFNIB3h,KlVgeHmvG6n,449,NYANDARUA,Kipipiri Sub County,Wanjohi Ward,representative_point_in_hdx_polygon,high,geoBoundaries current gbOpen KEN ADM3 API release,HDX Administrative Wards in Kenya 1450
90231094B7268008970235,Kimintet,ADM3,gbOpen,2020,BCIB2lbwUN4,kqJ83J2D72s,Nb6e34jNGAq,2162,Narok,Transmara West Sub County,Kimintet Ward,representative_point_in_hdx_polygon,high,geoBoundaries current gbOpen KEN ADM3 API release,HDX Administrative Wards in Kenya 1450
90231094B15568637062155,South Bukusu,ADM3,gbOpen,2020,kMwgldKtwou,KGHhQ5GLd4k,jkQZEow83MX,1613,Bungoma,Bumula Sub County,South Bukusu Ward,representative_point_in_hdx_polygon,high,geoBoundaries current gbOpen KEN ADM3 API release,HDX Administrative Wards in Kenya 1450
90231094B20794017135549,Bunyala Central,ADM3,gbOpen,2020,Qa2LjBCOXby,BjC1xL40gHo,G6PJ5kFVAuO,1673,Kakamega,Navakholo Sub County,Bunyala Central Ward,representative_point_in_hdx_polygon,high,geoBoundaries current gbOpen KEN ADM3 API release,HDX Administrative Wards in Kenya 1450
90231094B7962145593483,Chepsiro/Kiptoror,ADM3,gbOpen,2020,wC4nO2SVsQH,mThvosEflAU,f18kGo9yXWo,699,TRANS NZOIA,Cherangany Sub County,Chepsiro/kiptoror Ward,representative_point_in_hdx_polygon,high,geoBoundaries current gbOpen KEN ADM3 API release,HDX Administrative Wards in Kenya 1450
90231094B51750751009154,Ukwala,ADM3,gbOpen,2020,AxesNVgsvhq,u4t9H8XyU9P,InECuIlzJGx,1880,Siaya,Ugenya Sub County,Ukwala Ward,representative_point_in_hdx_polygon,high,geoBoundaries current gbOpen KEN ADM3 API release,HDX Administrative Wards in Kenya 1450
90231094B77762606221754,Tulwet/Chuiyat,ADM3,gbOpen,2020,M2Y9JtFNd0u,pZqQRRW7PHP,dKHnvt7gleN,2156,Uasin Gishu,Kesses Sub County,Tulwet/chiyat Ward,representative_point_in_hdx_polygon,high,geoBoundaries current gbOpen KEN ADM3 API release,HDX Administrative Wards in Kenya 1450
90231094B94682185120011,Chepterwai,ADM3,gbOpen,2020,eB5qRSOhocc,t0J75eHKxz5,Xtb7tbJpk9p,774,NANDI,Mosop Sub County,Chepterwai Ward,representative_point_in_hdx_polygon,high,geoBoundaries current gbOpen KEN ADM3 API release,HDX Administrative Wards in Kenya 1450
90231094B56999747240981,Marani,ADM3,gbOpen,2020,BR5uAoEu5yV,sPkRcDvhGWA,cQkF9l9wePP,2001,Kisii,Kitutu Chache North Sub County,Marani Ward,representative_point_in_hdx_polygon,high,geoBoundaries current gbOpen KEN ADM3 API release,HDX Administrative Wards in Kenya 1450
90231094B2679568577595,Gitaru,ADM3,gbOpen,2020,P3TwXvbGu0Y,qKzosKQPl6G,lb5LzWiUX8Y,2201,Kiambu,Kabete Sub County,Gitaru,representative_point_in_hdx_polygon,high,geoBoundaries current gbOpen KEN ADM3 API release,HDX Administrative Wards in Kenya 1450
90231094B55378328153049,Kapkugerwet,ADM3,gbOpen,2020,D2NqKgPvDTJ,ihZsJ8alvtb,GshNTMZJ5r1,946,KERICHO,Ainamoi Sub County,Kapkugerwet Ward,representative_point_in_hdx_polygon,high,geoBoundaries current gbOpen KEN ADM3 API release,HDX Administrative Wards in Kenya 1450
90231094B46410698544185,Amwathi,ADM3,gbOpen,2020,y1x13IydCG7,Y52XNJ50hYb,G9DoZvSdGLx,265,MERU,Igembe North Sub County,Amwathi Ward,representative_point_in_hdx_polygon,high,geoBoundaries current gbOpen KEN ADM3 API release,HDX Administrative Wards in Kenya 1450
90231094B65160203501239,Nanighi,ADM3,gbOpen,2020,EmhVD7pSOTI,uyOrcHZBpW0,RScEHA3V38d,156,GARISSA,Fafi Sub County,Nanighi Ward,representative_point_in_hdx_polygon,high,geoBoundaries current gbOpen KEN ADM3 API release,HDX Administrative Wards in Kenya 1450
90231094B13137132515842,North Gem,ADM3,gbOpen,2020,KzqDLd1CVFQ,u4t9H8XyU9P,PKeFksHlJkB,1862,Siaya,Gem Sub County,North Gem Ward,representative_point_in_hdx_polygon,high,geoBoundaries current gbOpen KEN ADM3 API release,HDX Administrative Wards in Kenya 1450
90231094B92431504186181,Mara,ADM3,gbOpen,2020,mX734z5OjqI,kqJ83J2D72s,ouA247cg58A,2185,Narok,Narok West Sub County,Mara Ward,representative_point_in_hdx_polygon,high,geoBoundaries current gbOpen KEN ADM3 API release,HDX Administrative Wards in Kenya 1450
90231094B91669160320753,Maiella,ADM3,gbOpen,2020,fRDUt04TIg5,ob6SxuRcqU4,yZJJPoSGhY6,1754,Nakuru,Naivasha  Sub County,Maeilla Ward,representative_point_in_hdx_polygon,high,geoBoundaries current gbOpen KEN ADM3 API release,HDX Administrative Wards in Kenya 1450
90231094B40491516652900,Bobasi Boitangare,ADM3,gbOpen,2020,wXOHBThI5Kf,sPkRcDvhGWA,cooDDG3Lh3A,1984,Kisii,Bobasi Sub County,Bobasi Boitangare Ward,representative_point_in_hdx_polygon,high,geoBoundaries current gbOpen KEN ADM3 API release,HDX Administrative Wards in Kenya 1450
90231094B56086335225177,Mfangano Island,ADM3,gbOpen,2020,SyS2T2z6JDZ,nK0A12Q7MvS,mCGytMcMf6y,1566,Homa Bay,Mbita Sub County,Mfangano Island Ward,representative_point_in_hdx_polygon,high,geoBoundaries current gbOpen KEN ADM3 API release,HDX Administrative Wards in Kenya 1450
90231094B67805745228731,Athi River,ADM3,gbOpen,2020,CYAMnUYLITU,yhCUgGcCcOo,BxfsSc6Svrc,1518,Machakos,Athi River Sub County,Athi River Ward,representative_point_in_hdx_polygon,high,geoBoundaries current gbOpen KEN ADM3 API release,HDX Administrative Wards in Kenya 1450
90231094B39350446055173,Gongoni,ADM3,gbOpen,2020,nsigtOm8lE7,nrI2khZx3d0,KMWrMZrlO5u,1856,Kilifi,Magarini Sub County,Gongoni Ward,representative_point_in_hdx_polygon,high,geoBoundaries current gbOpen KEN ADM3 API release,HDX Administrative Wards in Kenya 1450
90231094B95878476045376,Siaya Township,ADM3,gbOpen,2020,bcaDvBIDj6b,u4t9H8XyU9P,Cu46otDi1RO,1889,Siaya,Alego Usonga Sub County,Siaya Township Ward,representative_point_in_hdx_polygon,high,geoBoundaries current gbOpen KEN ADM3 API release,HDX Administrative Wards in Kenya 1450
90231094B48984760708386,North Ugenya,ADM3,gbOpen,2020,quAHj7k172D,u4t9H8XyU9P,InECuIlzJGx,1881,Siaya,Ugenya Sub County,North Ugenya Ward,representative_point_in_hdx_polygon,high,geoBoundaries current gbOpen KEN ADM3 API release,HDX Administrative Wards in Kenya 1450
90231094B87404787023751,Shankoe,ADM3,gbOpen,2020,L1Lr24F5gyc,kqJ83J2D72s,Nb6e34jNGAq,2161,Narok,Transmara West Sub County,Shankoe Ward,representative_point_in_hdx_polygon,high,geoBoundaries current gbOpen KEN ADM3 API release,HDX Administrative Wards in Kenya 1450
90231094B72006315640065,Matungulu North,ADM3,gbOpen,2020,cYcOCBgwwwN,yhCUgGcCcOo,GnixPSqaV6D,1510,Machakos,Matungulu Sub County,Matungulu North Ward,representative_point_in_hdx_polygon,high,geoBoundaries current gbOpen KEN ADM3 API release,HDX Administrative Wards in Kenya 1450
90231094B44289361214872,Nthawa,ADM3,gbOpen,2020,tGtfKyhl0y1,PFu8alU2KWG,eYBXetGx8xF,328,EMBU,Mbeere North  Sub County,Nthawa Ward,representative_point_in_hdx_polygon,high,geoBoundaries current gbOpen KEN ADM3 API release,HDX Administrative Wards in Kenya 1450
90231094B46036042020457,Kathonzweni,ADM3,gbOpen,2020,uBWnkt16xIs,BoDytkJQ4Qi,AIGIQpolMRn,428,MAKUENI,Makueni  Sub County,Kathonzweni Ward,representative_point_in_hdx_polygon,high,geoBoundaries current gbOpen KEN ADM3 API release,HDX Administrative Wards in Kenya 1450
90231094B63379762228644,Mwiyogo/Endarasha,ADM3,gbOpen,2020,kBloQxkcKxZ,ptWVfaCIdVx,odOtfcaMg4p,471,NYERI,Kieni West Sub County,Mwiyogo/endarasha Ward,representative_point_in_hdx_polygon,high,geoBoundaries current gbOpen KEN ADM3 API release,HDX Administrative Wards in Kenya 1450
90231094B67022632113245,Komarock,ADM3,gbOpen,2020,I6S3XcUsF34,jkG3zaihdSs,XvpLXU47BKs,2060,Nairobi,Embakasi Central Sub County,Komarock Ward,representative_point_in_hdx_polygon,high,geoBoundaries current gbOpen KEN ADM3 API release,HDX Administrative Wards in Kenya 1450
90231094B46588992237709,Kilgoris Central,ADM3,gbOpen,2020,bFIJdjEp5Kl,kqJ83J2D72s,Nb6e34jNGAq,2158,Narok,Transmara West Sub County,Kilgoris Central  Ward,representative_point_in_hdx_polygon,high,geoBoundaries current gbOpen KEN ADM3 API release,HDX Administrative Wards in Kenya 1450
90231094B64545344050024,South West Kisumu,ADM3,gbOpen,2020,hAzpUozlCyI,tAbBVBbueqD,YzEDO9Mq4TR,1915,Kisumu,Kisumu West Sub County,South West Kisumu Ward,representative_point_in_hdx_polygon,high,geoBoundaries current gbOpen KEN ADM3 API release,HDX Administrative Wards in Kenya 1450
90231094B79182117833840,Majoge,ADM3,gbOpen,2020,fOorbUi6HUx,sPkRcDvhGWA,YqYSkwmOtiR,1985,Kisii,Bomachoge Chache Sub County,Majoge Basi Ward,representative_point_in_hdx_polygon,high,geoBoundaries current gbOpen KEN ADM3 API release,HDX Administrative Wards in Kenya 1450
90231094B5695055685286,Shiru,ADM3,gbOpen,2020,iphxMgFUJmE,sANMZ3lpqGs,BXaq5PxSfz2,1583,Vihiga,Hamisi Sub County,Shiru Ward,representative_point_in_hdx_polygon,high,geoBoundaries current gbOpen KEN ADM3 API release,HDX Administrative Wards in Kenya 1450
90231094B16665335051488,Kisa North,ADM3,gbOpen,2020,XFOc3lfOj2x,BjC1xL40gHo,UhQS2Mv0PCK,1691,Kakamega,Khwisero Sub County,Kisa North Ward,representative_point_in_hdx_polygon,high,geoBoundaries current gbOpen KEN ADM3 API release,HDX Administrative Wards in Kenya 1450
90231094B91388214161467,Lwandanyi,ADM3,gbOpen,2020,nNiOxPPdyhk,KGHhQ5GLd4k,whWfFA9D7td,1608,Bungoma,Sirisia Sub County,Lwandanyi Ward,representative_point_in_hdx_polygon,high,geoBoundaries current gbOpen KEN ADM3 API release,HDX Administrative Wards in Kenya 1450
90231094B38021670700160,Korogocho,ADM3,gbOpen,2020,TqSqq39Jbcz,jkG3zaihdSs,Cc8uEFkzfVf,2046,Nairobi,Ruaraka  Sub County,Korogocho Ward,representative_point_in_hdx_polygon,high,geoBoundaries current gbOpen KEN ADM3 API release,HDX Administrative Wards in Kenya 1450
90231094B88537225961095,Likuyani,ADM3,gbOpen,2020,tzPsC2kiU56,BjC1xL40gHo,wMv0s3U2nnG,1651,Kakamega,Likuyani Sub County,Likuyani Ward,representative_point_in_hdx_polygon,high,geoBoundaries current gbOpen KEN ADM3 API release,HDX Administrative Wards in Kenya 1450
90231094B47386653043439,Ichuni,ADM3,gbOpen,2020,TSCRn3jEAXw,sPkRcDvhGWA,A6Sj8RumZ0m,1988,Kisii,Nyaribari Masaba Sub County,Ichuni Ward,representative_point_in_hdx_polygon,high,geoBoundaries current gbOpen KEN ADM3 API release,HDX Administrative Wards in Kenya 1450
90231094B46763846344537,Mungoma,ADM3,gbOpen,2020,VmCvwovgPi4,sANMZ3lpqGs,OOF3UX4yOt7,1599,Vihiga,Vihiga Sub County,Mungoma Ward,representative_point_in_hdx_polygon,high,geoBoundaries current gbOpen KEN ADM3 API release,HDX Administrative Wards in Kenya 1450
90231094B22078267875903,Ndenderu,ADM3,gbOpen,2020,S5vdlHabZzv,qKzosKQPl6G,lb5LzWiUX8Y,2203,Kiambu,Kabete Sub County,Nyadhuna Ward,representative_point_in_hdx_polygon,high,geoBoundaries current gbOpen KEN ADM3 API release,HDX Administrative Wards in Kenya 1450
90231094B78828223561825,Moyale Township,ADM3,gbOpen,2020,g3PamYQCz5A,Eey8fT4Im3y,sZjPgbWI5ra,221,MARSABIT,MOYALE,BUTIYE,representative_point_in_hdx_polygon,high,geoBoundaries current gbOpen KEN ADM3 API release,HDX Administrative Wards in Kenya 1450
90231094B18461843880473,Kendu Bay Town,ADM3,gbOpen,2020,bBfvGmNakj6,nK0A12Q7MvS,fmsyW02tPng,1550,Homa Bay,Karachuonyo Sub County,Kendu Bay Town Ward,representative_point_in_hdx_polygon,high,geoBoundaries current gbOpen KEN ADM3 API release,HDX Administrative Wards in Kenya 1450
90231094B96774399201593,Kangundo North,ADM3,gbOpen,2020,GCpjuDfIVDu,yhCUgGcCcOo,vMPhBuymSKt,1505,Machakos,Kangundo Sub County,Kangundo North Ward,representative_point_in_hdx_polygon,high,geoBoundaries current gbOpen KEN ADM3 API release,HDX Administrative Wards in Kenya 1450
90231094B19737960637786,West Alego,ADM3,gbOpen,2020,zaHyyp9lXME,u4t9H8XyU9P,Cu46otDi1RO,1887,Siaya,Alego Usonga Sub County,West Alego Ward,representative_point_in_hdx_polygon,high,geoBoundaries current gbOpen KEN ADM3 API release,HDX Administrative Wards in Kenya 1450
90231094B7400472073115,Dadaab,ADM3,gbOpen,2020,MG7qx3dHgee,uyOrcHZBpW0,EW4Jw4dVWBt,147,GARISSA,Dadaab Sub County,Dadaab Ward,representative_point_in_hdx_polygon,high,geoBoundaries current gbOpen KEN ADM3 API release,HDX Administrative Wards in Kenya 1450
90231094B77205496989216,Mbirikani/Eselenkei,ADM3,gbOpen,2020,fBbEs297NMY,Hsk1YV8kHkT,eyADpAXM834,932,KAJIADO,Loitokitok Sub County,Imbrikani/eselelnkei Ward,representative_point_in_hdx_polygon,high,geoBoundaries current gbOpen KEN ADM3 API release,HDX Administrative Wards in Kenya 1450
90231094B10250429336241,Mikinduni,ADM3,gbOpen,2020,Tj925bvDisP,JsH2bnvNt2d,A4SNYCxrrnv,93,TANA RIVER,Galole Sub County,Mikinduni Ward,representative_point_in_hdx_polygon,high,geoBoundaries current gbOpen KEN ADM3 API release,HDX Administrative Wards in Kenya 1450
90231094B95614004374086,Bogeka,ADM3,gbOpen,2020,TwsN9rzFim6,sPkRcDvhGWA,gPR82w2xgJZ,2004,Kisii,Kitutu Chache South Sub County,Bogeka Ward,representative_point_in_hdx_polygon,high,geoBoundaries current gbOpen KEN ADM3 API release,HDX Administrative Wards in Kenya 1450
90231094B98161081658304,Melili,ADM3,gbOpen,2020,hfUlTD9PANt,kqJ83J2D72s,fNROL0qm8De,2173,Narok,Narok North Sub County,Melili Ward,representative_point_in_hdx_polygon,high,geoBoundaries current gbOpen KEN ADM3 API release,HDX Administrative Wards in Kenya 1450
90231094B99366654273486,Kabiyet,ADM3,gbOpen,2020,Qno2Rye1no5,t0J75eHKxz5,Xtb7tbJpk9p,777,NANDI,Mosop Sub County,Kabiyet Ward,representative_point_in_hdx_polygon,high,geoBoundaries current gbOpen KEN ADM3 API release,HDX Administrative Wards in Kenya 1450
90231094B6453106497990,Kabuchai/Chwele,ADM3,gbOpen,2020,g9tqOcjTCbA,KGHhQ5GLd4k,k1mze33jOs0,1609,Bungoma,Kabuchai Sub County,Kabuchai/chwele Ward,representative_point_in_hdx_polygon,high,geoBoundaries current gbOpen KEN ADM3 API release,HDX Administrative Wards in Kenya 1450
90231094B41090090570723,Mutito/Kaliku,ADM3,gbOpen,2020,qWZAzrzTN2v,j8o6iO4Njsi,d0Gu8FrRM0Y,364,KITUI,Kitui East Sub County,Mutitu/kaliku Ward,representative_point_in_hdx_polygon,high,geoBoundaries current gbOpen KEN ADM3 API release,HDX Administrative Wards in Kenya 1450
90231094B97129738979547,Antuambui,ADM3,gbOpen,2020,q5aojmYq2C4,Y52XNJ50hYb,G9DoZvSdGLx,261,MERU,Igembe North Sub County,Antuambui Ward,representative_point_in_hdx_polygon,high,geoBoundaries current gbOpen KEN ADM3 API release,HDX Administrative Wards in Kenya 1450
90231094B71844426453776,Mboghoni,ADM3,gbOpen,2020,SRbWfuqghtn,QyGNX2DpR4h,jNzRdAwjaQ1,114,TAITA TAVETA,Taveta Sub County,Mboghoni Ward,representative_point_in_hdx_polygon,high,geoBoundaries current gbOpen KEN ADM3 API release,HDX Administrative Wards in Kenya 1450
90231094B73125453552734,Awasi/Onjiko,ADM3,gbOpen,2020,Vi7hrFiryu0,tAbBVBbueqD,iRK9uABUTVZ,1943,Kisumu,Nyando Sub County,Awasi/onjiko Ward,representative_point_in_hdx_polygon,high,geoBoundaries current gbOpen KEN ADM3 API release,HDX Administrative Wards in Kenya 1450
90231094B94536471671232,Shella,ADM3,gbOpen,2020,kKIgRAJckI3,nrI2khZx3d0,lGg3wEy784X,1853,Kilifi,Malindi Sub County,Shella Ward,representative_point_in_hdx_polygon,high,geoBoundaries current gbOpen KEN ADM3 API release,HDX Administrative Wards in Kenya 1450
90231094B1021114687702,Kabuoch South/Pala,ADM3,gbOpen,2020,eScf0oeCcVI,nK0A12Q7MvS,i2Y2fyNoFyZ,1563,Homa Bay,Ndhiwa Sub County,Kabuoch South/pala Ward,representative_point_in_hdx_polygon,high,geoBoundaries current gbOpen KEN ADM3 API release,HDX Administrative Wards in Kenya 1450
90231094B62102743167026,Limuru East,ADM3,gbOpen,2020,JbltwguSYWn,qKzosKQPl6G,xhVi71INcFs,2214,Kiambu,Limuru Sub County,Limuru East Ward,representative_point_in_hdx_polygon,high,geoBoundaries current gbOpen KEN ADM3 API release,HDX Administrative Wards in Kenya 1450
90231094B38157813228123,Gikondi,ADM3,gbOpen,2020,ohWtG7fskG2,ptWVfaCIdVx,zT8Zj5vNYCy,487,NYERI,Mukurweini Sub County,Gikondi Ward,representative_point_in_hdx_polygon,high,geoBoundaries current gbOpen KEN ADM3 API release,HDX Administrative Wards in Kenya 1450
90231094B15423037092681,Simat/Kapseret,ADM3,gbOpen,2020,G30113eUpwM,pZqQRRW7PHP,u9yagZzK49q,2149,Uasin Gishu,Kapseret Sub County,Simat/ Kapseret Ward,representative_point_in_hdx_polygon,high,geoBoundaries current gbOpen KEN ADM3 API release,HDX Administrative Wards in Kenya 1450
90231094B54556931641981,Matungulu West,ADM3,gbOpen,2020,OMFDcpMhxBr,yhCUgGcCcOo,GnixPSqaV6D,1512,Machakos,Matungulu Sub County,Matungulu West Ward,representative_point_in_hdx_polygon,high,geoBoundaries current gbOpen KEN ADM3 API release,HDX Administrative Wards in Kenya 1450
90231094B90317066150535,Kurgung/Surungai,ADM3,gbOpen,2020,UDgBjC3Y1eU,t0J75eHKxz5,Xtb7tbJpk9p,776,NANDI,Mosop Sub County,Kurgung/surungai Ward,representative_point_in_hdx_polygon,high,geoBoundaries current gbOpen KEN ADM3 API release,HDX Administrative Wards in Kenya 1450
90231094B94782428329607,North Uyoma,ADM3,gbOpen,2020,c8htRsEJD2W,u4t9H8XyU9P,XcRpb1xsM64,1876,Siaya,Rarieda Sub County,North Uyoma Ward,representative_point_in_hdx_polygon,high,geoBoundaries current gbOpen KEN ADM3 API release,HDX Administrative Wards in Kenya 1450
90231094B6695080104632,Sigomere,ADM3,gbOpen,2020,WrmJKkvfjDl,u4t9H8XyU9P,m9nsQ1MXlVU,1884,Siaya,Ugunja Sub County,Sigomere Ward,representative_point_in_hdx_polygon,high,geoBoundaries current gbOpen KEN ADM3 API release,HDX Administrative Wards in Kenya 1450
90231094B57383053333313,Shirere,ADM3,gbOpen,2020,yKF1kdNdLqM,BjC1xL40gHo,Y3NjAhiBaZT,1668,Kakamega,Lurambi Sub County,Shirere Ward,representative_point_in_hdx_polygon,high,geoBoundaries current gbOpen KEN ADM3 API release,HDX Administrative Wards in Kenya 1450
90231094B13301353035461,South Sakwa,ADM3,gbOpen,2020,CRBP2g6KqWH,u4t9H8XyU9P,JNvqpOnKfGR,1870,Siaya,Bondo Sub County,South Sakwa Ward,representative_point_in_hdx_polygon,high,geoBoundaries current gbOpen KEN ADM3 API release,HDX Administrative Wards in Kenya 1450
90231094B8722067865452,Rwathia,ADM3,gbOpen,2020,UYC51WCz1R2,ahwTMNAJvrL,U9CLTNIwehR,2095,Muranga,Kangema Sub County,Rwathia Ward,representative_point_in_hdx_polygon,high,geoBoundaries current gbOpen KEN ADM3 API release,HDX Administrative Wards in Kenya 1450
90231094B74891551273900,Bokoli,ADM3,gbOpen,2020,rAJO40KF2F6,KGHhQ5GLd4k,aqYhbqKclsI,1634,Bungoma,Webuye West Sub County,Bokoli Ward,representative_point_in_hdx_polygon,high,geoBoundaries current gbOpen KEN ADM3 API release,HDX Administrative Wards in Kenya 1450
90231094B67826881477361,Bukembe West,ADM3,gbOpen,2020,r6SlF5OJDxM,KGHhQ5GLd4k,CUjthlounWV,1620,Bungoma,Kanduyi Sub County,Bukembe West Ward,representative_point_in_hdx_polygon,high,geoBoundaries current gbOpen KEN ADM3 API release,HDX Administrative Wards in Kenya 1450
90231094B73976741819447,Mauche,ADM3,gbOpen,2020,KHWDXyBa4i6,ob6SxuRcqU4,gSJXzH1DM75,1745,Nakuru,Njoro  Sub County,Mauche Ward,representative_point_in_hdx_polygon,high,geoBoundaries current gbOpen KEN ADM3 API release,HDX Administrative Wards in Kenya 1450
90231094B38147959739491,Kang'Atotha,ADM3,gbOpen,2020,qQtpJ2wdCay,kphDeKClFch,zd8rhYqGowE,625,TURKANA,Turkana Central Sub County,KANG'ATOTHA Ward,unique_normalized_name,medium,geoBoundaries current gbOpen KEN ADM3 API release,HDX Administrative Wards in Kenya 1450
90231094B75413257028989,West Kasipul,ADM3,gbOpen,2020,tn1vEO9VD83,nK0A12Q7MvS,NhsAMiaS0TD,1535,Homa Bay,Kasipul Sub County,West Kasipul Ward,representative_point_in_hdx_polygon,high,geoBoundaries current gbOpen KEN ADM3 API release,HDX Administrative Wards in Kenya 1450
90231094B49138125738359,Central Sakwa,ADM3,gbOpen,2020,JVz0J1MJJ0V,u4t9H8XyU9P,JNvqpOnKfGR,1869,Siaya,Bondo Sub County,Central Sakwa Ward,representative_point_in_hdx_polygon,high,geoBoundaries current gbOpen KEN ADM3 API release,HDX Administrative Wards in Kenya 1450
90231094B31694883202611,Isongo/Makunga/Malaha,ADM3,gbOpen,2020,LFTRMczCZWE,BjC1xL40gHo,FBteTV1eqB6,1679,Kakamega,Mumias East Sub County,Malaha Isongo Makunga Ward,representative_point_in_hdx_polygon,high,geoBoundaries current gbOpen KEN ADM3 API release,HDX Administrative Wards in Kenya 1450
90231094B13182510704138,Marama North,ADM3,gbOpen,2020,CcUrOE5FsJW,BjC1xL40gHo,K7mZpm8COh7,1689,Kakamega,Butere Sub County,Marama North Ward,representative_point_in_hdx_polygon,high,geoBoundaries current gbOpen KEN ADM3 API release,HDX Administrative Wards in Kenya 1450
90231094B766708584813,Sokoni,ADM3,gbOpen,2020,M5NeUqFK6KO,nrI2khZx3d0,MEkEH8ZmcOU,1826,Kilifi,Kilifi North Sub County,Sokoni Ward,representative_point_in_hdx_polygon,high,geoBoundaries current gbOpen KEN ADM3 API release,HDX Administrative Wards in Kenya 1450
90231094B41284787741144,Kibiri,ADM3,gbOpen,2020,HUoTkec6KhI,nK0A12Q7MvS,fmsyW02tPng,1548,Homa Bay,Karachuonyo Sub County,Kibiri Ward,representative_point_in_hdx_polygon,high,geoBoundaries current gbOpen KEN ADM3 API release,HDX Administrative Wards in Kenya 1450
90231094B54918276918146,Githurai,ADM3,gbOpen,2020,m3CPhYAMMRN,jkG3zaihdSs,j7GpbairCOi,2034,Nairobi,Roysambu  Sub County,Zimmerman Ward,representative_point_in_hdx_polygon,high,geoBoundaries current gbOpen KEN ADM3 API release,HDX Administrative Wards in Kenya 1450
90231094B76800283466599,Ndumberi,ADM3,gbOpen,2020,B7Ek2TSSkr9,qKzosKQPl6G,SBz4c48i24Y,2193,Kiambu,Kiambu Town Sub County,Ndumberi Ward,representative_point_in_hdx_polygon,high,geoBoundaries current gbOpen KEN ADM3 API release,HDX Administrative Wards in Kenya 1450
90231094B51470859203512,South East Alego,ADM3,gbOpen,2020,hMo6PZnvQqb,u4t9H8XyU9P,Cu46otDi1RO,1861,Siaya,Alego Usonga Sub County,South East Alego Ward,representative_point_in_hdx_polygon,high,geoBoundaries current gbOpen KEN ADM3 API release,HDX Administrative Wards in Kenya 1450
90231094B39955482758353,Kangemi,ADM3,gbOpen,2020,HWHpeXSxVCb,jkG3zaihdSs,f1T0Ltob8VQ,2010,Nairobi,Westlands  Sub County,Kangemi Ward,representative_point_in_hdx_polygon,high,geoBoundaries current gbOpen KEN ADM3 API release,HDX Administrative Wards in Kenya 1450
90231094B50028624536763,Shimba Hills National Reserve,ADM3,gbOpen,2020,dQkHuP0kVjq,N7YETT3A9r1,wUNEDOnx9uB,1901,Kwale,Matuga Sub County,Kubo South Ward,representative_point_in_hdx_polygon,high,geoBoundaries current gbOpen KEN ADM3 API release,HDX Administrative Wards in Kenya 1450
90231094B8381944484345,Bute,ADM3,gbOpen,2020,hp28cyo1lbf,CeLsrJOH0g9,qsjAa8FE8OS,162,WAJIR,Wajir North Sub County,Bute Ward,representative_point_in_hdx_polygon,high,geoBoundaries current gbOpen KEN ADM3 API release,HDX Administrative Wards in Kenya 1450
90231094B90227381219990,Kyeni North,ADM3,gbOpen,2020,QRBxWEQZUpe,PFu8alU2KWG,kMSLkN4nsRl,321,EMBU,Runyenjes  Sub County,Kyeni north Ward,representative_point_in_hdx_polygon,high,geoBoundaries current gbOpen KEN ADM3 API release,HDX Administrative Wards in Kenya 1450
90231094B56516024173089,Mogondo,ADM3,gbOpen,2020,VcvJbIcShgA,kqJ83J2D72s,PGTkGnIAZuy,2166,Narok,Transmara East Sub County,Mogondo Ward,representative_point_in_hdx_polygon,high,geoBoundaries current gbOpen KEN ADM3 API release,HDX Administrative Wards in Kenya 1450
90231094B2441337875596,Kanyaluo,ADM3,gbOpen,2020,LX2KPfCBef4,nK0A12Q7MvS,fmsyW02tPng,1547,Homa Bay,Karachuonyo Sub County,Kanyaluo Ward,representative_point_in_hdx_polygon,high,geoBoundaries current gbOpen KEN ADM3 API release,HDX Administrative Wards in Kenya 1450
90231094B39359279105826,West Karachuonyo,ADM3,gbOpen,2020,DbwgMpyBfwd,nK0A12Q7MvS,fmsyW02tPng,1544,Homa Bay,Karachuonyo Sub County,West Karachuonyo Ward,representative_point_in_hdx_polygon,high,geoBoundaries current gbOpen KEN ADM3 API release,HDX Administrative Wards in Kenya 1450
90231094B20766885119868,Kolwa Central,ADM3,gbOpen,2020,ml7KNIMIuvz,tAbBVBbueqD,PRpKwAloU5b,1914,Kisumu,Kisumu East Sub County,Kolwa Central Ward,representative_point_in_hdx_polygon,high,geoBoundaries current gbOpen KEN ADM3 API release,HDX Administrative Wards in Kenya 1450
90231094B41449265337603,Marenyo-Shianda,ADM3,gbOpen,2020,KqnktZiiyGZ,BjC1xL40gHo,K7mZpm8COh7,1688,Kakamega,Butere Sub County,Marenyo-shianda Ward,representative_point_in_hdx_polygon,high,geoBoundaries current gbOpen KEN ADM3 API release,HDX Administrative Wards in Kenya 1450
90231094B55974867585384,Ragana-Oruba,ADM3,gbOpen,2020,PPEvdyHP6uZ,fVra3Pwta0Q,VtuwXD7O1O9,1468,Migori,Suna West Sub County,Ragana-oruba Ward,representative_point_in_hdx_polygon,high,geoBoundaries current gbOpen KEN ADM3 API release,HDX Administrative Wards in Kenya 1450
90231094B76283232856346,North Kamagambo,ADM3,gbOpen,2020,QC41mItjIzF,fVra3Pwta0Q,fT37q3rXQ35,1455,Migori,Rongo Sub County,North Kamagambo Ward,representative_point_in_hdx_polygon,high,geoBoundaries current gbOpen KEN ADM3 API release,HDX Administrative Wards in Kenya 1450
90231094B74530253756751,Nyayo Highrise,ADM3,gbOpen,2020,uPv6CYD6np2,jkG3zaihdSs,aTGYlhEw2Xx,2023,Nairobi,Langata  Sub County,Nairobi West Ward,representative_point_in_hdx_polygon,high,geoBoundaries current gbOpen KEN ADM3 API release,HDX Administrative Wards in Kenya 1450
90231094B60293892663997,South Uyoma,ADM3,gbOpen,2020,VlWsveTXbi3,u4t9H8XyU9P,XcRpb1xsM64,1877,Siaya,Rarieda Sub County,South Uyoma Ward,representative_point_in_hdx_polygon,high,geoBoundaries current gbOpen KEN ADM3 API release,HDX Administrative Wards in Kenya 1450
90231094B21084276133854,Kirimari,ADM3,gbOpen,2020,GjGpfHjSGbO,PFu8alU2KWG,IPOMRXiYjxr,315,EMBU,Manyatta  Sub County,Kirimari Ward,representative_point_in_hdx_polygon,high,geoBoundaries current gbOpen KEN ADM3 API release,HDX Administrative Wards in Kenya 1450
90231094B23772702079017,Githabai,ADM3,gbOpen,2020,il32x0l8U6u,mYZacFNIB3h,RAnL5kBKMIt,447,NYANDARUA,Kinangop Sub County,Githabai Ward,representative_point_in_hdx_polygon,high,geoBoundaries current gbOpen KEN ADM3 API release,HDX Administrative Wards in Kenya 1450
90231094B36450135346078,Gatitu/Muruguru,ADM3,gbOpen,2020,h8Uo12ri0RF,ptWVfaCIdVx,GXnD5lHeanK,494,NYERI,Nyeri Central Sub County,RURING'U / Karia Ward,representative_point_in_hdx_polygon,high,geoBoundaries current gbOpen KEN ADM3 API release,HDX Administrative Wards in Kenya 1450
90231094B53743214012757,Ng'Araria,ADM3,gbOpen,2020,GqsqQj9CDst,ahwTMNAJvrL,gwYTo0wITYX,2116,Muranga,Kandara Sub County,Ng'araria Ward,representative_point_in_hdx_polygon,high,geoBoundaries current gbOpen KEN ADM3 API release,HDX Administrative Wards in Kenya 1450
90231094B13002925602300,Ntunene,ADM3,gbOpen,2020,b7S83B5sQai,Y52XNJ50hYb,G9DoZvSdGLx,262,MERU,Igembe North Sub County,Ntunene Ward,representative_point_in_hdx_polygon,high,geoBoundaries current gbOpen KEN ADM3 API release,HDX Administrative Wards in Kenya 1450
90231094B26745561941535,Dandora Area Iii,ADM3,gbOpen,2020,rj9COmxBpVr,jkG3zaihdSs,SSz1iOv28Jk,2056,Nairobi,Embakasi North Sub County,Dandora Area Iv Ward,representative_point_in_hdx_polygon,high,geoBoundaries current gbOpen KEN ADM3 API release,HDX Administrative Wards in Kenya 1450
90231094B67805584902760,Shinoyi-Shikomari-Esumeiya,ADM3,gbOpen,2020,rFlaJBkq35x,BjC1xL40gHo,G6PJ5kFVAuO,1670,Kakamega,Navakholo Sub County,Shinoyi-shikomari-esumeiya Ward,representative_point_in_hdx_polygon,high,geoBoundaries current gbOpen KEN ADM3 API release,HDX Administrative Wards in Kenya 1450
90231094B44305111202710,Nguu/Masumba,ADM3,gbOpen,2020,SJ03kAWXPyt,BoDytkJQ4Qi,toa2Hl7iVQI,435,MAKUENI,Kibwezi West  Sub County,Nguu/Masumba Ward,representative_point_in_hdx_polygon,high,geoBoundaries current gbOpen KEN ADM3 API release,HDX Administrative Wards in Kenya 1450
90231094B65291204236873,Lokichar,ADM3,gbOpen,2020,Dg2JnSl7lk7,kphDeKClFch,iTw0sFjlqZ2,637,TURKANA,Turkana South Sub County,Lokichar Ward,representative_point_in_hdx_polygon,high,geoBoundaries current gbOpen KEN ADM3 API release,HDX Administrative Wards in Kenya 1450
90231094B65511343395660,Suna Central,ADM3,gbOpen,2020,QAxizS8H0d7,fVra3Pwta0Q,nHEr5EciFh0,1463,Migori,Suna East Sub County,Suna Central Ward,representative_point_in_hdx_polygon,high,geoBoundaries current gbOpen KEN ADM3 API release,HDX Administrative Wards in Kenya 1450
90231094B38941462445596,East Kano/Wawidhi,ADM3,gbOpen,2020,ONutw6s6W4y,tAbBVBbueqD,iRK9uABUTVZ,1930,Kisumu,Nyando Sub County,East Kano/wawidhi Ward,representative_point_in_hdx_polygon,high,geoBoundaries current gbOpen KEN ADM3 API release,HDX Administrative Wards in Kenya 1450
90231094B45358398499160,Lower Savannah,ADM3,gbOpen,2020,Qjd5eRv25sb,jkG3zaihdSs,gD4xxgDGJ4Y,2063,Nairobi,Embakasi East Sub County,Lower Savanna Ward,representative_point_in_hdx_polygon,high,geoBoundaries current gbOpen KEN ADM3 API release,HDX Administrative Wards in Kenya 1450
90231094B23986508163901,Ang'Urai South,ADM3,gbOpen,2020,OSO67hxKiUf,Tvf1zgVZ0K4,GpEIlwz3FvT,1707,Busia,Teso North Sub County,Ang'urai South Ward,representative_point_in_hdx_polygon,high,geoBoundaries current gbOpen KEN ADM3 API release,HDX Administrative Wards in Kenya 1450
90231094B70526188710462,Merigi,ADM3,gbOpen,2020,sp794D1MvxT,HMNARUV2CW4,OZNRpww2TUK,2258,Bomet,Bomet East Sub County,Merigi Ward,representative_point_in_hdx_polygon,high,geoBoundaries current gbOpen KEN ADM3 API release,HDX Administrative Wards in Kenya 1450
90231094B46844551416580,Cheplanget,ADM3,gbOpen,2020,qqTlgrxWdkY,ihZsJ8alvtb,wt8cPHWfkfu,955,KERICHO,Bureti Sub County,Cheplanget Ward,representative_point_in_hdx_polygon,high,geoBoundaries current gbOpen KEN ADM3 API release,HDX Administrative Wards in Kenya 1450
90231094B27330019054231,Ruchu,ADM3,gbOpen,2020,WE5SA6SLnRY,ahwTMNAJvrL,gwYTo0wITYX,2121,Muranga,Kandara Sub County,Ruchu Ward,representative_point_in_hdx_polygon,high,geoBoundaries current gbOpen KEN ADM3 API release,HDX Administrative Wards in Kenya 1450
90231094B25826794218301,West Kanyamkago,ADM3,gbOpen,2020,ziaLqezx6rb,fVra3Pwta0Q,fCInDXluNhx,1470,Migori,Uriri Sub County,West Kanyamkago Ward,representative_point_in_hdx_polygon,high,geoBoundaries current gbOpen KEN ADM3 API release,HDX Administrative Wards in Kenya 1450
90231094B75649955835080,Puma,ADM3,gbOpen,2020,QEGPqON6Zcj,N7YETT3A9r1,LOgbecTRkbp,1904,Kwale,Kinango Sub County,Puma Ward,representative_point_in_hdx_polygon,high,geoBoundaries current gbOpen KEN ADM3 API release,HDX Administrative Wards in Kenya 1450
90231094B17964166320977,Namboboto Nambuku,ADM3,gbOpen,2020,TXzHtrNrFeb,Tvf1zgVZ0K4,NHRktMsAkO1,1732,Busia,Samia Sub County,Namboboto Nambuku Ward,representative_point_in_hdx_polygon,high,geoBoundaries current gbOpen KEN ADM3 API release,HDX Administrative Wards in Kenya 1450
90231094B29121009578610,Longisa,ADM3,gbOpen,2020,drrGwAxlRtW,HMNARUV2CW4,OZNRpww2TUK,2260,Bomet,Bomet East Sub County,Longisa Ward,representative_point_in_hdx_polygon,high,geoBoundaries current gbOpen KEN ADM3 API release,HDX Administrative Wards in Kenya 1450
90231094B22377974284770,Township,ADM3,gbOpen,2020,ELXBhFCPcHC,ahwTMNAJvrL,VDlzh6w4LKv,2102,Muranga,Kiharu Sub County,Township Ward,representative_point_in_hdx_polygon,high,geoBoundaries current gbOpen KEN ADM3 API release,HDX Administrative Wards in Kenya 1450
90231094B9728054503705,Township,ADM3,gbOpen,2020,tjmkRVSEHwx,uepLTG8wGWJ,cxjRPbvhjzr,1955,Nyamira,Nyamira Sub County,Township Ward,representative_point_in_hdx_polygon,high,geoBoundaries current gbOpen KEN ADM3 API release,HDX Administrative Wards in Kenya 1450
90231094B66238642191069,Chesikaki,ADM3,gbOpen,2020,laOitoZMUgC,KGHhQ5GLd4k,NZphHeczehh,1601,Bungoma,Cheptais Sub County,Chesikaki Ward,representative_point_in_hdx_polygon,high,geoBoundaries current gbOpen KEN ADM3 API release,HDX Administrative Wards in Kenya 1450
90231094B71240677598078,Mtepeni,ADM3,gbOpen,2020,Z6pxPuARGdF,nrI2khZx3d0,xWAZBULwGxp,1836,Kilifi,Kilifi South Sub County,Mtepeni Ward,representative_point_in_hdx_polygon,high,geoBoundaries current gbOpen KEN ADM3 API release,HDX Administrative Wards in Kenya 1450
90231094B98928996419337,Nuu,ADM3,gbOpen,2020,WOJ90HLwb6o,j8o6iO4Njsi,uE7HKhqPOtf,343,KITUI,Mwingi Central Sub- County,Nuu Ward,representative_point_in_hdx_polygon,high,geoBoundaries current gbOpen KEN ADM3 API release,HDX Administrative Wards in Kenya 1450
90231094B73720601140580,Kihara,ADM3,gbOpen,2020,L4eA6Nld41v,qKzosKQPl6G,oMaQgNIs85x,2200,Kiambu,Kiambaa Sub County,Kihara Ward,representative_point_in_hdx_polygon,high,geoBoundaries current gbOpen KEN ADM3 API release,HDX Administrative Wards in Kenya 1450
90231094B77922073165483,Kamakwa/Mukaro,ADM3,gbOpen,2020,iQw990SbVXY,ptWVfaCIdVx,GXnD5lHeanK,495,NYERI,Nyeri Central Sub County,Kamakwa/mukaro Ward,representative_point_in_hdx_polygon,high,geoBoundaries current gbOpen KEN ADM3 API release,HDX Administrative Wards in Kenya 1450
90231094B53133259772623,Kahawa,ADM3,gbOpen,2020,ihmR2IRWnpi,jkG3zaihdSs,j7GpbairCOi,2036,Nairobi,Roysambu  Sub County,Kahawa,representative_point_in_hdx_polygon,high,geoBoundaries current gbOpen KEN ADM3 API release,HDX Administrative Wards in Kenya 1450
90231094B21120221485139,Busali,ADM3,gbOpen,2020,cUBWuuQYISs,sANMZ3lpqGs,urtJSF5jcBC,1582,Vihiga,Sabatia Sub County,Busali Ward,representative_point_in_hdx_polygon,high,geoBoundaries current gbOpen KEN ADM3 API release,HDX Administrative Wards in Kenya 1450
90231094B39246872650441,Mautuma,ADM3,gbOpen,2020,ceveVgwvcc7,BjC1xL40gHo,ZOdhgR19Akq,1645,Kakamega,Lugari Sub County,Mautuma Ward,representative_point_in_hdx_polygon,high,geoBoundaries current gbOpen KEN ADM3 API release,HDX Administrative Wards in Kenya 1450
90231094B71896465157614,Baragwi,ADM3,gbOpen,2020,zY1T5H8vk9z,Ulj33KBau7V,yOaHQLOLd1H,505,KIRINYAGA,Kirinyaga East Sub County,Baragwi Ward,representative_point_in_hdx_polygon,high,geoBoundaries current gbOpen KEN ADM3 API release,HDX Administrative Wards in Kenya 1450
90231094B17965797843787,Kihumbu-Ini,ADM3,gbOpen,2020,xaHRe14dY0G,ahwTMNAJvrL,Z7ALMtFNfeZ,2125,Muranga,Gatanga Sub County,Kihumbu-ini Ward,representative_point_in_hdx_polygon,high,geoBoundaries current gbOpen KEN ADM3 API release,HDX Administrative Wards in Kenya 1450
90231094B51240879462271,Lolgorian,ADM3,gbOpen,2020,jhNc8UIGW4Y,kqJ83J2D72s,Nb6e34jNGAq,2163,Narok,Transmara West Sub County,Lolgorian Ward,representative_point_in_hdx_polygon,high,geoBoundaries current gbOpen KEN ADM3 API release,HDX Administrative Wards in Kenya 1450
90231094B27109884802243,Nyamaiya,ADM3,gbOpen,2020,Av8d3lmuaua,uepLTG8wGWJ,cxjRPbvhjzr,1951,Nyamira,Nyamira Sub County,Nyamaiya Ward,representative_point_in_hdx_polygon,high,geoBoundaries current gbOpen KEN ADM3 API release,HDX Administrative Wards in Kenya 1450
90231094B47258658448594,Kiriita,ADM3,gbOpen,2020,xzY6X2bhxaT,mYZacFNIB3h,EESGLsSLTqH,463,NYANDARUA,Ndaragwa Sub County,Kiritta Ward,representative_point_in_hdx_polygon,high,geoBoundaries current gbOpen KEN ADM3 API release,HDX Administrative Wards in Kenya 1450
90231094B38615782813094,Kong'Asis,ADM3,gbOpen,2020,IBgG8lef22L,HMNARUV2CW4,PUhMyfDD2xp,2253,Bomet,Chepalungu Sub County,Kong'asis Ward,representative_point_in_hdx_polygon,high,geoBoundaries current gbOpen KEN ADM3 API release,HDX Administrative Wards in Kenya 1450
90231094B68664898299652,Antubetwe Kiongo,ADM3,gbOpen,2020,iNmCeQG70K0,Y52XNJ50hYb,G9DoZvSdGLx,263,MERU,Igembe North Sub County,Antubetwe kiongo Ward,representative_point_in_hdx_polygon,high,geoBoundaries current gbOpen KEN ADM3 API release,HDX Administrative Wards in Kenya 1450
90231094B11935719804881,Shamakhokho,ADM3,gbOpen,2020,hXKwpKcEej9,sANMZ3lpqGs,BXaq5PxSfz2,1598,Vihiga,Hamisi Sub County,Shamakhokho Ward,representative_point_in_hdx_polygon,high,geoBoundaries current gbOpen KEN ADM3 API release,HDX Administrative Wards in Kenya 1450
90231094B42440313681866,Mukurwe-Ini West,ADM3,gbOpen,2020,WQtfFgLYHGe,ptWVfaCIdVx,zT8Zj5vNYCy,489,NYERI,Mukurweini Sub County,Mukurwe-ini west Ward,representative_point_in_hdx_polygon,high,geoBoundaries current gbOpen KEN ADM3 API release,HDX Administrative Wards in Kenya 1450
90231094B4039516104948,Kayole South,ADM3,gbOpen,2020,OaqOHmb6jNs,jkG3zaihdSs,gD4xxgDGJ4Y,2062,Nairobi,Embakasi East Sub County,Upper Savanna Ward,representative_point_in_hdx_polygon,high,geoBoundaries current gbOpen KEN ADM3 API release,HDX Administrative Wards in Kenya 1450
90231094B48762830654300,Kiru,ADM3,gbOpen,2020,g28fToPCZhp,ahwTMNAJvrL,u7Gkh63FYe4,2097,Muranga,Mathioya Sub County,Kiru Ward,representative_point_in_hdx_polygon,high,geoBoundaries current gbOpen KEN ADM3 API release,HDX Administrative Wards in Kenya 1450
90231094B62884064899233,Murungaru,ADM3,gbOpen,2020,ZvHXuhKoAuI,mYZacFNIB3h,RAnL5kBKMIt,444,NYANDARUA,Kinangop Sub County,Murungaru Ward,representative_point_in_hdx_polygon,high,geoBoundaries current gbOpen KEN ADM3 API release,HDX Administrative Wards in Kenya 1450
90231094B34386946666665,Naathu,ADM3,gbOpen,2020,NDRZbel9Pr4,Y52XNJ50hYb,G9DoZvSdGLx,264,MERU,Igembe North Sub County,Naathu Ward,representative_point_in_hdx_polygon,high,geoBoundaries current gbOpen KEN ADM3 API release,HDX Administrative Wards in Kenya 1450
90231094B56809086232405,Watamu,ADM3,gbOpen,2020,FmnSathgx18,nrI2khZx3d0,MEkEH8ZmcOU,1830,Kilifi,Kilifi North Sub County,Watamu Ward,representative_point_in_hdx_polygon,high,geoBoundaries current gbOpen KEN ADM3 API release,HDX Administrative Wards in Kenya 1450
90231094B28978951731458,Bosoti/Sengera,ADM3,gbOpen,2020,BNC4x8wPAsw,sPkRcDvhGWA,YqYSkwmOtiR,1987,Kisii,Bomachoge Chache Sub County,Bosoti Sengera Ward,representative_point_in_hdx_polygon,high,geoBoundaries current gbOpen KEN ADM3 API release,HDX Administrative Wards in Kenya 1450
90231094B46787707338263,Mountain View,ADM3,gbOpen,2020,Wrx3LFjULLl,jkG3zaihdSs,f1T0Ltob8VQ,2011,Nairobi,Westlands  Sub County,Mountain View Ward,representative_point_in_hdx_polygon,high,geoBoundaries current gbOpen KEN ADM3 API release,HDX Administrative Wards in Kenya 1450
90231094B16757821139740,Mukure,ADM3,gbOpen,2020,fCiM1MhUvOj,Ulj33KBau7V,A34NiI4rgnf,509,KIRINYAGA,Kirinyaga West Sub County,Mukure Ward,representative_point_in_hdx_polygon,high,geoBoundaries current gbOpen KEN ADM3 API release,HDX Administrative Wards in Kenya 1450
90231094B28826643367431,Alango Gof,ADM3,gbOpen,2020,zFbFESCJ8mq,R6f9znhg37c,nsfbHBS9tMT,220,MANDERA,LAFEY,ALANGO GOF,representative_point_in_hdx_polygon,high,geoBoundaries current gbOpen KEN ADM3 API release,HDX Administrative Wards in Kenya 1450
90231094B291938258894,Kasigau,ADM3,gbOpen,2020,kMQqsjpcUFH,QyGNX2DpR4h,yoGLpCTgjed,129,TAITA TAVETA,Voi Sub County,Kasigau Ward,representative_point_in_hdx_polygon,high,geoBoundaries current gbOpen KEN ADM3 API release,HDX Administrative Wards in Kenya 1450
90231094B20938780429001,Ngoliba,ADM3,gbOpen,2020,VWuMYjG4YX4,qKzosKQPl6G,YZAZ1a9MIvX,2238,Kiambu,Thika Town Sub County,Ngoliba Ward,representative_point_in_hdx_polygon,high,geoBoundaries current gbOpen KEN ADM3 API release,HDX Administrative Wards in Kenya 1450
90231094B85398694315123,Waldai,ADM3,gbOpen,2020,yG5oV3cleu9,ihZsJ8alvtb,YnIAWg1T4AY,957,KERICHO,Belgut Sub County,Waldai Ward,representative_point_in_hdx_polygon,high,geoBoundaries current gbOpen KEN ADM3 API release,HDX Administrative Wards in Kenya 1450
90231094B12669966739035,Magombo,ADM3,gbOpen,2020,s7u7anGLs0p,uepLTG8wGWJ,f3AcdRzgTwz,1948,Nyamira,Manga Sub County,Magombo Ward,representative_point_in_hdx_polygon,high,geoBoundaries current gbOpen KEN ADM3 API release,HDX Administrative Wards in Kenya 1450
90231094B99165985388697,Nkomo,ADM3,gbOpen,2020,TEMzqnMqi9A,Y52XNJ50hYb,Q4xAPhWUnYC,269,MERU,Tigania West Sub County,Nkomo Ward,representative_point_in_hdx_polygon,high,geoBoundaries current gbOpen KEN ADM3 API release,HDX Administrative Wards in Kenya 1450
90231094B80935705365441,Central Kamagambo,ADM3,gbOpen,2020,M8rGveWTIMm,fVra3Pwta0Q,fT37q3rXQ35,1456,Migori,Rongo Sub County,Central Kamagambo Ward,representative_point_in_hdx_polygon,high,geoBoundaries current gbOpen KEN ADM3 API release,HDX Administrative Wards in Kenya 1450
90231094B85922199400962,Muchatha,ADM3,gbOpen,2020,v46jgbTAri7,qKzosKQPl6G,oMaQgNIs85x,2199,Kiambu,Kiambaa Sub County,Muchatha Ward,representative_point_in_hdx_polygon,high,geoBoundaries current gbOpen KEN ADM3 API release,HDX Administrative Wards in Kenya 1450
90231094B72560895459243,Khasoko,ADM3,gbOpen,2020,NuxGvo5cvb1,KGHhQ5GLd4k,jkQZEow83MX,1615,Bungoma,Bumula Sub County,Khasoko Ward,representative_point_in_hdx_polygon,high,geoBoundaries current gbOpen KEN ADM3 API release,HDX Administrative Wards in Kenya 1450
90231094B45984410424860,Ndeiya,ADM3,gbOpen,2020,lRFhjTLImNu,qKzosKQPl6G,xhVi71INcFs,2213,Kiambu,Limuru Sub County,Ndeiya Ward,representative_point_in_hdx_polygon,high,geoBoundaries current gbOpen KEN ADM3 API release,HDX Administrative Wards in Kenya 1450
90231094B42931969606771,Boochi Borabu,ADM3,gbOpen,2020,iklOZN0Ok77,sPkRcDvhGWA,ntRK47D5dYL,2274,Kisii,Bomachoge Borabu Sub County,BOOCHI BORABU,representative_point_in_hdx_polygon,high,geoBoundaries current gbOpen KEN ADM3 API release,HDX Administrative Wards in Kenya 1450
90231094B99939477956959,Bokimonge,ADM3,gbOpen,2020,F0FgIasVA92,sPkRcDvhGWA,ntRK47D5dYL,1975,Kisii,Bomachoge Borabu Sub County,Bokimonge Ward,representative_point_in_hdx_polygon,high,geoBoundaries current gbOpen KEN ADM3 API release,HDX Administrative Wards in Kenya 1450
90231094B50554854614546,Menengai West,ADM3,gbOpen,2020,PL9Y6PrB2oV,ob6SxuRcqU4,OK0hW8DFHq3,1774,Nakuru,Rongai  Sub County,Menengai West Ward,representative_point_in_hdx_polygon,high,geoBoundaries current gbOpen KEN ADM3 API release,HDX Administrative Wards in Kenya 1450
90231094B27940626940261,Magarini,ADM3,gbOpen,2020,uI1MltAs8p3,nrI2khZx3d0,KMWrMZrlO5u,1855,Kilifi,Magarini Sub County,Magarini Ward,representative_point_in_hdx_polygon,high,geoBoundaries current gbOpen KEN ADM3 API release,HDX Administrative Wards in Kenya 1450
90231094B8133845347730,Nandi Hills,ADM3,gbOpen,2020,iWDqdgd87nd,t0J75eHKxz5,W6Err8cQf5J,761,NANDI,Nandi East Sub County,Nandi hills Ward,representative_point_in_hdx_polygon,high,geoBoundaries current gbOpen KEN ADM3 API release,HDX Administrative Wards in Kenya 1450
90231094B22096946763151,Syokimau/Mulolongo,ADM3,gbOpen,2020,TcWlRA6LpLB,yhCUgGcCcOo,BxfsSc6Svrc,1521,Machakos,Athi River Sub County,Syokimau-mulolongo Ward,representative_point_in_hdx_polygon,high,geoBoundaries current gbOpen KEN ADM3 API release,HDX Administrative Wards in Kenya 1450
90231094B50485139918364,Kisa Central,ADM3,gbOpen,2020,gccbvaIlS0w,BjC1xL40gHo,UhQS2Mv0PCK,1694,Kakamega,Khwisero Sub County,Kisa Central Ward,representative_point_in_hdx_polygon,high,geoBoundaries current gbOpen KEN ADM3 API release,HDX Administrative Wards in Kenya 1450
90231094B2736721731969,Namwela,ADM3,gbOpen,2020,CenIfdVZZdC,KGHhQ5GLd4k,whWfFA9D7td,1606,Bungoma,Sirisia Sub County,Namwela Ward,representative_point_in_hdx_polygon,high,geoBoundaries current gbOpen KEN ADM3 API release,HDX Administrative Wards in Kenya 1450
90231094B54851368785067,Kangai,ADM3,gbOpen,2020,fghL5DnydV2,Ulj33KBau7V,f6EOn3xI9YH,497,KIRINYAGA,Kirinyaga North/Mwea West Sub County,Kangai Ward,representative_point_in_hdx_polygon,high,geoBoundaries current gbOpen KEN ADM3 API release,HDX Administrative Wards in Kenya 1450
90231094B18017407732244,Central,ADM3,gbOpen,2020,wZh1OhsZAK2,PFu8alU2KWG,kMSLkN4nsRl,319,EMBU,Runyenjes  Sub County,Central ward,representative_point_in_hdx_polygon,high,geoBoundaries current gbOpen KEN ADM3 API release,HDX Administrative Wards in Kenya 1450
90231094B31640810714686,Kilimani,ADM3,gbOpen,2020,yXbOIljEz90,jkG3zaihdSs,CcTr4bcVGAG,2012,Nairobi,Dagoretti North Sub County,Kilimani Ward,representative_point_in_hdx_polygon,high,geoBoundaries current gbOpen KEN ADM3 API release,HDX Administrative Wards in Kenya 1450
90231094B51650165025264,Karima,ADM3,gbOpen,2020,jrWulcAQIzP,ptWVfaCIdVx,dd7jowvUO95,486,NYERI,Nyeri South Sub County,Karima Ward,representative_point_in_hdx_polygon,high,geoBoundaries current gbOpen KEN ADM3 API release,HDX Administrative Wards in Kenya 1450
90231094B48019290126568,Matisi,ADM3,gbOpen,2020,kBH2TFh9qab,mThvosEflAU,y2M16lesMsF,684,TRANS NZOIA,Saboti  Sub County,Matisi Ward,representative_point_in_hdx_polygon,high,geoBoundaries current gbOpen KEN ADM3 API release,HDX Administrative Wards in Kenya 1450
90231094B99665112684680,Uthiru,ADM3,gbOpen,2020,AJKSRemTmee,qKzosKQPl6G,lb5LzWiUX8Y,2205,Kiambu,Kabete Sub County,Uthiru Ward,representative_point_in_hdx_polygon,high,geoBoundaries current gbOpen KEN ADM3 API release,HDX Administrative Wards in Kenya 1450
90231094B71611317329472,Nyangati,ADM3,gbOpen,2020,Gsl9Z7f1kbX,Ulj33KBau7V,jHmpQUlnkQk,500,KIRINYAGA,Kirinyaga South Sub County,Nyangati Ward,representative_point_in_hdx_polygon,high,geoBoundaries current gbOpen KEN ADM3 API release,HDX Administrative Wards in Kenya 1450
90231094B87390957131458,Kikumbulyu North,ADM3,gbOpen,2020,EvQ0fdCX5Qi,BoDytkJQ4Qi,toa2Hl7iVQI,433,MAKUENI,Kibwezi West  Sub County,Kikumbulyu North Ward,representative_point_in_hdx_polygon,high,geoBoundaries current gbOpen KEN ADM3 API release,HDX Administrative Wards in Kenya 1450
90231094B55889601905665,Juja,ADM3,gbOpen,2020,WsPnZQHN2CZ,qKzosKQPl6G,aiqi2bz0IMI,2231,Kiambu,Juja Sub County,Juja Ward,representative_point_in_hdx_polygon,high,geoBoundaries current gbOpen KEN ADM3 API release,HDX Administrative Wards in Kenya 1450
90231094B60381511247017,Chania,ADM3,gbOpen,2020,ReDzOcQ8mT1,qKzosKQPl6G,HEsM6W2ImQR,2227,Kiambu,Gatundu North Sub County,Chania Ward,representative_point_in_hdx_polygon,high,geoBoundaries current gbOpen KEN ADM3 API release,HDX Administrative Wards in Kenya 1450
90231094B4373576236719,Sikhendu,ADM3,gbOpen,2020,SvN2Xzl3FK7,mThvosEflAU,pzZHpL2ueIn,692,TRANS NZOIA,Kiminini  Sub County,Sikhendu Ward,representative_point_in_hdx_polygon,high,geoBoundaries current gbOpen KEN ADM3 API release,HDX Administrative Wards in Kenya 1450
90231094B47151040510089,Muminji,ADM3,gbOpen,2020,HpGxgPszuYN,PFu8alU2KWG,eYBXetGx8xF,329,EMBU,Mbeere North  Sub County,Muminji Ward,representative_point_in_hdx_polygon,high,geoBoundaries current gbOpen KEN ADM3 API release,HDX Administrative Wards in Kenya 1450
90231094B10057588512256,Ikombe,ADM3,gbOpen,2020,Q4EsypvUANP,yhCUgGcCcOo,CeukNtGhW7J,1503,Machakos,Yatta Sub County,Ikombe Ward,representative_point_in_hdx_polygon,high,geoBoundaries current gbOpen KEN ADM3 API release,HDX Administrative Wards in Kenya 1450
90231094B12306534861765,Bogetenga,ADM3,gbOpen,2020,NZLSKCRL1O0,sPkRcDvhGWA,WHG67QCDRS9,1971,Kisii,South Mugirango Sub County,Bogetenga Ward,representative_point_in_hdx_polygon,high,geoBoundaries current gbOpen KEN ADM3 API release,HDX Administrative Wards in Kenya 1450
90231094B56895889347103,Loiyangalani,ADM3,gbOpen,2020,xjbfzSmFPMk,Eey8fT4Im3y,eZpy65ooW0m,236,MARSABIT,LAISAMIS,LOIYANGALANI,unique_normalized_name,medium,geoBoundaries current gbOpen KEN ADM3 API release,HDX Administrative Wards in Kenya 1450
90231094B44461214149759,Gatongora,ADM3,gbOpen,2020,B1GDVDYIGwK,qKzosKQPl6G,TPRNJqSm4lK,2241,Kiambu,Ruiru Sub County,Gatongora Ward,representative_point_in_hdx_polygon,high,geoBoundaries current gbOpen KEN ADM3 API release,HDX Administrative Wards in Kenya 1450
90231094B83012382953414,East Wanga,ADM3,gbOpen,2020,ygKYcUMKsy2,BjC1xL40gHo,FBteTV1eqB6,1680,Kakamega,Mumias East Sub County,East Wanga Ward,representative_point_in_hdx_polygon,high,geoBoundaries current gbOpen KEN ADM3 API release,HDX Administrative Wards in Kenya 1450
90231094B29196519060631,Lindi,ADM3,gbOpen,2020,taVVtCXxo50,jkG3zaihdSs,LO5he3DtiFG,2028,Nairobi,Kibra  Sub County,Lindi Ward,representative_point_in_hdx_polygon,high,geoBoundaries current gbOpen KEN ADM3 API release,HDX Administrative Wards in Kenya 1450
90231094B21430572138633,Tagare,ADM3,gbOpen,2020,EFFhTqzNEYT,fVra3Pwta0Q,jtBjNpL9FXS,1487,Migori,Kuria West Sub County,Tagare Ward,representative_point_in_hdx_polygon,high,geoBoundaries current gbOpen KEN ADM3 API release,HDX Administrative Wards in Kenya 1450
90231094B13986979908158,Muthwani,ADM3,gbOpen,2020,ZlcAxf7QN8c,yhCUgGcCcOo,BxfsSc6Svrc,1520,Machakos,Athi River Sub County,Mathatani Ward,representative_point_in_hdx_polygon,high,geoBoundaries current gbOpen KEN ADM3 API release,HDX Administrative Wards in Kenya 1450
90231094B47029102756400,Labasigale,ADM3,gbOpen,2020,IqrzDYsRJpA,uyOrcHZBpW0,EW4Jw4dVWBt,148,GARISSA,Dadaab Sub County,LABISGALE Ward,representative_point_in_hdx_polygon,high,geoBoundaries current gbOpen KEN ADM3 API release,HDX Administrative Wards in Kenya 1450
90231094B50136363173850,Ndithini,ADM3,gbOpen,2020,PUxylhB5rfi,yhCUgGcCcOo,hpcb7MYi6nc,1499,Machakos,Masinga Sub County,Mananja Ward,representative_point_in_hdx_polygon,high,geoBoundaries current gbOpen KEN ADM3 API release,HDX Administrative Wards in Kenya 1450
90231094B12010603446686,Singorwet,ADM3,gbOpen,2020,wHeMr9JlYBi,HMNARUV2CW4,m9gdonbVXjZ,2265,Bomet,Bomet Central Sub County,Singorwet Ward,representative_point_in_hdx_polygon,high,geoBoundaries current gbOpen KEN ADM3 API release,HDX Administrative Wards in Kenya 1450
90231094B76932752814792,Mwanganthia,ADM3,gbOpen,2020,FJJRq7O0QcB,Y52XNJ50hYb,OnNcTsJgfvL,285,MERU,Imenti Central Sub County,Mwangathia Ward,representative_point_in_hdx_polygon,high,geoBoundaries current gbOpen KEN ADM3 API release,HDX Administrative Wards in Kenya 1450
90231094B55715853147095,Ombeyi,ADM3,gbOpen,2020,cnOFVqKDVEi,tAbBVBbueqD,NmbwkQ5r5cB,1934,Kisumu,Muhoroni Sub County,Ombeyi Ward,representative_point_in_hdx_polygon,high,geoBoundaries current gbOpen KEN ADM3 API release,HDX Administrative Wards in Kenya 1450
90231094B7082282638371,Muthetheni,ADM3,gbOpen,2020,p3N8fKKiVHr,yhCUgGcCcOo,fYYivceocJ2,1532,Machakos,Mwala Sub County,Muthetheni Ward,representative_point_in_hdx_polygon,high,geoBoundaries current gbOpen KEN ADM3 API release,HDX Administrative Wards in Kenya 1450
90231094B30841363515442,Endebess,ADM3,gbOpen,2020,t4cjnduc4dV,mThvosEflAU,PsjxYLsJSIp,681,TRANS NZOIA,Endebess Sub County,Endebess Ward,representative_point_in_hdx_polygon,high,geoBoundaries current gbOpen KEN ADM3 API release,HDX Administrative Wards in Kenya 1450
90231094B62238911922055,Tongaren,ADM3,gbOpen,2020,Epj7vWxFyG0,KGHhQ5GLd4k,orUwYD52An3,1643,Bungoma,Tongaren Sub County,Tongaren Ward,representative_point_in_hdx_polygon,high,geoBoundaries current gbOpen KEN ADM3 API release,HDX Administrative Wards in Kenya 1450
90231094B80669109176285,Kanyenyaini,ADM3,gbOpen,2020,lJIdDl7HaCT,ahwTMNAJvrL,U9CLTNIwehR,2093,Muranga,Kangema Sub County,Kanyenya-ini Ward,representative_point_in_hdx_polygon,high,geoBoundaries current gbOpen KEN ADM3 API release,HDX Administrative Wards in Kenya 1450
90231094B71586263660558,Ongata Rongai,ADM3,gbOpen,2020,RZsWJRZ4mIG,Hsk1YV8kHkT,BLz1HkvvMkA,912,KAJIADO,Kajiado North Sub County,Ongata rongai Ward,representative_point_in_hdx_polygon,high,geoBoundaries current gbOpen KEN ADM3 API release,HDX Administrative Wards in Kenya 1450
90231094B8548997201133,Tambua,ADM3,gbOpen,2020,pyG6e1Uq18m,sANMZ3lpqGs,BXaq5PxSfz2,1586,Vihiga,Hamisi Sub County,Tambua Ward,representative_point_in_hdx_polygon,high,geoBoundaries current gbOpen KEN ADM3 API release,HDX Administrative Wards in Kenya 1450
90231094B62675493443714,Kisima,ADM3,gbOpen,2020,jhoqnpxdZY7,Y52XNJ50hYb,xN5aPo4ZOIt,282,MERU,Buuri Sub County,Kisima Ward,representative_point_in_hdx_polygon,high,geoBoundaries current gbOpen KEN ADM3 API release,HDX Administrative Wards in Kenya 1450
90231094B13180507266802,Kabazi,ADM3,gbOpen,2020,JwFjLbUSxbO,ob6SxuRcqU4,zQEuNRaPYgE,1773,Nakuru,Subukia  Sub County,Kabazi Ward,representative_point_in_hdx_polygon,high,geoBoundaries current gbOpen KEN ADM3 API release,HDX Administrative Wards in Kenya 1450
90231094B56635635789282,Manga,ADM3,gbOpen,2020,zfVQ2KNTfgY,uepLTG8wGWJ,f3AcdRzgTwz,1949,Nyamira,Manga Sub County,Manga Ward,representative_point_in_hdx_polygon,high,geoBoundaries current gbOpen KEN ADM3 API release,HDX Administrative Wards in Kenya 1450
90231094B22355672551002,Marama West,ADM3,gbOpen,2020,cYwe7Q54BbE,BjC1xL40gHo,K7mZpm8COh7,1686,Kakamega,Butere Sub County,Marama West Ward,representative_point_in_hdx_polygon,high,geoBoundaries current gbOpen KEN ADM3 API release,HDX Administrative Wards in Kenya 1450
90231094B84654240225236,Ekalakala,ADM3,gbOpen,2020,Ado6AndJdpf,yhCUgGcCcOo,hpcb7MYi6nc,1497,Machakos,Masinga Sub County,Ekalakala Ward,representative_point_in_hdx_polygon,high,geoBoundaries current gbOpen KEN ADM3 API release,HDX Administrative Wards in Kenya 1450
90231094B5103671033345,Siboti,ADM3,gbOpen,2020,iKmwecDBqgX,KGHhQ5GLd4k,jkQZEow83MX,1619,Bungoma,Bumula Sub County,Siboti Ward,representative_point_in_hdx_polygon,high,geoBoundaries current gbOpen KEN ADM3 API release,HDX Administrative Wards in Kenya 1450
90231094B8118874998183,Kinyona,ADM3,gbOpen,2020,bpbzvOdMDqN,ahwTMNAJvrL,tyfDsdZ1h3R,2109,Muranga,Kigumo Sub County,Kinyona Ward,representative_point_in_hdx_polygon,high,geoBoundaries current gbOpen KEN ADM3 API release,HDX Administrative Wards in Kenya 1450
90231094B87751697077730,Segero/Barsombe,ADM3,gbOpen,2020,LXgF3A1KBLn,pZqQRRW7PHP,lmr1q6dTaso,2131,Uasin Gishu,Soy Sub County,Segeroi/barsombe Ward,representative_point_in_hdx_polygon,high,geoBoundaries current gbOpen KEN ADM3 API release,HDX Administrative Wards in Kenya 1450
90231094B94271340697561,Katilu,ADM3,gbOpen,2020,XtEn1yMSsKf,kphDeKClFch,iTw0sFjlqZ2,634,TURKANA,Turkana South Sub County,Katilu Ward,representative_point_in_hdx_polygon,high,geoBoundaries current gbOpen KEN ADM3 API release,HDX Administrative Wards in Kenya 1450
90231094B75876671355571,Marachi Central,ADM3,gbOpen,2020,vURFh88SwIe,Tvf1zgVZ0K4,RIBiZFJxB1K,1728,Busia,Butula Sub County,Marachi Central Ward,representative_point_in_hdx_polygon,high,geoBoundaries current gbOpen KEN ADM3 API release,HDX Administrative Wards in Kenya 1450
90231094B44633094435895,Kaksingri West,ADM3,gbOpen,2020,zwpctzVflwm,nK0A12Q7MvS,HoRW5aISmiD,1573,Homa Bay,Suba Sub County,Kaksingiri West Ward,representative_point_in_hdx_polygon,high,geoBoundaries current gbOpen KEN ADM3 API release,HDX Administrative Wards in Kenya 1450
90231094B72034749891222,Ruring'U,ADM3,gbOpen,2020,fYc1aD2k4cK,ptWVfaCIdVx,GXnD5lHeanK,493,NYERI,Nyeri Central Sub County,Gatitu/muruguru Ward,representative_point_in_hdx_polygon,high,geoBoundaries current gbOpen KEN ADM3 API release,HDX Administrative Wards in Kenya 1450
90231094B83308461512656,Kyeni South,ADM3,gbOpen,2020,hA5gPMwN9gK,PFu8alU2KWG,kMSLkN4nsRl,322,EMBU,Runyenjes  Sub County,Kyeni south Ward,representative_point_in_hdx_polygon,high,geoBoundaries current gbOpen KEN ADM3 API release,HDX Administrative Wards in Kenya 1450
90231094B51453534364685,Magwagwa,ADM3,gbOpen,2020,AAVwWFH70cF,uepLTG8wGWJ,v5qbFUgfIoF,1959,Nyamira,Nyamira North Sub County,Magwagwa Ward,representative_point_in_hdx_polygon,high,geoBoundaries current gbOpen KEN ADM3 API release,HDX Administrative Wards in Kenya 1450
90231094B58424776405797,Majengo,ADM3,gbOpen,2020,i1bANekmIzQ,wsBsC6gjHvn,C1xuoa1NAMm,1824,Mombasa,Mvita  Sub County,Majengo Ward,representative_point_in_hdx_polygon,high,geoBoundaries current gbOpen KEN ADM3 API release,HDX Administrative Wards in Kenya 1450
90231094B35210169042305,Mugunda,ADM3,gbOpen,2020,Ls8TbRfbKBs,ptWVfaCIdVx,odOtfcaMg4p,472,NYERI,Kieni West Sub County,Mugunda Ward,representative_point_in_hdx_polygon,high,geoBoundaries current gbOpen KEN ADM3 API release,HDX Administrative Wards in Kenya 1450
90231094B59035455480604,Karau,ADM3,gbOpen,2020,b7xmixlTNYm,mYZacFNIB3h,Lm9RMwhIu3G,453,NYANDARUA,Olkalou Sub County,Karau Ward,representative_point_in_hdx_polygon,high,geoBoundaries current gbOpen KEN ADM3 API release,HDX Administrative Wards in Kenya 1450
90231094B69074835924127,Moi'S Bridge,ADM3,gbOpen,2020,wyQ3FlLalVy,pZqQRRW7PHP,lmr1q6dTaso,2128,Uasin Gishu,Soy Sub County,Moi's Bridge Ward,representative_point_in_hdx_polygon,high,geoBoundaries current gbOpen KEN ADM3 API release,HDX Administrative Wards in Kenya 1450
90231094B84596265092289,Ruma Kaksingri East,ADM3,gbOpen,2020,UGCu7Ut7H7M,nK0A12Q7MvS,HoRW5aISmiD,1574,Homa Bay,Suba Sub County,Ruma-kaksingiri East Ward,representative_point_in_hdx_polygon,high,geoBoundaries current gbOpen KEN ADM3 API release,HDX Administrative Wards in Kenya 1450
90231094B34967749018122,Chemuche,ADM3,gbOpen,2020,GCZB9Qc6zCO,BjC1xL40gHo,ES1CWa4AJmJ,1657,Kakamega,Malava Sub County,Chemuche Ward,representative_point_in_hdx_polygon,high,geoBoundaries current gbOpen KEN ADM3 API release,HDX Administrative Wards in Kenya 1450
90231094B6563419472506,Kipsonoi,ADM3,gbOpen,2020,p5Z6myFYERX,HMNARUV2CW4,KyuSYunELJI,2250,Bomet,Sotik Sub County,Kipsonoi Ward,representative_point_in_hdx_polygon,high,geoBoundaries current gbOpen KEN ADM3 API release,HDX Administrative Wards in Kenya 1450
90231094B4402327932136,Bukembe East,ADM3,gbOpen,2020,gsSTglpX3Wd,KGHhQ5GLd4k,CUjthlounWV,1621,Bungoma,Kanduyi Sub County,Bukembe East Ward,representative_point_in_hdx_polygon,high,geoBoundaries current gbOpen KEN ADM3 API release,HDX Administrative Wards in Kenya 1450
90231094B42696853481271,Mang'U,ADM3,gbOpen,2020,C5gJnXO6h1Y,qKzosKQPl6G,HEsM6W2ImQR,2228,Kiambu,Gatundu North Sub County,Mang'u Ward,representative_point_in_hdx_polygon,high,geoBoundaries current gbOpen KEN ADM3 API release,HDX Administrative Wards in Kenya 1450
90231094B97930292558596,Nkuene,ADM3,gbOpen,2020,SQ70Q8iG3l0,Y52XNJ50hYb,AFIlzKNxXST,295,MERU,Imenti South Sub County,Nkuene Ward,representative_point_in_hdx_polygon,high,geoBoundaries current gbOpen KEN ADM3 API release,HDX Administrative Wards in Kenya 1450
90231094B77559005902489,South Kabras,ADM3,gbOpen,2020,klgKsqqI93s,BjC1xL40gHo,ES1CWa4AJmJ,1662,Kakamega,Malava Sub County,South Kabras Ward,representative_point_in_hdx_polygon,high,geoBoundaries current gbOpen KEN ADM3 API release,HDX Administrative Wards in Kenya 1450
90231094B96581043279281,Dandora Area Ii,ADM3,gbOpen,2020,KhxCmDKgYMT,jkG3zaihdSs,SSz1iOv28Jk,2054,Nairobi,Embakasi North Sub County,Dandora Area Ii Ward,representative_point_in_hdx_polygon,high,geoBoundaries current gbOpen KEN ADM3 API release,HDX Administrative Wards in Kenya 1450
90231094B95661891505277,Riruta,ADM3,gbOpen,2020,PTKcICD0k31,jkG3zaihdSs,sqNWYDHZZ6W,2019,Nairobi,Dagoretti South Sub County,Riruta Ward,representative_point_in_hdx_polygon,high,geoBoundaries current gbOpen KEN ADM3 API release,HDX Administrative Wards in Kenya 1450
90231094B24723683108724,Magenche,ADM3,gbOpen,2020,DHNNNbrtKX9,sPkRcDvhGWA,ntRK47D5dYL,1976,Kisii,Bomachoge Borabu Sub County,Magenche Ward,representative_point_in_hdx_polygon,high,geoBoundaries current gbOpen KEN ADM3 API release,HDX Administrative Wards in Kenya 1450
90231094B49083161355459,Machewa,ADM3,gbOpen,2020,GQFH01xLj74,mThvosEflAU,y2M16lesMsF,687,TRANS NZOIA,Saboti  Sub County,Machewa Ward,representative_point_in_hdx_polygon,high,geoBoundaries current gbOpen KEN ADM3 API release,HDX Administrative Wards in Kenya 1450
90231094B88947025603921,Ngando,ADM3,gbOpen,2020,bK37v9AMeU3,jkG3zaihdSs,sqNWYDHZZ6W,2018,Nairobi,Dagoretti South Sub County,Ngando Ward,representative_point_in_hdx_polygon,high,geoBoundaries current gbOpen KEN ADM3 API release,HDX Administrative Wards in Kenya 1450
90231094B87482830533544,Melelo,ADM3,gbOpen,2020,kBWwkKdW9Rh,kqJ83J2D72s,bnYzgzYe2Z7,2180,Narok,Narok South Sub County,Melelo Ward,representative_point_in_hdx_polygon,high,geoBoundaries current gbOpen KEN ADM3 API release,HDX Administrative Wards in Kenya 1450
90231094B98083171057816,Rusinga Island,ADM3,gbOpen,2020,OjYMSbDEKRc,nK0A12Q7MvS,mCGytMcMf6y,1567,Homa Bay,Mbita Sub County,Rusinga Island Ward,representative_point_in_hdx_polygon,high,geoBoundaries current gbOpen KEN ADM3 API release,HDX Administrative Wards in Kenya 1450
90231094B50819404920819,Nkareta,ADM3,gbOpen,2020,zoVBqNpy6Sw,kqJ83J2D72s,fNROL0qm8De,2171,Narok,Narok North Sub County,Nkareta Ward,representative_point_in_hdx_polygon,high,geoBoundaries current gbOpen KEN ADM3 API release,HDX Administrative Wards in Kenya 1450
90231094B72434232332203,Sang'Alo West,ADM3,gbOpen,2020,uNCqGdTcjkh,KGHhQ5GLd4k,CUjthlounWV,1627,Bungoma,Kanduyi Sub County,West Sang'alo Ward,representative_point_in_hdx_polygon,high,geoBoundaries current gbOpen KEN ADM3 API release,HDX Administrative Wards in Kenya 1450
90231094B66521357112802,Bunyala East,ADM3,gbOpen,2020,ddOJaw1OQwA,BjC1xL40gHo,G6PJ5kFVAuO,1672,Kakamega,Navakholo Sub County,Bunyala East Ward,representative_point_in_hdx_polygon,high,geoBoundaries current gbOpen KEN ADM3 API release,HDX Administrative Wards in Kenya 1450
90231094B59667799264879,Township,ADM3,gbOpen,2020,AqsJZWunWRF,KGHhQ5GLd4k,CUjthlounWV,1623,Bungoma,Kanduyi Sub County,Khalaba Ward,representative_point_in_hdx_polygon,high,geoBoundaries current gbOpen KEN ADM3 API release,HDX Administrative Wards in Kenya 1450
90231094B74796313551744,Masimba,ADM3,gbOpen,2020,CDUIv5RI0VU,sPkRcDvhGWA,A6Sj8RumZ0m,1990,Kisii,Nyaribari Masaba Sub County,Masimba Ward,representative_point_in_hdx_polygon,high,geoBoundaries current gbOpen KEN ADM3 API release,HDX Administrative Wards in Kenya 1450
90231094B62009200071448,Mutha,ADM3,gbOpen,2020,V2yqe9L0ha7,j8o6iO4Njsi,d3hSQ3EtnPk,367,KITUI,Kitui South Sub County,Mutha Ward,representative_point_in_hdx_polygon,high,geoBoundaries current gbOpen KEN ADM3 API release,HDX Administrative Wards in Kenya 1450
90231094B99282266292611,Mkongani,ADM3,gbOpen,2020,rzPzDuVVuqw,N7YETT3A9r1,wUNEDOnx9uB,1902,Kwale,Matuga Sub County,Mkongani Ward,representative_point_in_hdx_polygon,high,geoBoundaries current gbOpen KEN ADM3 API release,HDX Administrative Wards in Kenya 1450
90231094B48559866826960,Kinyoro,ADM3,gbOpen,2020,Qc2e6oVTp0G,mThvosEflAU,y2M16lesMsF,683,TRANS NZOIA,Saboti  Sub County,Kinyoro Ward,representative_point_in_hdx_polygon,high,geoBoundaries current gbOpen KEN ADM3 API release,HDX Administrative Wards in Kenya 1450
90231094B54641595946559,Kangundo East,ADM3,gbOpen,2020,hBftnwiDBHL,yhCUgGcCcOo,vMPhBuymSKt,1507,Machakos,Kangundo Sub County,Kangundo East Ward,representative_point_in_hdx_polygon,high,geoBoundaries current gbOpen KEN ADM3 API release,HDX Administrative Wards in Kenya 1450
90231094B23421951453977,Kabonyo/Kanyagwal,ADM3,gbOpen,2020,LCXl4ftRJYy,tAbBVBbueqD,iRK9uABUTVZ,1931,Kisumu,Nyando Sub County,Kabonyo Kanyagwal,representative_point_in_hdx_polygon,high,geoBoundaries current gbOpen KEN ADM3 API release,HDX Administrative Wards in Kenya 1450
90231094B41246401576226,South West Nyakach,ADM3,gbOpen,2020,oTl0WEQrKtX,tAbBVBbueqD,kBQIjtWUBqj,1938,Kisumu,Nyakach Sub County,South West Nyakach Ward,representative_point_in_hdx_polygon,high,geoBoundaries current gbOpen KEN ADM3 API release,HDX Administrative Wards in Kenya 1450
90231094B50291284374523,Sinyerere,ADM3,gbOpen,2020,hHfS8R69bEH,mThvosEflAU,f18kGo9yXWo,694,TRANS NZOIA,Cherangany Sub County,Sinyerere Ward,representative_point_in_hdx_polygon,high,geoBoundaries current gbOpen KEN ADM3 API release,HDX Administrative Wards in Kenya 1450
90231094B948353916985,Marama South,ADM3,gbOpen,2020,NTHccL0KJ5j,BjC1xL40gHo,K7mZpm8COh7,1690,Kakamega,Butere Sub County,Marama South Ward,representative_point_in_hdx_polygon,high,geoBoundaries current gbOpen KEN ADM3 API release,HDX Administrative Wards in Kenya 1450
90231094B1721040607478,Kamasian,ADM3,gbOpen,2020,O7GqFgG69Md,ihZsJ8alvtb,Taw0Zg7nArd,941,KERICHO,Kipkelion West Sub County,Kamasian Ward,representative_point_in_hdx_polygon,high,geoBoundaries current gbOpen KEN ADM3 API release,HDX Administrative Wards in Kenya 1450
90231094B24891794914145,Gathigiriri,ADM3,gbOpen,2020,tWc3XLOEMO1,Ulj33KBau7V,jHmpQUlnkQk,502,KIRINYAGA,Kirinyaga South Sub County,Gathigiriri Ward,representative_point_in_hdx_polygon,high,geoBoundaries current gbOpen KEN ADM3 API release,HDX Administrative Wards in Kenya 1450
90231094B38403520362122,East Gem,ADM3,gbOpen,2020,XM6wZZeKqhk,u4t9H8XyU9P,PKeFksHlJkB,1866,Siaya,Gem Sub County,East Gem Ward,representative_point_in_hdx_polygon,high,geoBoundaries current gbOpen KEN ADM3 API release,HDX Administrative Wards in Kenya 1450
90231094B39340527473062,Kipsomba,ADM3,gbOpen,2020,tSBIbHLo6tl,pZqQRRW7PHP,lmr1q6dTaso,2132,Uasin Gishu,Soy Sub County,Kipsomba Ward,representative_point_in_hdx_polygon,high,geoBoundaries current gbOpen KEN ADM3 API release,HDX Administrative Wards in Kenya 1450
90231094B4062254613747,Githiga,ADM3,gbOpen,2020,jALskID8BQS,qKzosKQPl6G,E7tkGikenbD,2188,Kiambu,Githunguri Sub County,Githiga Ward,representative_point_in_hdx_polygon,high,geoBoundaries current gbOpen KEN ADM3 API release,HDX Administrative Wards in Kenya 1450
90231094B50348797275499,Molo,ADM3,gbOpen,2020,STQIvkltmOp,ob6SxuRcqU4,RJ4LGJiSHFg,1743,Nakuru,Molo  Sub County,Molo Ward,representative_point_in_hdx_polygon,high,geoBoundaries current gbOpen KEN ADM3 API release,HDX Administrative Wards in Kenya 1450
90231094B98597894531828,Kimulot,ADM3,gbOpen,2020,OFb6pB88hNT,HMNARUV2CW4,PLFoYJO8MVS,2269,Bomet,Konoin Sub County,Kimulot Ward,representative_point_in_hdx_polygon,high,geoBoundaries current gbOpen KEN ADM3 API release,HDX Administrative Wards in Kenya 1450
90231094B15149901400697,Sangalo/Kebulonik,ADM3,gbOpen,2020,Vh31LHi1RC8,t0J75eHKxz5,Xtb7tbJpk9p,780,NANDI,Mosop Sub County,Sangalo/kebulonik Ward,representative_point_in_hdx_polygon,high,geoBoundaries current gbOpen KEN ADM3 API release,HDX Administrative Wards in Kenya 1450
90231094B57036509437627,Kaptumo-Kaboi,ADM3,gbOpen,2020,qj48MUGxhs9,t0J75eHKxz5,Sq2fLWnOCGg,759,NANDI,Aldai Sub County,Kaptumo/kaboi Ward,representative_point_in_hdx_polygon,high,geoBoundaries current gbOpen KEN ADM3 API release,HDX Administrative Wards in Kenya 1450
90231094B36632307066934,Lambwe,ADM3,gbOpen,2020,vbgVuQPf9j7,nK0A12Q7MvS,mCGytMcMf6y,1570,Homa Bay,Mbita Sub County,Lambwe Ward,representative_point_in_hdx_polygon,high,geoBoundaries current gbOpen KEN ADM3 API release,HDX Administrative Wards in Kenya 1450
90231094B27927693697761,Rombo,ADM3,gbOpen,2020,Zk0ZFibhfaI,Hsk1YV8kHkT,eyADpAXM834,934,KAJIADO,Loitokitok Sub County,Rombo Ward,representative_point_in_hdx_polygon,high,geoBoundaries current gbOpen KEN ADM3 API release,HDX Administrative Wards in Kenya 1450
90231094B24276015994511,Konyu,ADM3,gbOpen,2020,rGu0Fh2c3kI,ptWVfaCIdVx,vznKK4IegIL,480,NYERI,Mathira East Sub County,Konyu Ward,representative_point_in_hdx_polygon,high,geoBoundaries current gbOpen KEN ADM3 API release,HDX Administrative Wards in Kenya 1450
90231094B76794971868133,Kamburu,ADM3,gbOpen,2020,rq7Y1sxGfgN,qKzosKQPl6G,nCziQtZ49jj,2219,Kiambu,Lari Sub County,Kamburu Ward,representative_point_in_hdx_polygon,high,geoBoundaries current gbOpen KEN ADM3 API release,HDX Administrative Wards in Kenya 1450
90231094B16773845833928,North Sakwa,ADM3,gbOpen,2020,EmSsP2C6A3h,fVra3Pwta0Q,ka9Uv3Ckcbd,1458,Migori,Awendo Sub County,North Sakwa Ward,representative_point_in_hdx_polygon,high,geoBoundaries current gbOpen KEN ADM3 API release,HDX Administrative Wards in Kenya 1450
90231094B24019080167322,Kajulu,ADM3,gbOpen,2020,xyzeTkTa8o7,tAbBVBbueqD,PRpKwAloU5b,1910,Kisumu,Kisumu East Sub County,Kajulu Ward,representative_point_in_hdx_polygon,high,geoBoundaries current gbOpen KEN ADM3 API release,HDX Administrative Wards in Kenya 1450
90231094B31597994805862,Kakuzi/Mitubiri,ADM3,gbOpen,2020,v5Uz1hZEGu3,ahwTMNAJvrL,Z7ALMtFNfeZ,2123,Muranga,Gatanga Sub County,Kakuzi/mitubiri Ward,representative_point_in_hdx_polygon,high,geoBoundaries current gbOpen KEN ADM3 API release,HDX Administrative Wards in Kenya 1450
90231094B38868771592111,Boochi/Tendere,ADM3,gbOpen,2020,R8gqeFZV0qT,sPkRcDvhGWA,YqYSkwmOtiR,1986,Kisii,Bomachoge Chache Sub County,Boochi Tendere Ward,representative_point_in_hdx_polygon,high,geoBoundaries current gbOpen KEN ADM3 API release,HDX Administrative Wards in Kenya 1450
90231094B96240416366164,Ndalat,ADM3,gbOpen,2020,JsaOcykkym2,t0J75eHKxz5,Xtb7tbJpk9p,778,NANDI,Mosop Sub County,Ndalat Ward,representative_point_in_hdx_polygon,high,geoBoundaries current gbOpen KEN ADM3 API release,HDX Administrative Wards in Kenya 1450
90231094B23644701725691,Ruguru/Ngandori,ADM3,gbOpen,2020,ncD8mIBXHRn,PFu8alU2KWG,IPOMRXiYjxr,311,EMBU,Manyatta  Sub County,Ruguru-Ngandori Ward,representative_point_in_hdx_polygon,high,geoBoundaries current gbOpen KEN ADM3 API release,HDX Administrative Wards in Kenya 1450
90231094B70162622390790,Tendeno/Sorget,ADM3,gbOpen,2020,OrFIWXUMeP6,ihZsJ8alvtb,gU0Cz7Qlfss,939,KERICHO,Kipkelion East Sub County,Tendeno/sorget Ward,representative_point_in_hdx_polygon,high,geoBoundaries current gbOpen KEN ADM3 API release,HDX Administrative Wards in Kenya 1450
90231094B22619528597437,Lafey,ADM3,gbOpen,2020,LtPutnKuKqO,R6f9znhg37c,nsfbHBS9tMT,218,MANDERA,LAFEY,LAFEY,representative_point_in_hdx_polygon,high,geoBoundaries current gbOpen KEN ADM3 API release,HDX Administrative Wards in Kenya 1450
90231094B83163008704430,Ganda,ADM3,gbOpen,2020,gWqTliiaRaB,nrI2khZx3d0,lGg3wEy784X,1851,Kilifi,Malindi Sub County,Ganda Ward,representative_point_in_hdx_polygon,high,geoBoundaries current gbOpen KEN ADM3 API release,HDX Administrative Wards in Kenya 1450
90231094B54583585549856,Soysambu/Mitua,ADM3,gbOpen,2020,pc8868uNy8r,KGHhQ5GLd4k,orUwYD52An3,1644,Bungoma,Tongaren Sub County,Soysambu/ Mitua Ward,representative_point_in_hdx_polygon,high,geoBoundaries current gbOpen KEN ADM3 API release,HDX Administrative Wards in Kenya 1450
90231094B38383193132319,Nyatieko,ADM3,gbOpen,2020,Dvfw4PI207c,sPkRcDvhGWA,gPR82w2xgJZ,2007,Kisii,Kitutu Chache South Sub County,Nyatieko Ward,representative_point_in_hdx_polygon,high,geoBoundaries current gbOpen KEN ADM3 API release,HDX Administrative Wards in Kenya 1450
90231094B23820145570810,Ndaraweta,ADM3,gbOpen,2020,J4ZIAuamKlu,HMNARUV2CW4,m9gdonbVXjZ,2264,Bomet,Bomet Central Sub County,Ndaraweta Ward,representative_point_in_hdx_polygon,high,geoBoundaries current gbOpen KEN ADM3 API release,HDX Administrative Wards in Kenya 1450
90231094B10693937279852,West Kamagak,ADM3,gbOpen,2020,pPN9DI12g5m,nK0A12Q7MvS,NhsAMiaS0TD,1539,Homa Bay,Kasipul Sub County,West Kamagak Ward,representative_point_in_hdx_polygon,high,geoBoundaries current gbOpen KEN ADM3 API release,HDX Administrative Wards in Kenya 1450
90231094B22644155028088,Bobaracho,ADM3,gbOpen,2020,H5US8Zu9bIJ,sPkRcDvhGWA,fFh3beH29fD,1993,Kisii,Nyaribari Chache  Sub County,Bobaracho Ward,representative_point_in_hdx_polygon,high,geoBoundaries current gbOpen KEN ADM3 API release,HDX Administrative Wards in Kenya 1450
90231094B49903115747008,Abothuguchi Central,ADM3,gbOpen,2020,Ay0bToL5BTE,Y52XNJ50hYb,OnNcTsJgfvL,286,MERU,Imenti Central Sub County,Abothuguchi central Ward,representative_point_in_hdx_polygon,high,geoBoundaries current gbOpen KEN ADM3 API release,HDX Administrative Wards in Kenya 1450
90231094B52165898691380,West Gem,ADM3,gbOpen,2020,mEZBjj4fLBT,u4t9H8XyU9P,PKeFksHlJkB,1863,Siaya,Gem Sub County,West Gem Ward,representative_point_in_hdx_polygon,high,geoBoundaries current gbOpen KEN ADM3 API release,HDX Administrative Wards in Kenya 1450
90231094B29136219307336,Kapedo/Napeitom,ADM3,gbOpen,2020,prqcH9XZcQe,kphDeKClFch,dr8gOvVAdiE,638,TURKANA,Turkana East Sub County,Kapedo/napeitom Ward,representative_point_in_hdx_polygon,high,geoBoundaries current gbOpen KEN ADM3 API release,HDX Administrative Wards in Kenya 1450
90231094B69301953798125,Makuyu,ADM3,gbOpen,2020,U3N4bJZ2BL0,ahwTMNAJvrL,l46g2PZUjoh,2111,Muranga,Muranga South Sub County,Makuyu Ward,representative_point_in_hdx_polygon,high,geoBoundaries current gbOpen KEN ADM3 API release,HDX Administrative Wards in Kenya 1450
90231094B79288183236474,Nyakoe,ADM3,gbOpen,2020,z8JmM1WxmgG,sPkRcDvhGWA,gPR82w2xgJZ,2005,Kisii,Kitutu Chache South Sub County,Nyakoe Ward,representative_point_in_hdx_polygon,high,geoBoundaries current gbOpen KEN ADM3 API release,HDX Administrative Wards in Kenya 1450
90231094B10820430300668,Kimana,ADM3,gbOpen,2020,REkEoX4PR5g,Hsk1YV8kHkT,eyADpAXM834,935,KAJIADO,Loitokitok Sub County,Kimana Ward,representative_point_in_hdx_polygon,high,geoBoundaries current gbOpen KEN ADM3 API release,HDX Administrative Wards in Kenya 1450
90231094B23815617945195,Wamagana,ADM3,gbOpen,2020,AO0q4JiVIMz,ptWVfaCIdVx,YT3tecc4atw,467,NYERI,Tetu Sub County,Wamagana Ward,representative_point_in_hdx_polygon,high,geoBoundaries current gbOpen KEN ADM3 API release,HDX Administrative Wards in Kenya 1450
90231094B49116887373569,Bura,ADM3,gbOpen,2020,VDvkL0vcV5e,QyGNX2DpR4h,IBDoGsLdhvt,122,TAITA TAVETA,Mwatate Sub County,Bura Ward,representative_point_in_hdx_polygon,high,geoBoundaries current gbOpen KEN ADM3 API release,HDX Administrative Wards in Kenya 1450
90231094B45486081148249,Homa Bay East,ADM3,gbOpen,2020,C5EivIShRVo,nK0A12Q7MvS,Ur2xRBDtazT,1558,Homa Bay,Homa Bay Town Sub County,Homa Bay East Ward,representative_point_in_hdx_polygon,high,geoBoundaries current gbOpen KEN ADM3 API release,HDX Administrative Wards in Kenya 1450
90231094B20955790086152,Endau/Malalani,ADM3,gbOpen,2020,p0vnle5S7g2,j8o6iO4Njsi,d0Gu8FrRM0Y,363,KITUI,Kitui East Sub County,Endau/malalani Ward,representative_point_in_hdx_polygon,high,geoBoundaries current gbOpen KEN ADM3 API release,HDX Administrative Wards in Kenya 1450
90231094B12781987471294,Kagan,ADM3,gbOpen,2020,V6fgSDAq913,nK0A12Q7MvS,iK2Jk2AxhlD,1553,Homa Bay,Rangwe Sub County,Kagan Ward,representative_point_in_hdx_polygon,high,geoBoundaries current gbOpen KEN ADM3 API release,HDX Administrative Wards in Kenya 1450
90231094B95894264869494,Huruma,ADM3,gbOpen,2020,GCgCUcOL0Mz,pZqQRRW7PHP,KuprsuBe1l0,2140,Uasin Gishu,Turbo Sub County,Huruma Ward,representative_point_in_hdx_polygon,high,geoBoundaries current gbOpen KEN ADM3 API release,HDX Administrative Wards in Kenya 1450
90231094B39324381269998,Waita,ADM3,gbOpen,2020,sTm9i4x7TTQ,j8o6iO4Njsi,uE7HKhqPOtf,345,KITUI,Mwingi Central Sub- County,Waita Ward,representative_point_in_hdx_polygon,high,geoBoundaries current gbOpen KEN ADM3 API release,HDX Administrative Wards in Kenya 1450
90231094B5473155906353,Bwake/Luuya,ADM3,gbOpen,2020,sKD6tJgPfbh,KGHhQ5GLd4k,k1mze33jOs0,1611,Bungoma,Kabuchai Sub County,Bwake/luuya Ward,representative_point_in_hdx_polygon,high,geoBoundaries current gbOpen KEN ADM3 API release,HDX Administrative Wards in Kenya 1450
90231094B53754339967953,Wodanga,ADM3,gbOpen,2020,RaGcUBct8yg,sANMZ3lpqGs,urtJSF5jcBC,1581,Vihiga,Sabatia Sub County,Wodanga Ward,representative_point_in_hdx_polygon,high,geoBoundaries current gbOpen KEN ADM3 API release,HDX Administrative Wards in Kenya 1450
90231094B68304782568335,Ruguru,ADM3,gbOpen,2020,Z2yWQMpy2Ki,ptWVfaCIdVx,msIc1uFAY6B,477,NYERI,Mathira West Sub County,Ruguru Ward,representative_point_in_hdx_polygon,high,geoBoundaries current gbOpen KEN ADM3 API release,HDX Administrative Wards in Kenya 1450
90231094B63869299103605,Gilgil,ADM3,gbOpen,2020,xK7G5Lg2CEW,ob6SxuRcqU4,hBU8B1KI12P,1758,Nakuru,Gilgil Sub County,Gilgil Ward,representative_point_in_hdx_polygon,high,geoBoundaries current gbOpen KEN ADM3 API release,HDX Administrative Wards in Kenya 1450
90231094B13121866916696,Wasimbete,ADM3,gbOpen,2020,c2OOtR8JNjy,fVra3Pwta0Q,VtuwXD7O1O9,1469,Migori,Suna West Sub County,Wasimbete Ward,representative_point_in_hdx_polygon,high,geoBoundaries current gbOpen KEN ADM3 API release,HDX Administrative Wards in Kenya 1450
90231094B36778025822964,West Kabras,ADM3,gbOpen,2020,vwGFBoFGIlm,BjC1xL40gHo,ES1CWa4AJmJ,1656,Kakamega,Malava Sub County,West Kabras Ward,representative_point_in_hdx_polygon,high,geoBoundaries current gbOpen KEN ADM3 API release,HDX Administrative Wards in Kenya 1450
90231094B74697731435219,Chaik,ADM3,gbOpen,2020,w8SzXPBdjgq,HMNARUV2CW4,PLFoYJO8MVS,2271,Bomet,Konoin Sub County,Boito Ward,representative_point_in_hdx_polygon,high,geoBoundaries current gbOpen KEN ADM3 API release,HDX Administrative Wards in Kenya 1450
90231094B26306820628422,Central,ADM3,gbOpen,2020,TzCE8I4W14b,nK0A12Q7MvS,fmsyW02tPng,1546,Homa Bay,Karachuonyo Sub County,Central Ward,representative_point_in_hdx_polygon,high,geoBoundaries current gbOpen KEN ADM3 API release,HDX Administrative Wards in Kenya 1450
90231094B62802783774663,Thange,ADM3,gbOpen,2020,zU0IodQbzMz,BoDytkJQ4Qi,ZhhyithPNoI,439,MAKUENI,Kibwezi East  Sub County,Thange Ward,representative_point_in_hdx_polygon,high,geoBoundaries current gbOpen KEN ADM3 API release,HDX Administrative Wards in Kenya 1450
90231094B89106700807255,Ngeria,ADM3,gbOpen,2020,ymhb4pW8ryv,pZqQRRW7PHP,u9yagZzK49q,2151,Uasin Gishu,Kapseret Sub County,Ngeria Ward,representative_point_in_hdx_polygon,high,geoBoundaries current gbOpen KEN ADM3 API release,HDX Administrative Wards in Kenya 1450
90231094B35589794814252,Kipevu,ADM3,gbOpen,2020,Eswb97MIEP8,wsBsC6gjHvn,OvI6w06DhPJ,1796,Mombasa,Changamwe Sub County,Kipevu Ward,representative_point_in_hdx_polygon,high,geoBoundaries current gbOpen KEN ADM3 API release,HDX Administrative Wards in Kenya 1450
90231094B26506738422176,Matapato South,ADM3,gbOpen,2020,PPE8hAClees,Hsk1YV8kHkT,SZapM1R0Kti,920,KAJIADO,Kajiado Central Sub County,Matapato south Ward,representative_point_in_hdx_polygon,high,geoBoundaries current gbOpen KEN ADM3 API release,HDX Administrative Wards in Kenya 1450
90231094B45753729121883,Dandora Area I,ADM3,gbOpen,2020,Qusks6YHAmd,jkG3zaihdSs,SSz1iOv28Jk,2053,Nairobi,Embakasi North Sub County,Dandora Area I Ward,representative_point_in_hdx_polygon,high,geoBoundaries current gbOpen KEN ADM3 API release,HDX Administrative Wards in Kenya 1450
90231094B6615640344476,Nanyuki,ADM3,gbOpen,2020,DpYpJ6E1vRc,xuFdFy6t9AH,pF6qPMIlHte,820,LAIKIPIA,Laikipia East Sub County,Nanyuki Ward,representative_point_in_hdx_polygon,high,geoBoundaries current gbOpen KEN ADM3 API release,HDX Administrative Wards in Kenya 1450
90231094B40856396075474,Junju,ADM3,gbOpen,2020,FyFIsGw4IJR,nrI2khZx3d0,xWAZBULwGxp,1832,Kilifi,Kilifi South Sub County,Junju Ward,representative_point_in_hdx_polygon,high,geoBoundaries current gbOpen KEN ADM3 API release,HDX Administrative Wards in Kenya 1450
90231094B51827720519130,Mbiri,ADM3,gbOpen,2020,sG1YvrNWJTV,ahwTMNAJvrL,VDlzh6w4LKv,2101,Muranga,Kiharu Sub County,Mbiri Ward,representative_point_in_hdx_polygon,high,geoBoundaries current gbOpen KEN ADM3 API release,HDX Administrative Wards in Kenya 1450
90231094B43378881775130,Laini Saba,ADM3,gbOpen,2020,uPv6CYD6np2,jkG3zaihdSs,aTGYlhEw2Xx,2023,Nairobi,Langata  Sub County,Nairobi West Ward,representative_point_in_hdx_polygon,high,geoBoundaries current gbOpen KEN ADM3 API release,HDX Administrative Wards in Kenya 1450
90231094B62277589755741,North West Kisumu,ADM3,gbOpen,2020,r6rYPoyjxvR,tAbBVBbueqD,YzEDO9Mq4TR,1919,Kisumu,Kisumu West Sub County,North West Kisumu Ward,representative_point_in_hdx_polygon,high,geoBoundaries current gbOpen KEN ADM3 API release,HDX Administrative Wards in Kenya 1450
90231094B9975186557388,Gakawa,ADM3,gbOpen,2020,FsRuO9llshq,ptWVfaCIdVx,YXt5ETQPRlB,476,NYERI,Kieni East Sub County,Gakawa Ward,representative_point_in_hdx_polygon,high,geoBoundaries current gbOpen KEN ADM3 API release,HDX Administrative Wards in Kenya 1450
90231094B6703263950221,Central Alego,ADM3,gbOpen,2020,fpnhZCEZEGQ,u4t9H8XyU9P,Cu46otDi1RO,1888,Siaya,Alego Usonga Sub County,Central Alego Ward,representative_point_in_hdx_polygon,high,geoBoundaries current gbOpen KEN ADM3 API release,HDX Administrative Wards in Kenya 1450
90231094B97142374471972,Muvau/Kikuumini,ADM3,gbOpen,2020,bMFoCdyYs5e,BoDytkJQ4Qi,AIGIQpolMRn,425,MAKUENI,Makueni  Sub County,Muvau/Kikumini Ward,representative_point_in_hdx_polygon,high,geoBoundaries current gbOpen KEN ADM3 API release,HDX Administrative Wards in Kenya 1450
90231094B98078333795168,Kaptama,ADM3,gbOpen,2020,X2TaEHQHj6z,KGHhQ5GLd4k,ZCYATXdLsL1,1604,Bungoma,Mt Elgon Sub County,Kaptama Ward,representative_point_in_hdx_polygon,high,geoBoundaries current gbOpen KEN ADM3 API release,HDX Administrative Wards in Kenya 1450
90231094B32217720257565,Murindati,ADM3,gbOpen,2020,mxshI67tMFJ,ob6SxuRcqU4,hBU8B1KI12P,1762,Nakuru,Gilgil Sub County,Murindat Ward,representative_point_in_hdx_polygon,high,geoBoundaries current gbOpen KEN ADM3 API release,HDX Administrative Wards in Kenya 1450
90231094B26788057345847,Kiganjo/Mathari,ADM3,gbOpen,2020,Jf0JOsPw0vn,ptWVfaCIdVx,GXnD5lHeanK,491,NYERI,Nyeri Central Sub County,Kiganjo/mathari Ward,representative_point_in_hdx_polygon,high,geoBoundaries current gbOpen KEN ADM3 API release,HDX Administrative Wards in Kenya 1450
90231094B55084484912180,Sitatunga,ADM3,gbOpen,2020,jUfXO40BeXD,mThvosEflAU,f18kGo9yXWo,700,TRANS NZOIA,Cherangany Sub County,Sitatunga Ward,representative_point_in_hdx_polygon,high,geoBoundaries current gbOpen KEN ADM3 API release,HDX Administrative Wards in Kenya 1450
90231094B9888040529958,Londiani,ADM3,gbOpen,2020,hnO1LFuQFvR,ihZsJ8alvtb,gU0Cz7Qlfss,936,KERICHO,Kipkelion East Sub County,Londiani Ward,representative_point_in_hdx_polygon,high,geoBoundaries current gbOpen KEN ADM3 API release,HDX Administrative Wards in Kenya 1450
90231094B88383332336478,Kamacharia,ADM3,gbOpen,2020,NJeG4zy8zci,ahwTMNAJvrL,u7Gkh63FYe4,2098,Muranga,Mathioya Sub County,Kamacharia Ward,representative_point_in_hdx_polygon,high,geoBoundaries current gbOpen KEN ADM3 API release,HDX Administrative Wards in Kenya 1450
90231094B95158778431935,Gatarakwa,ADM3,gbOpen,2020,cWSGKfzRIhc,ptWVfaCIdVx,odOtfcaMg4p,473,NYERI,Kieni West Sub County,Gatarakwa Ward,representative_point_in_hdx_polygon,high,geoBoundaries current gbOpen KEN ADM3 API release,HDX Administrative Wards in Kenya 1450
90231094B99237397690198,Ikanga/Kyatune,ADM3,gbOpen,2020,BLSmZHA1d92,j8o6iO4Njsi,d3hSQ3EtnPk,365,KITUI,Kitui South Sub County,Ikanga/kyatune Ward,representative_point_in_hdx_polygon,high,geoBoundaries current gbOpen KEN ADM3 API release,HDX Administrative Wards in Kenya 1450
90231094B20745239600786,Nyansiongo,ADM3,gbOpen,2020,pjOkCmcntm6,uepLTG8wGWJ,ABuzigW8Lzw,1963,Nyamira,Borabu Sub County,Nyansiongo Ward,representative_point_in_hdx_polygon,high,geoBoundaries current gbOpen KEN ADM3 API release,HDX Administrative Wards in Kenya 1450
90231094B42220938679430,West Nalondo,ADM3,gbOpen,2020,gZqLcfKb6LQ,KGHhQ5GLd4k,k1mze33jOs0,1610,Bungoma,Kabuchai Sub County,West Nalondo Ward,representative_point_in_hdx_polygon,high,geoBoundaries current gbOpen KEN ADM3 API release,HDX Administrative Wards in Kenya 1450
90231094B60560431782290,Naromoru Kiamathaga,ADM3,gbOpen,2020,REFeM2dROq3,ptWVfaCIdVx,YXt5ETQPRlB,470,NYERI,Kieni East Sub County,Naromoru/kiamathaga Ward,representative_point_in_hdx_polygon,high,geoBoundaries current gbOpen KEN ADM3 API release,HDX Administrative Wards in Kenya 1450
90231094B35631579756975,Ugunja,ADM3,gbOpen,2020,pHKNjOmIqg4,u4t9H8XyU9P,m9nsQ1MXlVU,1885,Siaya,Ugunja Sub County,Ugunja Ward,representative_point_in_hdx_polygon,high,geoBoundaries current gbOpen KEN ADM3 API release,HDX Administrative Wards in Kenya 1450
90231094B352898116632,Misikhu,ADM3,gbOpen,2020,PyDYqhwBSoP,KGHhQ5GLd4k,aqYhbqKclsI,1631,Bungoma,Webuye West Sub County,Misikhu Ward,representative_point_in_hdx_polygon,high,geoBoundaries current gbOpen KEN ADM3 API release,HDX Administrative Wards in Kenya 1450
90231094B93732492007349,Maraka,ADM3,gbOpen,2020,chWsC9TTyF3,KGHhQ5GLd4k,f4AOiG8fYtn,1630,Bungoma,Webuye  East Sub County,Maraka Ward,representative_point_in_hdx_polygon,high,geoBoundaries current gbOpen KEN ADM3 API release,HDX Administrative Wards in Kenya 1450
90231094B53858938679529,Nyanduma,ADM3,gbOpen,2020,aR3qJ3GyWeP,qKzosKQPl6G,nCziQtZ49jj,2218,Kiambu,Lari Sub County,Nyanduma Ward,representative_point_in_hdx_polygon,high,geoBoundaries current gbOpen KEN ADM3 API release,HDX Administrative Wards in Kenya 1450
90231094B43434852958943,Kithimani,ADM3,gbOpen,2020,LELK9LZb2qR,yhCUgGcCcOo,CeukNtGhW7J,1502,Machakos,Yatta Sub County,Kithimani Ward,representative_point_in_hdx_polygon,high,geoBoundaries current gbOpen KEN ADM3 API release,HDX Administrative Wards in Kenya 1450
90231094B83691112996620,Isukha Central,ADM3,gbOpen,2020,msMd2VRjWK8,BjC1xL40gHo,sjlSPeRgl7d,1697,Kakamega,Shinyalu Sub County,Isukha Central Ward,representative_point_in_hdx_polygon,high,geoBoundaries current gbOpen KEN ADM3 API release,HDX Administrative Wards in Kenya 1450
90231094B75691191709627,Tharaka,ADM3,gbOpen,2020,bBYJtOmYctd,j8o6iO4Njsi,KXM9VnhuLfP,335,KITUI,Mwingi North Sub County,Tharaka Ward,representative_point_in_hdx_polygon,high,geoBoundaries current gbOpen KEN ADM3 API release,HDX Administrative Wards in Kenya 1450
90231094B86501515501380,Gaichanjiru,ADM3,gbOpen,2020,H3V7py1sKHI,ahwTMNAJvrL,gwYTo0wITYX,2119,Muranga,Kandara Sub County,Gaichanjiru Ward,representative_point_in_hdx_polygon,high,geoBoundaries current gbOpen KEN ADM3 API release,HDX Administrative Wards in Kenya 1450
90231094B52373395012805,Kinango,ADM3,gbOpen,2020,PrGoCfZ06gm,N7YETT3A9r1,LOgbecTRkbp,1905,Kwale,Kinango Sub County,Kinango Ward,representative_point_in_hdx_polygon,high,geoBoundaries current gbOpen KEN ADM3 API release,HDX Administrative Wards in Kenya 1450
90231094B45408460065657,Gatunga,ADM3,gbOpen,2020,Z8xEFHWnQB4,T4urHM47nlm,ZNXf7qiVh3t,306,THARAKA-NITHI,Tharaka North Sub County,Gatunga Ward,representative_point_in_hdx_polygon,high,geoBoundaries current gbOpen KEN ADM3 API release,HDX Administrative Wards in Kenya 1450
90231094B23996855604028,Angata Barikoi,ADM3,gbOpen,2020,QYQsVGsbKWg,kqJ83J2D72s,Nb6e34jNGAq,2160,Narok,Transmara West Sub County,Angata Barikoi Ward,representative_point_in_hdx_polygon,high,geoBoundaries current gbOpen KEN ADM3 API release,HDX Administrative Wards in Kenya 1450
90231094B55277982517786,Sango,ADM3,gbOpen,2020,A7zboeNsKAz,BjC1xL40gHo,wMv0s3U2nnG,1652,Kakamega,Likuyani Sub County,Sango Ward,representative_point_in_hdx_polygon,high,geoBoundaries current gbOpen KEN ADM3 API release,HDX Administrative Wards in Kenya 1450
90231094B44539753845256,Matungulu East,ADM3,gbOpen,2020,raVM522IGju,yhCUgGcCcOo,GnixPSqaV6D,1511,Machakos,Matungulu Sub County,Matungulu East Ward,representative_point_in_hdx_polygon,high,geoBoundaries current gbOpen KEN ADM3 API release,HDX Administrative Wards in Kenya 1450
90231094B59917074875848,Ruai,ADM3,gbOpen,2020,wskDg8KQ0v3,jkG3zaihdSs,FoqzDgIByL6,2041,Nairobi,Kasarani  Sub County,Ruai Ward,representative_point_in_hdx_polygon,high,geoBoundaries current gbOpen KEN ADM3 API release,HDX Administrative Wards in Kenya 1450
90231094B70338735331472,Mutithi,ADM3,gbOpen,2020,K3uHCihezz7,Ulj33KBau7V,f6EOn3xI9YH,496,KIRINYAGA,Kirinyaga North/Mwea West Sub County,Mutithi Ward,representative_point_in_hdx_polygon,high,geoBoundaries current gbOpen KEN ADM3 API release,HDX Administrative Wards in Kenya 1450
90231094B26355929878171,Ramisi,ADM3,gbOpen,2020,VGENlt3MTt7,N7YETT3A9r1,ADMywdLwoRX,1893,Kwale,Msambweni Sub County,Ramisi Ward,representative_point_in_hdx_polygon,high,geoBoundaries current gbOpen KEN ADM3 API release,HDX Administrative Wards in Kenya 1450
90231094B70375869981953,Rigoma,ADM3,gbOpen,2020,oq5P0uoHv4U,uepLTG8wGWJ,Qn5Fff2lIDz,1945,Nyamira,Masaba North Sub County,Rigoma Ward,representative_point_in_hdx_polygon,high,geoBoundaries current gbOpen KEN ADM3 API release,HDX Administrative Wards in Kenya 1450
90231094B92313959008578,Kakuma,ADM3,gbOpen,2020,bg4tS3m8rZA,kphDeKClFch,HK5SUCMQmsw,617,TURKANA,Turkana West Sub County,Kakuma Ward,representative_point_in_hdx_polygon,high,geoBoundaries current gbOpen KEN ADM3 API release,HDX Administrative Wards in Kenya 1450
90231094B4086357969558,Mbakalo,ADM3,gbOpen,2020,dqhHnPkEqDH,KGHhQ5GLd4k,orUwYD52An3,1639,Bungoma,Tongaren Sub County,Mbakalo Ward,representative_point_in_hdx_polygon,high,geoBoundaries current gbOpen KEN ADM3 API release,HDX Administrative Wards in Kenya 1450
90231094B88607277969479,Bunyala North,ADM3,gbOpen,2020,FrPqZ0quyrF,Tvf1zgVZ0K4,zI6vnsXresW,1737,Busia,Bunyala Sub County,Bunyala North Ward,representative_point_in_hdx_polygon,high,geoBoundaries current gbOpen KEN ADM3 API release,HDX Administrative Wards in Kenya 1450
90231094B98581045282881,Kondele,ADM3,gbOpen,2020,pOsTvaq49pN,tAbBVBbueqD,OpLt8IgyHop,1924,Kisumu,Kisumu Central Sub County,Kondele Ward,representative_point_in_hdx_polygon,high,geoBoundaries current gbOpen KEN ADM3 API release,HDX Administrative Wards in Kenya 1450
90231094B95219554572711,Gaturi North,ADM3,gbOpen,2020,s3eywuLj65m,PFu8alU2KWG,IPOMRXiYjxr,317,EMBU,Manyatta  Sub County,Gaturi north Ward,representative_point_in_hdx_polygon,high,geoBoundaries current gbOpen KEN ADM3 API release,HDX Administrative Wards in Kenya 1450
90231094B44178888330328,Ntimaru East,ADM3,gbOpen,2020,C6U23QgqMCn,fVra3Pwta0Q,THm2tCJa2ZQ,1491,Migori,Kuria East Sub County,Ntimaru East Ward,representative_point_in_hdx_polygon,high,geoBoundaries current gbOpen KEN ADM3 API release,HDX Administrative Wards in Kenya 1450
90231094B77711550859963,Rurii,ADM3,gbOpen,2020,eBk1tdli8XV,mYZacFNIB3h,Lm9RMwhIu3G,457,NYANDARUA,Olkalou Sub County,Rurii Ward,representative_point_in_hdx_polygon,high,geoBoundaries current gbOpen KEN ADM3 API release,HDX Administrative Wards in Kenya 1450
90231094B74168005647860,Nangina,ADM3,gbOpen,2020,nuZowpCKvMd,Tvf1zgVZ0K4,NHRktMsAkO1,1733,Busia,Samia Sub County,Nangina Ward,representative_point_in_hdx_polygon,high,geoBoundaries current gbOpen KEN ADM3 API release,HDX Administrative Wards in Kenya 1450
90231094B19666897896650,Lari/Kirenga,ADM3,gbOpen,2020,NfJb3vThwG5,qKzosKQPl6G,nCziQtZ49jj,2220,Kiambu,Lari Sub County,Lari/kirenga Ward,representative_point_in_hdx_polygon,high,geoBoundaries current gbOpen KEN ADM3 API release,HDX Administrative Wards in Kenya 1450
90231094B78965464390416,Riabai,ADM3,gbOpen,2020,xgHhSzo3AuN,qKzosKQPl6G,SBz4c48i24Y,2194,Kiambu,Kiambu Town Sub County,Riabai Ward,representative_point_in_hdx_polygon,high,geoBoundaries current gbOpen KEN ADM3 API release,HDX Administrative Wards in Kenya 1450
90231094B68719366888475,Kabwareng,ADM3,gbOpen,2020,Wh8ROphCMld,t0J75eHKxz5,Sq2fLWnOCGg,755,NANDI,Aldai Sub County,Kabwareng Ward,representative_point_in_hdx_polygon,high,geoBoundaries current gbOpen KEN ADM3 API release,HDX Administrative Wards in Kenya 1450
90231094B62067660635130,Fino,ADM3,gbOpen,2020,BRWO7tcujQF,R6f9znhg37c,nsfbHBS9tMT,217,MANDERA,LAFEY,FINO,representative_point_in_hdx_polygon,high,geoBoundaries current gbOpen KEN ADM3 API release,HDX Administrative Wards in Kenya 1450
90231094B1203852558582,Kitise/Kithuki,ADM3,gbOpen,2020,Jcz6ykVTJxT,BoDytkJQ4Qi,AIGIQpolMRn,427,MAKUENI,Makueni  Sub County,Kitise/Kithuki Ward,representative_point_in_hdx_polygon,high,geoBoundaries current gbOpen KEN ADM3 API release,HDX Administrative Wards in Kenya 1450
90231094B91781249656830,Ndalani,ADM3,gbOpen,2020,hVGX2N2vzsO,yhCUgGcCcOo,CeukNtGhW7J,1500,Machakos,Yatta Sub County,Ndalani Ward,representative_point_in_hdx_polygon,high,geoBoundaries current gbOpen KEN ADM3 API release,HDX Administrative Wards in Kenya 1450
90231094B84685245141688,Malewa West,ADM3,gbOpen,2020,xCH1F3gEsNr,ob6SxuRcqU4,hBU8B1KI12P,1761,Nakuru,Gilgil Sub County,Malewa West Ward,representative_point_in_hdx_polygon,high,geoBoundaries current gbOpen KEN ADM3 API release,HDX Administrative Wards in Kenya 1450
90231094B56931739419835,Soin,ADM3,gbOpen,2020,bHrDi28DWdF,ihZsJ8alvtb,ScLzA7tQxrH,965,KERICHO,Sigowet/Soin Sub County,Soin Ward,representative_point_in_hdx_polygon,high,geoBoundaries current gbOpen KEN ADM3 API release,HDX Administrative Wards in Kenya 1450
90231094B37609436915765,Kamara,ADM3,gbOpen,2020,lkMaj1oAFk0,ob6SxuRcqU4,QBwORnYdu0e,1770,Nakuru,Kuresoi North  Sub County,Kamara Ward,representative_point_in_hdx_polygon,high,geoBoundaries current gbOpen KEN ADM3 API release,HDX Administrative Wards in Kenya 1450
90231094B315826618826,Kiine,ADM3,gbOpen,2020,BSHD4ORT4xu,Ulj33KBau7V,A34NiI4rgnf,510,KIRINYAGA,Kirinyaga West Sub County,Kiine Ward,representative_point_in_hdx_polygon,high,geoBoundaries current gbOpen KEN ADM3 API release,HDX Administrative Wards in Kenya 1450
90231094B51000848021851,Kiptagich,ADM3,gbOpen,2020,wKz9Uw8QczF,ob6SxuRcqU4,QwGkDS0DNls,1765,Nakuru,Kuresoi South  Sub County,Kiptagich Ward,representative_point_in_hdx_polygon,high,geoBoundaries current gbOpen KEN ADM3 API release,HDX Administrative Wards in Kenya 1450
90231094B78442438066488,Monyerero,ADM3,gbOpen,2020,PwxIcksWPYQ,sPkRcDvhGWA,cQkF9l9wePP,1999,Kisii,Kitutu Chache North Sub County,Monyerero Ward,representative_point_in_hdx_polygon,high,geoBoundaries current gbOpen KEN ADM3 API release,HDX Administrative Wards in Kenya 1450
90231094B77335206603137,Rware,ADM3,gbOpen,2020,At5MPktCh4M,ptWVfaCIdVx,GXnD5lHeanK,492,NYERI,Nyeri Central Sub County,Rware Ward,representative_point_in_hdx_polygon,high,geoBoundaries current gbOpen KEN ADM3 API release,HDX Administrative Wards in Kenya 1450
90231094B54914210709976,Kabondo East,ADM3,gbOpen,2020,nYfCFgklbTM,nK0A12Q7MvS,BzFBYZhF5fx,1540,Homa Bay,Kabondo Kasipul Sub County,Kabondo East Ward,representative_point_in_hdx_polygon,high,geoBoundaries current gbOpen KEN ADM3 API release,HDX Administrative Wards in Kenya 1450
90231094B38466070910948,North Alego,ADM3,gbOpen,2020,zcpKiQgMNyb,u4t9H8XyU9P,Cu46otDi1RO,1860,Siaya,Alego Usonga Sub County,North Alego Ward,representative_point_in_hdx_polygon,high,geoBoundaries current gbOpen KEN ADM3 API release,HDX Administrative Wards in Kenya 1450
90231094B88380637331631,North Nyakach,ADM3,gbOpen,2020,G2B9ridstXR,tAbBVBbueqD,kBQIjtWUBqj,1939,Kisumu,Nyakach Sub County,North Nyakach Ward,representative_point_in_hdx_polygon,high,geoBoundaries current gbOpen KEN ADM3 API release,HDX Administrative Wards in Kenya 1450
90231094B91706182847035,Woodley/Kenyatta Golf,ADM3,gbOpen,2020,Smgomyf1mXV,jkG3zaihdSs,LO5he3DtiFG,2030,Nairobi,Kibra  Sub County,Woodley/kenyatta Golf Course Ward,representative_point_in_hdx_polygon,high,geoBoundaries current gbOpen KEN ADM3 API release,HDX Administrative Wards in Kenya 1450
90231094B87000863240323,Igoji East,ADM3,gbOpen,2020,AzpgHxbLVoh,Y52XNJ50hYb,AFIlzKNxXST,291,MERU,Imenti South Sub County,Igoji east Ward,representative_point_in_hdx_polygon,high,geoBoundaries current gbOpen KEN ADM3 API release,HDX Administrative Wards in Kenya 1450
90231094B34743993416269,South Sakwa,ADM3,gbOpen,2020,OpbsijPbYuv,fVra3Pwta0Q,ka9Uv3Ckcbd,1459,Migori,Awendo Sub County,South Sakwa Ward,representative_point_in_hdx_polygon,high,geoBoundaries current gbOpen KEN ADM3 API release,HDX Administrative Wards in Kenya 1450
90231094B85467668846575,Muhoroni/Koru,ADM3,gbOpen,2020,cyChGO6tdNS,tAbBVBbueqD,NmbwkQ5r5cB,1937,Kisumu,Muhoroni Sub County,Muhoroni Koru Ward,representative_point_in_hdx_polygon,high,geoBoundaries current gbOpen KEN ADM3 API release,HDX Administrative Wards in Kenya 1450
90231094B88582582418647,Mukurwe-Ini Central,ADM3,gbOpen,2020,GAsUkSqRL2f,ptWVfaCIdVx,zT8Zj5vNYCy,490,NYERI,Mukurweini Sub County,Mukurwe-ini central Ward,representative_point_in_hdx_polygon,high,geoBoundaries current gbOpen KEN ADM3 API release,HDX Administrative Wards in Kenya 1450
90231094B16107707682693,Kapletundo,ADM3,gbOpen,2020,G6aklDidwGe,HMNARUV2CW4,KyuSYunELJI,2251,Bomet,Sotik Sub County,Kapletundo Ward,representative_point_in_hdx_polygon,high,geoBoundaries current gbOpen KEN ADM3 API release,HDX Administrative Wards in Kenya 1450
90231094B63408663140428,Gembe,ADM3,gbOpen,2020,acibphi1EGX,nK0A12Q7MvS,mCGytMcMf6y,1569,Homa Bay,Mbita Sub County,Gembe Ward,representative_point_in_hdx_polygon,high,geoBoundaries current gbOpen KEN ADM3 API release,HDX Administrative Wards in Kenya 1450
90231094B24878914350078,Wote,ADM3,gbOpen,2020,MGxM50hGFBS,BoDytkJQ4Qi,AIGIQpolMRn,424,MAKUENI,Makueni  Sub County,Wote Ward,representative_point_in_hdx_polygon,high,geoBoundaries current gbOpen KEN ADM3 API release,HDX Administrative Wards in Kenya 1450
90231094B14010306798632,Karingani,ADM3,gbOpen,2020,UQd8QPTpVD0,T4urHM47nlm,JmE1qRVQD4F,302,THARAKA-NITHI,Chuka Sub County,Karingani Ward,representative_point_in_hdx_polygon,high,geoBoundaries current gbOpen KEN ADM3 API release,HDX Administrative Wards in Kenya 1450
90231094B28654182733058,Dandora Area Iv,ADM3,gbOpen,2020,UrLRfZeC3Oq,jkG3zaihdSs,SSz1iOv28Jk,2055,Nairobi,Embakasi North Sub County,Dandora Area Iii Ward,representative_point_in_hdx_polygon,high,geoBoundaries current gbOpen KEN ADM3 API release,HDX Administrative Wards in Kenya 1450
90231094B78993356512478,Hospital,ADM3,gbOpen,2020,UPplEbma7DN,qKzosKQPl6G,YZAZ1a9MIvX,2236,Kiambu,Thika Town Sub County,Hospital Ward,representative_point_in_hdx_polygon,high,geoBoundaries current gbOpen KEN ADM3 API release,HDX Administrative Wards in Kenya 1450
90231094B20168785228408,Sitikho,ADM3,gbOpen,2020,CYjWRY8PNTJ,KGHhQ5GLd4k,aqYhbqKclsI,1632,Bungoma,Webuye West Sub County,Sitikho Ward,representative_point_in_hdx_polygon,high,geoBoundaries current gbOpen KEN ADM3 API release,HDX Administrative Wards in Kenya 1450
90231094B88103833464891,Ivingoni/Nzambani,ADM3,gbOpen,2020,wFxBj0Hldme,BoDytkJQ4Qi,ZhhyithPNoI,440,MAKUENI,Kibwezi East  Sub County,Ivingoni/Nzambani Ward,representative_point_in_hdx_polygon,high,geoBoundaries current gbOpen KEN ADM3 API release,HDX Administrative Wards in Kenya 1450
90231094B59781487716142,Bangale,ADM3,gbOpen,2020,SCxU4funihr,JsH2bnvNt2d,yWPcTwGwQ2B,98,TANA RIVER,Bura Sub County,Bangale Ward,representative_point_in_hdx_polygon,high,geoBoundaries current gbOpen KEN ADM3 API release,HDX Administrative Wards in Kenya 1450
90231094B26989954201049,Kemera,ADM3,gbOpen,2020,ZJdVAPAukav,uepLTG8wGWJ,f3AcdRzgTwz,1947,Nyamira,Manga Sub County,Kamera Ward,representative_point_in_hdx_polygon,high,geoBoundaries current gbOpen KEN ADM3 API release,HDX Administrative Wards in Kenya 1450
90231094B12248829067065,Sameta/Mokwerero,ADM3,gbOpen,2020,qH2ke0Qrbu7,sPkRcDvhGWA,cooDDG3Lh3A,1983,Kisii,Bobasi Sub County,Sameta Mokwerero Ward,representative_point_in_hdx_polygon,high,geoBoundaries current gbOpen KEN ADM3 API release,HDX Administrative Wards in Kenya 1450
90231094B96539258330853,Ahero,ADM3,gbOpen,2020,F1etBBfosCl,tAbBVBbueqD,iRK9uABUTVZ,1944,Kisumu,Nyando Sub County,Ahero Ward,representative_point_in_hdx_polygon,high,geoBoundaries current gbOpen KEN ADM3 API release,HDX Administrative Wards in Kenya 1450
90231094B88483054828673,Zombe/Mwitika,ADM3,gbOpen,2020,fgZAe9zffHF,j8o6iO4Njsi,d0Gu8FrRM0Y,359,KITUI,Kitui East Sub County,Zombe/mwitika Ward,representative_point_in_hdx_polygon,high,geoBoundaries current gbOpen KEN ADM3 API release,HDX Administrative Wards in Kenya 1450
90231094B88717426014719,Kanyadoto,ADM3,gbOpen,2020,MAZrrKvz7hU,nK0A12Q7MvS,i2Y2fyNoFyZ,1560,Homa Bay,Ndhiwa Sub County,Kanyadoto Ward,representative_point_in_hdx_polygon,high,geoBoundaries current gbOpen KEN ADM3 API release,HDX Administrative Wards in Kenya 1450
90231094B64395886285903,Dadaja Bulla,ADM3,gbOpen,2020,qLYEefMIqQ0,CeLsrJOH0g9,U7KFQn3Up3o,186,WAJIR,Wajir South Sub County,Dadaja bulla Ward,representative_point_in_hdx_polygon,high,geoBoundaries current gbOpen KEN ADM3 API release,HDX Administrative Wards in Kenya 1450
90231094B17847346860304,Migosi,ADM3,gbOpen,2020,oz6zXuKWiR9,tAbBVBbueqD,OpLt8IgyHop,1921,Kisumu,Kisumu Central Sub County,Migosi Ward,representative_point_in_hdx_polygon,high,geoBoundaries current gbOpen KEN ADM3 API release,HDX Administrative Wards in Kenya 1450
90231094B5445540722482,Masinga Central,ADM3,gbOpen,2020,Gy8x7tShO72,yhCUgGcCcOo,hpcb7MYi6nc,1496,Machakos,Masinga Sub County,Masinga Central Ward,representative_point_in_hdx_polygon,high,geoBoundaries current gbOpen KEN ADM3 API release,HDX Administrative Wards in Kenya 1450
90231094B76709058630260,Butsotso Central,ADM3,gbOpen,2020,IgadIOg14CX,BjC1xL40gHo,Y3NjAhiBaZT,1665,Kakamega,Lurambi Sub County,Butsotso Central Ward,representative_point_in_hdx_polygon,high,geoBoundaries current gbOpen KEN ADM3 API release,HDX Administrative Wards in Kenya 1450
90231094B16763855984161,Shirugu-Mugai,ADM3,gbOpen,2020,pCenQt4VPGz,BjC1xL40gHo,ES1CWa4AJmJ,1661,Kakamega,Malava Sub County,Shirungu-mugai Ward,representative_point_in_hdx_polygon,high,geoBoundaries current gbOpen KEN ADM3 API release,HDX Administrative Wards in Kenya 1450
90231094B4488364864692,Kuku,ADM3,gbOpen,2020,aLPl4YD1hzh,Hsk1YV8kHkT,eyADpAXM834,933,KAJIADO,Loitokitok Sub County,Kuku Ward,representative_point_in_hdx_polygon,high,geoBoundaries current gbOpen KEN ADM3 API release,HDX Administrative Wards in Kenya 1450
90231094B73175180555632,Kasemeni,ADM3,gbOpen,2020,aom47Uzq1RZ,N7YETT3A9r1,LOgbecTRkbp,1909,Kwale,Kinango Sub County,Kasemeni Ward,representative_point_in_hdx_polygon,high,geoBoundaries current gbOpen KEN ADM3 API release,HDX Administrative Wards in Kenya 1450
90231094B41177620800023,East Asembo,ADM3,gbOpen,2020,cfUqqHJA6z4,u4t9H8XyU9P,XcRpb1xsM64,1874,Siaya,Rarieda Sub County,East Asembo Ward,representative_point_in_hdx_polygon,high,geoBoundaries current gbOpen KEN ADM3 API release,HDX Administrative Wards in Kenya 1450
90231094B27751745997118,Mwihoko,ADM3,gbOpen,2020,dnLaU3RrCnp,qKzosKQPl6G,TPRNJqSm4lK,2246,Kiambu,Ruiru Sub County,Mwihoko Ward,representative_point_in_hdx_polygon,high,geoBoundaries current gbOpen KEN ADM3 API release,HDX Administrative Wards in Kenya 1450
90231094B25365237720583,Githunguri,ADM3,gbOpen,2020,NFNF57gkxbf,qKzosKQPl6G,E7tkGikenbD,2247,Kiambu,Githunguri Sub County,Githunguri Ward,representative_point_in_hdx_polygon,high,geoBoundaries current gbOpen KEN ADM3 API release,HDX Administrative Wards in Kenya 1450
90231094B10473637006357,Bogichora,ADM3,gbOpen,2020,odXKgaPu8B0,uepLTG8wGWJ,cxjRPbvhjzr,1952,Nyamira,Nyamira Sub County,Bogichora Ward,representative_point_in_hdx_polygon,high,geoBoundaries current gbOpen KEN ADM3 API release,HDX Administrative Wards in Kenya 1450
90231094B23519407022197,Entonet/Lenkisim,ADM3,gbOpen,2020,u3IXGUmWgZ2,Hsk1YV8kHkT,eyADpAXM834,931,KAJIADO,Loitokitok Sub County,Entonet/lenkism Ward,representative_point_in_hdx_polygon,high,geoBoundaries current gbOpen KEN ADM3 API release,HDX Administrative Wards in Kenya 1450
90231094B85878640319200,Kivou,ADM3,gbOpen,2020,Xl4sI0chC8S,j8o6iO4Njsi,uE7HKhqPOtf,341,KITUI,Mwingi Central Sub- County,Kivou Ward,representative_point_in_hdx_polygon,high,geoBoundaries current gbOpen KEN ADM3 API release,HDX Administrative Wards in Kenya 1450
90231094B34145794927097,North Kabuoch,ADM3,gbOpen,2020,MLB4Nr73Nsh,nK0A12Q7MvS,i2Y2fyNoFyZ,1562,Homa Bay,Ndhiwa Sub County,Kabouch North Ward,representative_point_in_hdx_polygon,high,geoBoundaries current gbOpen KEN ADM3 API release,HDX Administrative Wards in Kenya 1450
90231094B91216204783290,Muhudu,ADM3,gbOpen,2020,tDKdg7EyyCj,sANMZ3lpqGs,BXaq5PxSfz2,1585,Vihiga,Hamisi Sub County,Muhudu Ward,representative_point_in_hdx_polygon,high,geoBoundaries current gbOpen KEN ADM3 API release,HDX Administrative Wards in Kenya 1450
90231094B63550878872790,Kiamwangi,ADM3,gbOpen,2020,ORuLgjaAGBo,qKzosKQPl6G,EcRytSSIkUq,2221,Kiambu,Gatundu South Sub County,Kiamwangi Ward,representative_point_in_hdx_polygon,high,geoBoundaries current gbOpen KEN ADM3 API release,HDX Administrative Wards in Kenya 1450
90231094B12668315838213,Mtito Andei,ADM3,gbOpen,2020,LAm2YbBslNB,BoDytkJQ4Qi,ZhhyithPNoI,438,MAKUENI,Kibwezi East  Sub County,Mtito Andei Ward,representative_point_in_hdx_polygon,high,geoBoundaries current gbOpen KEN ADM3 API release,HDX Administrative Wards in Kenya 1450
90231094B49771781172281,Ang'Urai North,ADM3,gbOpen,2020,oOa6cVAodY5,Tvf1zgVZ0K4,GpEIlwz3FvT,1708,Busia,Teso North Sub County,Ang'urai North Ward,representative_point_in_hdx_polygon,high,geoBoundaries current gbOpen KEN ADM3 API release,HDX Administrative Wards in Kenya 1450
90231094B43663776603278,Kagundu-Ini,ADM3,gbOpen,2020,qNMJbWjRI45,ahwTMNAJvrL,gwYTo0wITYX,2118,Muranga,Kandara Sub County,Kagundu-ini Ward,representative_point_in_hdx_polygon,high,geoBoundaries current gbOpen KEN ADM3 API release,HDX Administrative Wards in Kenya 1450
90231094B8021305065545,Kikuyu,ADM3,gbOpen,2020,cbYznphRVBi,qKzosKQPl6G,jOVcLeZQSsS,2209,Kiambu,Kikuyu Sub County,Kikuyu Ward,representative_point_in_hdx_polygon,high,geoBoundaries current gbOpen KEN ADM3 API release,HDX Administrative Wards in Kenya 1450
90231094B93457517658000,Etenje,ADM3,gbOpen,2020,KcXeBdcYXss,BjC1xL40gHo,uRl5fBkhpcE,1676,Kakamega,Mumias West  Sub County,Etenje Ward,representative_point_in_hdx_polygon,high,geoBoundaries current gbOpen KEN ADM3 API release,HDX Administrative Wards in Kenya 1450
90231094B61525588316655,Bunyala West,ADM3,gbOpen,2020,XqcnCg0VZ7k,Tvf1zgVZ0K4,zI6vnsXresW,1738,Busia,Bunyala Sub County,Bunyala West Ward,representative_point_in_hdx_polygon,high,geoBoundaries current gbOpen KEN ADM3 API release,HDX Administrative Wards in Kenya 1450
90231094B66679865592824,Kongoni,ADM3,gbOpen,2020,mluOaVta06m,BjC1xL40gHo,wMv0s3U2nnG,1653,Kakamega,Likuyani Sub County,Kongoni Ward,representative_point_in_hdx_polygon,high,geoBoundaries current gbOpen KEN ADM3 API release,HDX Administrative Wards in Kenya 1450
90231094B34537493276595,Amukura East,ADM3,gbOpen,2020,xPmSqaPoPFT,Tvf1zgVZ0K4,EhchjCHkhJ9,1715,Busia,Teso South Sub County,Amukura East Ward,representative_point_in_hdx_polygon,high,geoBoundaries current gbOpen KEN ADM3 API release,HDX Administrative Wards in Kenya 1450
90231094B19633073484452,Central,ADM3,gbOpen,2020,e0xkgk6TZEG,mYZacFNIB3h,EESGLsSLTqH,464,NYANDARUA,Ndaragwa Sub County,Central Ward,representative_point_in_hdx_polygon,high,geoBoundaries current gbOpen KEN ADM3 API release,HDX Administrative Wards in Kenya 1450
90231094B55147705999440,Kariara,ADM3,gbOpen,2020,F0uYRw2XYg5,ahwTMNAJvrL,Z7ALMtFNfeZ,2127,Muranga,Gatanga Sub County,Kariara Ward,representative_point_in_hdx_polygon,high,geoBoundaries current gbOpen KEN ADM3 API release,HDX Administrative Wards in Kenya 1450
90231094B79330944267482,Kasarani,ADM3,gbOpen,2020,eVnnqyuwBfa,jkG3zaihdSs,FoqzDgIByL6,2039,Nairobi,Kasarani  Sub County,Kasarani Ward,representative_point_in_hdx_polygon,high,geoBoundaries current gbOpen KEN ADM3 API release,HDX Administrative Wards in Kenya 1450
90231094B85318602498446,East Ugenya,ADM3,gbOpen,2020,XIgwnIXyBx0,u4t9H8XyU9P,InECuIlzJGx,1882,Siaya,Ugenya Sub County,East Ugenya Ward,representative_point_in_hdx_polygon,high,geoBoundaries current gbOpen KEN ADM3 API release,HDX Administrative Wards in Kenya 1450
90231094B48500474189158,Kabondo West,ADM3,gbOpen,2020,zkOTNmaTloy,nK0A12Q7MvS,BzFBYZhF5fx,1541,Homa Bay,Kabondo Kasipul Sub County,Kabondo West Ward,representative_point_in_hdx_polygon,high,geoBoundaries current gbOpen KEN ADM3 API release,HDX Administrative Wards in Kenya 1450
90231094B72850833624091,Olmoran,ADM3,gbOpen,2020,IZGBFhMdekx,xuFdFy6t9AH,pXbWrnFPpKb,811,LAIKIPIA,Laikipia West Sub County,Ol-Moran Ward,representative_point_in_hdx_polygon,high,geoBoundaries current gbOpen KEN ADM3 API release,HDX Administrative Wards in Kenya 1450
90231094B42416663880664,Masongaleni,ADM3,gbOpen,2020,oVE1UXXDGcA,BoDytkJQ4Qi,ZhhyithPNoI,437,MAKUENI,Kibwezi East  Sub County,Masongaleni Ward,representative_point_in_hdx_polygon,high,geoBoundaries current gbOpen KEN ADM3 API release,HDX Administrative Wards in Kenya 1450
90231094B75910357275404,Cheboin,ADM3,gbOpen,2020,hLTIOtzQE9w,ihZsJ8alvtb,wt8cPHWfkfu,952,KERICHO,Bureti Sub County,Cheboin Ward,representative_point_in_hdx_polygon,high,geoBoundaries current gbOpen KEN ADM3 API release,HDX Administrative Wards in Kenya 1450
90231094B76355206609302,Ruruma,ADM3,gbOpen,2020,u36eldinqnE,nrI2khZx3d0,hJf4rt7cvI6,1842,Kilifi,Rabai Sub County,Rurumaward,representative_point_in_hdx_polygon,high,geoBoundaries current gbOpen KEN ADM3 API release,HDX Administrative Wards in Kenya 1450
90231094B5413954047936,Idakho Central,ADM3,gbOpen,2020,Hh55s4mboMi,BjC1xL40gHo,BE6HMtlHyl1,1704,Kakamega,Ikolomani Sub County,Idakho Central Ward,representative_point_in_hdx_polygon,high,geoBoundaries current gbOpen KEN ADM3 API release,HDX Administrative Wards in Kenya 1450
90231094B99118761538770,Chevaywa,ADM3,gbOpen,2020,T7ArssRHW3p,BjC1xL40gHo,ZOdhgR19Akq,1649,Kakamega,Lugari Sub County,Chevaywa Ward,representative_point_in_hdx_polygon,high,geoBoundaries current gbOpen KEN ADM3 API release,HDX Administrative Wards in Kenya 1450
90231094B37422741482783,Central Kasipul,ADM3,gbOpen,2020,UQYZGlkULva,nK0A12Q7MvS,NhsAMiaS0TD,1537,Homa Bay,Kasipul Sub County,Central Kasipul Ward,representative_point_in_hdx_polygon,high,geoBoundaries current gbOpen KEN ADM3 API release,HDX Administrative Wards in Kenya 1450
90231094B80537369272996,Kanyikela,ADM3,gbOpen,2020,JY7Gu5x4aGH,nK0A12Q7MvS,i2Y2fyNoFyZ,1561,Homa Bay,Ndhiwa Sub County,Kanyikela Ward,representative_point_in_hdx_polygon,high,geoBoundaries current gbOpen KEN ADM3 API release,HDX Administrative Wards in Kenya 1450
90231094B9765533267131,Central Nyakach,ADM3,gbOpen,2020,go41UxgIdh5,tAbBVBbueqD,kBQIjtWUBqj,1940,Kisumu,Nyakach Sub County,Central Nyakach Ward,representative_point_in_hdx_polygon,high,geoBoundaries current gbOpen KEN ADM3 API release,HDX Administrative Wards in Kenya 1450
90231094B49930712683702,Dundori,ADM3,gbOpen,2020,Ff1CJ0oXLRy,ob6SxuRcqU4,nwh9bXKykiS,1779,Nakuru,Nakuru North  Sub County,Dundori Ward,representative_point_in_hdx_polygon,high,geoBoundaries current gbOpen KEN ADM3 API release,HDX Administrative Wards in Kenya 1450
90231094B83669933008678,Wamumu,ADM3,gbOpen,2020,zMPe9KHPLp0,Ulj33KBau7V,f6EOn3xI9YH,499,KIRINYAGA,Kirinyaga North/Mwea West Sub County,Wamumu Ward,representative_point_in_hdx_polygon,high,geoBoundaries current gbOpen KEN ADM3 API release,HDX Administrative Wards in Kenya 1450
90231094B92006473277106,Ziwa,ADM3,gbOpen,2020,DUsGbpnzvet,pZqQRRW7PHP,lmr1q6dTaso,2130,Uasin Gishu,Soy Sub County,Ziwa Ward,representative_point_in_hdx_polygon,high,geoBoundaries current gbOpen KEN ADM3 API release,HDX Administrative Wards in Kenya 1450
90231094B45023201414950,Bibirioni,ADM3,gbOpen,2020,cSNzNEfbQfk,qKzosKQPl6G,xhVi71INcFs,2211,Kiambu,Limuru Sub County,Bibirioni Ward,representative_point_in_hdx_polygon,high,geoBoundaries current gbOpen KEN ADM3 API release,HDX Administrative Wards in Kenya 1450
90231094B97452429976363,Township (Thika),ADM3,gbOpen,2020,x1SnGzy9rZL,qKzosKQPl6G,YZAZ1a9MIvX,2234,Kiambu,Thika Town Sub County,Thika Township Ward,representative_point_in_hdx_polygon,high,geoBoundaries current gbOpen KEN ADM3 API release,HDX Administrative Wards in Kenya 1450
90231094B67465358575061,Isukha East,ADM3,gbOpen,2020,LwmmrE9075H,BjC1xL40gHo,sjlSPeRgl7d,1699,Kakamega,Shinyalu Sub County,Isukha East Ward,representative_point_in_hdx_polygon,high,geoBoundaries current gbOpen KEN ADM3 API release,HDX Administrative Wards in Kenya 1450
90231094B54357797710283,Kapsaos,ADM3,gbOpen,2020,V4rpRD8L2PY,ihZsJ8alvtb,GshNTMZJ5r1,949,KERICHO,Ainamoi Sub County,Kapsaos Ward,representative_point_in_hdx_polygon,high,geoBoundaries current gbOpen KEN ADM3 API release,HDX Administrative Wards in Kenya 1450
90231094B71896085388758,Chemosot,ADM3,gbOpen,2020,dbSH3rqE3n1,ihZsJ8alvtb,wt8cPHWfkfu,953,KERICHO,Bureti Sub County,Chemosot Ward,representative_point_in_hdx_polygon,high,geoBoundaries current gbOpen KEN ADM3 API release,HDX Administrative Wards in Kenya 1450
90231094B31308471996374,Lanet/Umoja,ADM3,gbOpen,2020,uojD9lkbubw,ob6SxuRcqU4,nwh9bXKykiS,1782,Nakuru,Nakuru North  Sub County,Lanet/umoja Ward,representative_point_in_hdx_polygon,high,geoBoundaries current gbOpen KEN ADM3 API release,HDX Administrative Wards in Kenya 1450
90231094B84526189874510,Vanga,ADM3,gbOpen,2020,HEKTLM0EwH0,N7YETT3A9r1,TdcYaufNV4p,1897,Kwale,Lunga Lunga Sub County,Vanga Ward,representative_point_in_hdx_polygon,high,geoBoundaries current gbOpen KEN ADM3 API release,HDX Administrative Wards in Kenya 1450
90231094B61240438347641,Kabisaga,ADM3,gbOpen,2020,upEtsdaf6Ri,t0J75eHKxz5,Xtb7tbJpk9p,779,NANDI,Mosop Sub County,Kabisaga Ward,representative_point_in_hdx_polygon,high,geoBoundaries current gbOpen KEN ADM3 API release,HDX Administrative Wards in Kenya 1450
90231094B830970269406,Iriaini,ADM3,gbOpen,2020,kgPF6QHfrWT,ptWVfaCIdVx,vznKK4IegIL,479,NYERI,Mathira East Sub County,Iriaini Ward,representative_point_in_hdx_polygon,high,geoBoundaries current gbOpen KEN ADM3 API release,HDX Administrative Wards in Kenya 1450
90231094B66434312317144,Borabu/Chitago,ADM3,gbOpen,2020,fBGAi2rHJgE,sPkRcDvhGWA,WHG67QCDRS9,1972,Kisii,South Mugirango Sub County,Borabu Chitago Ward,representative_point_in_hdx_polygon,high,geoBoundaries current gbOpen KEN ADM3 API release,HDX Administrative Wards in Kenya 1450
90231094B72537797315197,Githioro,ADM3,gbOpen,2020,xK8OudWDlHV,mYZacFNIB3h,KlVgeHmvG6n,452,NYANDARUA,Kipipiri Sub County,Githioro Ward,representative_point_in_hdx_polygon,high,geoBoundaries current gbOpen KEN ADM3 API release,HDX Administrative Wards in Kenya 1450
90231094B57443057370444,Mbeti North,ADM3,gbOpen,2020,vEAFtHnPDrX,PFu8alU2KWG,IPOMRXiYjxr,314,EMBU,Manyatta  Sub County,Mbeti north Ward,representative_point_in_hdx_polygon,high,geoBoundaries current gbOpen KEN ADM3 API release,HDX Administrative Wards in Kenya 1450
90231094B98778556900841,Katangi,ADM3,gbOpen,2020,w0RAITw1HWe,yhCUgGcCcOo,CeukNtGhW7J,1504,Machakos,Yatta Sub County,Katangi Ward,representative_point_in_hdx_polygon,high,geoBoundaries current gbOpen KEN ADM3 API release,HDX Administrative Wards in Kenya 1450
90231094B40490437363670,Chemundu/Kapng'Etuny,ADM3,gbOpen,2020,G1AXnlrNy7a,t0J75eHKxz5,xLWuQq3DjOR,765,NANDI,Chesumei Sub County,Chemundu/kapng'etunyi Ward,representative_point_in_hdx_polygon,high,geoBoundaries current gbOpen KEN ADM3 API release,HDX Administrative Wards in Kenya 1450
90231094B42446787675077,Murhanda,ADM3,gbOpen,2020,MtRX8xhwq3F,BjC1xL40gHo,sjlSPeRgl7d,1696,Kakamega,Shinyalu Sub County,Murhanda Ward,representative_point_in_hdx_polygon,high,geoBoundaries current gbOpen KEN ADM3 API release,HDX Administrative Wards in Kenya 1450
90231094B2632117083088,Nyabasi West,ADM3,gbOpen,2020,k00olmG2C2e,fVra3Pwta0Q,THm2tCJa2ZQ,1493,Migori,Kuria East Sub County,Nyabasi West Ward,representative_point_in_hdx_polygon,high,geoBoundaries current gbOpen KEN ADM3 API release,HDX Administrative Wards in Kenya 1450
90231094B36859639581162,Kibingei,ADM3,gbOpen,2020,pxOm9J6SORx,KGHhQ5GLd4k,AphsS3lJwKU,1635,Bungoma,Kimilili Sub County,Kibingei Ward,representative_point_in_hdx_polygon,high,geoBoundaries current gbOpen KEN ADM3 API release,HDX Administrative Wards in Kenya 1450
90231094B30404779964521,Kanyangi,ADM3,gbOpen,2020,pesguszdkri,j8o6iO4Njsi,vbauk0RRq9N,353,KITUI,Kitui Rural Sub County,Kanyangi Ward,representative_point_in_hdx_polygon,high,geoBoundaries current gbOpen KEN ADM3 API release,HDX Administrative Wards in Kenya 1450
90231094B6791749012307,Rumuruti Township,ADM3,gbOpen,2020,JoGNwQRLIWT,xuFdFy6t9AH,pXbWrnFPpKb,812,LAIKIPIA,Laikipia West Sub County,Rumuruti Township Ward,representative_point_in_hdx_polygon,high,geoBoundaries current gbOpen KEN ADM3 API release,HDX Administrative Wards in Kenya 1450
90231094B96209029609339,Chogoria,ADM3,gbOpen,2020,yQ9Js5EZ61q,T4urHM47nlm,wQ8XjZ7zVwL,300,THARAKA-NITHI,Mwimbi Sub County,Chogoria Ward,representative_point_in_hdx_polygon,high,geoBoundaries current gbOpen KEN ADM3 API release,HDX Administrative Wards in Kenya 1450
90231094B90808161232659,Musanda,ADM3,gbOpen,2020,vi6Huowv9e7,BjC1xL40gHo,uRl5fBkhpcE,1677,Kakamega,Mumias West  Sub County,Musanda Ward,representative_point_in_hdx_polygon,high,geoBoundaries current gbOpen KEN ADM3 API release,HDX Administrative Wards in Kenya 1450
90231094B39686367252898,Karura,ADM3,gbOpen,2020,CNKaaMOOKGn,jkG3zaihdSs,f1T0Ltob8VQ,2009,Nairobi,Westlands  Sub County,Karura Ward,representative_point_in_hdx_polygon,high,geoBoundaries current gbOpen KEN ADM3 API release,HDX Administrative Wards in Kenya 1450
90231094B64334637291743,Kagaari South,ADM3,gbOpen,2020,QpKvk4GkYRI,PFu8alU2KWG,kMSLkN4nsRl,318,EMBU,Runyenjes  Sub County,Kaagari South Ward,representative_point_in_hdx_polygon,high,geoBoundaries current gbOpen KEN ADM3 API release,HDX Administrative Wards in Kenya 1450
90231094B99398272194566,North Sakwa,ADM3,gbOpen,2020,EmooFdjzKlm,u4t9H8XyU9P,JNvqpOnKfGR,1873,Siaya,Bondo Sub County,North Sakwa Ward,representative_point_in_hdx_polygon,high,geoBoundaries current gbOpen KEN ADM3 API release,HDX Administrative Wards in Kenya 1450
90231094B71979796642906,Idakho North,ADM3,gbOpen,2020,bW4Zp3tt8W7,BjC1xL40gHo,BE6HMtlHyl1,1703,Kakamega,Ikolomani Sub County,Idakho North Ward,representative_point_in_hdx_polygon,high,geoBoundaries current gbOpen KEN ADM3 API release,HDX Administrative Wards in Kenya 1450
90231094B51038239974875,Chilchila,ADM3,gbOpen,2020,aNuklGLRul5,ihZsJ8alvtb,Taw0Zg7nArd,943,KERICHO,Kipkelion West Sub County,Chilchila Ward,representative_point_in_hdx_polygon,high,geoBoundaries current gbOpen KEN ADM3 API release,HDX Administrative Wards in Kenya 1450
90231094B99836174512066,Central Kanyamkago,ADM3,gbOpen,2020,P9SReXKzjbO,fVra3Pwta0Q,fCInDXluNhx,1472,Migori,Uriri Sub County,Central Kanyamkago Ward,representative_point_in_hdx_polygon,high,geoBoundaries current gbOpen KEN ADM3 API release,HDX Administrative Wards in Kenya 1450
90231094B9858918768548,Yala Township,ADM3,gbOpen,2020,PeEcMfBchbr,u4t9H8XyU9P,PKeFksHlJkB,1865,Siaya,Gem Sub County,Yala Township Ward,representative_point_in_hdx_polygon,high,geoBoundaries current gbOpen KEN ADM3 API release,HDX Administrative Wards in Kenya 1450
90231094B79737472738445,Ngecha Tigoni,ADM3,gbOpen,2020,tp0mFiSv7ar,qKzosKQPl6G,xhVi71INcFs,2215,Kiambu,Limuru Sub County,Ngecha Tigoni Ward,representative_point_in_hdx_polygon,high,geoBoundaries current gbOpen KEN ADM3 API release,HDX Administrative Wards in Kenya 1450
90231094B45526935553343,Sigowet,ADM3,gbOpen,2020,BzWaUDxCn6y,ihZsJ8alvtb,ScLzA7tQxrH,962,KERICHO,Sigowet/Soin Sub County,Sigowet Ward,representative_point_in_hdx_polygon,high,geoBoundaries current gbOpen KEN ADM3 API release,HDX Administrative Wards in Kenya 1450
90231094B88434058574049,Kabianga,ADM3,gbOpen,2020,yr6iJLD5JmG,ihZsJ8alvtb,YnIAWg1T4AY,958,KERICHO,Belgut Sub County,Kabianga Ward,representative_point_in_hdx_polygon,high,geoBoundaries current gbOpen KEN ADM3 API release,HDX Administrative Wards in Kenya 1450
90231094B81024965588225,Garashi,ADM3,gbOpen,2020,nResMsI1yRw,nrI2khZx3d0,KMWrMZrlO5u,1858,Kilifi,Magarini Sub County,Garashi Ward,representative_point_in_hdx_polygon,high,geoBoundaries current gbOpen KEN ADM3 API release,HDX Administrative Wards in Kenya 1450
90231094B57057703965609,Mavindini,ADM3,gbOpen,2020,jGvMus41myr,BoDytkJQ4Qi,AIGIQpolMRn,426,MAKUENI,Makueni  Sub County,Mavindini Ward,representative_point_in_hdx_polygon,high,geoBoundaries current gbOpen KEN ADM3 API release,HDX Administrative Wards in Kenya 1450
90231094B8562341281417,Mackinnon-Road,ADM3,gbOpen,2020,wfUbX2QagwS,N7YETT3A9r1,LOgbecTRkbp,1906,Kwale,Kinango Sub County,Mackinon Road Ward,representative_point_in_hdx_polygon,high,geoBoundaries current gbOpen KEN ADM3 API release,HDX Administrative Wards in Kenya 1450
90231094B53459533338843,Ainamoi,ADM3,gbOpen,2020,ZJyTpeyEcK5,ihZsJ8alvtb,GshNTMZJ5r1,945,KERICHO,Ainamoi Sub County,Ainamoi Ward,representative_point_in_hdx_polygon,high,geoBoundaries current gbOpen KEN ADM3 API release,HDX Administrative Wards in Kenya 1450
90231094B56465591264730,Wasweta Ii,ADM3,gbOpen,2020,KwrilS23iAS,fVra3Pwta0Q,VtuwXD7O1O9,1467,Migori,Suna West Sub County,Waseweta Ii Ward,representative_point_in_hdx_polygon,high,geoBoundaries current gbOpen KEN ADM3 API release,HDX Administrative Wards in Kenya 1450
90231094B77142040026403,Werugha,ADM3,gbOpen,2020,MWZrkgY93fj,QyGNX2DpR4h,AM36DdkZ36Y,118,TAITA TAVETA,Wundanyi Sub County,Wumingu/kishushe Ward,representative_point_in_hdx_polygon,high,geoBoundaries current gbOpen KEN ADM3 API release,HDX Administrative Wards in Kenya 1450
90231094B199560277920,Umande,ADM3,gbOpen,2020,GpddBXmXl2i,xuFdFy6t9AH,pF6qPMIlHte,821,LAIKIPIA,Laikipia East Sub County,Umande Ward,representative_point_in_hdx_polygon,high,geoBoundaries current gbOpen KEN ADM3 API release,HDX Administrative Wards in Kenya 1450
90231094B14089647915504,Mavuria,ADM3,gbOpen,2020,IqDql8D0FEF,PFu8alU2KWG,AvnM6jKoocs,326,EMBU,Mbeere South  Sub County,Mavuria Ward,representative_point_in_hdx_polygon,high,geoBoundaries current gbOpen KEN ADM3 API release,HDX Administrative Wards in Kenya 1450
90231094B77285737329816,Elgon,ADM3,gbOpen,2020,zxfCOXaz1ha,KGHhQ5GLd4k,ZCYATXdLsL1,1605,Bungoma,Mt Elgon Sub County,Elgon Ward,representative_point_in_hdx_polygon,high,geoBoundaries current gbOpen KEN ADM3 API release,HDX Administrative Wards in Kenya 1450
90231094B95546738829752,Cianda,ADM3,gbOpen,2020,woYqYmbk8hx,qKzosKQPl6G,oMaQgNIs85x,2196,Kiambu,Kiambaa Sub County,Cianda Ward,representative_point_in_hdx_polygon,high,geoBoundaries current gbOpen KEN ADM3 API release,HDX Administrative Wards in Kenya 1450
90231094B6928464622182,Nyalenda B,ADM3,gbOpen,2020,roJc7UkCD2l,tAbBVBbueqD,PRpKwAloU5b,1913,Kisumu,Kisumu East Sub County,Nyalenda A Ward,representative_point_in_hdx_polygon,high,geoBoundaries current gbOpen KEN ADM3 API release,HDX Administrative Wards in Kenya 1450
90231094B85379435891575,Athwana,ADM3,gbOpen,2020,UE0iLMx0uAU,Y52XNJ50hYb,Q4xAPhWUnYC,266,MERU,Tigania West Sub County,Athwana Ward,representative_point_in_hdx_polygon,high,geoBoundaries current gbOpen KEN ADM3 API release,HDX Administrative Wards in Kenya 1450
90231094B91519041298521,Kambe/Ribe,ADM3,gbOpen,2020,rJRyj2PndJ3,nrI2khZx3d0,hJf4rt7cvI6,1843,Kilifi,Rabai Sub County,Kambe/ribe Ward,representative_point_in_hdx_polygon,high,geoBoundaries current gbOpen KEN ADM3 API release,HDX Administrative Wards in Kenya 1450
90231094B33276422373613,Kapsabet,ADM3,gbOpen,2020,VjsUVNylWoY,t0J75eHKxz5,Njv37QXxNy2,772,NANDI,Emgwen Sub County,Kapsabet Ward,representative_point_in_hdx_polygon,high,geoBoundaries current gbOpen KEN ADM3 API release,HDX Administrative Wards in Kenya 1450
90231094B93816198604746,Aguthi-Gaaki,ADM3,gbOpen,2020,JIQYJYd5CzO,ptWVfaCIdVx,YT3tecc4atw,468,NYERI,Tetu Sub County,Aguthi-gaaki Ward,representative_point_in_hdx_polygon,high,geoBoundaries current gbOpen KEN ADM3 API release,HDX Administrative Wards in Kenya 1450
90231094B97942609322121,Thiba,ADM3,gbOpen,2020,Fx3891QAEv0,Ulj33KBau7V,f6EOn3xI9YH,498,KIRINYAGA,Kirinyaga North/Mwea West Sub County,Thiba Ward,representative_point_in_hdx_polygon,high,geoBoundaries current gbOpen KEN ADM3 API release,HDX Administrative Wards in Kenya 1450
90231094B9552024093252,Garsen North,ADM3,gbOpen,2020,aLLewdAnspB,JsH2bnvNt2d,Lj0mu9j58Ss,91,TANA RIVER,Garsen Sub County,Garsen north Ward,representative_point_in_hdx_polygon,high,geoBoundaries current gbOpen KEN ADM3 API release,HDX Administrative Wards in Kenya 1450
90231094B27824910272552,Kiirua/Naari,ADM3,gbOpen,2020,SKXh3KXdbVU,Y52XNJ50hYb,xN5aPo4ZOIt,283,MERU,Buuri Sub County,Kiirua Naari Ward,representative_point_in_hdx_polygon,high,geoBoundaries current gbOpen KEN ADM3 API release,HDX Administrative Wards in Kenya 1450
90231094B43192057277099,Kabaru,ADM3,gbOpen,2020,fB16JFnw8Ex,ptWVfaCIdVx,YXt5ETQPRlB,475,NYERI,Kieni East Sub County,Kabaru Ward,representative_point_in_hdx_polygon,high,geoBoundaries current gbOpen KEN ADM3 API release,HDX Administrative Wards in Kenya 1450
90231094B36484956964999,Kemeloi-Maraba,ADM3,gbOpen,2020,H2b8KHTcJqM,t0J75eHKxz5,Sq2fLWnOCGg,757,NANDI,Aldai Sub County,Kemeloi-maraba Ward,representative_point_in_hdx_polygon,high,geoBoundaries current gbOpen KEN ADM3 API release,HDX Administrative Wards in Kenya 1450
90231094B44176599841101,Kiamokama,ADM3,gbOpen,2020,cpLjDOte8ze,sPkRcDvhGWA,A6Sj8RumZ0m,1992,Kisii,Nyaribari Masaba Sub County,Kiamokama Ward,representative_point_in_hdx_polygon,high,geoBoundaries current gbOpen KEN ADM3 API release,HDX Administrative Wards in Kenya 1450
90231094B76245390051388,Kalapata,ADM3,gbOpen,2020,H6EZtZr2dWo,kphDeKClFch,iTw0sFjlqZ2,636,TURKANA,Turkana South Sub County,Kalapata Ward,representative_point_in_hdx_polygon,high,geoBoundaries current gbOpen KEN ADM3 API release,HDX Administrative Wards in Kenya 1450
90231094B73124934503040,Masige East,ADM3,gbOpen,2020,ZmF6haTsiNT,sPkRcDvhGWA,cooDDG3Lh3A,1978,Kisii,Bobasi Sub County,Masige East Ward,representative_point_in_hdx_polygon,high,geoBoundaries current gbOpen KEN ADM3 API release,HDX Administrative Wards in Kenya 1450
90231094B4354610501012,Chavakali,ADM3,gbOpen,2020,NHcPsj2IMSr,sANMZ3lpqGs,urtJSF5jcBC,1579,Vihiga,Sabatia Sub County,Chavakali Ward,representative_point_in_hdx_polygon,high,geoBoundaries current gbOpen KEN ADM3 API release,HDX Administrative Wards in Kenya 1450
90231094B65153740431310,Ndalu/Tabani,ADM3,gbOpen,2020,ZoZCpnAFcGo,KGHhQ5GLd4k,orUwYD52An3,1642,Bungoma,Tongaren Sub County,Ndalu/ Tabani Ward,representative_point_in_hdx_polygon,high,geoBoundaries current gbOpen KEN ADM3 API release,HDX Administrative Wards in Kenya 1450
90231094B28691322468697,Olorropil,ADM3,gbOpen,2020,pN8AuYvqE0e,kqJ83J2D72s,fNROL0qm8De,2172,Narok,Narok North Sub County,Olorropil Ward,representative_point_in_hdx_polygon,high,geoBoundaries current gbOpen KEN ADM3 API release,HDX Administrative Wards in Kenya 1450
90231094B45804379760232,Kee,ADM3,gbOpen,2020,hlz6Fo6Dr90,BoDytkJQ4Qi,pKJ4NZGPzTA,421,MAKUENI,Kaiti  Sub County,Kee ward,representative_point_in_hdx_polygon,high,geoBoundaries current gbOpen KEN ADM3 API release,HDX Administrative Wards in Kenya 1450
90231094B48915655224992,Market Milimani,ADM3,gbOpen,2020,wTeTHBlXnQj,tAbBVBbueqD,OpLt8IgyHop,1923,Kisumu,Kisumu Central Sub County,Market Milimani Ward,representative_point_in_hdx_polygon,high,geoBoundaries current gbOpen KEN ADM3 API release,HDX Administrative Wards in Kenya 1450
90231094B60042407948416,Ekerenyo,ADM3,gbOpen,2020,QcYbNJ5Z88l,uepLTG8wGWJ,v5qbFUgfIoF,1960,Nyamira,Nyamira North Sub County,Ekerenyo Ward,representative_point_in_hdx_polygon,high,geoBoundaries current gbOpen KEN ADM3 API release,HDX Administrative Wards in Kenya 1450
90231094B11936049981684,Mitheru,ADM3,gbOpen,2020,iRQ3mxm14gi,T4urHM47nlm,gLD3Q9fHpvy,296,THARAKA-NITHI,Muthambi Sub County,Mitheru Ward,representative_point_in_hdx_polygon,high,geoBoundaries current gbOpen KEN ADM3 API release,HDX Administrative Wards in Kenya 1450
90231094B89217387204150,Kolwa East,ADM3,gbOpen,2020,kQXcKGM8chb,tAbBVBbueqD,PRpKwAloU5b,1911,Kisumu,Kisumu East Sub County,Kolwa East Ward,representative_point_in_hdx_polygon,high,geoBoundaries current gbOpen KEN ADM3 API release,HDX Administrative Wards in Kenya 1450
90231094B65287310476809,Kapsoit,ADM3,gbOpen,2020,oNPVt1oUD8L,ihZsJ8alvtb,GshNTMZJ5r1,944,KERICHO,Ainamoi Sub County,Kapsoit Ward,representative_point_in_hdx_polygon,high,geoBoundaries current gbOpen KEN ADM3 API release,HDX Administrative Wards in Kenya 1450
90231094B70218890453564,Bukira Centrl/Ikerege,ADM3,gbOpen,2020,mLrXAhflEvn,fVra3Pwta0Q,jtBjNpL9FXS,1483,Migori,Kuria West Sub County,Bukira Central/ikerege Ward,representative_point_in_hdx_polygon,high,geoBoundaries current gbOpen KEN ADM3 API release,HDX Administrative Wards in Kenya 1450
90231094B7752450548954,Riana,ADM3,gbOpen,2020,f2pOlRPY9gE,sPkRcDvhGWA,zCCIu1Vi3Wh,1968,Kisii,Bonchari  Sub County,Riana Ward,representative_point_in_hdx_polygon,high,geoBoundaries current gbOpen KEN ADM3 API release,HDX Administrative Wards in Kenya 1450
90231094B30418704879558,Kitutu Central,ADM3,gbOpen,2020,erVsVGwRwBc,sPkRcDvhGWA,gPR82w2xgJZ,2006,Kisii,Kitutu Chache South Sub County,Kisii Central Ward,representative_point_in_hdx_polygon,high,geoBoundaries current gbOpen KEN ADM3 API release,HDX Administrative Wards in Kenya 1450
90231094B708842093149,Kimaeti,ADM3,gbOpen,2020,bMDzJFxR86n,KGHhQ5GLd4k,jkQZEow83MX,1617,Bungoma,Bumula Sub County,Kimaeti Ward,representative_point_in_hdx_polygon,high,geoBoundaries current gbOpen KEN ADM3 API release,HDX Administrative Wards in Kenya 1450
90231094B88219429504172,Kapsimotwo,ADM3,gbOpen,2020,lTqRLp5FwoY,t0J75eHKxz5,W6Err8cQf5J,754,NANDI,Nandi East Sub County,Kapsimotwo Ward,representative_point_in_hdx_polygon,high,geoBoundaries current gbOpen KEN ADM3 API release,HDX Administrative Wards in Kenya 1450
90231094B27394832561592,Ndivisi,ADM3,gbOpen,2020,WskHX9On3vR,KGHhQ5GLd4k,f4AOiG8fYtn,1629,Bungoma,Webuye  East Sub County,Ndivisi Ward,representative_point_in_hdx_polygon,high,geoBoundaries current gbOpen KEN ADM3 API release,HDX Administrative Wards in Kenya 1450
90231094B36601738647396,Engineer,ADM3,gbOpen,2020,lcpTYDEAUs9,mYZacFNIB3h,RAnL5kBKMIt,441,NYANDARUA,Kinangop Sub County,Engineer Ward,representative_point_in_hdx_polygon,high,geoBoundaries current gbOpen KEN ADM3 API release,HDX Administrative Wards in Kenya 1450
90231094B69487979865405,Masii,ADM3,gbOpen,2020,aN66G7fGx3m,yhCUgGcCcOo,fYYivceocJ2,1531,Machakos,Mwala Sub County,Masii Ward,representative_point_in_hdx_polygon,high,geoBoundaries current gbOpen KEN ADM3 API release,HDX Administrative Wards in Kenya 1450
90231094B44901176530332,Central Maragoli,ADM3,gbOpen,2020,W1gE3uts9Qh,sANMZ3lpqGs,OOF3UX4yOt7,1576,Vihiga,Vihiga Sub County,Central Maragoli Ward,representative_point_in_hdx_polygon,high,geoBoundaries current gbOpen KEN ADM3 API release,HDX Administrative Wards in Kenya 1450
90231094B85009277873577,Kimumu,ADM3,gbOpen,2020,VUb1Te4ZsaL,pZqQRRW7PHP,q8R0FA1hxnP,2145,Uasin Gishu,Moiben Sub County,Kimumu Ward,representative_point_in_hdx_polygon,high,geoBoundaries current gbOpen KEN ADM3 API release,HDX Administrative Wards in Kenya 1450
90231094B58063382997815,Nyamosense/Komosoko,ADM3,gbOpen,2020,DfL4XXliaq1,fVra3Pwta0Q,jtBjNpL9FXS,1488,Migori,Kuria West Sub County,Nyamosense/komosoko Ward,representative_point_in_hdx_polygon,high,geoBoundaries current gbOpen KEN ADM3 API release,HDX Administrative Wards in Kenya 1450
90231094B16734510312637,Wangu,ADM3,gbOpen,2020,zjVTfkcrCb6,ahwTMNAJvrL,VDlzh6w4LKv,2099,Muranga,Kiharu Sub County,Wangu Ward,representative_point_in_hdx_polygon,high,geoBoundaries current gbOpen KEN ADM3 API release,HDX Administrative Wards in Kenya 1450
90231094B82271613906487,Kaloleni,ADM3,gbOpen,2020,IawwjaYnKtR,QyGNX2DpR4h,yoGLpCTgjed,126,TAITA TAVETA,Voi Sub County,Sagala Ward,representative_point_in_hdx_polygon,high,geoBoundaries current gbOpen KEN ADM3 API release,HDX Administrative Wards in Kenya 1450
90231094B86155318230964,Marimanti,ADM3,gbOpen,2020,IcAegRcGuV6,T4urHM47nlm,Yz1V5Cx8CO2,310,THARAKA-NITHI,Tharaka South Sub County,Marimanti Ward,representative_point_in_hdx_polygon,high,geoBoundaries current gbOpen KEN ADM3 API release,HDX Administrative Wards in Kenya 1450
90231094B31884528230623,Birongo,ADM3,gbOpen,2020,g8iPQGXNRmg,sPkRcDvhGWA,fFh3beH29fD,1997,Kisii,Nyaribari Chache  Sub County,Birongo Ward,representative_point_in_hdx_polygon,high,geoBoundaries current gbOpen KEN ADM3 API release,HDX Administrative Wards in Kenya 1450
90231094B47378776686425,Kikumbulyu South,ADM3,gbOpen,2020,QuGPZs62NHX,BoDytkJQ4Qi,toa2Hl7iVQI,434,MAKUENI,Kibwezi West  Sub County,Kikumbulyu South Ward,representative_point_in_hdx_polygon,high,geoBoundaries current gbOpen KEN ADM3 API release,HDX Administrative Wards in Kenya 1450
90231094B62741533672735,Chinga,ADM3,gbOpen,2020,rFsKRF8TYWO,ptWVfaCIdVx,dd7jowvUO95,485,NYERI,Nyeri South Sub County,Chinga Ward,representative_point_in_hdx_polygon,high,geoBoundaries current gbOpen KEN ADM3 API release,HDX Administrative Wards in Kenya 1450
90231094B69552449669583,Kanyamwa Kologi,ADM3,gbOpen,2020,QlqqWw642lA,nK0A12Q7MvS,i2Y2fyNoFyZ,1564,Homa Bay,Ndhiwa Sub County,Kanyamwa Kologi Ward,representative_point_in_hdx_polygon,high,geoBoundaries current gbOpen KEN ADM3 API release,HDX Administrative Wards in Kenya 1450
90231094B84571832882638,Suam,ADM3,gbOpen,2020,ieOIyNJbMxc,XWALbfAPa6n,YXpHG1Ez8V2,651,WEST POKOT,Pokot North Sub County,Suam Ward,representative_point_in_hdx_polygon,high,geoBoundaries current gbOpen KEN ADM3 API release,HDX Administrative Wards in Kenya 1450
90231094B16388450474282,Naitiri/Kabuyefwe,ADM3,gbOpen,2020,AwkuNWBAvnV,KGHhQ5GLd4k,orUwYD52An3,1640,Bungoma,Tongaren Sub County,Naitiri/kabuyefwe Ward,representative_point_in_hdx_polygon,high,geoBoundaries current gbOpen KEN ADM3 API release,HDX Administrative Wards in Kenya 1450
90231094B96427885712213,Kachien'g,ADM3,gbOpen,2020,,,,,,,,unmatched,none,geoBoundaries current gbOpen KEN ADM3 API release,HDX Administrative Wards in Kenya 1450
90231094B66730748134033,Railways,ADM3,gbOpen,2020,ZplKg3SMkIC,tAbBVBbueqD,OpLt8IgyHop,1920,Kisumu,Kisumu Central Sub County,Railways Ward,representative_point_in_hdx_polygon,high,geoBoundaries current gbOpen KEN ADM3 API release,HDX Administrative Wards in Kenya 1450
90231094B3160318646865,Kangundo Central,ADM3,gbOpen,2020,xcOIxh5GkD7,yhCUgGcCcOo,vMPhBuymSKt,1506,Machakos,Kangundo Sub County,Kangundo Central Ward,representative_point_in_hdx_polygon,high,geoBoundaries current gbOpen KEN ADM3 API release,HDX Administrative Wards in Kenya 1450
90231094B50538906839894,Langas,ADM3,gbOpen,2020,ZBnsczLPwr2,pZqQRRW7PHP,u9yagZzK49q,2153,Uasin Gishu,Kapseret Sub County,Langas Ward,representative_point_in_hdx_polygon,high,geoBoundaries current gbOpen KEN ADM3 API release,HDX Administrative Wards in Kenya 1450
90231094B97068491990200,Nginda,ADM3,gbOpen,2020,JqeBiHQ9lNI,ahwTMNAJvrL,l46g2PZUjoh,2115,Muranga,Muranga South Sub County,Nginda Ward,representative_point_in_hdx_polygon,high,geoBoundaries current gbOpen KEN ADM3 API release,HDX Administrative Wards in Kenya 1450
90231094B52828199114739,Emali/Mulala,ADM3,gbOpen,2020,Q1FhAEC0Ode,BoDytkJQ4Qi,toa2Hl7iVQI,436,MAKUENI,Kibwezi West  Sub County,Emali/Mulala Ward,representative_point_in_hdx_polygon,high,geoBoundaries current gbOpen KEN ADM3 API release,HDX Administrative Wards in Kenya 1450
90231094B47633878742078,Marachi East,ADM3,gbOpen,2020,IS2J5mu8wNo,Tvf1zgVZ0K4,RIBiZFJxB1K,1729,Busia,Butula Sub County,Marachi East Ward,representative_point_in_hdx_polygon,high,geoBoundaries current gbOpen KEN ADM3 API release,HDX Administrative Wards in Kenya 1450
90231094B13723270058392,Mbaruk/Eburu,ADM3,gbOpen,2020,iIdFbrVody5,ob6SxuRcqU4,hBU8B1KI12P,1760,Nakuru,Gilgil Sub County,Mbaruk/eburu Ward,representative_point_in_hdx_polygon,high,geoBoundaries current gbOpen KEN ADM3 API release,HDX Administrative Wards in Kenya 1450
90231094B43537101756317,Evurore,ADM3,gbOpen,2020,LlyKi6c8KbT,PFu8alU2KWG,eYBXetGx8xF,330,EMBU,Mbeere North  Sub County,Evurore Ward,representative_point_in_hdx_polygon,high,geoBoundaries current gbOpen KEN ADM3 API release,HDX Administrative Wards in Kenya 1450
90231094B14419382971251,Ithanga,ADM3,gbOpen,2020,qduwDtFCdfH,ahwTMNAJvrL,Z7ALMtFNfeZ,2122,Muranga,Gatanga Sub County,Ithanga Ward,representative_point_in_hdx_polygon,high,geoBoundaries current gbOpen KEN ADM3 API release,HDX Administrative Wards in Kenya 1450
90231094B99662308451148,Shika Adabu,ADM3,gbOpen,2020,XZNJ3zaiaZH,N7YETT3A9r1,wUNEDOnx9uB,1899,Kwale,Matuga Sub County,Waa Ngombeni Ward,representative_point_in_hdx_polygon,high,geoBoundaries current gbOpen KEN ADM3 API release,HDX Administrative Wards in Kenya 1450
90231094B20043041511039,Mumoni,ADM3,gbOpen,2020,uyBigxC7fHZ,j8o6iO4Njsi,KXM9VnhuLfP,333,KITUI,Mwingi North Sub County,Mumoni Ward,representative_point_in_hdx_polygon,high,geoBoundaries current gbOpen KEN ADM3 API release,HDX Administrative Wards in Kenya 1450
90231094B77565874611571,Purko,ADM3,gbOpen,2020,LeE5Ma7cpT6,Hsk1YV8kHkT,SZapM1R0Kti,916,KAJIADO,Kajiado Central Sub County,Purko Ward,representative_point_in_hdx_polygon,high,geoBoundaries current gbOpen KEN ADM3 API release,HDX Administrative Wards in Kenya 1450
90231094B8010637443012,Ang'Orom,ADM3,gbOpen,2020,umi4GRQTwG0,Tvf1zgVZ0K4,EhchjCHkhJ9,1711,Busia,Teso South Sub County,Ang'orom Ward,representative_point_in_hdx_polygon,high,geoBoundaries current gbOpen KEN ADM3 API release,HDX Administrative Wards in Kenya 1450
90231094B64653267098658,Shaurimoyo Kaloleni,ADM3,gbOpen,2020,It7fWcKbcZX,tAbBVBbueqD,PRpKwAloU5b,1912,Kisumu,Kisumu East Sub County,Manyatta B Ward,representative_point_in_hdx_polygon,high,geoBoundaries current gbOpen KEN ADM3 API release,HDX Administrative Wards in Kenya 1450
90231094B30621806348834,Masaba,ADM3,gbOpen,2020,zTD1Z6ldaEx,fVra3Pwta0Q,jtBjNpL9FXS,1486,Migori,Kuria West Sub County,Masaba Ward,representative_point_in_hdx_polygon,high,geoBoundaries current gbOpen KEN ADM3 API release,HDX Administrative Wards in Kenya 1450
90231094B36857467480535,Kerugoya,ADM3,gbOpen,2020,pToDCseGSVa,Ulj33KBau7V,JKNaaTjVapG,514,KIRINYAGA,Kirinyaga Central Sub County,Kerugoya Ward,representative_point_in_hdx_polygon,high,geoBoundaries current gbOpen KEN ADM3 API release,HDX Administrative Wards in Kenya 1450
90231094B7833950177090,Kanjuiri Ridge,ADM3,gbOpen,2020,QetTI3w7Tfe,mYZacFNIB3h,Lm9RMwhIu3G,454,NYANDARUA,Olkalou Sub County,Kanjuiri range Ward,representative_point_in_hdx_polygon,high,geoBoundaries current gbOpen KEN ADM3 API release,HDX Administrative Wards in Kenya 1450
90231094B98399071553021,Sidindi,ADM3,gbOpen,2020,rngZkqTBd03,u4t9H8XyU9P,m9nsQ1MXlVU,1883,Siaya,Ugunja Sub County,Sidindi Ward,representative_point_in_hdx_polygon,high,geoBoundaries current gbOpen KEN ADM3 API release,HDX Administrative Wards in Kenya 1450
90231094B80545188843036,Nyadhuna,ADM3,gbOpen,2020,NQ4XWNy3RM0,qKzosKQPl6G,oMaQgNIs85x,2198,Kiambu,Kiambaa Sub County,Ndenderu Ward,representative_point_in_hdx_polygon,high,geoBoundaries current gbOpen KEN ADM3 API release,HDX Administrative Wards in Kenya 1450
90231094B90998249242252,Marmanet,ADM3,gbOpen,2020,OhvgVomhsMZ,xuFdFy6t9AH,pXbWrnFPpKb,814,LAIKIPIA,Laikipia West Sub County,Marmanet Ward,representative_point_in_hdx_polygon,high,geoBoundaries current gbOpen KEN ADM3 API release,HDX Administrative Wards in Kenya 1450
90231094B29339693299122,Jara Jara,ADM3,gbOpen,2020,OoG4wdaPLM8,uyOrcHZBpW0,FGBNPr91pXH,137,GARISSA,Balambala Sub County,Jarajara Ward,representative_point_in_hdx_polygon,high,geoBoundaries current gbOpen KEN ADM3 API release,HDX Administrative Wards in Kenya 1450
90231094B26475598388343,Matulo,ADM3,gbOpen,2020,DfKdo0FepVq,KGHhQ5GLd4k,aqYhbqKclsI,1633,Bungoma,Webuye West Sub County,Matulo Ward,representative_point_in_hdx_polygon,high,geoBoundaries current gbOpen KEN ADM3 API release,HDX Administrative Wards in Kenya 1450
90231094B48298374794828,Utalii,ADM3,gbOpen,2020,r1YlC9GTC4S,jkG3zaihdSs,Cc8uEFkzfVf,2043,Nairobi,Ruaraka  Sub County,Utalii Ward,representative_point_in_hdx_polygon,high,geoBoundaries current gbOpen KEN ADM3 API release,HDX Administrative Wards in Kenya 1450
90231094B99428860831643,Kunyak,ADM3,gbOpen,2020,phnXUDE38Bv,ihZsJ8alvtb,Taw0Zg7nArd,940,KERICHO,Kipkelion West Sub County,Kunyak Ward,representative_point_in_hdx_polygon,high,geoBoundaries current gbOpen KEN ADM3 API release,HDX Administrative Wards in Kenya 1450
90231094B57196987550442,Kaptel/Kamoiywo,ADM3,gbOpen,2020,i590M8uyKeM,t0J75eHKxz5,xLWuQq3DjOR,768,NANDI,Chesumei Sub County,Kaptel/kamoiywo Ward,representative_point_in_hdx_polygon,high,geoBoundaries current gbOpen KEN ADM3 API release,HDX Administrative Wards in Kenya 1450
90231094B25477403393165,Mwimbi,ADM3,gbOpen,2020,VOpqnQgC8om,T4urHM47nlm,wQ8XjZ7zVwL,298,THARAKA-NITHI,Mwimbi Sub County,Mwimbi Ward,representative_point_in_hdx_polygon,high,geoBoundaries current gbOpen KEN ADM3 API release,HDX Administrative Wards in Kenya 1450
90231094B86976658867716,Abothuguchi West,ADM3,gbOpen,2020,ZVoIw8oAOWZ,Y52XNJ50hYb,OnNcTsJgfvL,287,MERU,Imenti Central Sub County,Abothuguchi west Ward,representative_point_in_hdx_polygon,high,geoBoundaries current gbOpen KEN ADM3 API release,HDX Administrative Wards in Kenya 1450
90231094B69616971205963,Esise,ADM3,gbOpen,2020,yCs7obwONR9,uepLTG8wGWJ,ABuzigW8Lzw,1964,Nyamira,Borabu Sub County,Esise Ward,representative_point_in_hdx_polygon,high,geoBoundaries current gbOpen KEN ADM3 API release,HDX Administrative Wards in Kenya 1450
90231094B64885188149012,Boikang'A,ADM3,gbOpen,2020,OrArvkA4MbA,sPkRcDvhGWA,WHG67QCDRS9,1970,Kisii,South Mugirango Sub County,Boikanga Ward,representative_point_in_hdx_polygon,high,geoBoundaries current gbOpen KEN ADM3 API release,HDX Administrative Wards in Kenya 1450
90231094B50148724910057,Kingandole,ADM3,gbOpen,2020,uHJ0GgTgj0p,Tvf1zgVZ0K4,RIBiZFJxB1K,1727,Busia,Butula Sub County,Kingandole Ward,representative_point_in_hdx_polygon,high,geoBoundaries current gbOpen KEN ADM3 API release,HDX Administrative Wards in Kenya 1450
90231094B89165878671424,Chemaner,ADM3,gbOpen,2020,qj9Id3LgrGI,HMNARUV2CW4,OZNRpww2TUK,2262,Bomet,Bomet East Sub County,Chemaner Ward,representative_point_in_hdx_polygon,high,geoBoundaries current gbOpen KEN ADM3 API release,HDX Administrative Wards in Kenya 1450
90231094B81600342513834,Tabaka,ADM3,gbOpen,2020,e0kbTojCjio,sPkRcDvhGWA,WHG67QCDRS9,1969,Kisii,South Mugirango Sub County,Tabaka Ward,representative_point_in_hdx_polygon,high,geoBoundaries current gbOpen KEN ADM3 API release,HDX Administrative Wards in Kenya 1450
90231094B39292149998361,Kipini East,ADM3,gbOpen,2020,UD0FqqyuxBJ,JsH2bnvNt2d,Lj0mu9j58Ss,86,TANA RIVER,Garsen Sub County,Kipini east Ward,representative_point_in_hdx_polygon,high,geoBoundaries current gbOpen KEN ADM3 API release,HDX Administrative Wards in Kenya 1450
90231094B36904380309696,Mugoiri,ADM3,gbOpen,2020,EVc3FnW4kcm,ahwTMNAJvrL,VDlzh6w4LKv,2100,Muranga,Kiharu Sub County,Mugoiri Ward,representative_point_in_hdx_polygon,high,geoBoundaries current gbOpen KEN ADM3 API release,HDX Administrative Wards in Kenya 1450
90231094B41891656038015,Ildamat,ADM3,gbOpen,2020,yS9HZLzM3Ah,Hsk1YV8kHkT,SZapM1R0Kti,917,KAJIADO,Kajiado Central Sub County,Ildamat Ward,representative_point_in_hdx_polygon,high,geoBoundaries current gbOpen KEN ADM3 API release,HDX Administrative Wards in Kenya 1450
90231094B37680840367795,Isukha West,ADM3,gbOpen,2020,O32Jm6NiiBu,BjC1xL40gHo,sjlSPeRgl7d,1700,Kakamega,Shinyalu Sub County,Isukha West Ward,representative_point_in_hdx_polygon,high,geoBoundaries current gbOpen KEN ADM3 API release,HDX Administrative Wards in Kenya 1450
90231094B49796994827484,Kodich,ADM3,gbOpen,2020,wVGyi6a7FKs,XWALbfAPa6n,YXpHG1Ez8V2,652,WEST POKOT,Pokot North Sub County,Kodich Ward,representative_point_in_hdx_polygon,high,geoBoundaries current gbOpen KEN ADM3 API release,HDX Administrative Wards in Kenya 1450
90231094B67442463338456,South Gem,ADM3,gbOpen,2020,F3o4X4OBHKw,u4t9H8XyU9P,PKeFksHlJkB,1867,Siaya,Gem Sub County,South Gem Ward,representative_point_in_hdx_polygon,high,geoBoundaries current gbOpen KEN ADM3 API release,HDX Administrative Wards in Kenya 1450
90231094B5523361562892,Gatina,ADM3,gbOpen,2020,ufzdiFbvPYg,jkG3zaihdSs,CcTr4bcVGAG,2014,Nairobi,Dagoretti North Sub County,Gatina Ward,representative_point_in_hdx_polygon,high,geoBoundaries current gbOpen KEN ADM3 API release,HDX Administrative Wards in Kenya 1450
90231094B32403050817205,Racecourse,ADM3,gbOpen,2020,ydfRAgF1oDr,pZqQRRW7PHP,dKHnvt7gleN,2154,Uasin Gishu,Kesses Sub County,Racecourse Ward,representative_point_in_hdx_polygon,high,geoBoundaries current gbOpen KEN ADM3 API release,HDX Administrative Wards in Kenya 1450
90231094B95295041653070,Kirimukuyu,ADM3,gbOpen,2020,xPtYtS4uaVJ,ptWVfaCIdVx,msIc1uFAY6B,481,NYERI,Mathira West Sub County,Kirimukuyu Ward,representative_point_in_hdx_polygon,high,geoBoundaries current gbOpen KEN ADM3 API release,HDX Administrative Wards in Kenya 1450
90231094B23919618004587,Mihuu,ADM3,gbOpen,2020,frzFOocEhiu,KGHhQ5GLd4k,f4AOiG8fYtn,1628,Bungoma,Webuye  East Sub County,Mihuu Ward,representative_point_in_hdx_polygon,high,geoBoundaries current gbOpen KEN ADM3 API release,HDX Administrative Wards in Kenya 1450
90231094B7256927542028,Keumbu,ADM3,gbOpen,2020,fsE425Pq6Bo,sPkRcDvhGWA,fFh3beH29fD,1995,Kisii,Nyaribari Chache  Sub County,Keumbu Ward,representative_point_in_hdx_polygon,high,geoBoundaries current gbOpen KEN ADM3 API release,HDX Administrative Wards in Kenya 1450
90231094B50273064669985,Kiabonyoru,ADM3,gbOpen,2020,ZHnLneFdqXj,uepLTG8wGWJ,ABuzigW8Lzw,1962,Nyamira,Borabu Sub County,Kiabonyoru Ward,representative_point_in_hdx_polygon,high,geoBoundaries current gbOpen KEN ADM3 API release,HDX Administrative Wards in Kenya 1450
90231094B75123889102456,Kimorori/Wempa,ADM3,gbOpen,2020,D8f8vrysA4J,ahwTMNAJvrL,l46g2PZUjoh,2110,Muranga,Muranga South Sub County,Kimorori/wempa Ward,representative_point_in_hdx_polygon,high,geoBoundaries current gbOpen KEN ADM3 API release,HDX Administrative Wards in Kenya 1450
90231094B81361090841335,Shimo La Tewa,ADM3,gbOpen,2020,QfHPo7H918V,nrI2khZx3d0,xWAZBULwGxp,1834,Kilifi,Kilifi South Sub County,Shimo La Tewa Ward,representative_point_in_hdx_polygon,high,geoBoundaries current gbOpen KEN ADM3 API release,HDX Administrative Wards in Kenya 1450
90231094B57179572250784,Kilungu,ADM3,gbOpen,2020,ObrcNOdPKpV,BoDytkJQ4Qi,pKJ4NZGPzTA,422,MAKUENI,Kaiti  Sub County,Kilungu ward,representative_point_in_hdx_polygon,high,geoBoundaries current gbOpen KEN ADM3 API release,HDX Administrative Wards in Kenya 1450
90231094B43641213787818,Bogiakumu,ADM3,gbOpen,2020,JKJtpBP77A1,sPkRcDvhGWA,zCCIu1Vi3Wh,1966,Kisii,Bonchari  Sub County,Bogiakumu Ward,representative_point_in_hdx_polygon,high,geoBoundaries current gbOpen KEN ADM3 API release,HDX Administrative Wards in Kenya 1450
90231094B69899828093714,Kipkaren,ADM3,gbOpen,2020,Dfh61wYrllH,t0J75eHKxz5,Xtb7tbJpk9p,775,NANDI,Mosop Sub County,Kipkaren Ward,representative_point_in_hdx_polygon,high,geoBoundaries current gbOpen KEN ADM3 API release,HDX Administrative Wards in Kenya 1450
90231094B23385775560012,Mukogondo East,ADM3,gbOpen,2020,qZ5JBQj1DxJ,xuFdFy6t9AH,RJyUfi5BQUm,825,LAIKIPIA,Laikipia North Sub County,Mugogodo East Ward,representative_point_in_hdx_polygon,high,geoBoundaries current gbOpen KEN ADM3 API release,HDX Administrative Wards in Kenya 1450
90231094B5233539248410,Gwassi North,ADM3,gbOpen,2020,gieorchg4LE,nK0A12Q7MvS,HoRW5aISmiD,1572,Homa Bay,Suba Sub County,Gwassi North Ward,representative_point_in_hdx_polygon,high,geoBoundaries current gbOpen KEN ADM3 API release,HDX Administrative Wards in Kenya 1450
90231094B27309270931407,Isukha North,ADM3,gbOpen,2020,w6TKm6OEgE7,BjC1xL40gHo,sjlSPeRgl7d,1695,Kakamega,Shinyalu Sub County,Isukha North Ward,representative_point_in_hdx_polygon,high,geoBoundaries current gbOpen KEN ADM3 API release,HDX Administrative Wards in Kenya 1450
90231094B7375030284452,Amukura Central,ADM3,gbOpen,2020,VAOZFeKsbAT,Tvf1zgVZ0K4,EhchjCHkhJ9,1716,Busia,Teso South Sub County,Amukura Central Ward,representative_point_in_hdx_polygon,high,geoBoundaries current gbOpen KEN ADM3 API release,HDX Administrative Wards in Kenya 1450
90231094B45351230237076,Keyian,ADM3,gbOpen,2020,mq1FEx5vQZ4,kqJ83J2D72s,Nb6e34jNGAq,2159,Narok,Transmara West Sub County,Keyian Ward,representative_point_in_hdx_polygon,high,geoBoundaries current gbOpen KEN ADM3 API release,HDX Administrative Wards in Kenya 1450
90231094B51408591579588,Malaba South,ADM3,gbOpen,2020,VG4qlKr4Z2A,Tvf1zgVZ0K4,GpEIlwz3FvT,1710,Busia,Teso North Sub County,Malaba South Ward,representative_point_in_hdx_polygon,high,geoBoundaries current gbOpen KEN ADM3 API release,HDX Administrative Wards in Kenya 1450
90231094B34393612792490,Sarangombe,ADM3,gbOpen,2020,dYniZG1Q7Tk,jkG3zaihdSs,LO5he3DtiFG,2031,Nairobi,Kibra  Sub County,Sarang'ombe Ward,representative_point_in_hdx_polygon,high,geoBoundaries current gbOpen KEN ADM3 API release,HDX Administrative Wards in Kenya 1450
90231094B9591720047775,Kosirai,ADM3,gbOpen,2020,k9ff5zzhfkX,t0J75eHKxz5,xLWuQq3DjOR,766,NANDI,Chesumei Sub County,Kosirai Ward,representative_point_in_hdx_polygon,high,geoBoundaries current gbOpen KEN ADM3 API release,HDX Administrative Wards in Kenya 1450
90231094B8921549600542,Makina,ADM3,gbOpen,2020,tZfKaFDQcdW,jkG3zaihdSs,LO5he3DtiFG,2029,Nairobi,Kibra  Sub County,Makina Ward,representative_point_in_hdx_polygon,high,geoBoundaries current gbOpen KEN ADM3 API release,HDX Administrative Wards in Kenya 1450
90231094B19479085277632,Kegogi,ADM3,gbOpen,2020,O8hNbyssZJJ,sPkRcDvhGWA,cQkF9l9wePP,2002,Kisii,Kitutu Chache North Sub County,Kegogi Ward,representative_point_in_hdx_polygon,high,geoBoundaries current gbOpen KEN ADM3 API release,HDX Administrative Wards in Kenya 1450
90231094B96179292268979,Abogeta East,ADM3,gbOpen,2020,nDZvyhVwri1,Y52XNJ50hYb,AFIlzKNxXST,293,MERU,Imenti South Sub County,Abogeta east Ward,representative_point_in_hdx_polygon,high,geoBoundaries current gbOpen KEN ADM3 API release,HDX Administrative Wards in Kenya 1450
90231094B12806159866257,Mbeti South,ADM3,gbOpen,2020,wCqyM612JwW,PFu8alU2KWG,AvnM6jKoocs,325,EMBU,Mbeere South  Sub County,Mbeti south Ward,representative_point_in_hdx_polygon,high,geoBoundaries current gbOpen KEN ADM3 API release,HDX Administrative Wards in Kenya 1450
90231094B37275140841321,Mikinduri,ADM3,gbOpen,2020,c0I654P6EkR,Y52XNJ50hYb,U3lGZ71W9Te,272,MERU,Tigania East Sub County,Mikinduri Ward,representative_point_in_hdx_polygon,high,geoBoundaries current gbOpen KEN ADM3 API release,HDX Administrative Wards in Kenya 1450
90231094B31604594634955,Mutomo,ADM3,gbOpen,2020,ToGeasli0pe,j8o6iO4Njsi,d3hSQ3EtnPk,366,KITUI,Kitui South Sub County,Mutomo Ward,representative_point_in_hdx_polygon,high,geoBoundaries current gbOpen KEN ADM3 API release,HDX Administrative Wards in Kenya 1450
90231094B42992521796227,Tebesonik,ADM3,gbOpen,2020,Fz7L53g5qRy,ihZsJ8alvtb,wt8cPHWfkfu,951,KERICHO,Bureti Sub County,Tebesonik Ward,representative_point_in_hdx_polygon,high,geoBoundaries current gbOpen KEN ADM3 API release,HDX Administrative Wards in Kenya 1450
90231094B79903661004562,Sigona,ADM3,gbOpen,2020,Rm2JR4F01rw,qKzosKQPl6G,jOVcLeZQSsS,2208,Kiambu,Kikuyu Sub County,Sigona Ward,representative_point_in_hdx_polygon,high,geoBoundaries current gbOpen KEN ADM3 API release,HDX Administrative Wards in Kenya 1450
90231094B17354090489832,Chakol South,ADM3,gbOpen,2020,Ksb8Prco66C,Tvf1zgVZ0K4,EhchjCHkhJ9,1712,Busia,Teso South Sub County,Chakol South Ward,representative_point_in_hdx_polygon,high,geoBoundaries current gbOpen KEN ADM3 API release,HDX Administrative Wards in Kenya 1450
90231094B26089187682562,Lyaduywa/Izava,ADM3,gbOpen,2020,QbCSvi9H3CN,sANMZ3lpqGs,urtJSF5jcBC,1577,Vihiga,Sabatia Sub County,Lyaduywa/izava Ward,representative_point_in_hdx_polygon,high,geoBoundaries current gbOpen KEN ADM3 API release,HDX Administrative Wards in Kenya 1450
90231094B3972895996020,Malindi Town,ADM3,gbOpen,2020,u6oi5OySCnQ,nrI2khZx3d0,lGg3wEy784X,1852,Kilifi,Malindi Sub County,Malindi Town Ward,representative_point_in_hdx_polygon,high,geoBoundaries current gbOpen KEN ADM3 API release,HDX Administrative Wards in Kenya 1450
90231094B93180676802465,Kithimu,ADM3,gbOpen,2020,lMTHF7AFCSP,PFu8alU2KWG,IPOMRXiYjxr,312,EMBU,Manyatta  Sub County,Kithimu Ward,representative_point_in_hdx_polygon,high,geoBoundaries current gbOpen KEN ADM3 API release,HDX Administrative Wards in Kenya 1450
90231094B13820777032089,Kiptororo,ADM3,gbOpen,2020,ZHKOkipqYxf,ob6SxuRcqU4,QBwORnYdu0e,1767,Nakuru,Kuresoi North  Sub County,Kiptororo Ward,representative_point_in_hdx_polygon,high,geoBoundaries current gbOpen KEN ADM3 API release,HDX Administrative Wards in Kenya 1450
90231094B28153479112509,Waa,ADM3,gbOpen,2020,XZNJ3zaiaZH,N7YETT3A9r1,wUNEDOnx9uB,1899,Kwale,Matuga Sub County,Waa Ngombeni Ward,representative_point_in_hdx_polygon,high,geoBoundaries current gbOpen KEN ADM3 API release,HDX Administrative Wards in Kenya 1450
90231094B53721006150243,Busibwabo,ADM3,gbOpen,2020,cgTC3oqgmKg,Tvf1zgVZ0K4,tvkI2HSIRW9,1724,Busia,Matayos Sub County,Busibwabo Ward,representative_point_in_hdx_polygon,high,geoBoundaries current gbOpen KEN ADM3 API release,HDX Administrative Wards in Kenya 1450
90231094B72403092389177,Geta,ADM3,gbOpen,2020,ExTmlWkEQL9,mYZacFNIB3h,KlVgeHmvG6n,451,NYANDARUA,Kipipiri Sub County,Geta Ward,representative_point_in_hdx_polygon,high,geoBoundaries current gbOpen KEN ADM3 API release,HDX Administrative Wards in Kenya 1450
90231094B89798725065802,Mugumo-Ini,ADM3,gbOpen,2020,WnEb4RUZg21,ahwTMNAJvrL,Z7ALMtFNfeZ,2124,Muranga,Gatanga Sub County,Mugumo-ini Ward,representative_point_in_hdx_polygon,high,geoBoundaries current gbOpen KEN ADM3 API release,HDX Administrative Wards in Kenya 1450
90231094B95928996800523,Dalalekutuk,ADM3,gbOpen,2020,oqGH96tt2v4,Hsk1YV8kHkT,SZapM1R0Kti,918,KAJIADO,Kajiado Central Sub County,Dalalekutuk Ward,representative_point_in_hdx_polygon,high,geoBoundaries current gbOpen KEN ADM3 API release,HDX Administrative Wards in Kenya 1450
90231094B92349644184476,Sololo,ADM3,gbOpen,2020,IdYKTiaR0Cy,Eey8fT4Im3y,sZjPgbWI5ra,222,MARSABIT,MOYALE,SOLOLO,representative_point_in_hdx_polygon,high,geoBoundaries current gbOpen KEN ADM3 API release,HDX Administrative Wards in Kenya 1450
90231094B98039485997762,Kanziko,ADM3,gbOpen,2020,zNPxEQ4AIcH,j8o6iO4Njsi,d3hSQ3EtnPk,369,KITUI,Kitui South Sub County,Kanziko Ward,representative_point_in_hdx_polygon,high,geoBoundaries current gbOpen KEN ADM3 API release,HDX Administrative Wards in Kenya 1450
90231094B49311951462368,Kiambere,ADM3,gbOpen,2020,CMHN2XMxdY9,PFu8alU2KWG,AvnM6jKoocs,327,EMBU,Mbeere South  Sub County,Kiambere Ward,representative_point_in_hdx_polygon,high,geoBoundaries current gbOpen KEN ADM3 API release,HDX Administrative Wards in Kenya 1450
90231094B46693851607695,Keringet,ADM3,gbOpen,2020,ZSBD8btR2UC,ob6SxuRcqU4,QwGkDS0DNls,1764,Nakuru,Kuresoi South  Sub County,Keringet Ward,representative_point_in_hdx_polygon,high,geoBoundaries current gbOpen KEN ADM3 API release,HDX Administrative Wards in Kenya 1450
90231094B88079810145196,Kapsaos,ADM3,gbOpen,2020,Itj44Rse7au,pZqQRRW7PHP,KuprsuBe1l0,2139,Uasin Gishu,Turbo Sub County,Kapsaos Ward,representative_point_in_hdx_polygon,high,geoBoundaries current gbOpen KEN ADM3 API release,HDX Administrative Wards in Kenya 1450
90231094B38143742979626,Bobasi Bogetaorio,ADM3,gbOpen,2020,u15fCmBOYHT,sPkRcDvhGWA,cooDDG3Lh3A,1981,Kisii,Bobasi Sub County,Bassi Bogetaorio Ward,representative_point_in_hdx_polygon,high,geoBoundaries current gbOpen KEN ADM3 API release,HDX Administrative Wards in Kenya 1450
90231094B56646797778610,Kabare,ADM3,gbOpen,2020,E8dTFNJYgtl,Ulj33KBau7V,yOaHQLOLd1H,504,KIRINYAGA,Kirinyaga East Sub County,Kabare Ward,representative_point_in_hdx_polygon,high,geoBoundaries current gbOpen KEN ADM3 API release,HDX Administrative Wards in Kenya 1450
90231094B51620324144825,Kilibwoni,ADM3,gbOpen,2020,kHfVrUAnNlI,t0J75eHKxz5,Njv37QXxNy2,773,NANDI,Emgwen Sub County,Kilibwoni Ward,representative_point_in_hdx_polygon,high,geoBoundaries current gbOpen KEN ADM3 API release,HDX Administrative Wards in Kenya 1450
90231094B45727314414159,Ziwani/Kariokor,ADM3,gbOpen,2020,nRw6kIlJ23L,jkG3zaihdSs,nKHlZyN0lt9,2083,Nairobi,Starehe  Sub County,Ziwani/kariokor,representative_point_in_hdx_polygon,high,geoBoundaries current gbOpen KEN ADM3 API release,HDX Administrative Wards in Kenya 1450
90231094B64765420654608,Kaler,ADM3,gbOpen,2020,edSLoK3sx6W,fVra3Pwta0Q,D2lsuEzZAJP,1479,Migori,Nyatike Sub County,Kaler Ward,representative_point_in_hdx_polygon,high,geoBoundaries current gbOpen KEN ADM3 API release,HDX Administrative Wards in Kenya 1450
90231094B24858238955260,Landimawe,ADM3,gbOpen,2020,oYFOeehTMK2,jkG3zaihdSs,nKHlZyN0lt9,2084,Nairobi,Starehe  Sub County,Landimawe Ward,representative_point_in_hdx_polygon,high,geoBoundaries current gbOpen KEN ADM3 API release,HDX Administrative Wards in Kenya 1450
90231094B24676009650725,North Seme,ADM3,gbOpen,2020,b2DzrddWnYN,tAbBVBbueqD,LRNmnMw1fBs,1929,Kisumu,Seme Sub County,North Seme Ward,representative_point_in_hdx_polygon,high,geoBoundaries current gbOpen KEN ADM3 API release,HDX Administrative Wards in Kenya 1450
90231094B31245662534336,Githobokoni,ADM3,gbOpen,2020,Dg4t78ouq8h,qKzosKQPl6G,HEsM6W2ImQR,2226,Kiambu,Gatundu North Sub County,Githobokoni Ward,representative_point_in_hdx_polygon,high,geoBoundaries current gbOpen KEN ADM3 API release,HDX Administrative Wards in Kenya 1450
90231094B11289483223653,Komothai,ADM3,gbOpen,2020,Tqs3YLWw30B,qKzosKQPl6G,E7tkGikenbD,2191,Kiambu,Githunguri Sub County,Komothai Ward,representative_point_in_hdx_polygon,high,geoBoundaries current gbOpen KEN ADM3 API release,HDX Administrative Wards in Kenya 1450
90231094B7759699611430,Makerero,ADM3,gbOpen,2020,CpQX2anrUJk,fVra3Pwta0Q,jtBjNpL9FXS,1485,Migori,Kuria West Sub County,Mokerero Ward,representative_point_in_hdx_polygon,high,geoBoundaries current gbOpen KEN ADM3 API release,HDX Administrative Wards in Kenya 1450
90231094B92743957484035,Wamunyu,ADM3,gbOpen,2020,TlP41wTPt6a,yhCUgGcCcOo,fYYivceocJ2,1533,Machakos,Mwala Sub County,Wamunyu Ward,representative_point_in_hdx_polygon,high,geoBoundaries current gbOpen KEN ADM3 API release,HDX Administrative Wards in Kenya 1450
90231094B23767131217935,Kobujoi,ADM3,gbOpen,2020,YxP90gGjD63,t0J75eHKxz5,Sq2fLWnOCGg,758,NANDI,Aldai Sub County,Kobujoi Ward,representative_point_in_hdx_polygon,high,geoBoundaries current gbOpen KEN ADM3 API release,HDX Administrative Wards in Kenya 1450
90231094B91437153017076,Kiunga,ADM3,gbOpen,2020,fmWYhwoFxe8,NjWSbQTwys4,cwnqFyTJIgX,102,LAMU,LAMU EAST,KIUNGA,representative_point_in_hdx_polygon,high,geoBoundaries current gbOpen KEN ADM3 API release,HDX Administrative Wards in Kenya 1450
90231094B88853578952359,Muthara,ADM3,gbOpen,2020,Zxy2exUTX7R,Y52XNJ50hYb,U3lGZ71W9Te,274,MERU,Tigania East Sub County,Muthara Ward,representative_point_in_hdx_polygon,high,geoBoundaries current gbOpen KEN ADM3 API release,HDX Administrative Wards in Kenya 1450
90231094B71739290422550,Sabaki,ADM3,gbOpen,2020,fXc21yLLxVd,nrI2khZx3d0,KMWrMZrlO5u,1859,Kilifi,Magarini Sub County,Sabaki Ward,representative_point_in_hdx_polygon,high,geoBoundaries current gbOpen KEN ADM3 API release,HDX Administrative Wards in Kenya 1450
90231094B8816766087021,Kaptagat,ADM3,gbOpen,2020,cYwuj1W0Wux,pZqQRRW7PHP,mYlMs4xTj82,2147,Uasin Gishu,Ainabkoi Sub County,Kaptagat Ward,representative_point_in_hdx_polygon,high,geoBoundaries current gbOpen KEN ADM3 API release,HDX Administrative Wards in Kenya 1450
90231094B9234023830952,Basuba,ADM3,gbOpen,2020,YbfMLNQRxtf,NjWSbQTwys4,cwnqFyTJIgX,103,LAMU,LAMU EAST,BASUBA,representative_point_in_hdx_polygon,high,geoBoundaries current gbOpen KEN ADM3 API release,HDX Administrative Wards in Kenya 1450
90231094B11008624685722,Chiakariga,ADM3,gbOpen,2020,rZ0Io1sU38M,T4urHM47nlm,Yz1V5Cx8CO2,309,THARAKA-NITHI,Tharaka South Sub County,Chiakagira Ward,representative_point_in_hdx_polygon,high,geoBoundaries current gbOpen KEN ADM3 API release,HDX Administrative Wards in Kenya 1450
90231094B25378816497014,Matapato North,ADM3,gbOpen,2020,quFXokobrnW,Hsk1YV8kHkT,SZapM1R0Kti,919,KAJIADO,Kajiado Central Sub County,Matapato north Ward,representative_point_in_hdx_polygon,high,geoBoundaries current gbOpen KEN ADM3 API release,HDX Administrative Wards in Kenya 1450
90231094B9084654292100,Waseges,ADM3,gbOpen,2020,DCV7v4zjEnm,ob6SxuRcqU4,zQEuNRaPYgE,1772,Nakuru,Subukia  Sub County,Waseges Ward,representative_point_in_hdx_polygon,high,geoBoundaries current gbOpen KEN ADM3 API release,HDX Administrative Wards in Kenya 1450
90231094B90206428865109,Ting'ang'a,ADM3,gbOpen,2020,G5RaW09czpW,qKzosKQPl6G,SBz4c48i24Y,2192,Kiambu,Kiambu Town Sub County,Ting'ang'a Ward,representative_point_in_hdx_polygon,high,geoBoundaries current gbOpen KEN ADM3 API release,HDX Administrative Wards in Kenya 1450
90231094B26224137884640,Mutarakwa,ADM3,gbOpen,2020,g5eGcoROeya,HMNARUV2CW4,m9gdonbVXjZ,2267,Bomet,Bomet Central Sub County,Mutarakwa  Ward,representative_point_in_hdx_polygon,high,geoBoundaries current gbOpen KEN ADM3 API release,HDX Administrative Wards in Kenya 1450
90231094B15539854694856,Mariakani,ADM3,gbOpen,2020,utg5SKGYTGO,nrI2khZx3d0,tSKDWoVKiPo,1837,Kilifi,Kaloleni Sub County,Mariakani Ward,representative_point_in_hdx_polygon,high,geoBoundaries current gbOpen KEN ADM3 API release,HDX Administrative Wards in Kenya 1450
90231094B45626652750246,Uthiru/Ruthimitu,ADM3,gbOpen,2020,jaQjWqSJPAd,jkG3zaihdSs,sqNWYDHZZ6W,2020,Nairobi,Dagoretti South Sub County,Uthiru/ruthimitu Ward,representative_point_in_hdx_polygon,high,geoBoundaries current gbOpen KEN ADM3 API release,HDX Administrative Wards in Kenya 1450
90231094B98153469849319,West Ugenya,ADM3,gbOpen,2020,XdZKE7HcK5B,u4t9H8XyU9P,InECuIlzJGx,1879,Siaya,Ugenya Sub County,West Ugenya Ward,representative_point_in_hdx_polygon,high,geoBoundaries current gbOpen KEN ADM3 API release,HDX Administrative Wards in Kenya 1450
90231094B15024728517505,Chepseon,ADM3,gbOpen,2020,k828CVWMS7V,ihZsJ8alvtb,gU0Cz7Qlfss,938,KERICHO,Kipkelion East Sub County,Chepseon Ward,representative_point_in_hdx_polygon,high,geoBoundaries current gbOpen KEN ADM3 API release,HDX Administrative Wards in Kenya 1450
90231094B48584663219507,Dzombo,ADM3,gbOpen,2020,lijbuerznbA,N7YETT3A9r1,TdcYaufNV4p,1895,Kwale,Lunga Lunga Sub County,Dzombo Ward,representative_point_in_hdx_polygon,high,geoBoundaries current gbOpen KEN ADM3 API release,HDX Administrative Wards in Kenya 1450
90231094B89151927180730,Kisumu North,ADM3,gbOpen,2020,SPH4pigpmjD,tAbBVBbueqD,YzEDO9Mq4TR,1917,Kisumu,Kisumu West Sub County,North Kisumu Ward,representative_point_in_hdx_polygon,high,geoBoundaries current gbOpen KEN ADM3 API release,HDX Administrative Wards in Kenya 1450
90231094B39439599356030,Chasimba,ADM3,gbOpen,2020,yi6G0JRSjwo,nrI2khZx3d0,xWAZBULwGxp,1835,Kilifi,Kilifi South Sub County,Chasimba Ward,representative_point_in_hdx_polygon,high,geoBoundaries current gbOpen KEN ADM3 API release,HDX Administrative Wards in Kenya 1450
90231094B3882996061255,Kithungo/Kitundu,ADM3,gbOpen,2020,wp8DtxcZfwK,BoDytkJQ4Qi,jxjGWCdfsib,412,MAKUENI,Mbooni  Sub County,Mbooni Ward,representative_point_in_hdx_polygon,high,geoBoundaries current gbOpen KEN ADM3 API release,HDX Administrative Wards in Kenya 1450
90231094B11067030943256,Chawia,ADM3,gbOpen,2020,NkcRjTGJbuh,QyGNX2DpR4h,IBDoGsLdhvt,123,TAITA TAVETA,Mwatate Sub County,Chawia Ward,representative_point_in_hdx_polygon,high,geoBoundaries current gbOpen KEN ADM3 API release,HDX Administrative Wards in Kenya 1450
90231094B73918232197294,Bomeni,ADM3,gbOpen,2020,umrac2I2Sg9,QyGNX2DpR4h,jNzRdAwjaQ1,113,TAITA TAVETA,Taveta Sub County,Bomani Ward,representative_point_in_hdx_polygon,high,geoBoundaries current gbOpen KEN ADM3 API release,HDX Administrative Wards in Kenya 1450
90231094B94044668809526,Chengoni/Samburu,ADM3,gbOpen,2020,TwX1KTjb8Qp,N7YETT3A9r1,LOgbecTRkbp,1907,Kwale,Kinango Sub County,Chengoni/samburu Ward,representative_point_in_hdx_polygon,high,geoBoundaries current gbOpen KEN ADM3 API release,HDX Administrative Wards in Kenya 1450
90231094B23013920279461,Viwandani,ADM3,gbOpen,2020,rSGZNHDJ4jJ,jkG3zaihdSs,wwROy3Qkwin,2072,Nairobi,Makadara  Sub County,Viwandani Ward,representative_point_in_hdx_polygon,high,geoBoundaries current gbOpen KEN ADM3 API release,HDX Administrative Wards in Kenya 1450
90231094B5073959987515,Timau,ADM3,gbOpen,2020,WnXi46WSP7B,Y52XNJ50hYb,xN5aPo4ZOIt,281,MERU,Buuri Sub County,Timau Ward,representative_point_in_hdx_polygon,high,geoBoundaries current gbOpen KEN ADM3 API release,HDX Administrative Wards in Kenya 1450
90231094B31562543175974,Mutuini,ADM3,gbOpen,2020,HuBMlfYHHEy,jkG3zaihdSs,sqNWYDHZZ6W,2017,Nairobi,Dagoretti South Sub County,Mutu-ini Ward,representative_point_in_hdx_polygon,high,geoBoundaries current gbOpen KEN ADM3 API release,HDX Administrative Wards in Kenya 1450
90231094B50328815038996,Igoji West,ADM3,gbOpen,2020,ST78NM0nd2J,Y52XNJ50hYb,AFIlzKNxXST,292,MERU,Imenti South Sub County,Igoji west Ward,representative_point_in_hdx_polygon,high,geoBoundaries current gbOpen KEN ADM3 API release,HDX Administrative Wards in Kenya 1450
90231094B64657109195943,Miwani,ADM3,gbOpen,2020,PoYQc8biHf3,tAbBVBbueqD,NmbwkQ5r5cB,1933,Kisumu,Muhoroni Sub County,Miwani Ward,representative_point_in_hdx_polygon,high,geoBoundaries current gbOpen KEN ADM3 API release,HDX Administrative Wards in Kenya 1450
90231094B200081370265,Loita,ADM3,gbOpen,2020,Xo0N7hDyvPP,kqJ83J2D72s,bnYzgzYe2Z7,2181,Narok,Narok South Sub County,Loita Ward,representative_point_in_hdx_polygon,high,geoBoundaries current gbOpen KEN ADM3 API release,HDX Administrative Wards in Kenya 1450
90231094B52503285136075,Ageng'A Nanguba,ADM3,gbOpen,2020,soQ5zdUZi2H,Tvf1zgVZ0K4,NHRktMsAkO1,1734,Busia,Samia Sub County,Ageng'a Nanguba Ward,representative_point_in_hdx_polygon,high,geoBoundaries current gbOpen KEN ADM3 API release,HDX Administrative Wards in Kenya 1450
90231094B10740056720535,Mugumo-Ini,ADM3,gbOpen,2020,oFPmL4TCoWb,jkG3zaihdSs,aTGYlhEw2Xx,2024,Nairobi,Langata  Sub County,Mugumo-ini Ward,representative_point_in_hdx_polygon,high,geoBoundaries current gbOpen KEN ADM3 API release,HDX Administrative Wards in Kenya 1450
90231094B83865784710537,Nyamasibi,ADM3,gbOpen,2020,CbtRAlHp1JA,sPkRcDvhGWA,A6Sj8RumZ0m,1989,Kisii,Nyaribari Masaba Sub County,Nyamasibi Ward,representative_point_in_hdx_polygon,high,geoBoundaries current gbOpen KEN ADM3 API release,HDX Administrative Wards in Kenya 1450
90231094B6046202872677,Bunyala South,ADM3,gbOpen,2020,BBkS40b5WG7,Tvf1zgVZ0K4,zI6vnsXresW,1739,Busia,Bunyala Sub County,Bunyala South Ward,representative_point_in_hdx_polygon,high,geoBoundaries current gbOpen KEN ADM3 API release,HDX Administrative Wards in Kenya 1450
90231094B29182439758383,Mumias North,ADM3,gbOpen,2020,Ma35n0snJbX,BjC1xL40gHo,uRl5fBkhpcE,1675,Kakamega,Mumias West  Sub County,Mumias North Ward,representative_point_in_hdx_polygon,high,geoBoundaries current gbOpen KEN ADM3 API release,HDX Administrative Wards in Kenya 1450
90231094B39967503958426,Mahiga,ADM3,gbOpen,2020,t5i5lYBO7C5,ptWVfaCIdVx,dd7jowvUO95,483,NYERI,Nyeri South Sub County,Mahiga Ward,representative_point_in_hdx_polygon,high,geoBoundaries current gbOpen KEN ADM3 API release,HDX Administrative Wards in Kenya 1450
90231094B31617494398897,Bukhayo Central,ADM3,gbOpen,2020,i26gx3p4d5E,Tvf1zgVZ0K4,e1J7R103h8I,1720,Busia,Nambale Sub County,Bukhayo Central Ward,representative_point_in_hdx_polygon,high,geoBoundaries current gbOpen KEN ADM3 API release,HDX Administrative Wards in Kenya 1450
90231094B10351770281899,Ngariama,ADM3,gbOpen,2020,ClOFuXgqcFJ,Ulj33KBau7V,yOaHQLOLd1H,507,KIRINYAGA,Kirinyaga East Sub County,Ngariama Ward,representative_point_in_hdx_polygon,high,geoBoundaries current gbOpen KEN ADM3 API release,HDX Administrative Wards in Kenya 1450
90231094B57177440336372,Chuluni,ADM3,gbOpen,2020,CHn58eAvVl9,j8o6iO4Njsi,d0Gu8FrRM0Y,361,KITUI,Kitui East Sub County,Chuluni Ward,representative_point_in_hdx_polygon,high,geoBoundaries current gbOpen KEN ADM3 API release,HDX Administrative Wards in Kenya 1450
90231094B70045416840863,West Bukusu,ADM3,gbOpen,2020,gJUwKJIUKEc,KGHhQ5GLd4k,jkQZEow83MX,1618,Bungoma,Bumula Sub County,West Bukusu Ward,representative_point_in_hdx_polygon,high,geoBoundaries current gbOpen KEN ADM3 API release,HDX Administrative Wards in Kenya 1450
90231094B27895418923580,Kipchebor,ADM3,gbOpen,2020,H7KO7IjHYfk,ihZsJ8alvtb,GshNTMZJ5r1,947,KERICHO,Ainamoi Sub County,Kipchebor Ward,representative_point_in_hdx_polygon,high,geoBoundaries current gbOpen KEN ADM3 API release,HDX Administrative Wards in Kenya 1450
90231094B278151261777,Waithaka,ADM3,gbOpen,2020,pUKcRGZTyGW,jkG3zaihdSs,sqNWYDHZZ6W,2021,Nairobi,Dagoretti South Sub County,Waithaka Ward,representative_point_in_hdx_polygon,high,geoBoundaries current gbOpen KEN ADM3 API release,HDX Administrative Wards in Kenya 1450
90231094B95279564136265,Butsotso East,ADM3,gbOpen,2020,dFH6aZXT2rd,BjC1xL40gHo,Y3NjAhiBaZT,1663,Kakamega,Lurambi Sub County,Butsotso East Ward,representative_point_in_hdx_polygon,high,geoBoundaries current gbOpen KEN ADM3 API release,HDX Administrative Wards in Kenya 1450
90231094B37102484646892,Rongena/Manaret,ADM3,gbOpen,2020,Xj8EsCO27Jv,HMNARUV2CW4,KyuSYunELJI,2252,Bomet,Sotik Sub County,Rongena/manaret Ward,representative_point_in_hdx_polygon,high,geoBoundaries current gbOpen KEN ADM3 API release,HDX Administrative Wards in Kenya 1450
90231094B36619477826366,Nzoia,ADM3,gbOpen,2020,bWhvWmGfQqn,BjC1xL40gHo,wMv0s3U2nnG,1654,Kakamega,Likuyani Sub County,Nzoia Ward,representative_point_in_hdx_polygon,high,geoBoundaries current gbOpen KEN ADM3 API release,HDX Administrative Wards in Kenya 1450
90231094B52704206079225,Njukiini,ADM3,gbOpen,2020,hnLq51q52zo,Ulj33KBau7V,yOaHQLOLd1H,506,KIRINYAGA,Kirinyaga East Sub County,Njukiine Ward,representative_point_in_hdx_polygon,high,geoBoundaries current gbOpen KEN ADM3 API release,HDX Administrative Wards in Kenya 1450
90231094B30831898281931,Sheywe,ADM3,gbOpen,2020,QVwBQhJwtOG,BjC1xL40gHo,Y3NjAhiBaZT,1666,Kakamega,Lurambi Sub County,Sheywe Ward,representative_point_in_hdx_polygon,high,geoBoundaries current gbOpen KEN ADM3 API release,HDX Administrative Wards in Kenya 1450
90231094B54746350460164,Chala,ADM3,gbOpen,2020,uxxdF69wmFs,QyGNX2DpR4h,jNzRdAwjaQ1,111,TAITA TAVETA,Taveta Sub County,Chala Ward,representative_point_in_hdx_polygon,high,geoBoundaries current gbOpen KEN ADM3 API release,HDX Administrative Wards in Kenya 1450
90231094B87702260220490,North Karachuonyo,ADM3,gbOpen,2020,bR7hQLC29rl,nK0A12Q7MvS,fmsyW02tPng,1545,Homa Bay,Karachuonyo Sub County,North Karachuonyo Ward,representative_point_in_hdx_polygon,high,geoBoundaries current gbOpen KEN ADM3 API release,HDX Administrative Wards in Kenya 1450
90231094B35207185179653,Gituamba,ADM3,gbOpen,2020,vR89p0TyICU,qKzosKQPl6G,HEsM6W2ImQR,2225,Kiambu,Gatundu North Sub County,Gituamba Ward,representative_point_in_hdx_polygon,high,geoBoundaries current gbOpen KEN ADM3 API release,HDX Administrative Wards in Kenya 1450
90231094B98664159327096,Gaturi South,ADM3,gbOpen,2020,FUD1yUgctME,PFu8alU2KWG,IPOMRXiYjxr,316,EMBU,Manyatta  Sub County,Gaturi south Ward,representative_point_in_hdx_polygon,high,geoBoundaries current gbOpen KEN ADM3 API release,HDX Administrative Wards in Kenya 1450
90231094B72872342302910,Muguru,ADM3,gbOpen,2020,Mdn0FWVc1MX,ahwTMNAJvrL,U9CLTNIwehR,2094,Muranga,Kangema Sub County,Muguru Ward,representative_point_in_hdx_polygon,high,geoBoundaries current gbOpen KEN ADM3 API release,HDX Administrative Wards in Kenya 1450
90231094B96798873571182,Kiogoro,ADM3,gbOpen,2020,o25UHSbQwGY,sPkRcDvhGWA,fFh3beH29fD,1996,Kisii,Nyaribari Chache  Sub County,Kiogoro Ward,representative_point_in_hdx_polygon,high,geoBoundaries current gbOpen KEN ADM3 API release,HDX Administrative Wards in Kenya 1450
90231094B26189765137129,Butsotso South,ADM3,gbOpen,2020,t8eg6hgrHEp,BjC1xL40gHo,Y3NjAhiBaZT,1664,Kakamega,Lurambi Sub County,Butsotso South  Ward,representative_point_in_hdx_polygon,high,geoBoundaries current gbOpen KEN ADM3 API release,HDX Administrative Wards in Kenya 1450
90231094B8910501315094,Mukuyuni,ADM3,gbOpen,2020,IVA8tzQOkNT,KGHhQ5GLd4k,k1mze33jOs0,1612,Bungoma,Kabuchai Sub County,Mukuyuni Ward,representative_point_in_hdx_polygon,high,geoBoundaries current gbOpen KEN ADM3 API release,HDX Administrative Wards in Kenya 1450
90231094B77758717830410,Malakisi/South Kulisiru,ADM3,gbOpen,2020,ftbk97ko25V,KGHhQ5GLd4k,whWfFA9D7td,1607,Bungoma,Sirisia Sub County,Malakisi/south Kulisiru Ward,representative_point_in_hdx_polygon,high,geoBoundaries current gbOpen KEN ADM3 API release,HDX Administrative Wards in Kenya 1450
90231094B96691725427283,Mnarani,ADM3,gbOpen,2020,QvkC6t7JwZB,nrI2khZx3d0,MEkEH8ZmcOU,1831,Kilifi,Kilifi North Sub County,Mnarani Ward,representative_point_in_hdx_polygon,high,geoBoundaries current gbOpen KEN ADM3 API release,HDX Administrative Wards in Kenya 1450
90231094B7088707523812,West Seme,ADM3,gbOpen,2020,ulkhuNyw2MH,tAbBVBbueqD,LRNmnMw1fBs,1926,Kisumu,Seme Sub County,West Seme Ward,representative_point_in_hdx_polygon,high,geoBoundaries current gbOpen KEN ADM3 API release,HDX Administrative Wards in Kenya 1450
90231094B30488763664345,Usonga,ADM3,gbOpen,2020,utYTK2xBC3k,u4t9H8XyU9P,Cu46otDi1RO,1886,Siaya,Alego Usonga Sub County,Usonga Ward,representative_point_in_hdx_polygon,high,geoBoundaries current gbOpen KEN ADM3 API release,HDX Administrative Wards in Kenya 1450
90231094B44216314761709,Soy,ADM3,gbOpen,2020,m7g3tve46XL,pZqQRRW7PHP,lmr1q6dTaso,2133,Uasin Gishu,Soy Sub County,Soy Ward,representative_point_in_hdx_polygon,high,geoBoundaries current gbOpen KEN ADM3 API release,HDX Administrative Wards in Kenya 1450
90231094B28403051039412,Chepchabas,ADM3,gbOpen,2020,uMqAPTG5rm0,HMNARUV2CW4,PLFoYJO8MVS,2268,Bomet,Konoin Sub County,Chepchabas Ward,representative_point_in_hdx_polygon,high,geoBoundaries current gbOpen KEN ADM3 API release,HDX Administrative Wards in Kenya 1450
90231094B68391236034159,Shamata,ADM3,gbOpen,2020,W9GVYGq6UqK,mYZacFNIB3h,EESGLsSLTqH,465,NYANDARUA,Ndaragwa Sub County,Shamata Ward,representative_point_in_hdx_polygon,high,geoBoundaries current gbOpen KEN ADM3 API release,HDX Administrative Wards in Kenya 1450
90231094B29529448784210,Hospital,ADM3,gbOpen,2020,O6JUPINK7vr,mThvosEflAU,pzZHpL2ueIn,691,TRANS NZOIA,Kiminini  Sub County,Hospital Ward,representative_point_in_hdx_polygon,high,geoBoundaries current gbOpen KEN ADM3 API release,HDX Administrative Wards in Kenya 1450
90231094B21224301319697,Kapkatet,ADM3,gbOpen,2020,t6j6TDZfwrc,ihZsJ8alvtb,wt8cPHWfkfu,956,KERICHO,Bureti Sub County,Kapkatet Ward,representative_point_in_hdx_polygon,high,geoBoundaries current gbOpen KEN ADM3 API release,HDX Administrative Wards in Kenya 1450
90231094B1382579113581,Kisiara,ADM3,gbOpen,2020,isMgPdVs6v0,ihZsJ8alvtb,wt8cPHWfkfu,950,KERICHO,Bureti Sub County,Kisiara Ward,representative_point_in_hdx_polygon,high,geoBoundaries current gbOpen KEN ADM3 API release,HDX Administrative Wards in Kenya 1450
90231094B75339792458604,Mwanda/Mgange,ADM3,gbOpen,2020,RXoThrI8OjU,QyGNX2DpR4h,AM36DdkZ36Y,119,TAITA TAVETA,Wundanyi Sub County,Mwanda/mgange Ward,representative_point_in_hdx_polygon,high,geoBoundaries current gbOpen KEN ADM3 API release,HDX Administrative Wards in Kenya 1450
90231094B86864129771221,Lubinu/Lusheya,ADM3,gbOpen,2020,V3ZV8jsqN0Z,BjC1xL40gHo,FBteTV1eqB6,1678,Kakamega,Mumias East Sub County,Lusheya Lubinu Ward,representative_point_in_hdx_polygon,high,geoBoundaries current gbOpen KEN ADM3 API release,HDX Administrative Wards in Kenya 1450
90231094B58215758687642,Solai,ADM3,gbOpen,2020,qjDeBQFEB19,ob6SxuRcqU4,OK0hW8DFHq3,1778,Nakuru,Rongai  Sub County,Solai Ward,representative_point_in_hdx_polygon,high,geoBoundaries current gbOpen KEN ADM3 API release,HDX Administrative Wards in Kenya 1450
90231094B31992479059302,Illeret,ADM3,gbOpen,2020,nhKIZhNozIv,Eey8fT4Im3y,j6fqt5TYqPZ,232,MARSABIT,NORTH HORR,ILLERET,representative_point_in_hdx_polygon,high,geoBoundaries current gbOpen KEN ADM3 API release,HDX Administrative Wards in Kenya 1450
90231094B72561831501862,Loosuk,ADM3,gbOpen,2020,cZkc98eBxNL,o36zCRjSd4G,EmQRGVtvWy3,664,SAMBURU,Samburu Central Sub County,Loosuk Ward,representative_point_in_hdx_polygon,high,geoBoundaries current gbOpen KEN ADM3 API release,HDX Administrative Wards in Kenya 1450
90231094B40865991942640,South Kanyamkago,ADM3,gbOpen,2020,FdBel1HNlGu,fVra3Pwta0Q,fCInDXluNhx,1473,Migori,Uriri Sub County,South Kanyamkago Ward,representative_point_in_hdx_polygon,high,geoBoundaries current gbOpen KEN ADM3 API release,HDX Administrative Wards in Kenya 1450
90231094B23331638148283,Malaba Central,ADM3,gbOpen,2020,UpSuhJyWAIc,Tvf1zgVZ0K4,GpEIlwz3FvT,1705,Busia,Teso North Sub County,Malaba Central Ward,representative_point_in_hdx_polygon,high,geoBoundaries current gbOpen KEN ADM3 API release,HDX Administrative Wards in Kenya 1450
90231094B54100511967163,Karumandi,ADM3,gbOpen,2020,jlthZ0Rz41H,Ulj33KBau7V,yOaHQLOLd1H,508,KIRINYAGA,Kirinyaga East Sub County,Karumandi Ward,representative_point_in_hdx_polygon,high,geoBoundaries current gbOpen KEN ADM3 API release,HDX Administrative Wards in Kenya 1450
90231094B25578043780768,Babadogo,ADM3,gbOpen,2020,OObzseEJrMs,jkG3zaihdSs,Cc8uEFkzfVf,2042,Nairobi,Ruaraka  Sub County,Babandogo,representative_point_in_hdx_polygon,high,geoBoundaries current gbOpen KEN ADM3 API release,HDX Administrative Wards in Kenya 1450
90231094B96636482097419,Dandu,ADM3,gbOpen,2020,vuSQ9fTFw30,R6f9znhg37c,H5RvDZkoDJL,194,MANDERA,MANDERA WEST,DANDU,representative_point_in_hdx_polygon,high,geoBoundaries current gbOpen KEN ADM3 API release,HDX Administrative Wards in Kenya 1450
90231094B11500790655879,Chakol North,ADM3,gbOpen,2020,rthnyPewuyf,Tvf1zgVZ0K4,EhchjCHkhJ9,1713,Busia,Teso South Sub County,Chakol North Ward,representative_point_in_hdx_polygon,high,geoBoundaries current gbOpen KEN ADM3 API release,HDX Administrative Wards in Kenya 1450
90231094B49004959068346,Tembelio,ADM3,gbOpen,2020,ZDarbsCJmOy,pZqQRRW7PHP,q8R0FA1hxnP,2141,Uasin Gishu,Moiben Sub County,Tembelio Ward,representative_point_in_hdx_polygon,high,geoBoundaries current gbOpen KEN ADM3 API release,HDX Administrative Wards in Kenya 1450
90231094B16076222608255,West Uyoma,ADM3,gbOpen,2020,IqPuAjRYM1t,u4t9H8XyU9P,XcRpb1xsM64,1878,Siaya,Rarieda Sub County,West Uyoma Ward,representative_point_in_hdx_polygon,high,geoBoundaries current gbOpen KEN ADM3 API release,HDX Administrative Wards in Kenya 1450
90231094B9123140354268,Makutano/Mwala,ADM3,gbOpen,2020,LFDB6rHVYOg,yhCUgGcCcOo,fYYivceocJ2,1530,Machakos,Mwala Sub County,Makutano-mwala Ward,representative_point_in_hdx_polygon,high,geoBoundaries current gbOpen KEN ADM3 API release,HDX Administrative Wards in Kenya 1450
90231094B19575435141273,Gwassi South,ADM3,gbOpen,2020,AuOsnrKcOMF,nK0A12Q7MvS,HoRW5aISmiD,1571,Homa Bay,Suba Sub County,Gwassi South Ward,representative_point_in_hdx_polygon,high,geoBoundaries current gbOpen KEN ADM3 API release,HDX Administrative Wards in Kenya 1450
90231094B91465836734539,South East Nyakach,ADM3,gbOpen,2020,TAZBFBDq6KC,tAbBVBbueqD,kBQIjtWUBqj,1942,Kisumu,Nyakach Sub County,South East Nyakach Ward,representative_point_in_hdx_polygon,high,geoBoundaries current gbOpen KEN ADM3 API release,HDX Administrative Wards in Kenya 1450
90231094B75459182422720,Koyonzo,ADM3,gbOpen,2020,gBgXSPT0eml,BjC1xL40gHo,ssbO49f0iLN,1681,Kakamega,Matungu Sub County,Koyonzo Ward,representative_point_in_hdx_polygon,high,geoBoundaries current gbOpen KEN ADM3 API release,HDX Administrative Wards in Kenya 1450
90231094B79172660408804,Idakho South,ADM3,gbOpen,2020,gAnhNKgtbOq,BjC1xL40gHo,BE6HMtlHyl1,1701,Kakamega,Ikolomani Sub County,Idakho South Ward,representative_point_in_hdx_polygon,high,geoBoundaries current gbOpen KEN ADM3 API release,HDX Administrative Wards in Kenya 1450
90231094B4859435449475,Bobasi Central,ADM3,gbOpen,2020,UGCnusbnkFI,sPkRcDvhGWA,cooDDG3Lh3A,1979,Kisii,Bobasi Sub County,Basi Central Ward,representative_point_in_hdx_polygon,high,geoBoundaries current gbOpen KEN ADM3 API release,HDX Administrative Wards in Kenya 1450
90231094B27178330996654,Kinondo,ADM3,gbOpen,2020,pOKIONEzUyF,N7YETT3A9r1,ADMywdLwoRX,1892,Kwale,Msambweni Sub County,Kinondo Ward,representative_point_in_hdx_polygon,high,geoBoundaries current gbOpen KEN ADM3 API release,HDX Administrative Wards in Kenya 1450
90231094B73465723187768,Chesoen,ADM3,gbOpen,2020,Nu4cnZtQHk8,HMNARUV2CW4,m9gdonbVXjZ,2266,Bomet,Bomet Central Sub County,Chesoen Ward,representative_point_in_hdx_polygon,high,geoBoundaries current gbOpen KEN ADM3 API release,HDX Administrative Wards in Kenya 1450
90231094B81781578605263,Iria-Ini,ADM3,gbOpen,2020,mKOh6Ubsn0x,ptWVfaCIdVx,dd7jowvUO95,484,NYERI,Nyeri South Sub County,Iria-ini Ward,representative_point_in_hdx_polygon,high,geoBoundaries current gbOpen KEN ADM3 API release,HDX Administrative Wards in Kenya 1450
90231094B54212410230128,Kalimoni,ADM3,gbOpen,2020,Cqn7anNruE5,qKzosKQPl6G,aiqi2bz0IMI,2233,Kiambu,Juja Sub County,Kalimoni Ward,representative_point_in_hdx_polygon,high,geoBoundaries current gbOpen KEN ADM3 API release,HDX Administrative Wards in Kenya 1450
90231094B91491362579842,Isukha South,ADM3,gbOpen,2020,xBOLvibwvDH,BjC1xL40gHo,sjlSPeRgl7d,1698,Kakamega,Shinyalu Sub County,Isukha South Ward,representative_point_in_hdx_polygon,high,geoBoundaries current gbOpen KEN ADM3 API release,HDX Administrative Wards in Kenya 1450
90231094B59041952457706,Ndanai/Abosi,ADM3,gbOpen,2020,ygECklrrzGE,HMNARUV2CW4,KyuSYunELJI,2248,Bomet,Sotik Sub County,Ndanai/abosi Ward,representative_point_in_hdx_polygon,high,geoBoundaries current gbOpen KEN ADM3 API release,HDX Administrative Wards in Kenya 1450
90231094B75885083659940,Ichagaki,ADM3,gbOpen,2020,pjBltTaHYUz,ahwTMNAJvrL,l46g2PZUjoh,2114,Muranga,Muranga South Sub County,Ichagaki Ward,representative_point_in_hdx_polygon,high,geoBoundaries current gbOpen KEN ADM3 API release,HDX Administrative Wards in Kenya 1450
90231094B7840412896281,Witeithie,ADM3,gbOpen,2020,OqnujBG8mvl,qKzosKQPl6G,aiqi2bz0IMI,2232,Kiambu,Juja Sub County,Witeithie Ward,representative_point_in_hdx_polygon,high,geoBoundaries current gbOpen KEN ADM3 API release,HDX Administrative Wards in Kenya 1450
90231094B61386258002897,Gitothua,ADM3,gbOpen,2020,Gf7UYKPruI2,qKzosKQPl6G,TPRNJqSm4lK,2239,Kiambu,Ruiru Sub County,Gitothua,representative_point_in_hdx_polygon,high,geoBoundaries current gbOpen KEN ADM3 API release,HDX Administrative Wards in Kenya 1450
90231094B42044837350210,Dedan Kimanthi,ADM3,gbOpen,2020,LDPAHGr7qUm,ptWVfaCIdVx,YT3tecc4atw,466,NYERI,Tetu Sub County,Dedan kimathi Ward,representative_point_in_hdx_polygon,high,geoBoundaries current gbOpen KEN ADM3 API release,HDX Administrative Wards in Kenya 1450
90231094B70497440971252,Sosian,ADM3,gbOpen,2020,Dg8SGNnGQny,xuFdFy6t9AH,RJyUfi5BQUm,822,LAIKIPIA,Laikipia North Sub County,Sosian Ward,representative_point_in_hdx_polygon,high,geoBoundaries current gbOpen KEN ADM3 API release,HDX Administrative Wards in Kenya 1450
90231094B7785712385911,Warankara,ADM3,gbOpen,2020,k3FtDRPwlPG,R6f9znhg37c,nsfbHBS9tMT,219,MANDERA,LAFEY,WARANKARA,representative_point_in_hdx_polygon,high,geoBoundaries current gbOpen KEN ADM3 API release,HDX Administrative Wards in Kenya 1450
90231094B59552245822163,Kitisuru,ADM3,gbOpen,2020,TpTOC5VcUGe,jkG3zaihdSs,f1T0Ltob8VQ,2092,Nairobi,Westlands  Sub County,Kitisuru Ward,representative_point_in_hdx_polygon,high,geoBoundaries current gbOpen KEN ADM3 API release,HDX Administrative Wards in Kenya 1450
90231094B64238355996009,Kojwach,ADM3,gbOpen,2020,FdJzxSJbjk3,nK0A12Q7MvS,BzFBYZhF5fx,1543,Homa Bay,Kabondo Kasipul Sub County,Kojwach Ward,representative_point_in_hdx_polygon,high,geoBoundaries current gbOpen KEN ADM3 API release,HDX Administrative Wards in Kenya 1450
90231094B24833934836905,Bomorenda,ADM3,gbOpen,2020,MyzWMCaSFlX,sPkRcDvhGWA,zCCIu1Vi3Wh,1967,Kisii,Bonchari  Sub County,Bomorenda Ward,representative_point_in_hdx_polygon,high,geoBoundaries current gbOpen KEN ADM3 API release,HDX Administrative Wards in Kenya 1450
90231094B27346223089207,Central Kisumu,ADM3,gbOpen,2020,Xs7PwQOVMmb,tAbBVBbueqD,YzEDO9Mq4TR,1916,Kisumu,Kisumu West Sub County,Central Kisumu Ward,representative_point_in_hdx_polygon,high,geoBoundaries current gbOpen KEN ADM3 API release,HDX Administrative Wards in Kenya 1450
90231094B66269532630488,Emabungo,ADM3,gbOpen,2020,rVwUPDEkBSy,sANMZ3lpqGs,lkYdgjRSOoE,1592,Vihiga,Luanda Sub County,Emabungo Ward,representative_point_in_hdx_polygon,high,geoBoundaries current gbOpen KEN ADM3 API release,HDX Administrative Wards in Kenya 1450
90231094B28891016564797,Kapchorua,ADM3,gbOpen,2020,kVHX5gVg5MQ,t0J75eHKxz5,W6Err8cQf5J,764,NANDI,Nandi East Sub County,Kapchorua Ward,representative_point_in_hdx_polygon,high,geoBoundaries current gbOpen KEN ADM3 API release,HDX Administrative Wards in Kenya 1450
90231094B24683604885193,Tezo,ADM3,gbOpen,2020,xmMP1QapXiY,nrI2khZx3d0,MEkEH8ZmcOU,1825,Kilifi,Kilifi North Sub County,Tezo Ward,representative_point_in_hdx_polygon,high,geoBoundaries current gbOpen KEN ADM3 API release,HDX Administrative Wards in Kenya 1450
90231094B37680478286536,Harambee,ADM3,gbOpen,2020,T7AinNTWtXe,jkG3zaihdSs,wwROy3Qkwin,2073,Nairobi,Makadara  Sub County,Harambee Ward,representative_point_in_hdx_polygon,high,geoBoundaries current gbOpen KEN ADM3 API release,HDX Administrative Wards in Kenya 1450
90231094B88107973171293,Karuna/Meibeki,ADM3,gbOpen,2020,AwwBKeGhmam,pZqQRRW7PHP,q8R0FA1hxnP,2143,Uasin Gishu,Moiben Sub County,Karuna/meibeki Ward,representative_point_in_hdx_polygon,high,geoBoundaries current gbOpen KEN ADM3 API release,HDX Administrative Wards in Kenya 1450
90231094B70507709940975,Koyo-Ndurio,ADM3,gbOpen,2020,UBMIBBujflT,t0J75eHKxz5,Sq2fLWnOCGg,760,NANDI,Aldai Sub County,Koyo/ndurio Ward,representative_point_in_hdx_polygon,high,geoBoundaries current gbOpen KEN ADM3 API release,HDX Administrative Wards in Kenya 1450
90231094B39702946651153,Lelmokwo/Ngechek,ADM3,gbOpen,2020,iZNVvlnVxm6,t0J75eHKxz5,xLWuQq3DjOR,767,NANDI,Chesumei Sub County,Lelmoko/ngechek Ward,representative_point_in_hdx_polygon,high,geoBoundaries current gbOpen KEN ADM3 API release,HDX Administrative Wards in Kenya 1450
90231094B48521953514326,South Kamagambo,ADM3,gbOpen,2020,DABObbHgPMX,fVra3Pwta0Q,fT37q3rXQ35,1457,Migori,Rongo Sub County,South Kamagambo Ward,representative_point_in_hdx_polygon,high,geoBoundaries current gbOpen KEN ADM3 API release,HDX Administrative Wards in Kenya 1450
90231094B52339293329973,Kholera,ADM3,gbOpen,2020,U7mZiE3Hvys,BjC1xL40gHo,ssbO49f0iLN,1682,Kakamega,Matungu Sub County,Kholera Ward,representative_point_in_hdx_polygon,high,geoBoundaries current gbOpen KEN ADM3 API release,HDX Administrative Wards in Kenya 1450
90231094B44064617566375,West Sabatia,ADM3,gbOpen,2020,J5T5BAIIILr,sANMZ3lpqGs,urtJSF5jcBC,1578,Vihiga,Sabatia Sub County,West Sabatia Ward,representative_point_in_hdx_polygon,high,geoBoundaries current gbOpen KEN ADM3 API release,HDX Administrative Wards in Kenya 1450
90231094B2117328143645,Bosamaro,ADM3,gbOpen,2020,b3aaM8BOTDz,uepLTG8wGWJ,cxjRPbvhjzr,1953,Nyamira,Nyamira Sub County,Bosamaro Ward,representative_point_in_hdx_polygon,high,geoBoundaries current gbOpen KEN ADM3 API release,HDX Administrative Wards in Kenya 1450
90231094B56549526470122,Kapkangani,ADM3,gbOpen,2020,deAxq0HNUFb,t0J75eHKxz5,Njv37QXxNy2,771,NANDI,Emgwen Sub County,Kapkangani Ward,representative_point_in_hdx_polygon,high,geoBoundaries current gbOpen KEN ADM3 API release,HDX Administrative Wards in Kenya 1450
90231094B68901428792579,Gitugi,ADM3,gbOpen,2020,UgrVrVp78rA,ahwTMNAJvrL,u7Gkh63FYe4,2096,Muranga,Mathioya Sub County,Gitugi Ward,representative_point_in_hdx_polygon,high,geoBoundaries current gbOpen KEN ADM3 API release,HDX Administrative Wards in Kenya 1450
90231094B43685782683045,Rugi,ADM3,gbOpen,2020,EitnMJgAT0z,ptWVfaCIdVx,zT8Zj5vNYCy,488,NYERI,Mukurweini Sub County,Rugi Ward,representative_point_in_hdx_polygon,high,geoBoundaries current gbOpen KEN ADM3 API release,HDX Administrative Wards in Kenya 1450
90231094B26189657080765,Mosiro,ADM3,gbOpen,2020,gV7ZuBU4q7U,Hsk1YV8kHkT,wYsCfCAUWNB,930,KAJIADO,Kajiado West Sub County,Mosiro Ward,representative_point_in_hdx_polygon,high,geoBoundaries current gbOpen KEN ADM3 API release,HDX Administrative Wards in Kenya 1450
90231094B51651696643731,Nginda,ADM3,gbOpen,2020,juDN8sSnk3O,PFu8alU2KWG,IPOMRXiYjxr,313,EMBU,Manyatta  Sub County,Nginda Ward,representative_point_in_hdx_polygon,high,geoBoundaries current gbOpen KEN ADM3 API release,HDX Administrative Wards in Kenya 1450
90231094B88952350806273,Sirikwa,ADM3,gbOpen,2020,aGRpaeG5ziX,ob6SxuRcqU4,QBwORnYdu0e,1769,Nakuru,Kuresoi North  Sub County,Sirikwa Ward,representative_point_in_hdx_polygon,high,geoBoundaries current gbOpen KEN ADM3 API release,HDX Administrative Wards in Kenya 1450
90231094B89091687556603,Mwawesa,ADM3,gbOpen,2020,eT3Udm3xjFw,nrI2khZx3d0,hJf4rt7cvI6,1841,Kilifi,Rabai Sub County,Mwawesa Ward,representative_point_in_hdx_polygon,high,geoBoundaries current gbOpen KEN ADM3 API release,HDX Administrative Wards in Kenya 1450
90231094B73219248202784,Mihango,ADM3,gbOpen,2020,GwVllI2Zdfe,jkG3zaihdSs,gD4xxgDGJ4Y,2066,Nairobi,Embakasi East Sub County,Mihango Ward,representative_point_in_hdx_polygon,high,geoBoundaries current gbOpen KEN ADM3 API release,HDX Administrative Wards in Kenya 1450
90231094B96631004418817,Ngenyilel,ADM3,gbOpen,2020,NXNdgSCo71E,pZqQRRW7PHP,KuprsuBe1l0,2135,Uasin Gishu,Turbo Sub County,Ngenyilel Ward,representative_point_in_hdx_polygon,high,geoBoundaries current gbOpen KEN ADM3 API release,HDX Administrative Wards in Kenya 1450
90231094B70841003986517,Muruka,ADM3,gbOpen,2020,X7rwLIDSf7d,ahwTMNAJvrL,gwYTo0wITYX,2117,Muranga,Kandara Sub County,Muruka Ward,representative_point_in_hdx_polygon,high,geoBoundaries current gbOpen KEN ADM3 API release,HDX Administrative Wards in Kenya 1450
90231094B26747031649846,Nyacheki,ADM3,gbOpen,2020,oAXSVQp3K0O,sPkRcDvhGWA,cooDDG3Lh3A,1980,Kisii,Bobasi Sub County,Nyacheki Ward,representative_point_in_hdx_polygon,high,geoBoundaries current gbOpen KEN ADM3 API release,HDX Administrative Wards in Kenya 1450
90231094B15653907334065,Magumu,ADM3,gbOpen,2020,BBQbdCSiXdl,mYZacFNIB3h,RAnL5kBKMIt,448,NYANDARUA,Kinangop Sub County,Magumu Ward,representative_point_in_hdx_polygon,high,geoBoundaries current gbOpen KEN ADM3 API release,HDX Administrative Wards in Kenya 1450
90231094B17018234092454,Nyabasi East,ADM3,gbOpen,2020,xUtluqIJmBZ,fVra3Pwta0Q,THm2tCJa2ZQ,1492,Migori,Kuria East Sub County,Nyabasi East Ward,representative_point_in_hdx_polygon,high,geoBoundaries current gbOpen KEN ADM3 API release,HDX Administrative Wards in Kenya 1450
90231094B12121848150156,Lugari,ADM3,gbOpen,2020,QDeZMYaTxpd,BjC1xL40gHo,ZOdhgR19Akq,1646,Kakamega,Lugari Sub County,Lugari Ward,representative_point_in_hdx_polygon,high,geoBoundaries current gbOpen KEN ADM3 API release,HDX Administrative Wards in Kenya 1450
90231094B47254252966430,Njiru,ADM3,gbOpen,2020,aZGmpSZ2M0H,jkG3zaihdSs,FoqzDgIByL6,2040,Nairobi,Kasarani  Sub County,Njiru Ward,representative_point_in_hdx_polygon,high,geoBoundaries current gbOpen KEN ADM3 API release,HDX Administrative Wards in Kenya 1450
90231094B92569591317187,Katilia,ADM3,gbOpen,2020,NhFq5rXnO3r,kphDeKClFch,dr8gOvVAdiE,639,TURKANA,Turkana East Sub County,Katilia Ward,representative_point_in_hdx_polygon,high,geoBoundaries current gbOpen KEN ADM3 API release,HDX Administrative Wards in Kenya 1450
90231094B74869076483385,Kangundo West,ADM3,gbOpen,2020,Q66EmTxlCi3,yhCUgGcCcOo,vMPhBuymSKt,1508,Machakos,Kangundo Sub County,Kangundo West Ward,representative_point_in_hdx_polygon,high,geoBoundaries current gbOpen KEN ADM3 API release,HDX Administrative Wards in Kenya 1450
90231094B19930349461133,Ololmasani,ADM3,gbOpen,2020,tVa5R01HhNz,kqJ83J2D72s,PGTkGnIAZuy,2165,Narok,Transmara East Sub County,Ololmasani Ward,representative_point_in_hdx_polygon,high,geoBoundaries current gbOpen KEN ADM3 API release,HDX Administrative Wards in Kenya 1450
90231094B61200719953145,Idakho East,ADM3,gbOpen,2020,WVPQgX90uxe,BjC1xL40gHo,BE6HMtlHyl1,1702,Kakamega,Ikolomani Sub County,Idakho East Ward,representative_point_in_hdx_polygon,high,geoBoundaries current gbOpen KEN ADM3 API release,HDX Administrative Wards in Kenya 1450
90231094B47938257051498,Pongwekikoneni,ADM3,gbOpen,2020,oJkRlx56eac,N7YETT3A9r1,TdcYaufNV4p,1894,Kwale,Lunga Lunga Sub County,Pongwe Kikoneni Ward,representative_point_in_hdx_polygon,high,geoBoundaries current gbOpen KEN ADM3 API release,HDX Administrative Wards in Kenya 1450
90231094B74861524256438,Keekonyokie,ADM3,gbOpen,2020,ZwZ7vxnP9WF,Hsk1YV8kHkT,wYsCfCAUWNB,926,KAJIADO,Kajiado West Sub County,Keekonyokie Ward,representative_point_in_hdx_polygon,high,geoBoundaries current gbOpen KEN ADM3 API release,HDX Administrative Wards in Kenya 1450
90231094B7279721699533,Kaplelartet,ADM3,gbOpen,2020,pPJvbpIWpvb,ihZsJ8alvtb,ScLzA7tQxrH,963,KERICHO,Sigowet/Soin Sub County,Kaplelartet Ward,representative_point_in_hdx_polygon,high,geoBoundaries current gbOpen KEN ADM3 API release,HDX Administrative Wards in Kenya 1450
90231094B77309023946207,Bobasi Chache,ADM3,gbOpen,2020,Xwhn2CB2cZ3,sPkRcDvhGWA,cooDDG3Lh3A,1982,Kisii,Bobasi Sub County,Bobasi Chache Ward,representative_point_in_hdx_polygon,high,geoBoundaries current gbOpen KEN ADM3 API release,HDX Administrative Wards in Kenya 1450
90231094B944817195421,Takaba,ADM3,gbOpen,2020,cnOOaygI2G3,R6f9znhg37c,H5RvDZkoDJL,192,MANDERA,MANDERA WEST,TAKABA,representative_point_in_hdx_polygon,high,geoBoundaries current gbOpen KEN ADM3 API release,HDX Administrative Wards in Kenya 1450
90231094B23278884362392,Kabatini,ADM3,gbOpen,2020,KYyRxF09EOm,ob6SxuRcqU4,nwh9bXKykiS,1780,Nakuru,Nakuru North  Sub County,Kabatini Ward,representative_point_in_hdx_polygon,high,geoBoundaries current gbOpen KEN ADM3 API release,HDX Administrative Wards in Kenya 1450
90231094B8923310510646,West Nyakach,ADM3,gbOpen,2020,cSmqxMnL3hd,tAbBVBbueqD,kBQIjtWUBqj,1941,Kisumu,Nyakach Sub County,West Nyakach Ward,representative_point_in_hdx_polygon,high,geoBoundaries current gbOpen KEN ADM3 API release,HDX Administrative Wards in Kenya 1450
90231094B5250728183727,Mumbuni North,ADM3,gbOpen,2020,bSXsHJ4bnCw,yhCUgGcCcOo,KXc4ez8OAFz,1525,Machakos,Machakos Sub County,Township Ward,representative_point_in_hdx_polygon,high,geoBoundaries current gbOpen KEN ADM3 API release,HDX Administrative Wards in Kenya 1450
90231094B69484993937782,Gaturi,ADM3,gbOpen,2020,K8rhUYNmJhw,ahwTMNAJvrL,VDlzh6w4LKv,2104,Muranga,Kiharu Sub County,Gaturi Ward,representative_point_in_hdx_polygon,high,geoBoundaries current gbOpen KEN ADM3 API release,HDX Administrative Wards in Kenya 1450
90231094B14099428322173,Sala,ADM3,gbOpen,2020,tc9MpZMV6yJ,JsH2bnvNt2d,yWPcTwGwQ2B,99,TANA RIVER,Bura Sub County,Sala Ward,representative_point_in_hdx_polygon,high,geoBoundaries current gbOpen KEN ADM3 API release,HDX Administrative Wards in Kenya 1450
90231094B58023830704752,Maeni,ADM3,gbOpen,2020,ZZrtQfVb4kP,KGHhQ5GLd4k,AphsS3lJwKU,1637,Bungoma,Kimilili Sub County,Maeni Ward,representative_point_in_hdx_polygon,high,geoBoundaries current gbOpen KEN ADM3 API release,HDX Administrative Wards in Kenya 1450
90231094B85339313523342,Murera,ADM3,gbOpen,2020,OW3dhCE5nw8,qKzosKQPl6G,aiqi2bz0IMI,2229,Kiambu,Juja Sub County,Murera Ward,representative_point_in_hdx_polygon,high,geoBoundaries current gbOpen KEN ADM3 API release,HDX Administrative Wards in Kenya 1450
90231094B60626332388300,North Maragoli,ADM3,gbOpen,2020,m9cV82YWKBf,sANMZ3lpqGs,urtJSF5jcBC,1580,Vihiga,Sabatia Sub County,North Maragoli Ward,representative_point_in_hdx_polygon,high,geoBoundaries current gbOpen KEN ADM3 API release,HDX Administrative Wards in Kenya 1450
90231094B18568746529,Kyeleni,ADM3,gbOpen,2020,XgDHRzDJYER,yhCUgGcCcOo,GnixPSqaV6D,1513,Machakos,Matungulu Sub County,Kyeleni Ward,representative_point_in_hdx_polygon,high,geoBoundaries current gbOpen KEN ADM3 API release,HDX Administrative Wards in Kenya 1450
90231094B11203570058444,Murarandia,ADM3,gbOpen,2020,d0uIgkgHOaB,ahwTMNAJvrL,VDlzh6w4LKv,2103,Muranga,Kiharu Sub County,Murarandia Ward,representative_point_in_hdx_polygon,high,geoBoundaries current gbOpen KEN ADM3 API release,HDX Administrative Wards in Kenya 1450
90231094B16452129734235,Kijabe,ADM3,gbOpen,2020,oA6eNmEvCaj,qKzosKQPl6G,nCziQtZ49jj,2217,Kiambu,Lari Sub County,Kijabe Ward,representative_point_in_hdx_polygon,high,geoBoundaries current gbOpen KEN ADM3 API release,HDX Administrative Wards in Kenya 1450
90231094B19335611699044,Theta,ADM3,gbOpen,2020,fxLikKorklY,qKzosKQPl6G,aiqi2bz0IMI,2230,Kiambu,Juja Sub County,Theta Ward,representative_point_in_hdx_polygon,high,geoBoundaries current gbOpen KEN ADM3 API release,HDX Administrative Wards in Kenya 1450
90231094B60748474178465,Umoja I,ADM3,gbOpen,2020,ivNrlSMRNra,jkG3zaihdSs,aCwUX5V42Zz,2068,Nairobi,Embakasi West Sub County,Umoja Ii Ward,representative_point_in_hdx_polygon,high,geoBoundaries current gbOpen KEN ADM3 API release,HDX Administrative Wards in Kenya 1450
90231094B19789870646638,Kalawa,ADM3,gbOpen,2020,EQCXKT8S5SE,BoDytkJQ4Qi,jxjGWCdfsib,416,MAKUENI,Mbooni  Sub County,Kalawa/ Kathulumbi Ward,representative_point_in_hdx_polygon,high,geoBoundaries current gbOpen KEN ADM3 API release,HDX Administrative Wards in Kenya 1450
90231094B96764998516511,Nkaimurunya,ADM3,gbOpen,2020,xvmwT1IuPuK,Hsk1YV8kHkT,BLz1HkvvMkA,914,KAJIADO,Kajiado North Sub County,Oloolua Ward,representative_point_in_hdx_polygon,high,geoBoundaries current gbOpen KEN ADM3 API release,HDX Administrative Wards in Kenya 1450
90231094B85403708288505,Imaroro,ADM3,gbOpen,2020,ZvbwkucYq4T,Hsk1YV8kHkT,g6gTzQ5nfYq,925,KAJIADO,Kajiado East Sub County,Imaroro Ward,representative_point_in_hdx_polygon,high,geoBoundaries current gbOpen KEN ADM3 API release,HDX Administrative Wards in Kenya 1450
90231094B83145194737428,Terik,ADM3,gbOpen,2020,ojy9ffncq0R,t0J75eHKxz5,Sq2fLWnOCGg,756,NANDI,Aldai Sub County,Terik Ward,representative_point_in_hdx_polygon,high,geoBoundaries current gbOpen KEN ADM3 API release,HDX Administrative Wards in Kenya 1450
90231094B52299819407473,Kipchimchim,ADM3,gbOpen,2020,pI2ju7BZsfE,ihZsJ8alvtb,GshNTMZJ5r1,948,KERICHO,Ainamoi Sub County,Kipchimchim Ward,representative_point_in_hdx_polygon,high,geoBoundaries current gbOpen KEN ADM3 API release,HDX Administrative Wards in Kenya 1450
90231094B90495240373019,Musikoma,ADM3,gbOpen,2020,jmsoF18bsh0,KGHhQ5GLd4k,CUjthlounWV,1624,Bungoma,Kanduyi Sub County,Musikoma Ward,representative_point_in_hdx_polygon,high,geoBoundaries current gbOpen KEN ADM3 API release,HDX Administrative Wards in Kenya 1450
90231094B91528908109900,Bogusero,ADM3,gbOpen,2020,rWETDR5My3k,sPkRcDvhGWA,gPR82w2xgJZ,2003,Kisii,Kitutu Chache South Sub County,Bogusero Ward,representative_point_in_hdx_polygon,high,geoBoundaries current gbOpen KEN ADM3 API release,HDX Administrative Wards in Kenya 1450
90231094B33574502733919,Amalo,ADM3,gbOpen,2020,okaRgHkp8W5,ob6SxuRcqU4,QwGkDS0DNls,1763,Nakuru,Kuresoi South  Sub County,Amalo Ward,representative_point_in_hdx_polygon,high,geoBoundaries current gbOpen KEN ADM3 API release,HDX Administrative Wards in Kenya 1450
90231094B24105967638592,South Kasipul,ADM3,gbOpen,2020,xiP5RKdvPTn,nK0A12Q7MvS,NhsAMiaS0TD,1536,Homa Bay,Kasipul Sub County,South Kasipul Ward,representative_point_in_hdx_polygon,high,geoBoundaries current gbOpen KEN ADM3 API release,HDX Administrative Wards in Kenya 1450
90231094B28160612658093,Ingostse-Mathia,ADM3,gbOpen,2020,px3RqXi1FU6,BjC1xL40gHo,G6PJ5kFVAuO,1669,Kakamega,Navakholo Sub County,Ingoste-matiha Ward,representative_point_in_hdx_polygon,high,geoBoundaries current gbOpen KEN ADM3 API release,HDX Administrative Wards in Kenya 1450
90231094B98554493463225,Tulimani,ADM3,gbOpen,2020,FNq96CChp6E,BoDytkJQ4Qi,jxjGWCdfsib,411,MAKUENI,Mbooni  Sub County,Tulimani Ward,representative_point_in_hdx_polygon,high,geoBoundaries current gbOpen KEN ADM3 API release,HDX Administrative Wards in Kenya 1450
90231094B54026167169962,Kibauni,ADM3,gbOpen,2020,vzUXLmjcQsv,yhCUgGcCcOo,fYYivceocJ2,1534,Machakos,Mwala Sub County,Kibauni Ward,representative_point_in_hdx_polygon,high,geoBoundaries current gbOpen KEN ADM3 API release,HDX Administrative Wards in Kenya 1450
90231094B79320166211738,Megun,ADM3,gbOpen,2020,gQ7WBbu9IbN,pZqQRRW7PHP,u9yagZzK49q,2152,Uasin Gishu,Kapseret Sub County,Megun Ward,representative_point_in_hdx_polygon,high,geoBoundaries current gbOpen KEN ADM3 API release,HDX Administrative Wards in Kenya 1450
90231094B51276224024955,Ol'Lessos,ADM3,gbOpen,2020,w0ljXC7o4Rd,t0J75eHKxz5,W6Err8cQf5J,763,NANDI,Nandi East Sub County,Ol'lessos Ward,representative_point_in_hdx_polygon,high,geoBoundaries current gbOpen KEN ADM3 API release,HDX Administrative Wards in Kenya 1450
90231094B75645065892088,Githiga,ADM3,gbOpen,2020,pgF7Kz2WZPu,xuFdFy6t9AH,pXbWrnFPpKb,813,LAIKIPIA,Laikipia West Sub County,Githiga Ward,representative_point_in_hdx_polygon,high,geoBoundaries current gbOpen KEN ADM3 API release,HDX Administrative Wards in Kenya 1450
90231094B4236534062204,Kedowa/Kimugul,ADM3,gbOpen,2020,tqCrm5nojsI,ihZsJ8alvtb,gU0Cz7Qlfss,937,KERICHO,Kipkelion East Sub County,Kedowa/kimugul Ward,representative_point_in_hdx_polygon,high,geoBoundaries current gbOpen KEN ADM3 API release,HDX Administrative Wards in Kenya 1450
90231094B53128322019724,Rong'E,ADM3,gbOpen,2020,px49ejbHkuk,QyGNX2DpR4h,IBDoGsLdhvt,120,TAITA TAVETA,Mwatate Sub County,Ronge Ward,representative_point_in_hdx_polygon,high,geoBoundaries current gbOpen KEN ADM3 API release,HDX Administrative Wards in Kenya 1450
90231094B64509414174773,Kwa,ADM3,gbOpen,2020,YKABD0bh2a7,fVra3Pwta0Q,nHEr5EciFh0,1465,Migori,Suna East Sub County,Kwa Ward,representative_point_in_hdx_polygon,high,geoBoundaries current gbOpen KEN ADM3 API release,HDX Administrative Wards in Kenya 1450
90231094B39396912379159,Jepkoyai,ADM3,gbOpen,2020,USg05TR1JwK,sANMZ3lpqGs,BXaq5PxSfz2,1587,Vihiga,Hamisi Sub County,Jepkoyai Ward,representative_point_in_hdx_polygon,high,geoBoundaries current gbOpen KEN ADM3 API release,HDX Administrative Wards in Kenya 1450
90231094B69208941929889,Tapsagoi,ADM3,gbOpen,2020,w6dTkyKAgzB,pZqQRRW7PHP,KuprsuBe1l0,2136,Uasin Gishu,Turbo Sub County,Tapsagoi Ward,representative_point_in_hdx_polygon,high,geoBoundaries current gbOpen KEN ADM3 API release,HDX Administrative Wards in Kenya 1450
90231094B26324425679176,Mirangine,ADM3,gbOpen,2020,QFG9oFhHG2F,mYZacFNIB3h,Lm9RMwhIu3G,455,NYANDARUA,Olkalou Sub County,Mirangine Ward,representative_point_in_hdx_polygon,high,geoBoundaries current gbOpen KEN ADM3 API release,HDX Administrative Wards in Kenya 1450
90231094B73496375710842,Mbeu,ADM3,gbOpen,2020,diFMjWsMQda,Y52XNJ50hYb,Q4xAPhWUnYC,270,MERU,Tigania West Sub County,Mbeu Ward,representative_point_in_hdx_polygon,high,geoBoundaries current gbOpen KEN ADM3 API release,HDX Administrative Wards in Kenya 1450
90231094B1337157862833,Karare,ADM3,gbOpen,2020,MhwOKHDNTsU,Eey8fT4Im3y,WILszL634oZ,234,MARSABIT,SAKU,KARARE,representative_point_in_hdx_polygon,high,geoBoundaries current gbOpen KEN ADM3 API release,HDX Administrative Wards in Kenya 1450
90231094B31069077946307,Akirang'Ondu,ADM3,gbOpen,2020,CsVYL5oWdjy,Y52XNJ50hYb,TPfcUHno8oP,256,MERU,Igembe Central Sub County,Akirang'ondu Ward,representative_point_in_hdx_polygon,high,geoBoundaries current gbOpen KEN ADM3 API release,HDX Administrative Wards in Kenya 1450
90231094B75211431074013,Kipreres,ADM3,gbOpen,2020,dDmN1rie0ij,HMNARUV2CW4,OZNRpww2TUK,2261,Bomet,Bomet East Sub County,Kipreres  Ward,representative_point_in_hdx_polygon,high,geoBoundaries current gbOpen KEN ADM3 API release,HDX Administrative Wards in Kenya 1450
90231094B14510361655663,Kamahuha,ADM3,gbOpen,2020,H7KVdIvj4Sp,ahwTMNAJvrL,l46g2PZUjoh,2113,Muranga,Muranga South Sub County,Kamahuhu Ward,representative_point_in_hdx_polygon,high,geoBoundaries current gbOpen KEN ADM3 API release,HDX Administrative Wards in Kenya 1450
90231094B75585634410502,Mbooni,ADM3,gbOpen,2020,kbwrNLg8qn9,BoDytkJQ4Qi,jxjGWCdfsib,413,MAKUENI,Mbooni  Sub County,Kithungo/Kitundu Ward,representative_point_in_hdx_polygon,high,geoBoundaries current gbOpen KEN ADM3 API release,HDX Administrative Wards in Kenya 1450
90231094B45237070868444,Wangchieng,ADM3,gbOpen,2020,RcF7TZ3ciq5,nK0A12Q7MvS,fmsyW02tPng,1549,Homa Bay,Karachuonyo Sub County,Wang'chieng Ward,representative_point_in_hdx_polygon,high,geoBoundaries current gbOpen KEN ADM3 API release,HDX Administrative Wards in Kenya 1450
90231094B87146590240902,Tsimba Golini,ADM3,gbOpen,2020,HLbG24kuSHF,N7YETT3A9r1,wUNEDOnx9uB,1898,Kwale,Matuga Sub County,Tsimba Golini Ward,representative_point_in_hdx_polygon,high,geoBoundaries current gbOpen KEN ADM3 API release,HDX Administrative Wards in Kenya 1450
90231094B35542989729146,West Bunyore,ADM3,gbOpen,2020,HxODkmO42Nw,sANMZ3lpqGs,Lpy789vqRC6,1595,Vihiga,Emuhaya Sub County,West Bunyore Ward,representative_point_in_hdx_polygon,high,geoBoundaries current gbOpen KEN ADM3 API release,HDX Administrative Wards in Kenya 1450
90231094B62004888248056,Chemelil,ADM3,gbOpen,2020,WzjCQ2bnOk7,tAbBVBbueqD,NmbwkQ5r5cB,1936,Kisumu,Muhoroni Sub County,Chemelil Ward,representative_point_in_hdx_polygon,high,geoBoundaries current gbOpen KEN ADM3 API release,HDX Administrative Wards in Kenya 1450
90231094B94594087634999,Ilkerin,ADM3,gbOpen,2020,lQwlJ2oi5zA,kqJ83J2D72s,PGTkGnIAZuy,2164,Narok,Transmara East Sub County,Iikerin Ward,representative_point_in_hdx_polygon,high,geoBoundaries current gbOpen KEN ADM3 API release,HDX Administrative Wards in Kenya 1450
90231094B39076591101651,Kiptuya,ADM3,gbOpen,2020,KfApxlzUoLn,t0J75eHKxz5,xLWuQq3DjOR,769,NANDI,Chesumei Sub County,Kiptuiya Ward,representative_point_in_hdx_polygon,high,geoBoundaries current gbOpen KEN ADM3 API release,HDX Administrative Wards in Kenya 1450
90231094B44271438653412,Mwarakaya,ADM3,gbOpen,2020,sWZmeA6lkx9,nrI2khZx3d0,xWAZBULwGxp,1833,Kilifi,Kilifi South Sub County,Mwarakaya Ward,representative_point_in_hdx_polygon,high,geoBoundaries current gbOpen KEN ADM3 API release,HDX Administrative Wards in Kenya 1450
90231094B25814489301774,Bukira East,ADM3,gbOpen,2020,lOqK0cwQKaH,fVra3Pwta0Q,jtBjNpL9FXS,1482,Migori,Kuria West Sub County,Bukira East Ward,representative_point_in_hdx_polygon,high,geoBoundaries current gbOpen KEN ADM3 API release,HDX Administrative Wards in Kenya 1450
90231094B79304129816245,Bomwagamo,ADM3,gbOpen,2020,Z4MKjHrF1wJ,uepLTG8wGWJ,v5qbFUgfIoF,1957,Nyamira,Nyamira North Sub County,Bomwagamo Ward,representative_point_in_hdx_polygon,high,geoBoundaries current gbOpen KEN ADM3 API release,HDX Administrative Wards in Kenya 1450
90231094B49145648479018,Muthithi,ADM3,gbOpen,2020,qe32Mlgh56x,ahwTMNAJvrL,tyfDsdZ1h3R,2106,Muranga,Kigumo Sub County,Muthithi Ward,representative_point_in_hdx_polygon,high,geoBoundaries current gbOpen KEN ADM3 API release,HDX Administrative Wards in Kenya 1450
90231094B39443808025399,Tindiret,ADM3,gbOpen,2020,f2OJrvgkEuq,t0J75eHKxz5,NPYRMdqrK6L,752,NANDI,Tinderet Sub County,Tinderet Ward,representative_point_in_hdx_polygon,high,geoBoundaries current gbOpen KEN ADM3 API release,HDX Administrative Wards in Kenya 1450
90231094B86457022265911,West Sakwa,ADM3,gbOpen,2020,nLwQA56EFmD,fVra3Pwta0Q,ka9Uv3Ckcbd,1460,Migori,Awendo Sub County,West Sakwa Ward,representative_point_in_hdx_polygon,high,geoBoundaries current gbOpen KEN ADM3 API release,HDX Administrative Wards in Kenya 1450
90231094B21338317397489,Cheptororiet/Seretut,ADM3,gbOpen,2020,d45kXzPbKzk,ihZsJ8alvtb,YnIAWg1T4AY,959,KERICHO,Belgut Sub County,Cheptororiet/seretut Ward,representative_point_in_hdx_polygon,high,geoBoundaries current gbOpen KEN ADM3 API release,HDX Administrative Wards in Kenya 1450
90231094B2011048921856,Bwiri,ADM3,gbOpen,2020,fKK4JksHULe,Tvf1zgVZ0K4,NHRktMsAkO1,1735,Busia,Samia Sub County,Bwiri Ward,representative_point_in_hdx_polygon,high,geoBoundaries current gbOpen KEN ADM3 API release,HDX Administrative Wards in Kenya 1450
90231094B79443790003176,Lare,ADM3,gbOpen,2020,BB9s4d9DV70,ob6SxuRcqU4,gSJXzH1DM75,1748,Nakuru,Njoro  Sub County,Lare Ward,representative_point_in_hdx_polygon,high,geoBoundaries current gbOpen KEN ADM3 API release,HDX Administrative Wards in Kenya 1450
90231094B78200538295292,Bunyala West,ADM3,gbOpen,2020,soqBddsWHf5,BjC1xL40gHo,G6PJ5kFVAuO,1671,Kakamega,Navakholo Sub County,Bunyala West Ward,representative_point_in_hdx_polygon,high,geoBoundaries current gbOpen KEN ADM3 API release,HDX Administrative Wards in Kenya 1450
90231094B7292405942891,Ntimaru West,ADM3,gbOpen,2020,dkHXkFhXXxJ,fVra3Pwta0Q,THm2tCJa2ZQ,1490,Migori,Kuria East Sub County,Ntimaru West Ward,representative_point_in_hdx_polygon,high,geoBoundaries current gbOpen KEN ADM3 API release,HDX Administrative Wards in Kenya 1450
90231094B60409153178291,Gachuba,ADM3,gbOpen,2020,PLayyGokkLa,uepLTG8wGWJ,Qn5Fff2lIDz,1946,Nyamira,Masaba North Sub County,Gachuba Ward,representative_point_in_hdx_polygon,high,geoBoundaries current gbOpen KEN ADM3 API release,HDX Administrative Wards in Kenya 1450
90231094B35517493415210,Kisau/Kiteta,ADM3,gbOpen,2020,Y9QRNvbj4ig,BoDytkJQ4Qi,jxjGWCdfsib,414,MAKUENI,Mbooni  Sub County,Kiteta-Kisau Ward,representative_point_in_hdx_polygon,high,geoBoundaries current gbOpen KEN ADM3 API release,HDX Administrative Wards in Kenya 1450
90231094B74248886990715,Mukogondo West,ADM3,gbOpen,2020,Zrkf6cQj2AP,xuFdFy6t9AH,RJyUfi5BQUm,824,LAIKIPIA,Laikipia North Sub County,Mugogodo West Ward,representative_point_in_hdx_polygon,high,geoBoundaries current gbOpen KEN ADM3 API release,HDX Administrative Wards in Kenya 1450
90231094B60866713974235,Abogeta West,ADM3,gbOpen,2020,auJK9sKTX9b,Y52XNJ50hYb,AFIlzKNxXST,294,MERU,Imenti South Sub County,Abogeta west Ward,representative_point_in_hdx_polygon,high,geoBoundaries current gbOpen KEN ADM3 API release,HDX Administrative Wards in Kenya 1450
90231094B95684103183639,Bumula,ADM3,gbOpen,2020,dOJaTypeyA9,KGHhQ5GLd4k,jkQZEow83MX,1614,Bungoma,Bumula Sub County,Bumula Ward,representative_point_in_hdx_polygon,high,geoBoundaries current gbOpen KEN ADM3 API release,HDX Administrative Wards in Kenya 1450
90231094B55840095196075,Kariti,ADM3,gbOpen,2020,LAhI3yCEdB1,Ulj33KBau7V,A34NiI4rgnf,511,KIRINYAGA,Kirinyaga West Sub County,Kariti Ward,representative_point_in_hdx_polygon,high,geoBoundaries current gbOpen KEN ADM3 API release,HDX Administrative Wards in Kenya 1450
90231094B71281626819935,Gesusu,ADM3,gbOpen,2020,GC3CIljaAjo,sPkRcDvhGWA,A6Sj8RumZ0m,1991,Kisii,Nyaribari Masaba Sub County,Gesusu Ward,representative_point_in_hdx_polygon,high,geoBoundaries current gbOpen KEN ADM3 API release,HDX Administrative Wards in Kenya 1450
90231094B28427463561730,East Kanyamkago,ADM3,gbOpen,2020,IgyJtGgB69M,fVra3Pwta0Q,fCInDXluNhx,1474,Migori,Uriri Sub County,East Kanyamkago Ward,representative_point_in_hdx_polygon,high,geoBoundaries current gbOpen KEN ADM3 API release,HDX Administrative Wards in Kenya 1450
90231094B93179897151444,Kisii Central,ADM3,gbOpen,2020,IO0zXx5HVO2,sPkRcDvhGWA,fFh3beH29fD,1994,Kisii,Nyaribari Chache  Sub County,Kisii Central Ward,representative_point_in_hdx_polygon,high,geoBoundaries current gbOpen KEN ADM3 API release,HDX Administrative Wards in Kenya 1450
90231094B58429468294412,Makima,ADM3,gbOpen,2020,AoN9iYrVOUP,PFu8alU2KWG,AvnM6jKoocs,324,EMBU,Mbeere South  Sub County,Makima Ward,representative_point_in_hdx_polygon,high,geoBoundaries current gbOpen KEN ADM3 API release,HDX Administrative Wards in Kenya 1450
90231094B27407125614544,Akithii,ADM3,gbOpen,2020,bYsajNCrCgY,Y52XNJ50hYb,Q4xAPhWUnYC,267,MERU,Tigania West Sub County,Akithii Ward,representative_point_in_hdx_polygon,high,geoBoundaries current gbOpen KEN ADM3 API release,HDX Administrative Wards in Kenya 1450
90231094B69151580461857,Mahiakalo,ADM3,gbOpen,2020,OikFajghArn,BjC1xL40gHo,Y3NjAhiBaZT,1667,Kakamega,Lurambi Sub County,Mahiakalo Ward,representative_point_in_hdx_polygon,high,geoBoundaries current gbOpen KEN ADM3 API release,HDX Administrative Wards in Kenya 1450
90231094B74554239153993,Nachu,ADM3,gbOpen,2020,gFLRh6j7pBd,qKzosKQPl6G,jOVcLeZQSsS,2207,Kiambu,Kikuyu Sub County,Nachu Ward,representative_point_in_hdx_polygon,high,geoBoundaries current gbOpen KEN ADM3 API release,HDX Administrative Wards in Kenya 1450
90231094B14618735879905,Bahati,ADM3,gbOpen,2020,oK2KwbL5Dzx,ob6SxuRcqU4,nwh9bXKykiS,1783,Nakuru,Nakuru North  Sub County,Bahati Ward,representative_point_in_hdx_polygon,high,geoBoundaries current gbOpen KEN ADM3 API release,HDX Administrative Wards in Kenya 1450
90231094B86321770441724,Kimilili,ADM3,gbOpen,2020,E9RhI4J0cKC,KGHhQ5GLd4k,AphsS3lJwKU,1636,Bungoma,Kimilili Sub County,Kimilili Ward,representative_point_in_hdx_polygon,high,geoBoundaries current gbOpen KEN ADM3 API release,HDX Administrative Wards in Kenya 1450
90231094B69292789570710,Dertu,ADM3,gbOpen,2020,s9YsYYqvjAs,uyOrcHZBpW0,EW4Jw4dVWBt,146,GARISSA,Dadaab Sub County,Dertu Ward,representative_point_in_hdx_polygon,high,geoBoundaries current gbOpen KEN ADM3 API release,HDX Administrative Wards in Kenya 1450
90231094B13015920988740,Manyatta 'B',ADM3,gbOpen,2020,UqLylL8NY0G,tAbBVBbueqD,OpLt8IgyHop,1922,Kisumu,Kisumu Central Sub County,Shauri Moyo Kaloleni Ward,representative_point_in_hdx_polygon,high,geoBoundaries current gbOpen KEN ADM3 API release,HDX Administrative Wards in Kenya 1450
90231094B5056976343760,Lumakanda,ADM3,gbOpen,2020,F2TBdrJClsv,BjC1xL40gHo,ZOdhgR19Akq,1647,Kakamega,Lugari Sub County,Lumakanda Ward,representative_point_in_hdx_polygon,high,geoBoundaries current gbOpen KEN ADM3 API release,HDX Administrative Wards in Kenya 1450
90231094B12982416022579,Isibania,ADM3,gbOpen,2020,ItjmRWn5IsE,fVra3Pwta0Q,jtBjNpL9FXS,1484,Migori,Kuria West Sub County,Isibania Ward,representative_point_in_hdx_polygon,high,geoBoundaries current gbOpen KEN ADM3 API release,HDX Administrative Wards in Kenya 1450
90231094B84891645322554,Bunyala Central,ADM3,gbOpen,2020,L8VRh5JlUik,Tvf1zgVZ0K4,zI6vnsXresW,1736,Busia,Bunyala Sub County,Bunyala Central Ward,representative_point_in_hdx_polygon,high,geoBoundaries current gbOpen KEN ADM3 API release,HDX Administrative Wards in Kenya 1450
90231094B77077976486302,Chepyuk,ADM3,gbOpen,2020,dnN8o6fbT5I,KGHhQ5GLd4k,NZphHeczehh,1602,Bungoma,Cheptais Sub County,Chepyuk Ward,representative_point_in_hdx_polygon,high,geoBoundaries current gbOpen KEN ADM3 API release,HDX Administrative Wards in Kenya 1450
90231094B95647795944834,Namamali,ADM3,gbOpen,2020,LaVcN8NDdNa,BjC1xL40gHo,ssbO49f0iLN,1685,Kakamega,Matungu Sub County,Namamali Ward,representative_point_in_hdx_polygon,high,geoBoundaries current gbOpen KEN ADM3 API release,HDX Administrative Wards in Kenya 1450
90231094B75617333321725,Subukia,ADM3,gbOpen,2020,obOP2eWg8EX,ob6SxuRcqU4,zQEuNRaPYgE,1771,Nakuru,Subukia  Sub County,Subukia Ward,representative_point_in_hdx_polygon,high,geoBoundaries current gbOpen KEN ADM3 API release,HDX Administrative Wards in Kenya 1450
90231094B30027235245842,Kiplombe,ADM3,gbOpen,2020,U9vp5b6AuGm,pZqQRRW7PHP,KuprsuBe1l0,2138,Uasin Gishu,Turbo Sub County,Kiplombe Ward,representative_point_in_hdx_polygon,high,geoBoundaries current gbOpen KEN ADM3 API release,HDX Administrative Wards in Kenya 1450
90231094B32655551160472,Ikutha,ADM3,gbOpen,2020,hwHZgY7hwgN,j8o6iO4Njsi,d3hSQ3EtnPk,368,KITUI,Kitui South Sub County,Ikutha Ward,representative_point_in_hdx_polygon,high,geoBoundaries current gbOpen KEN ADM3 API release,HDX Administrative Wards in Kenya 1450
90231094B5180294387125,Sensi,ADM3,gbOpen,2020,SmXNTLIxvM0,sPkRcDvhGWA,cQkF9l9wePP,2000,Kisii,Kitutu Chache North Sub County,Sensi Ward,representative_point_in_hdx_polygon,high,geoBoundaries current gbOpen KEN ADM3 API release,HDX Administrative Wards in Kenya 1450
90231094B92610946067992,Kabiro,ADM3,gbOpen,2020,arZgeTW65s5,jkG3zaihdSs,CcTr4bcVGAG,2013,Nairobi,Dagoretti North Sub County,Kawangware Ward,representative_point_in_hdx_polygon,high,geoBoundaries current gbOpen KEN ADM3 API release,HDX Administrative Wards in Kenya 1450
90231094B75588907234312,Elugulu,ADM3,gbOpen,2020,rIwgAyjb2JZ,Tvf1zgVZ0K4,RIBiZFJxB1K,1731,Busia,Butula Sub County,Elugulu Ward,representative_point_in_hdx_polygon,high,geoBoundaries current gbOpen KEN ADM3 API release,HDX Administrative Wards in Kenya 1450
90231094B42284571565053,Kitengela,ADM3,gbOpen,2020,L6v0cndEtYB,Hsk1YV8kHkT,g6gTzQ5nfYq,922,KAJIADO,Kajiado East Sub County,Kitengela Ward,representative_point_in_hdx_polygon,high,geoBoundaries current gbOpen KEN ADM3 API release,HDX Administrative Wards in Kenya 1450
90231094B89761899373321,Tebere,ADM3,gbOpen,2020,qrCcjRw4mdw,Ulj33KBau7V,jHmpQUlnkQk,503,KIRINYAGA,Kirinyaga South Sub County,Tebere Ward,representative_point_in_hdx_polygon,high,geoBoundaries current gbOpen KEN ADM3 API release,HDX Administrative Wards in Kenya 1450
90231094B6787171130496,Sergoit,ADM3,gbOpen,2020,TCTO059sj6I,pZqQRRW7PHP,q8R0FA1hxnP,2142,Uasin Gishu,Moiben Sub County,Sergoit Ward,representative_point_in_hdx_polygon,high,geoBoundaries current gbOpen KEN ADM3 API release,HDX Administrative Wards in Kenya 1450
90231094B31264382471835,Ngewa,ADM3,gbOpen,2020,bkMHxVGDIcL,qKzosKQPl6G,E7tkGikenbD,2190,Kiambu,Githunguri Sub County,Ngewa Ward,representative_point_in_hdx_polygon,high,geoBoundaries current gbOpen KEN ADM3 API release,HDX Administrative Wards in Kenya 1450
90231094B89828583419438,Magutu,ADM3,gbOpen,2020,AZOhKeOxHR7,ptWVfaCIdVx,vznKK4IegIL,478,NYERI,Mathira East Sub County,Magutu Ward,representative_point_in_hdx_polygon,high,geoBoundaries current gbOpen KEN ADM3 API release,HDX Administrative Wards in Kenya 1450
90231094B47275676210718,Nguumo,ADM3,gbOpen,2020,ErVmSqffPmn,BoDytkJQ4Qi,toa2Hl7iVQI,432,MAKUENI,Kibwezi West  Sub County,Nguumo Ward,representative_point_in_hdx_polygon,high,geoBoundaries current gbOpen KEN ADM3 API release,HDX Administrative Wards in Kenya 1450
90231094B52402689820677,East Kabras,ADM3,gbOpen,2020,lZT0FbLOn0I,BjC1xL40gHo,ES1CWa4AJmJ,1658,Kakamega,Malava Sub County,East Kabras Ward,representative_point_in_hdx_polygon,high,geoBoundaries current gbOpen KEN ADM3 API release,HDX Administrative Wards in Kenya 1450
90231094B10944540881087,Ndarugu,ADM3,gbOpen,2020,BWRIH7ocbHB,qKzosKQPl6G,EcRytSSIkUq,2223,Kiambu,Gatundu South Sub County,Ndarugu Ward,representative_point_in_hdx_polygon,high,geoBoundaries current gbOpen KEN ADM3 API release,HDX Administrative Wards in Kenya 1450
90231094B94452543005072,Wusi/Kishamba,ADM3,gbOpen,2020,Xc5oMwMoQcz,QyGNX2DpR4h,IBDoGsLdhvt,124,TAITA TAVETA,Mwatate Sub County,Wusi/kishamba Ward,representative_point_in_hdx_polygon,high,geoBoundaries current gbOpen KEN ADM3 API release,HDX Administrative Wards in Kenya 1450
90231094B56875495394281,Gesima,ADM3,gbOpen,2020,sHxQtj2KMIR,uepLTG8wGWJ,Qn5Fff2lIDz,1950,Nyamira,Masaba North Sub County,Gesima Ward,representative_point_in_hdx_polygon,high,geoBoundaries current gbOpen KEN ADM3 API release,HDX Administrative Wards in Kenya 1450
90231094B76697919486518,Kapsasian,ADM3,gbOpen,2020,D9H082cdWsj,kqJ83J2D72s,PGTkGnIAZuy,2167,Narok,Transmara East Sub County,Kapsasian Ward,representative_point_in_hdx_polygon,high,geoBoundaries current gbOpen KEN ADM3 API release,HDX Administrative Wards in Kenya 1450
90231094B95008785497710,Ololulung'a,ADM3,gbOpen,2020,aoZxerJJSBz,kqJ83J2D72s,bnYzgzYe2Z7,2179,Narok,Narok South Sub County,Ololulung'a Ward,representative_point_in_hdx_polygon,high,geoBoundaries current gbOpen KEN ADM3 API release,HDX Administrative Wards in Kenya 1450
90231094B74683382640951,Kubo South,ADM3,gbOpen,2020,dQkHuP0kVjq,N7YETT3A9r1,wUNEDOnx9uB,1901,Kwale,Matuga Sub County,Kubo South Ward,representative_point_in_hdx_polygon,high,geoBoundaries current gbOpen KEN ADM3 API release,HDX Administrative Wards in Kenya 1450
90231094B1122473642374,Gombatobongwe,ADM3,gbOpen,2020,ByAmsolBen5,N7YETT3A9r1,ADMywdLwoRX,1890,Kwale,Msambweni Sub County,Gombato Bongwe Ward,representative_point_in_hdx_polygon,high,geoBoundaries current gbOpen KEN ADM3 API release,HDX Administrative Wards in Kenya 1450
90231094B58027541120438,Tirioko,ADM3,gbOpen,2020,HTbw8gm6kms,vvOK1BxTbet,Mk4bMOSMRTB,781,BARINGO,Tiaty Sub County,Tirioko Ward,representative_point_in_hdx_polygon,high,geoBoundaries current gbOpen KEN ADM3 API release,HDX Administrative Wards in Kenya 1450
90231094B64502106125821,Silale,ADM3,gbOpen,2020,k2oUoGgQ9Nd,vvOK1BxTbet,Mk4bMOSMRTB,784,BARINGO,Tiaty Sub County,Silale Ward,representative_point_in_hdx_polygon,high,geoBoundaries current gbOpen KEN ADM3 API release,HDX Administrative Wards in Kenya 1450
90231094B90774889939565,Ribkwo,ADM3,gbOpen,2020,XLsFzNATUQ2,vvOK1BxTbet,Mk4bMOSMRTB,783,BARINGO,Tiaty Sub County,Ribkwo Ward,representative_point_in_hdx_polygon,high,geoBoundaries current gbOpen KEN ADM3 API release,HDX Administrative Wards in Kenya 1450
90231094B22750057294785,Kolowa,ADM3,gbOpen,2020,LTWLjOZQMqk,vvOK1BxTbet,Mk4bMOSMRTB,782,BARINGO,Tiaty Sub County,Kolowa Ward,representative_point_in_hdx_polygon,high,geoBoundaries current gbOpen KEN ADM3 API release,HDX Administrative Wards in Kenya 1450
90231094B6566770506623,Bartabwa,ADM3,gbOpen,2020,Tdyu1iQYirq,vvOK1BxTbet,bqtTmWcikTN,792,BARINGO,Baringo North Sub County,Bartabwa Ward,representative_point_in_hdx_polygon,high,geoBoundaries current gbOpen KEN ADM3 API release,HDX Administrative Wards in Kenya 1450
90231094B9152126213665,Barwessa,ADM3,gbOpen,2020,OlKUTmnTY57,vvOK1BxTbet,bqtTmWcikTN,788,BARINGO,Baringo North Sub County,Barwessa Ward,representative_point_in_hdx_polygon,high,geoBoundaries current gbOpen KEN ADM3 API release,HDX Administrative Wards in Kenya 1450
90231094B59808057934242,Kisanana,ADM3,gbOpen,2020,LYDEE54oZAu,vvOK1BxTbet,k5sxmlXAtIg,804,BARINGO,Mogotio Sub County,Kisanana Ward,representative_point_in_hdx_polygon,high,geoBoundaries current gbOpen KEN ADM3 API release,HDX Administrative Wards in Kenya 1450
90231094B87239510062750,Mochongoi,ADM3,gbOpen,2020,RUfWwfXjF1B,vvOK1BxTbet,dSLnPmNlm8Q,800,BARINGO,Marigat Sub County,Mochongoi Ward,representative_point_in_hdx_polygon,high,geoBoundaries current gbOpen KEN ADM3 API release,HDX Administrative Wards in Kenya 1450
90231094B60742176454251,Mukutani,ADM3,gbOpen,2020,sPoq2HB87R1,vvOK1BxTbet,dSLnPmNlm8Q,801,BARINGO,Marigat Sub County,Mukutani Ward,representative_point_in_hdx_polygon,high,geoBoundaries current gbOpen KEN ADM3 API release,HDX Administrative Wards in Kenya 1450
90231094B75643044757248,Churo/Amaya,ADM3,gbOpen,2020,gF0VBsLJhxK,vvOK1BxTbet,Mk4bMOSMRTB,787,BARINGO,Tiaty Sub County,Churo/amaya Ward,representative_point_in_hdx_polygon,high,geoBoundaries current gbOpen KEN ADM3 API release,HDX Administrative Wards in Kenya 1450
90231094B4078565505100,Tangulbei/Korossi,ADM3,gbOpen,2020,i4HY1pMsQ4q,vvOK1BxTbet,Mk4bMOSMRTB,786,BARINGO,Tiaty Sub County,Tangulbei/korossi Ward,representative_point_in_hdx_polygon,high,geoBoundaries current gbOpen KEN ADM3 API release,HDX Administrative Wards in Kenya 1450
90231094B79690533193545,Loiyamorock,ADM3,gbOpen,2020,A7kJTCLxqNq,vvOK1BxTbet,Mk4bMOSMRTB,785,BARINGO,Tiaty Sub County,Loiyamorok Ward,representative_point_in_hdx_polygon,high,geoBoundaries current gbOpen KEN ADM3 API release,HDX Administrative Wards in Kenya 1450
90231094B26856641346666,Kabarnet,ADM3,gbOpen,2020,Kn2aiEXbw5B,vvOK1BxTbet,k7Rj54u6dMx,793,BARINGO,Baringo Central Sub County,Kabarnet Ward,representative_point_in_hdx_polygon,high,geoBoundaries current gbOpen KEN ADM3 API release,HDX Administrative Wards in Kenya 1450
90231094B95388386311610,Kapropita,ADM3,gbOpen,2020,er24ckvh14d,vvOK1BxTbet,k7Rj54u6dMx,797,BARINGO,Baringo Central Sub County,Kapropita Ward,representative_point_in_hdx_polygon,high,geoBoundaries current gbOpen KEN ADM3 API release,HDX Administrative Wards in Kenya 1450
90231094B92763555437690,Sacho,ADM3,gbOpen,2020,X0OCKVcartn,vvOK1BxTbet,k7Rj54u6dMx,794,BARINGO,Baringo Central Sub County,Sacho Ward,representative_point_in_hdx_polygon,high,geoBoundaries current gbOpen KEN ADM3 API release,HDX Administrative Wards in Kenya 1450
90231094B86811616152147,Tenges,ADM3,gbOpen,2020,l7Lt0CsaQGl,vvOK1BxTbet,k7Rj54u6dMx,795,BARINGO,Baringo Central Sub County,Tenges Ward,representative_point_in_hdx_polygon,high,geoBoundaries current gbOpen KEN ADM3 API release,HDX Administrative Wards in Kenya 1450
90231094B67800678810114,Mogotio,ADM3,gbOpen,2020,duv5obCpRzb,vvOK1BxTbet,k5sxmlXAtIg,802,BARINGO,Mogotio Sub County,Mogotio Ward,representative_point_in_hdx_polygon,high,geoBoundaries current gbOpen KEN ADM3 API release,HDX Administrative Wards in Kenya 1450
90231094B71295842194052,Emining,ADM3,gbOpen,2020,uhTYg7CLmOd,vvOK1BxTbet,k5sxmlXAtIg,803,BARINGO,Mogotio Sub County,Emining Ward,representative_point_in_hdx_polygon,high,geoBoundaries current gbOpen KEN ADM3 API release,HDX Administrative Wards in Kenya 1450
90231094B71578476945151,Marigat,ADM3,gbOpen,2020,bVD6U8Bf6As,vvOK1BxTbet,dSLnPmNlm8Q,798,BARINGO,Marigat Sub County,Marigat Ward,representative_point_in_hdx_polygon,high,geoBoundaries current gbOpen KEN ADM3 API release,HDX Administrative Wards in Kenya 1450
90231094B14329651171146,Ewalel Chapchap,ADM3,gbOpen,2020,Uq1zAqIJXv3,vvOK1BxTbet,k7Rj54u6dMx,796,BARINGO,Baringo Central Sub County,Ewalel/chapchap Ward,representative_point_in_hdx_polygon,high,geoBoundaries current gbOpen KEN ADM3 API release,HDX Administrative Wards in Kenya 1450
90231094B20136704390811,Saimo/Soi,ADM3,gbOpen,2020,SRnkv6Fgvoh,vvOK1BxTbet,bqtTmWcikTN,791,BARINGO,Baringo North Sub County,Saimo/soi Ward,representative_point_in_hdx_polygon,high,geoBoundaries current gbOpen KEN ADM3 API release,HDX Administrative Wards in Kenya 1450
90231094B99525238742267,Saimo/Kipsaraman,ADM3,gbOpen,2020,PS4XNPha7bO,vvOK1BxTbet,bqtTmWcikTN,790,BARINGO,Baringo North Sub County,Saimoi/kipsaraman Ward,representative_point_in_hdx_polygon,high,geoBoundaries current gbOpen KEN ADM3 API release,HDX Administrative Wards in Kenya 1450
90231094B31774759273473,Kabartonjo,ADM3,gbOpen,2020,hOymt7wmmCI,vvOK1BxTbet,bqtTmWcikTN,789,BARINGO,Baringo North Sub County,Kabartonjo Ward,representative_point_in_hdx_polygon,high,geoBoundaries current gbOpen KEN ADM3 API release,HDX Administrative Wards in Kenya 1450
90231094B62807355379928,Lembus,ADM3,gbOpen,2020,KUL5AR13rwy,vvOK1BxTbet,Yl9UDBnDvvW,805,BARINGO,Koibatek Sub County,Lembus Ward,representative_point_in_hdx_polygon,high,geoBoundaries current gbOpen KEN ADM3 API release,HDX Administrative Wards in Kenya 1450
90231094B34975680309069,Lembus Kwen,ADM3,gbOpen,2020,YoFhsT3n9Ln,vvOK1BxTbet,Yl9UDBnDvvW,806,BARINGO,Koibatek Sub County,Lembus kwen Ward,representative_point_in_hdx_polygon,high,geoBoundaries current gbOpen KEN ADM3 API release,HDX Administrative Wards in Kenya 1450
90231094B7016317128366,Lembus/Perkerra,ADM3,gbOpen,2020,NmgTZ010rTT,vvOK1BxTbet,Yl9UDBnDvvW,809,BARINGO,Koibatek Sub County,Lembus/Perkerra Ward,representative_point_in_hdx_polygon,high,geoBoundaries current gbOpen KEN ADM3 API release,HDX Administrative Wards in Kenya 1450
90231094B43052973917419,Koibatek,ADM3,gbOpen,2020,NFMLHmkjDil,vvOK1BxTbet,Yl9UDBnDvvW,810,BARINGO,Koibatek Sub County,Koibatek Ward,representative_point_in_hdx_polygon,high,geoBoundaries current gbOpen KEN ADM3 API release,HDX Administrative Wards in Kenya 1450
90231094B308132653628,Ravine,ADM3,gbOpen,2020,ikiFHlCFCCq,vvOK1BxTbet,Yl9UDBnDvvW,807,BARINGO,Koibatek Sub County,Ravine Ward,representative_point_in_hdx_polygon,high,geoBoundaries current gbOpen KEN ADM3 API release,HDX Administrative Wards in Kenya 1450
90231094B65253528183464,Mumberes/Maji Mazuri,ADM3,gbOpen,2020,b85TEdR4eRk,vvOK1BxTbet,Yl9UDBnDvvW,808,BARINGO,Koibatek Sub County,Mumberes/Maji Mazuri Ward,representative_point_in_hdx_polygon,high,geoBoundaries current gbOpen KEN ADM3 API release,HDX Administrative Wards in Kenya 1450
90231094B3144942060978,Sengwer,ADM3,gbOpen,2020,T8RJtzhGvHA,MqnLxQBigG0,fNCuk4Lpsnh,736,ELGEYO-MARAKWET,Marakwet West Sub County,Sengwer Ward,representative_point_in_hdx_polygon,high,geoBoundaries current gbOpen KEN ADM3 API release,HDX Administrative Wards in Kenya 1450
90231094B79891074449958,Endo,ADM3,gbOpen,2020,pwYHLOkW31r,MqnLxQBigG0,EZraJgLdRLX,733,ELGEYO-MARAKWET,Marakwet East sub-county,Endo Ward,representative_point_in_hdx_polygon,high,geoBoundaries current gbOpen KEN ADM3 API release,HDX Administrative Wards in Kenya 1450
90231094B32192064358299,Embobut /Embulot,ADM3,gbOpen,2020,u6ONpoWIV0d,MqnLxQBigG0,EZraJgLdRLX,734,ELGEYO-MARAKWET,Marakwet East sub-county,Embobut/Embulot Ward,representative_point_in_hdx_polygon,high,geoBoundaries current gbOpen KEN ADM3 API release,HDX Administrative Wards in Kenya 1450
90231094B80058409399509,Arror,ADM3,gbOpen,2020,nwXVUZOi5LN,MqnLxQBigG0,fNCuk4Lpsnh,740,ELGEYO-MARAKWET,Marakwet West Sub County,Arror Ward,representative_point_in_hdx_polygon,high,geoBoundaries current gbOpen KEN ADM3 API release,HDX Administrative Wards in Kenya 1450
90231094B25728606782151,Cherang'Any/Chebororwa,ADM3,gbOpen,2020,z5brnaiDs4p,MqnLxQBigG0,fNCuk4Lpsnh,737,ELGEYO-MARAKWET,Marakwet West Sub County,Cherangany  Ward,representative_point_in_hdx_polygon,high,geoBoundaries current gbOpen KEN ADM3 API release,HDX Administrative Wards in Kenya 1450
90231094B84533125443370,Lelan,ADM3,gbOpen,2020,qsljIZxApCc,MqnLxQBigG0,fNCuk4Lpsnh,735,ELGEYO-MARAKWET,Marakwet West Sub County,Lelan Ward,representative_point_in_hdx_polygon,high,geoBoundaries current gbOpen KEN ADM3 API release,HDX Administrative Wards in Kenya 1450
90231094B20424350857069,Kapyego,ADM3,gbOpen,2020,SNs5tEDSO0k,MqnLxQBigG0,EZraJgLdRLX,731,ELGEYO-MARAKWET,Marakwet East sub-county,Kapyego Ward,representative_point_in_hdx_polygon,high,geoBoundaries current gbOpen KEN ADM3 API release,HDX Administrative Wards in Kenya 1450
90231094B51064966968258,Sambirir,ADM3,gbOpen,2020,OvRvzstUL5A,MqnLxQBigG0,EZraJgLdRLX,732,ELGEYO-MARAKWET,Marakwet East sub-county,Sambirir Ward,representative_point_in_hdx_polygon,high,geoBoundaries current gbOpen KEN ADM3 API release,HDX Administrative Wards in Kenya 1450
90231094B65597572963621,Kapsowar,ADM3,gbOpen,2020,bxngHzifzKY,MqnLxQBigG0,fNCuk4Lpsnh,739,ELGEYO-MARAKWET,Marakwet West Sub County,Kapsowar Ward,representative_point_in_hdx_polygon,high,geoBoundaries current gbOpen KEN ADM3 API release,HDX Administrative Wards in Kenya 1450
90231094B85220407604939,Moiben/Kuserwo,ADM3,gbOpen,2020,aMEeDm5knkx,MqnLxQBigG0,fNCuk4Lpsnh,738,ELGEYO-MARAKWET,Marakwet West Sub County,Moiben Kuserwo Ward,representative_point_in_hdx_polygon,high,geoBoundaries current gbOpen KEN ADM3 API release,HDX Administrative Wards in Kenya 1450
90231094B45187995724527,Kapchemutwa,ADM3,gbOpen,2020,XMy3sTrrhew,MqnLxQBigG0,rlWH0Ac9vjc,744,ELGEYO-MARAKWET,Keiyo North Sub County,Kapchemutwa Ward,representative_point_in_hdx_polygon,high,geoBoundaries current gbOpen KEN ADM3 API release,HDX Administrative Wards in Kenya 1450
90231094B97599398975061,Kamariny,ADM3,gbOpen,2020,upVp36SDGsU,MqnLxQBigG0,rlWH0Ac9vjc,741,ELGEYO-MARAKWET,Keiyo North Sub County,Kamariny Ward,representative_point_in_hdx_polygon,high,geoBoundaries current gbOpen KEN ADM3 API release,HDX Administrative Wards in Kenya 1450
90231094B47574625062409,Tambach,ADM3,gbOpen,2020,q3dexsgOLhS,MqnLxQBigG0,rlWH0Ac9vjc,743,ELGEYO-MARAKWET,Keiyo North Sub County,Tambach Ward,representative_point_in_hdx_polygon,high,geoBoundaries current gbOpen KEN ADM3 API release,HDX Administrative Wards in Kenya 1450
90231094B96611314726788,Soy North,ADM3,gbOpen,2020,k3OQIur2Wia,MqnLxQBigG0,SOEG546PqbA,747,ELGEYO-MARAKWET,Keiyo South Sub County,Soy North Ward,representative_point_in_hdx_polygon,high,geoBoundaries current gbOpen KEN ADM3 API release,HDX Administrative Wards in Kenya 1450
90231094B4745014234175,Kaptarakwa,ADM3,gbOpen,2020,elLT94gpbch,MqnLxQBigG0,SOEG546PqbA,745,ELGEYO-MARAKWET,Keiyo South Sub County,Kaptarakwa Ward,representative_point_in_hdx_polygon,high,geoBoundaries current gbOpen KEN ADM3 API release,HDX Administrative Wards in Kenya 1450
90231094B5662823722126,Kabiemit,ADM3,gbOpen,2020,ZUMLw8HBqqW,MqnLxQBigG0,SOEG546PqbA,749,ELGEYO-MARAKWET,Keiyo South Sub County,Kabiemit Ward,representative_point_in_hdx_polygon,high,geoBoundaries current gbOpen KEN ADM3 API release,HDX Administrative Wards in Kenya 1450
90231094B96171021184390,Metkei,ADM3,gbOpen,2020,mdOmXEGyL3l,MqnLxQBigG0,SOEG546PqbA,750,ELGEYO-MARAKWET,Keiyo South Sub County,Metkei Ward,representative_point_in_hdx_polygon,high,geoBoundaries current gbOpen KEN ADM3 API release,HDX Administrative Wards in Kenya 1450
90231094B13400302643390,Soy South,ADM3,gbOpen,2020,SZAo3nP3jDj,MqnLxQBigG0,SOEG546PqbA,748,ELGEYO-MARAKWET,Keiyo South Sub County,Soy South Ward,representative_point_in_hdx_polygon,high,geoBoundaries current gbOpen KEN ADM3 API release,HDX Administrative Wards in Kenya 1450
90231094B35839540421104,Chepkorio,ADM3,gbOpen,2020,ca3KHxzwLQy,MqnLxQBigG0,SOEG546PqbA,746,ELGEYO-MARAKWET,Keiyo South Sub County,Chepkorio Ward,representative_point_in_hdx_polygon,high,geoBoundaries current gbOpen KEN ADM3 API release,HDX Administrative Wards in Kenya 1450
90231094B50830496427363,Jarajila,ADM3,gbOpen,2020,P8C6Fcb3Q8n,uyOrcHZBpW0,RScEHA3V38d,154,GARISSA,Fafi Sub County,Jarajila Ward,representative_point_in_hdx_polygon,high,geoBoundaries current gbOpen KEN ADM3 API release,HDX Administrative Wards in Kenya 1450
90231094B57646512787220,Masalani,ADM3,gbOpen,2020,WRLhcN3G2DL,uyOrcHZBpW0,l5E6PiIUs1J,160,GARISSA,Ijara Sub County,Masalani Ward,representative_point_in_hdx_polygon,high,geoBoundaries current gbOpen KEN ADM3 API release,HDX Administrative Wards in Kenya 1450
90231094B72637372454847,Ijara,ADM3,gbOpen,2020,EgSwrsgfIho,uyOrcHZBpW0,l5E6PiIUs1J,159,GARISSA,Ijara Sub County,Ijara Ward,representative_point_in_hdx_polygon,high,geoBoundaries current gbOpen KEN ADM3 API release,HDX Administrative Wards in Kenya 1450
90231094B15106599428680,Sangailu,ADM3,gbOpen,2020,rw3XdXqwht4,uyOrcHZBpW0,uyeif4CPqHt,158,GARISSA,Hulugho Sub County,Sangailu Ward,representative_point_in_hdx_polygon,high,geoBoundaries current gbOpen KEN ADM3 API release,HDX Administrative Wards in Kenya 1450
90231094B10543295467870,Dekaharia,ADM3,gbOpen,2020,RXFwsNh7egy,uyOrcHZBpW0,RScEHA3V38d,153,GARISSA,Fafi Sub County,Dekaharia Ward,representative_point_in_hdx_polygon,high,geoBoundaries current gbOpen KEN ADM3 API release,HDX Administrative Wards in Kenya 1450
90231094B68494549551946,Hulugho,ADM3,gbOpen,2020,RqPb2VP0OCA,uyOrcHZBpW0,uyeif4CPqHt,157,GARISSA,Hulugho Sub County,Hulugho Ward,representative_point_in_hdx_polygon,high,geoBoundaries current gbOpen KEN ADM3 API release,HDX Administrative Wards in Kenya 1450
90231094B41686711210326,Danyere,ADM3,gbOpen,2020,ap7BwqlvdFg,uyOrcHZBpW0,FGBNPr91pXH,136,GARISSA,Balambala Sub County,Danyere Ward,representative_point_in_hdx_polygon,high,geoBoundaries current gbOpen KEN ADM3 API release,HDX Administrative Wards in Kenya 1450
90231094B41703258771343,Balambala,ADM3,gbOpen,2020,UuAQ2amLjtB,uyOrcHZBpW0,FGBNPr91pXH,135,GARISSA,Balambala Sub County,Balambala Ward,representative_point_in_hdx_polygon,high,geoBoundaries current gbOpen KEN ADM3 API release,HDX Administrative Wards in Kenya 1450
90231094B20934230551073,Saka,ADM3,gbOpen,2020,pSar0ObQa6I,uyOrcHZBpW0,FGBNPr91pXH,138,GARISSA,Balambala Sub County,Saka Ward,representative_point_in_hdx_polygon,high,geoBoundaries current gbOpen KEN ADM3 API release,HDX Administrative Wards in Kenya 1450
90231094B87449600047850,Cherab,ADM3,gbOpen,2020,onY1jZ8tPTG,bzOfj0iwfDH,NrGORu301bx,244,ISIOLO,Merti Sub County,CHERAB,representative_point_in_hdx_polygon,high,geoBoundaries current gbOpen KEN ADM3 API release,HDX Administrative Wards in Kenya 1450
90231094B4411108441834,Sericho,ADM3,gbOpen,2020,Yqxw7nddfbo,bzOfj0iwfDH,ecl4YnDebUi,250,ISIOLO,Garbatulla Sub County,SERICHO,representative_point_in_hdx_polygon,high,geoBoundaries current gbOpen KEN ADM3 API release,HDX Administrative Wards in Kenya 1450
90231094B75905793271579,Garbatulla,ADM3,gbOpen,2020,PoEBay5v6Vh,bzOfj0iwfDH,ecl4YnDebUi,248,ISIOLO,Garbatulla Sub County,GARBATULLA,representative_point_in_hdx_polygon,high,geoBoundaries current gbOpen KEN ADM3 API release,HDX Administrative Wards in Kenya 1450
90231094B45392167662651,Burat,ADM3,gbOpen,2020,PwpI3UVqNMb,bzOfj0iwfDH,I2LYLqKU6AW,246,ISIOLO,Isiolo Sub County,BURAT,representative_point_in_hdx_polygon,high,geoBoundaries current gbOpen KEN ADM3 API release,HDX Administrative Wards in Kenya 1450
90231094B37576073881281,Wabera,ADM3,gbOpen,2020,rIdiIpv9fBt,bzOfj0iwfDH,I2LYLqKU6AW,241,ISIOLO,Isiolo Sub County,WABERA,representative_point_in_hdx_polygon,high,geoBoundaries current gbOpen KEN ADM3 API release,HDX Administrative Wards in Kenya 1450
90231094B94978824766258,Bulla Pesa,ADM3,gbOpen,2020,rIdiIpv9fBt,bzOfj0iwfDH,I2LYLqKU6AW,241,ISIOLO,Isiolo Sub County,WABERA,representative_point_in_hdx_polygon,high,geoBoundaries current gbOpen KEN ADM3 API release,HDX Administrative Wards in Kenya 1450
90231094B62622797643557,Oldonyiro,ADM3,gbOpen,2020,ZJgywSuefy6,bzOfj0iwfDH,I2LYLqKU6AW,247,ISIOLO,Isiolo Sub County,OLDONYIRO,representative_point_in_hdx_polygon,high,geoBoundaries current gbOpen KEN ADM3 API release,HDX Administrative Wards in Kenya 1450
90231094B14909387254092,Ngare Mara,ADM3,gbOpen,2020,GHmkA5jGVqQ,bzOfj0iwfDH,I2LYLqKU6AW,245,ISIOLO,Isiolo Sub County,NGARE MARA,representative_point_in_hdx_polygon,high,geoBoundaries current gbOpen KEN ADM3 API release,HDX Administrative Wards in Kenya 1450
90231094B50144609273926,Chari,ADM3,gbOpen,2020,HTTUdsL0gAm,bzOfj0iwfDH,NrGORu301bx,243,ISIOLO,Merti Sub County,CHARI,representative_point_in_hdx_polygon,high,geoBoundaries current gbOpen KEN ADM3 API release,HDX Administrative Wards in Kenya 1450
90231094B1425711712452,Alale,ADM3,gbOpen,2020,Oe8JEzBVDa9,XWALbfAPa6n,YXpHG1Ez8V2,656,WEST POKOT,Pokot North Sub County,Alale Ward,representative_point_in_hdx_polygon,high,geoBoundaries current gbOpen KEN ADM3 API release,HDX Administrative Wards in Kenya 1450
90231094B74092188367546,Endugh,ADM3,gbOpen,2020,WteTgAtzuJP,XWALbfAPa6n,ylWg6VvADJE,645,WEST POKOT,West Pokot Sub County,Endugh Ward,representative_point_in_hdx_polygon,high,geoBoundaries current gbOpen KEN ADM3 API release,HDX Administrative Wards in Kenya 1450
90231094B34850732676477,Kasei,ADM3,gbOpen,2020,WbEoZcJapjw,XWALbfAPa6n,YXpHG1Ez8V2,653,WEST POKOT,Pokot North Sub County,Kasei Ward,representative_point_in_hdx_polygon,high,geoBoundaries current gbOpen KEN ADM3 API release,HDX Administrative Wards in Kenya 1450
90231094B16508730317140,Kiwawa,ADM3,gbOpen,2020,Yvjwozdmf1M,XWALbfAPa6n,YXpHG1Ez8V2,655,WEST POKOT,Pokot North Sub County,Kiwawa Ward,representative_point_in_hdx_polygon,high,geoBoundaries current gbOpen KEN ADM3 API release,HDX Administrative Wards in Kenya 1450
90231094B33506971670808,Sekerr,ADM3,gbOpen,2020,LTr0Kfbxu9C,XWALbfAPa6n,SCbMzaOeTuR,647,WEST POKOT,Pokot Central Sub County,Sekerr Ward,representative_point_in_hdx_polygon,high,geoBoundaries current gbOpen KEN ADM3 API release,HDX Administrative Wards in Kenya 1450
90231094B50318970953935,Sook,ADM3,gbOpen,2020,UZ1D4NEN1qb,XWALbfAPa6n,ylWg6VvADJE,646,WEST POKOT,West Pokot Sub County,Sook Ward,representative_point_in_hdx_polygon,high,geoBoundaries current gbOpen KEN ADM3 API release,HDX Administrative Wards in Kenya 1450
90231094B99376029911785,Masool,ADM3,gbOpen,2020,abEfttdBmpZ,XWALbfAPa6n,SCbMzaOeTuR,648,WEST POKOT,Pokot Central Sub County,Masool Ward,representative_point_in_hdx_polygon,high,geoBoundaries current gbOpen KEN ADM3 API release,HDX Administrative Wards in Kenya 1450
90231094B79906658806162,Lomut,ADM3,gbOpen,2020,V9GqRwFec0l,XWALbfAPa6n,SCbMzaOeTuR,649,WEST POKOT,Pokot Central Sub County,Lomut Ward,representative_point_in_hdx_polygon,high,geoBoundaries current gbOpen KEN ADM3 API release,HDX Administrative Wards in Kenya 1450
90231094B3938957786532,Weiwei,ADM3,gbOpen,2020,hS0lXNVsykJ,XWALbfAPa6n,SCbMzaOeTuR,650,WEST POKOT,Pokot Central Sub County,Wei wei Ward,representative_point_in_hdx_polygon,high,geoBoundaries current gbOpen KEN ADM3 API release,HDX Administrative Wards in Kenya 1450
90231094B7563048037543,Tapach,ADM3,gbOpen,2020,WmCj9vCPVH2,XWALbfAPa6n,u2zJahNiSP5,660,WEST POKOT,Pokot South Sub County,Tapach Ward,representative_point_in_hdx_polygon,high,geoBoundaries current gbOpen KEN ADM3 API release,HDX Administrative Wards in Kenya 1450
90231094B36920148321538,Batei,ADM3,gbOpen,2020,Vfo6mLv2MkA,XWALbfAPa6n,u2zJahNiSP5,658,WEST POKOT,Pokot South Sub County,Batei Ward,representative_point_in_hdx_polygon,high,geoBoundaries current gbOpen KEN ADM3 API release,HDX Administrative Wards in Kenya 1450
90231094B12999050548036,Chepareria,ADM3,gbOpen,2020,cQvnOvaqDNE,XWALbfAPa6n,u2zJahNiSP5,657,WEST POKOT,Pokot South Sub County,Chepareria Ward,representative_point_in_hdx_polygon,high,geoBoundaries current gbOpen KEN ADM3 API release,HDX Administrative Wards in Kenya 1450
90231094B75611678837237,Riwo,ADM3,gbOpen,2020,NZYstvTB9u9,XWALbfAPa6n,ylWg6VvADJE,641,WEST POKOT,West Pokot Sub County,Riwo Ward,representative_point_in_hdx_polygon,high,geoBoundaries current gbOpen KEN ADM3 API release,HDX Administrative Wards in Kenya 1450
90231094B6797949969185,Kapenguria,ADM3,gbOpen,2020,sXlDThMXKIG,XWALbfAPa6n,ylWg6VvADJE,642,WEST POKOT,West Pokot Sub County,Kapenguria Ward,representative_point_in_hdx_polygon,high,geoBoundaries current gbOpen KEN ADM3 API release,HDX Administrative Wards in Kenya 1450
90231094B16082397820864,Siyoi,ADM3,gbOpen,2020,zf52hYIUeSz,XWALbfAPa6n,ylWg6VvADJE,644,WEST POKOT,West Pokot Sub County,Siyoi Ward,representative_point_in_hdx_polygon,high,geoBoundaries current gbOpen KEN ADM3 API release,HDX Administrative Wards in Kenya 1450
90231094B50291466853476,Lelan,ADM3,gbOpen,2020,NfgFPylvlvN,XWALbfAPa6n,u2zJahNiSP5,659,WEST POKOT,Pokot South Sub County,Lelan Ward,representative_point_in_hdx_polygon,high,geoBoundaries current gbOpen KEN ADM3 API release,HDX Administrative Wards in Kenya 1450
90231094B5573987448146,Dukana,ADM3,gbOpen,2020,kSbjSiQEQ91,Eey8fT4Im3y,j6fqt5TYqPZ,228,MARSABIT,NORTH HORR,DUKANA,representative_point_in_hdx_polygon,high,geoBoundaries current gbOpen KEN ADM3 API release,HDX Administrative Wards in Kenya 1450
90231094B52894736113617,Uran,ADM3,gbOpen,2020,KKOlWI3X5nP,Eey8fT4Im3y,sZjPgbWI5ra,226,MARSABIT,MOYALE,URAN,representative_point_in_hdx_polygon,high,geoBoundaries current gbOpen KEN ADM3 API release,HDX Administrative Wards in Kenya 1450
90231094B82073157238535,Obbu,ADM3,gbOpen,2020,fBMKIsnV2ZV,Eey8fT4Im3y,sZjPgbWI5ra,227,MARSABIT,MOYALE,OBBU,representative_point_in_hdx_polygon,high,geoBoundaries current gbOpen KEN ADM3 API release,HDX Administrative Wards in Kenya 1450
90231094B15364119625366,Butiye,ADM3,gbOpen,2020,g3PamYQCz5A,Eey8fT4Im3y,sZjPgbWI5ra,221,MARSABIT,MOYALE,BUTIYE,representative_point_in_hdx_polygon,high,geoBoundaries current gbOpen KEN ADM3 API release,HDX Administrative Wards in Kenya 1450
90231094B59854911915600,Golbo,ADM3,gbOpen,2020,jltiitEPkip,Eey8fT4Im3y,sZjPgbWI5ra,224,MARSABIT,MOYALE,GOLBO,representative_point_in_hdx_polygon,high,geoBoundaries current gbOpen KEN ADM3 API release,HDX Administrative Wards in Kenya 1450
90231094B8071195372928,Korr/Ngurunit,ADM3,gbOpen,2020,si4GkeAGSXo,Eey8fT4Im3y,eZpy65ooW0m,238,MARSABIT,LAISAMIS,KORR/NGURUNIT,representative_point_in_hdx_polygon,high,geoBoundaries current gbOpen KEN ADM3 API release,HDX Administrative Wards in Kenya 1450
90231094B40010710391655,Laisamis,ADM3,gbOpen,2020,WWr7jojWGHJ,Eey8fT4Im3y,eZpy65ooW0m,240,MARSABIT,LAISAMIS,LAISAMIS,representative_point_in_hdx_polygon,high,geoBoundaries current gbOpen KEN ADM3 API release,HDX Administrative Wards in Kenya 1450
90231094B81821065805517,Marsabit Central,ADM3,gbOpen,2020,PVB8iZMsHnd,Eey8fT4Im3y,WILszL634oZ,235,MARSABIT,SAKU,MARSABIT CENTRAL,representative_point_in_hdx_polygon,high,geoBoundaries current gbOpen KEN ADM3 API release,HDX Administrative Wards in Kenya 1450
90231094B10583428946278,Sagante/Jaldesa,ADM3,gbOpen,2020,G2LQpPk5BXU,Eey8fT4Im3y,WILszL634oZ,233,MARSABIT,SAKU,SAGANTE/JALDESA,representative_point_in_hdx_polygon,high,geoBoundaries current gbOpen KEN ADM3 API release,HDX Administrative Wards in Kenya 1450
90231094B43646863097503,Maikona,ADM3,gbOpen,2020,hratVLq4Zft,Eey8fT4Im3y,j6fqt5TYqPZ,229,MARSABIT,NORTH HORR,MAIKONA,representative_point_in_hdx_polygon,high,geoBoundaries current gbOpen KEN ADM3 API release,HDX Administrative Wards in Kenya 1450
90231094B45627285106129,Heilu-Manyatta,ADM3,gbOpen,2020,RYHYagSQfDF,Eey8fT4Im3y,sZjPgbWI5ra,223,MARSABIT,MOYALE,HEILLU/MANYATTA,representative_point_in_hdx_polygon,high,geoBoundaries current gbOpen KEN ADM3 API release,HDX Administrative Wards in Kenya 1450
90231094B11155147435712,Malkamari,ADM3,gbOpen,2020,eLXthnYAfFd,R6f9znhg37c,hCvlJNjyZna,199,MANDERA,BANISSA,MALKAMARI,representative_point_in_hdx_polygon,high,geoBoundaries current gbOpen KEN ADM3 API release,HDX Administrative Wards in Kenya 1450
90231094B42386652268110,Banissa,ADM3,gbOpen,2020,doitLG3v6PZ,R6f9znhg37c,hCvlJNjyZna,196,MANDERA,BANISSA,BANISSA,representative_point_in_hdx_polygon,high,geoBoundaries current gbOpen KEN ADM3 API release,HDX Administrative Wards in Kenya 1450
90231094B10592988814905,Guba,ADM3,gbOpen,2020,lZqCQuWJGTO,R6f9znhg37c,hCvlJNjyZna,198,MANDERA,BANISSA,GUBA,representative_point_in_hdx_polygon,high,geoBoundaries current gbOpen KEN ADM3 API release,HDX Administrative Wards in Kenya 1450
90231094B61673020132824,Derkhale,ADM3,gbOpen,2020,C72ryGO9u3f,R6f9znhg37c,hCvlJNjyZna,197,MANDERA,BANISSA,DERKHALE,representative_point_in_hdx_polygon,high,geoBoundaries current gbOpen KEN ADM3 API release,HDX Administrative Wards in Kenya 1450
90231094B34041538430905,Lag Sure,ADM3,gbOpen,2020,rBlQZ6By4ru,R6f9znhg37c,H5RvDZkoDJL,193,MANDERA,MANDERA WEST,LAGHSURE,representative_point_in_hdx_polygon,high,geoBoundaries current gbOpen KEN ADM3 API release,HDX Administrative Wards in Kenya 1450
90231094B54776946163653,Shimbir Fatuma,ADM3,gbOpen,2020,Z9zNkBFLY9r,R6f9znhg37c,qyhVIMG2rUw,210,MANDERA,MANDERA SOUTH,SHAMBIR FATUMA,representative_point_in_hdx_polygon,high,geoBoundaries current gbOpen KEN ADM3 API release,HDX Administrative Wards in Kenya 1450
90231094B13701931317847,Guticha,ADM3,gbOpen,2020,A4Ko5vFs83F,R6f9znhg37c,jrm0uyLXnC1,202,MANDERA,MANDERA NORTH,GUTICHA,representative_point_in_hdx_polygon,high,geoBoundaries current gbOpen KEN ADM3 API release,HDX Administrative Wards in Kenya 1450
90231094B21112718478028,Rhamu-Dimtu,ADM3,gbOpen,2020,GpykXhXcYCT,R6f9znhg37c,jrm0uyLXnC1,205,MANDERA,MANDERA NORTH,RHAMU DIMTU,representative_point_in_hdx_polygon,high,geoBoundaries current gbOpen KEN ADM3 API release,HDX Administrative Wards in Kenya 1450
90231094B42375815256804,Rhamu,ADM3,gbOpen,2020,d7Se8cdZnHg,R6f9znhg37c,jrm0uyLXnC1,204,MANDERA,MANDERA NORTH,RHAMU,representative_point_in_hdx_polygon,high,geoBoundaries current gbOpen KEN ADM3 API release,HDX Administrative Wards in Kenya 1450
90231094B2455659898349,Libehia,ADM3,gbOpen,2020,r9itCpitueT,R6f9znhg37c,nsfbHBS9tMT,216,MANDERA,LAFEY,LIBEHIA,representative_point_in_hdx_polygon,high,geoBoundaries current gbOpen KEN ADM3 API release,HDX Administrative Wards in Kenya 1450
90231094B82969564965662,Arabia,ADM3,gbOpen,2020,o8RzRkx3x4Q,R6f9znhg37c,fGr9rRvaovO,211,MANDERA,MANDERA EAST,ARABIA,representative_point_in_hdx_polygon,high,geoBoundaries current gbOpen KEN ADM3 API release,HDX Administrative Wards in Kenya 1450
90231094B29106112586504,Neboi,ADM3,gbOpen,2020,UU5663WBF7t,R6f9znhg37c,fGr9rRvaovO,214,MANDERA,MANDERA EAST,NEBOI,representative_point_in_hdx_polygon,high,geoBoundaries current gbOpen KEN ADM3 API release,HDX Administrative Wards in Kenya 1450
90231094B69068920935513,Township,ADM3,gbOpen,2020,dYhEFLJSRYl,R6f9znhg37c,fGr9rRvaovO,215,MANDERA,MANDERA EAST,TOWNSHIP,representative_point_in_hdx_polygon,high,geoBoundaries current gbOpen KEN ADM3 API release,HDX Administrative Wards in Kenya 1450
90231094B4435459598748,Elwak North,ADM3,gbOpen,2020,h0htcHoe6tJ,R6f9znhg37c,qyhVIMG2rUw,209,MANDERA,MANDERA SOUTH,ELWAK NORTH,representative_point_in_hdx_polygon,high,geoBoundaries current gbOpen KEN ADM3 API release,HDX Administrative Wards in Kenya 1450
90231094B15053565703823,Elwak South,ADM3,gbOpen,2020,AEMY7F8XyZT,R6f9znhg37c,qyhVIMG2rUw,208,MANDERA,MANDERA SOUTH,ELWAK SOUTH,representative_point_in_hdx_polygon,high,geoBoundaries current gbOpen KEN ADM3 API release,HDX Administrative Wards in Kenya 1450
90231094B40891357384624,Kutulo,ADM3,gbOpen,2020,J9PHxsmBzgD,R6f9znhg37c,iGFdm333PJ2,207,MANDERA,MANDERA SOUTH,KOTULO,representative_point_in_hdx_polygon,high,geoBoundaries current gbOpen KEN ADM3 API release,HDX Administrative Wards in Kenya 1450
90231094B31921542969478,Morothile,ADM3,gbOpen,2020,,,,203,MANDERA,MANDERA NORTH,MAROTHILE,representative_point_in_hdx_polygon,high,geoBoundaries current gbOpen KEN ADM3 API release,HDX Administrative Wards in Kenya 1450
90231094B95809499762974,Kibish,ADM3,gbOpen,2020,dRuMh3lozxY,kphDeKClFch,AXNntZ7T30a,615,TURKANA,Kibish Sub County,Kibish Ward,representative_point_in_hdx_polygon,high,geoBoundaries current gbOpen KEN ADM3 API release,HDX Administrative Wards in Kenya 1450
90231094B98691443175081,Lapur,ADM3,gbOpen,2020,sKV3BVTK2cJ,kphDeKClFch,mWpq607yRXh,613,TURKANA,Turkana North Sub County,Lapur Ward,representative_point_in_hdx_polygon,high,geoBoundaries current gbOpen KEN ADM3 API release,HDX Administrative Wards in Kenya 1450
90231094B49006740348855,Lake Zone,ADM3,gbOpen,2020,yVMtm0p4OeM,kphDeKClFch,mWpq607yRXh,612,TURKANA,Turkana North Sub County,Lakezone Ward,representative_point_in_hdx_polygon,high,geoBoundaries current gbOpen KEN ADM3 API release,HDX Administrative Wards in Kenya 1450
90231094B39594866350703,Lokichoggio,ADM3,gbOpen,2020,U3CWX2tDcnG,kphDeKClFch,HK5SUCMQmsw,622,TURKANA,Turkana West Sub County,Lokichoggio Ward,representative_point_in_hdx_polygon,high,geoBoundaries current gbOpen KEN ADM3 API release,HDX Administrative Wards in Kenya 1450
90231094B45733652666132,Nanaam,ADM3,gbOpen,2020,C93goWh2C1d,kphDeKClFch,HK5SUCMQmsw,623,TURKANA,Turkana West Sub County,Nanaam Ward,representative_point_in_hdx_polygon,high,geoBoundaries current gbOpen KEN ADM3 API release,HDX Administrative Wards in Kenya 1450
90231094B38593623107585,Kalobeyei,ADM3,gbOpen,2020,WwMThzLSS3I,kphDeKClFch,HK5SUCMQmsw,621,TURKANA,Turkana West Sub County,Kalobeyei Ward,representative_point_in_hdx_polygon,high,geoBoundaries current gbOpen KEN ADM3 API release,HDX Administrative Wards in Kenya 1450
90231094B26007033692625,Songot,ADM3,gbOpen,2020,wMAoxOk8ORf,kphDeKClFch,HK5SUCMQmsw,620,TURKANA,Turkana West Sub County,Songot Ward,representative_point_in_hdx_polygon,high,geoBoundaries current gbOpen KEN ADM3 API release,HDX Administrative Wards in Kenya 1450
90231094B61120730623331,Lopur,ADM3,gbOpen,2020,Mdegig3qDW9,kphDeKClFch,HK5SUCMQmsw,618,TURKANA,Turkana West Sub County,Lopur Ward,representative_point_in_hdx_polygon,high,geoBoundaries current gbOpen KEN ADM3 API release,HDX Administrative Wards in Kenya 1450
90231094B93886736481448,Nakalale,ADM3,gbOpen,2020,qTEN4LVoVVL,kphDeKClFch,HK5SUCMQmsw,616,TURKANA,Turkana West Sub County,Nakalale Ward,representative_point_in_hdx_polygon,high,geoBoundaries current gbOpen KEN ADM3 API release,HDX Administrative Wards in Kenya 1450
90231094B54145568454186,Letea,ADM3,gbOpen,2020,be0Y1B0phrY,kphDeKClFch,HK5SUCMQmsw,619,TURKANA,Turkana West Sub County,Letea Ward,representative_point_in_hdx_polygon,high,geoBoundaries current gbOpen KEN ADM3 API release,HDX Administrative Wards in Kenya 1450
90231094B8955383295567,Lokiriama/Lorengippi,ADM3,gbOpen,2020,eQng6vyva8H,kphDeKClFch,OZiGQn2R8kK,632,TURKANA,Loima Sub County,Lokiriama/Lorengippi Ward,representative_point_in_hdx_polygon,high,geoBoundaries current gbOpen KEN ADM3 API release,HDX Administrative Wards in Kenya 1450
90231094B6358588665866,Kaaleng/Kaikor,ADM3,gbOpen,2020,nVDsZkKZSil,kphDeKClFch,AXNntZ7T30a,614,TURKANA,Kibish Sub County,Kaaleng/kaikor Ward,representative_point_in_hdx_polygon,high,geoBoundaries current gbOpen KEN ADM3 API release,HDX Administrative Wards in Kenya 1450
90231094B23210221178020,Lodwar Township,ADM3,gbOpen,2020,v27o9CuZh11,kphDeKClFch,zd8rhYqGowE,627,TURKANA,Turkana Central Sub County,Lodwar Township Ward,representative_point_in_hdx_polygon,high,geoBoundaries current gbOpen KEN ADM3 API release,HDX Administrative Wards in Kenya 1450
90231094B66638355174019,Kanamkemer,ADM3,gbOpen,2020,U0eLQb7xmyu,kphDeKClFch,zd8rhYqGowE,628,TURKANA,Turkana Central Sub County,Kanamkemer Ward,representative_point_in_hdx_polygon,high,geoBoundaries current gbOpen KEN ADM3 API release,HDX Administrative Wards in Kenya 1450
90231094B26546531882406,Kerio Delta,ADM3,gbOpen,2020,zwhTzysKfKc,kphDeKClFch,zd8rhYqGowE,624,TURKANA,Turkana Central Sub County,Kerio Delta Ward,representative_point_in_hdx_polygon,high,geoBoundaries current gbOpen KEN ADM3 API release,HDX Administrative Wards in Kenya 1450
90231094B41486208378578,Turkwel,ADM3,gbOpen,2020,vpERRHtFCWg,kphDeKClFch,OZiGQn2R8kK,630,TURKANA,Loima Sub County,Turkwel Ward,representative_point_in_hdx_polygon,high,geoBoundaries current gbOpen KEN ADM3 API release,HDX Administrative Wards in Kenya 1450
90231094B14423152725018,Kotaruk/Lobei,ADM3,gbOpen,2020,z3pqrBr5TyV,kphDeKClFch,OZiGQn2R8kK,629,TURKANA,Loima Sub County,Kotaruk/Lobei Ward,representative_point_in_hdx_polygon,high,geoBoundaries current gbOpen KEN ADM3 API release,HDX Administrative Wards in Kenya 1450
90231094B15838474651351,Kaputir,ADM3,gbOpen,2020,AR58QjsFekn,kphDeKClFch,iTw0sFjlqZ2,633,TURKANA,Turkana South Sub County,Kaputir Ward,representative_point_in_hdx_polygon,high,geoBoundaries current gbOpen KEN ADM3 API release,HDX Administrative Wards in Kenya 1450
90231094B9524037042459,Lobokat,ADM3,gbOpen,2020,p8Vk2rQT2gg,kphDeKClFch,iTw0sFjlqZ2,635,TURKANA,Turkana South Sub County,Lobokat Ward,representative_point_in_hdx_polygon,high,geoBoundaries current gbOpen KEN ADM3 API release,HDX Administrative Wards in Kenya 1450
90231094B13029526517882,Lokori/Kochodin,ADM3,gbOpen,2020,AY46zJ3BT9H,kphDeKClFch,dr8gOvVAdiE,640,TURKANA,Turkana East Sub County,Lokori/kochodin Ward,representative_point_in_hdx_polygon,high,geoBoundaries current gbOpen KEN ADM3 API release,HDX Administrative Wards in Kenya 1450
90231094B29407240705955,Korondile,ADM3,gbOpen,2020,nbDWw7ouQOZ,CeLsrJOH0g9,qsjAa8FE8OS,163,WAJIR,Wajir North Sub County,Korondile Ward,representative_point_in_hdx_polygon,high,geoBoundaries current gbOpen KEN ADM3 API release,HDX Administrative Wards in Kenya 1450
90231094B10172771319566,Arbajahan,ADM3,gbOpen,2020,xvlSuZsdYVY,CeLsrJOH0g9,X98G0eIWdmP,176,WAJIR,Wajir West Sub County,Arbajahan Ward,representative_point_in_hdx_polygon,high,geoBoundaries current gbOpen KEN ADM3 API release,HDX Administrative Wards in Kenya 1450
90231094B34461486647083,Danaba,ADM3,gbOpen,2020,b1Z4WVS2owC,CeLsrJOH0g9,qsjAa8FE8OS,166,WAJIR,Wajir North Sub County,Danaba Ward,representative_point_in_hdx_polygon,high,geoBoundaries current gbOpen KEN ADM3 API release,HDX Administrative Wards in Kenya 1450
90231094B39386697682431,Elben,ADM3,gbOpen,2020,dAuiI1KjvPd,CeLsrJOH0g9,fmNokBURXjM,172,WAJIR,Tarbaj Sub County,Elben Ward,representative_point_in_hdx_polygon,high,geoBoundaries current gbOpen KEN ADM3 API release,HDX Administrative Wards in Kenya 1450
90231094B11357867207525,Batalu,ADM3,gbOpen,2020,eQSeYqhadbw,CeLsrJOH0g9,qsjAa8FE8OS,165,WAJIR,Wajir North Sub County,Batalu Ward,representative_point_in_hdx_polygon,high,geoBoundaries current gbOpen KEN ADM3 API release,HDX Administrative Wards in Kenya 1450
90231094B13901379658576,Wargadud,ADM3,gbOpen,2020,mi3OaBYLsUz,CeLsrJOH0g9,fmNokBURXjM,175,WAJIR,Tarbaj Sub County,Wargadud Ward,representative_point_in_hdx_polygon,high,geoBoundaries current gbOpen KEN ADM3 API release,HDX Administrative Wards in Kenya 1450
90231094B36799895308281,Elnur/Tula Tula,ADM3,gbOpen,2020,xvlSuZsdYVY,CeLsrJOH0g9,X98G0eIWdmP,176,WAJIR,Wajir West Sub County,Arbajahan Ward,representative_point_in_hdx_polygon,high,geoBoundaries current gbOpen KEN ADM3 API release,HDX Administrative Wards in Kenya 1450
90231094B60907897447209,Hadado/Athibohol,ADM3,gbOpen,2020,avaUAA1j5ie,CeLsrJOH0g9,X98G0eIWdmP,177,WAJIR,Wajir West Sub County,Hadado Athibohol Ward,representative_point_in_hdx_polygon,high,geoBoundaries current gbOpen KEN ADM3 API release,HDX Administrative Wards in Kenya 1450
90231094B28952361068016,Adamasajide,ADM3,gbOpen,2020,BMKDCdHbiHL,CeLsrJOH0g9,X98G0eIWdmP,178,WAJIR,Wajir West Sub County,ADEMASAJIDE Ward,representative_point_in_hdx_polygon,high,geoBoundaries current gbOpen KEN ADM3 API release,HDX Administrative Wards in Kenya 1450
90231094B20840041359243,Habasswein,ADM3,gbOpen,2020,HO38wbafDJg,CeLsrJOH0g9,U7KFQn3Up3o,187,WAJIR,Wajir South Sub County,Habasswein Ward,representative_point_in_hdx_polygon,high,geoBoundaries current gbOpen KEN ADM3 API release,HDX Administrative Wards in Kenya 1450
90231094B70387733768594,Lagboghol South,ADM3,gbOpen,2020,feWwmqlVMEq,CeLsrJOH0g9,U7KFQn3Up3o,188,WAJIR,Wajir South Sub County,Lagboghoi south Ward,representative_point_in_hdx_polygon,high,geoBoundaries current gbOpen KEN ADM3 API release,HDX Administrative Wards in Kenya 1450
90231094B60572030260865,Ibrahim Ure,ADM3,gbOpen,2020,bhhINffrIu8,CeLsrJOH0g9,U7KFQn3Up3o,189,WAJIR,Wajir South Sub County,Ibrahim ure Ward,representative_point_in_hdx_polygon,high,geoBoundaries current gbOpen KEN ADM3 API release,HDX Administrative Wards in Kenya 1450
90231094B72325342113163,Burder,ADM3,gbOpen,2020,dFbf5rdQdI9,CeLsrJOH0g9,U7KFQn3Up3o,185,WAJIR,Wajir South Sub County,Burder Ward,representative_point_in_hdx_polygon,high,geoBoundaries current gbOpen KEN ADM3 API release,HDX Administrative Wards in Kenya 1450
90231094B31337609401052,Benane,ADM3,gbOpen,2020,TRdcXjEmmMS,CeLsrJOH0g9,U7KFQn3Up3o,184,WAJIR,Wajir South Sub County,Benane Ward,representative_point_in_hdx_polygon,high,geoBoundaries current gbOpen KEN ADM3 API release,HDX Administrative Wards in Kenya 1450
90231094B48241861158047,Diif,ADM3,gbOpen,2020,jXyH8e9KzGe,CeLsrJOH0g9,U7KFQn3Up3o,190,WAJIR,Wajir South Sub County,Diif Ward,representative_point_in_hdx_polygon,high,geoBoundaries current gbOpen KEN ADM3 API release,HDX Administrative Wards in Kenya 1450
90231094B82412605699197,Khorof/Harar,ADM3,gbOpen,2020,PdtTwk95oki,CeLsrJOH0g9,uov0yFMw9Qm,171,WAJIR,Wajir East Sub County,Khorof/Harar Ward,representative_point_in_hdx_polygon,high,geoBoundaries current gbOpen KEN ADM3 API release,HDX Administrative Wards in Kenya 1450
90231094B81111734215901,Della,ADM3,gbOpen,2020,FpUMvmJqkG2,CeLsrJOH0g9,x6Z1sBeiyqQ,182,WAJIR,Eldas Sub County,Della Ward,representative_point_in_hdx_polygon,high,geoBoundaries current gbOpen KEN ADM3 API release,HDX Administrative Wards in Kenya 1450
90231094B55545371843340,Malkagufu,ADM3,gbOpen,2020,pRYo5vME6Ca,CeLsrJOH0g9,qsjAa8FE8OS,164,WAJIR,Wajir North Sub County,Malkagufu Ward,representative_point_in_hdx_polygon,high,geoBoundaries current gbOpen KEN ADM3 API release,HDX Administrative Wards in Kenya 1450
90231094B34963932942561,Eldas,ADM3,gbOpen,2020,jJEKwJhftfv,CeLsrJOH0g9,x6Z1sBeiyqQ,181,WAJIR,Eldas Sub County,Eldas Ward,representative_point_in_hdx_polygon,high,geoBoundaries current gbOpen KEN ADM3 API release,HDX Administrative Wards in Kenya 1450
90231094B71447610583720,Soin,ADM3,gbOpen,2020,RLv6Wg2Eo8m,ob6SxuRcqU4,OK0hW8DFHq3,1775,Nakuru,Rongai  Sub County,Soin Ward,representative_point_in_hdx_polygon,high,geoBoundaries current gbOpen KEN ADM3 API release,HDX Administrative Wards in Kenya 1450
90231094B55476461175297,Kapkures,ADM3,gbOpen,2020,pZuA4cJd4bl,ob6SxuRcqU4,KTayLusaU5I,1787,Nakuru,Nakuru West  Sub County,Kapkures Ward,representative_point_in_hdx_polygon,high,geoBoundaries current gbOpen KEN ADM3 API release,HDX Administrative Wards in Kenya 1450
90231094B84624618397998,Mosiro,ADM3,gbOpen,2020,fF2CijNSPDI,kqJ83J2D72s,gZM3NbHaugk,2174,Narok,Narok East Sub County,Mosiro Ward,representative_point_in_hdx_polygon,high,geoBoundaries current gbOpen KEN ADM3 API release,HDX Administrative Wards in Kenya 1450
90231094B58832684796265,Suswa,ADM3,gbOpen,2020,iZN31WZZycN,kqJ83J2D72s,gZM3NbHaugk,2177,Narok,Narok East Sub County,Suswa Ward,representative_point_in_hdx_polygon,high,geoBoundaries current gbOpen KEN ADM3 API release,HDX Administrative Wards in Kenya 1450
90231094B57357295226821,Keekonyokie,ADM3,gbOpen,2020,YpEIAl1lcFe,kqJ83J2D72s,gZM3NbHaugk,2176,Narok,Narok East Sub County,Keekonyokie Ward,representative_point_in_hdx_polygon,high,geoBoundaries current gbOpen KEN ADM3 API release,HDX Administrative Wards in Kenya 1450
90231094B26360477489833,Ikinu,ADM3,gbOpen,2020,zvhM3m7bIIh,qKzosKQPl6G,E7tkGikenbD,2189,Kiambu,Githunguri Sub County,Ikinu Ward,representative_point_in_hdx_polygon,high,geoBoundaries current gbOpen KEN ADM3 API release,HDX Administrative Wards in Kenya 1450
90231094B65610265701726,Kiuu,ADM3,gbOpen,2020,PN1D8Nm8ufZ,qKzosKQPl6G,TPRNJqSm4lK,2244,Kiambu,Ruiru Sub County,Kiuu Ward,representative_point_in_hdx_polygon,high,geoBoundaries current gbOpen KEN ADM3 API release,HDX Administrative Wards in Kenya 1450
90231094B64296668569495,Township (Kiambu),ADM3,gbOpen,2020,byxif4bfwvo,qKzosKQPl6G,SBz4c48i24Y,2195,Kiambu,Kiambu Town Sub County,Kiambu Township Ward,representative_point_in_hdx_polygon,high,geoBoundaries current gbOpen KEN ADM3 API release,HDX Administrative Wards in Kenya 1450
90231094B61528492865673,Magadi,ADM3,gbOpen,2020,bSdHZBeB5bQ,Hsk1YV8kHkT,wYsCfCAUWNB,928,KAJIADO,Kajiado West Sub County,Magadi Ward,representative_point_in_hdx_polygon,high,geoBoundaries current gbOpen KEN ADM3 API release,HDX Administrative Wards in Kenya 1450
90231094B28380323295716,Oloosirkon/Sholinke,ADM3,gbOpen,2020,oXm4Fpl0iEr,Hsk1YV8kHkT,g6gTzQ5nfYq,923,KAJIADO,Kajiado East Sub County,Oloosirkon/sholinke Ward,representative_point_in_hdx_polygon,high,geoBoundaries current gbOpen KEN ADM3 API release,HDX Administrative Wards in Kenya 1450
90231094B61773227783439,Kwavonza/Yatta,ADM3,gbOpen,2020,LHmp6sPE2w7,j8o6iO4Njsi,vbauk0RRq9N,352,KITUI,Kitui Rural Sub County,Kwavonza/yatta Ward,representative_point_in_hdx_polygon,high,geoBoundaries current gbOpen KEN ADM3 API release,HDX Administrative Wards in Kenya 1450
90231094B16514831468358,Kauwi,ADM3,gbOpen,2020,T9ZjyItHbW9,j8o6iO4Njsi,cmWAJB5kCDW,347,KITUI,Kitui West  Sub County,Kauwi Ward,representative_point_in_hdx_polygon,high,geoBoundaries current gbOpen KEN ADM3 API release,HDX Administrative Wards in Kenya 1450
90231094B89677707513113,Mutonguni,ADM3,gbOpen,2020,IgBhlSMshmk,j8o6iO4Njsi,cmWAJB5kCDW,346,KITUI,Kitui West  Sub County,Mutongoni Ward,representative_point_in_hdx_polygon,high,geoBoundaries current gbOpen KEN ADM3 API release,HDX Administrative Wards in Kenya 1450
90231094B80872124118085,Kyome/Thaana,ADM3,gbOpen,2020,tKZn1p295Nb,j8o6iO4Njsi,svwbDnzhgik,336,KITUI,Mwingi West Sub County,Kyome/thaana Ward,representative_point_in_hdx_polygon,high,geoBoundaries current gbOpen KEN ADM3 API release,HDX Administrative Wards in Kenya 1450
90231094B97219492141083,Kisasi,ADM3,gbOpen,2020,ZkMkC815uDw,j8o6iO4Njsi,vbauk0RRq9N,350,KITUI,Kitui Rural Sub County,Kisasi Ward,representative_point_in_hdx_polygon,high,geoBoundaries current gbOpen KEN ADM3 API release,HDX Administrative Wards in Kenya 1450
90231094B26915129615135,Mbitini,ADM3,gbOpen,2020,MLjJaYTdwrs,j8o6iO4Njsi,vbauk0RRq9N,351,KITUI,Kitui Rural Sub County,Mbitini Ward,representative_point_in_hdx_polygon,high,geoBoundaries current gbOpen KEN ADM3 API release,HDX Administrative Wards in Kenya 1450
90231094B76278592025196,Mulango,ADM3,gbOpen,2020,KBHoROCFohc,j8o6iO4Njsi,MWqQbxWqACn,357,KITUI,Kitui Central  Sub County,Mulango Ward,representative_point_in_hdx_polygon,high,geoBoundaries current gbOpen KEN ADM3 API release,HDX Administrative Wards in Kenya 1450
90231094B51998711541474,Kisa West,ADM3,gbOpen,2020,S3ZBq5xn6AN,BjC1xL40gHo,UhQS2Mv0PCK,1693,Kakamega,Khwisero Sub County,Kisa West Ward,representative_point_in_hdx_polygon,high,geoBoundaries current gbOpen KEN ADM3 API release,HDX Administrative Wards in Kenya 1450
90231094B74364990820981,Jaribuni,ADM3,gbOpen,2020,JLTt8kf6vtA,nrI2khZx3d0,x7qUMtZZvo9,1847,Kilifi,Ganze Sub County,Jaribuni Ward,representative_point_in_hdx_polygon,high,geoBoundaries current gbOpen KEN ADM3 API release,HDX Administrative Wards in Kenya 1450
90231094B79027985820982,Adu,ADM3,gbOpen,2020,EO3kbx8nZIp,nrI2khZx3d0,KMWrMZrlO5u,1857,Kilifi,Magarini Sub County,Adu Ward,representative_point_in_hdx_polygon,high,geoBoundaries current gbOpen KEN ADM3 API release,HDX Administrative Wards in Kenya 1450
90231094B83072869988199,Sokoke,ADM3,gbOpen,2020,kpL4HsQ7YZ5,nrI2khZx3d0,x7qUMtZZvo9,1848,Kilifi,Ganze Sub County,Sokoke Ward,representative_point_in_hdx_polygon,high,geoBoundaries current gbOpen KEN ADM3 API release,HDX Administrative Wards in Kenya 1450
90231094B27721259606720,Ganze,ADM3,gbOpen,2020,f51CfBzKknF,nrI2khZx3d0,x7qUMtZZvo9,1845,Kilifi,Ganze Sub County,Ganze Ward,representative_point_in_hdx_polygon,high,geoBoundaries current gbOpen KEN ADM3 API release,HDX Administrative Wards in Kenya 1450
90231094B49829401805653,Mkomani,ADM3,gbOpen,2020,FXRGaOT9JD8,wsBsC6gjHvn,sr8WEz03EnP,1812,Mombasa,Nyali  Sub County,Mkomani Ward,unique_normalized_name,medium,geoBoundaries current gbOpen KEN ADM3 API release,HDX Administrative Wards in Kenya 1450
90231094B3162789068774,Shella,ADM3,gbOpen,2020,,,,,,,,unmatched,none,geoBoundaries current gbOpen KEN ADM3 API release,HDX Administrative Wards in Kenya 1450
90231094B97548160331017,Hindi,ADM3,gbOpen,2020,yCylsEe6jSZ,NjWSbQTwys4,Lfxw0DfD4jN,106,LAMU,LAMU WEST,HINDI,representative_point_in_hdx_polygon,high,geoBoundaries current gbOpen KEN ADM3 API release,HDX Administrative Wards in Kenya 1450
90231094B50690801025946,Witu,ADM3,gbOpen,2020,aoySZ1KcDFN,NjWSbQTwys4,Lfxw0DfD4jN,109,LAMU,LAMU WEST,WITU,representative_point_in_hdx_polygon,high,geoBoundaries current gbOpen KEN ADM3 API release,HDX Administrative Wards in Kenya 1450
90231094B16488416291618,Bahari,ADM3,gbOpen,2020,m7FYoouCqec,NjWSbQTwys4,Lfxw0DfD4jN,110,LAMU,LAMU WEST,BAHARI,representative_point_in_hdx_polygon,high,geoBoundaries current gbOpen KEN ADM3 API release,HDX Administrative Wards in Kenya 1450
90231094B91574838176519,Mkunumbi,ADM3,gbOpen,2020,wXf275eEPuy,NjWSbQTwys4,Lfxw0DfD4jN,107,LAMU,LAMU WEST,MKUNUMBI,representative_point_in_hdx_polygon,high,geoBoundaries current gbOpen KEN ADM3 API release,HDX Administrative Wards in Kenya 1450
90231094B76063844147098,Faza,ADM3,gbOpen,2020,xDKzFE2qfHL,NjWSbQTwys4,cwnqFyTJIgX,101,LAMU,LAMU EAST,FAZA,representative_point_in_hdx_polygon,high,geoBoundaries current gbOpen KEN ADM3 API release,HDX Administrative Wards in Kenya 1450
90231094B31097315138953,Muvuti/Kiima-Kimwe,ADM3,gbOpen,2020,CJ0xDJy3ZZI,yhCUgGcCcOo,KXc4ez8OAFz,1527,Machakos,Machakos Sub County,Muvuti-kiima-kimwe Ward,representative_point_in_hdx_polygon,high,geoBoundaries current gbOpen KEN ADM3 API release,HDX Administrative Wards in Kenya 1450
90231094B15607691115357,Kathiani Central,ADM3,gbOpen,2020,vviGMt93opf,yhCUgGcCcOo,iCey76HYgLP,1515,Machakos,Kathiani Sub County,Kathiani Central Ward,representative_point_in_hdx_polygon,high,geoBoundaries current gbOpen KEN ADM3 API release,HDX Administrative Wards in Kenya 1450
90231094B66384130921906,Biashara,ADM3,gbOpen,2020,uQXYQokmIzX,qKzosKQPl6G,TPRNJqSm4lK,2240,Kiambu,Ruiru Sub County,Biashara Ward,representative_point_in_hdx_polygon,high,geoBoundaries current gbOpen KEN ADM3 API release,HDX Administrative Wards in Kenya 1450
90231094B70186282559089,Chepchoina,ADM3,gbOpen,2020,IAEQih35LOS,mThvosEflAU,PsjxYLsJSIp,680,TRANS NZOIA,Endebess Sub County,Chepchoina Ward,representative_point_in_hdx_polygon,high,geoBoundaries current gbOpen KEN ADM3 API release,HDX Administrative Wards in Kenya 1450
90231094B1053353924278,Matumbei,ADM3,gbOpen,2020,ds38yFIWSBY,mThvosEflAU,PsjxYLsJSIp,682,TRANS NZOIA,Endebess Sub County,Matumbei Ward,representative_point_in_hdx_polygon,high,geoBoundaries current gbOpen KEN ADM3 API release,HDX Administrative Wards in Kenya 1450
90231094B49540209977543,Kapomboi,ADM3,gbOpen,2020,zkVfk8cWPc2,mThvosEflAU,ABy8CNqf2e7,676,TRANS NZOIA,Kwanza  Sub County,Kapomboi Ward,representative_point_in_hdx_polygon,high,geoBoundaries current gbOpen KEN ADM3 API release,HDX Administrative Wards in Kenya 1450
90231094B96656984571592,Mnagei,ADM3,gbOpen,2020,OEuGotz3swq,XWALbfAPa6n,ylWg6VvADJE,643,WEST POKOT,West Pokot Sub County,Mnagei Ward,representative_point_in_hdx_polygon,high,geoBoundaries current gbOpen KEN ADM3 API release,HDX Administrative Wards in Kenya 1450
90231094B59213819963131,Keiyo,ADM3,gbOpen,2020,HSm3Cq7ZrWd,mThvosEflAU,ABy8CNqf2e7,678,TRANS NZOIA,Kwanza  Sub County,Keiyo Ward,representative_point_in_hdx_polygon,high,geoBoundaries current gbOpen KEN ADM3 API release,HDX Administrative Wards in Kenya 1450
90231094B27841104836876,Kwanza,ADM3,gbOpen,2020,PXmcdkpTB68,mThvosEflAU,ABy8CNqf2e7,677,TRANS NZOIA,Kwanza  Sub County,Kwanza Ward,representative_point_in_hdx_polygon,high,geoBoundaries current gbOpen KEN ADM3 API release,HDX Administrative Wards in Kenya 1450
90231094B95508678595013,Motosiet,ADM3,gbOpen,2020,XXbVgPo8AY8,mThvosEflAU,f18kGo9yXWo,697,TRANS NZOIA,Cherangany Sub County,Motosiet Ward,representative_point_in_hdx_polygon,high,geoBoundaries current gbOpen KEN ADM3 API release,HDX Administrative Wards in Kenya 1450
90231094B92105693321755,Cherangany/Suwerwa,ADM3,gbOpen,2020,OrWMyDLtm7r,mThvosEflAU,f18kGo9yXWo,698,TRANS NZOIA,Cherangany Sub County,Cherangany/suwerwa Ward,representative_point_in_hdx_polygon,high,geoBoundaries current gbOpen KEN ADM3 API release,HDX Administrative Wards in Kenya 1450
90231094B56485842103450,Nabiswa,ADM3,gbOpen,2020,X1eiwwCQwbI,mThvosEflAU,pzZHpL2ueIn,693,TRANS NZOIA,Kiminini  Sub County,Nabiswa Ward,representative_point_in_hdx_polygon,high,geoBoundaries current gbOpen KEN ADM3 API release,HDX Administrative Wards in Kenya 1450
90231094B8062474215507,Waitaluk,ADM3,gbOpen,2020,rPVkyP8OlZW,mThvosEflAU,pzZHpL2ueIn,689,TRANS NZOIA,Kiminini  Sub County,Waitaluk Ward,representative_point_in_hdx_polygon,high,geoBoundaries current gbOpen KEN ADM3 API release,HDX Administrative Wards in Kenya 1450
90231094B82193177345915,Kiminini,ADM3,gbOpen,2020,pco0T7Zsd6V,mThvosEflAU,pzZHpL2ueIn,688,TRANS NZOIA,Kiminini  Sub County,Kiminini Ward,representative_point_in_hdx_polygon,high,geoBoundaries current gbOpen KEN ADM3 API release,HDX Administrative Wards in Kenya 1450
90231094B66393116459679,Kanyasa,ADM3,gbOpen,2020,ONNWmIVc48N,fVra3Pwta0Q,D2lsuEzZAJP,1476,Migori,Nyatike Sub County,Kanyasa Ward,representative_point_in_hdx_polygon,high,geoBoundaries current gbOpen KEN ADM3 API release,HDX Administrative Wards in Kenya 1450
90231094B3639654472468,North Kadem,ADM3,gbOpen,2020,ry7pGVSoLwL,fVra3Pwta0Q,D2lsuEzZAJP,1477,Migori,Nyatike Sub County,North Kadem Ward,unique_normalized_name,medium,geoBoundaries current gbOpen KEN ADM3 API release,HDX Administrative Wards in Kenya 1450
90231094B75442846444221,Got Kachola,ADM3,gbOpen,2020,wQeQqCSAjRy,fVra3Pwta0Q,D2lsuEzZAJP,1480,Migori,Nyatike Sub County,Got Kachola Ward,representative_point_in_hdx_polygon,high,geoBoundaries current gbOpen KEN ADM3 API release,HDX Administrative Wards in Kenya 1450
90231094B16799660210586,Muhuru,ADM3,gbOpen,2020,nQxxjPy6J5A,fVra3Pwta0Q,D2lsuEzZAJP,1481,Migori,Nyatike Sub County,Muhuru Ward,unique_normalized_name,medium,geoBoundaries current gbOpen KEN ADM3 API release,HDX Administrative Wards in Kenya 1450
90231094B3944785235307,Macalder/Kanyarwanda,ADM3,gbOpen,2020,NGRN2o3qN2r,fVra3Pwta0Q,D2lsuEzZAJP,1478,Migori,Nyatike Sub County,Macalder/kanyarwanda Ward,representative_point_in_hdx_polygon,high,geoBoundaries current gbOpen KEN ADM3 API release,HDX Administrative Wards in Kenya 1450
90231094B87308128749429,East Kamagambo,ADM3,gbOpen,2020,l8btuTBphnw,fVra3Pwta0Q,fT37q3rXQ35,1494,Migori,Rongo Sub County,East Kamagambo Ward,representative_point_in_hdx_polygon,high,geoBoundaries current gbOpen KEN ADM3 API release,HDX Administrative Wards in Kenya 1450
90231094B44097608842403,Mweiga,ADM3,gbOpen,2020,uhmsPJrZCXF,ptWVfaCIdVx,odOtfcaMg4p,469,NYERI,Kieni West Sub County,Mweiga Ward,representative_point_in_hdx_polygon,high,geoBoundaries current gbOpen KEN ADM3 API release,HDX Administrative Wards in Kenya 1450
90231094B16944892781111,Nyiro,ADM3,gbOpen,2020,UpMVKpuABHz,o36zCRjSd4G,E2DGjZRlwbY,669,SAMBURU,Samburu North Sub County,Nyiro Ward,representative_point_in_hdx_polygon,high,geoBoundaries current gbOpen KEN ADM3 API release,HDX Administrative Wards in Kenya 1450
90231094B52652220782701,Waso,ADM3,gbOpen,2020,l2uOoW4cwIa,o36zCRjSd4G,ldZ10N9unC9,672,SAMBURU,Samburu East Sub County,Waso Ward,representative_point_in_hdx_polygon,high,geoBoundaries current gbOpen KEN ADM3 API release,HDX Administrative Wards in Kenya 1450
90231094B82036966044005,Wamba East,ADM3,gbOpen,2020,WieLheAfLdw,o36zCRjSd4G,ldZ10N9unC9,674,SAMBURU,Samburu East Sub County,Wamba east Ward,representative_point_in_hdx_polygon,high,geoBoundaries current gbOpen KEN ADM3 API release,HDX Administrative Wards in Kenya 1450
90231094B96755030800244,Wamba West,ADM3,gbOpen,2020,KnKoadZgQjY,o36zCRjSd4G,ldZ10N9unC9,673,SAMBURU,Samburu East Sub County,Wamba west Ward,representative_point_in_hdx_polygon,high,geoBoundaries current gbOpen KEN ADM3 API release,HDX Administrative Wards in Kenya 1450
90231094B91795569302668,Nachola,ADM3,gbOpen,2020,hV1NZb8gSOe,o36zCRjSd4G,E2DGjZRlwbY,667,SAMBURU,Samburu North Sub County,Nachola Ward,representative_point_in_hdx_polygon,high,geoBoundaries current gbOpen KEN ADM3 API release,HDX Administrative Wards in Kenya 1450
90231094B97296318625141,Maralal,ADM3,gbOpen,2020,IEBWo4HwEfq,o36zCRjSd4G,EmQRGVtvWy3,663,SAMBURU,Samburu Central Sub County,Maralal Ward,representative_point_in_hdx_polygon,high,geoBoundaries current gbOpen KEN ADM3 API release,HDX Administrative Wards in Kenya 1450
90231094B72746936744105,Baawa,ADM3,gbOpen,2020,W4gx1OjSjzp,o36zCRjSd4G,EmQRGVtvWy3,671,SAMBURU,Samburu Central Sub County,Baawa Ward,representative_point_in_hdx_polygon,high,geoBoundaries current gbOpen KEN ADM3 API release,HDX Administrative Wards in Kenya 1450
90231094B3380357230766,Lodokejek,ADM3,gbOpen,2020,PRuQd7VjO3x,o36zCRjSd4G,EmQRGVtvWy3,661,SAMBURU,Samburu Central Sub County,Lodokejek Ward,representative_point_in_hdx_polygon,high,geoBoundaries current gbOpen KEN ADM3 API release,HDX Administrative Wards in Kenya 1450
90231094B198751423848,Suguta Marmar,ADM3,gbOpen,2020,i5te7PTlUjg,o36zCRjSd4G,EmQRGVtvWy3,662,SAMBURU,Samburu Central Sub County,Suguta Marmar Ward,representative_point_in_hdx_polygon,high,geoBoundaries current gbOpen KEN ADM3 API release,HDX Administrative Wards in Kenya 1450
90231094B35618945672487,Wamba North,ADM3,gbOpen,2020,p2OJcxIoP6e,o36zCRjSd4G,ldZ10N9unC9,675,SAMBURU,Samburu East Sub County,Wamba north Ward,representative_point_in_hdx_polygon,high,geoBoundaries current gbOpen KEN ADM3 API release,HDX Administrative Wards in Kenya 1450
90231094B42007022907711,Yimbo East,ADM3,gbOpen,2020,bxQkw99jktF,u4t9H8XyU9P,JNvqpOnKfGR,1871,Siaya,Bondo Sub County,Yimbo East Ward,representative_point_in_hdx_polygon,high,geoBoundaries current gbOpen KEN ADM3 API release,HDX Administrative Wards in Kenya 1450
90231094B20493135622112,Wundanyi/Mbale,ADM3,gbOpen,2020,mkbKajFxEDT,QyGNX2DpR4h,AM36DdkZ36Y,116,TAITA TAVETA,Wundanyi Sub County,Wundanyi/mbale Ward,representative_point_in_hdx_polygon,high,geoBoundaries current gbOpen KEN ADM3 API release,HDX Administrative Wards in Kenya 1450
90231094B22679904250898,Mwatate,ADM3,gbOpen,2020,i6WDSy6LjRp,QyGNX2DpR4h,IBDoGsLdhvt,121,TAITA TAVETA,Mwatate Sub County,Mwatate Ward,representative_point_in_hdx_polygon,high,geoBoundaries current gbOpen KEN ADM3 API release,HDX Administrative Wards in Kenya 1450
90231094B40804705213205,Garsen South,ADM3,gbOpen,2020,dckG5TO7hf8,JsH2bnvNt2d,Lj0mu9j58Ss,87,TANA RIVER,Garsen Sub County,Garsen south Ward,representative_point_in_hdx_polygon,high,geoBoundaries current gbOpen KEN ADM3 API release,HDX Administrative Wards in Kenya 1450
90231094B4667805206560,Kipini West,ADM3,gbOpen,2020,SmP2VkWU2f9,JsH2bnvNt2d,Lj0mu9j58Ss,88,TANA RIVER,Garsen Sub County,Kipini west Ward,representative_point_in_hdx_polygon,high,geoBoundaries current gbOpen KEN ADM3 API release,HDX Administrative Wards in Kenya 1450
90231094B92589384062136,Tarakwa,ADM3,gbOpen,2020,HrhIAUzgxqq,pZqQRRW7PHP,dKHnvt7gleN,2157,Uasin Gishu,Kesses Sub County,Tarakwa Ward,representative_point_in_hdx_polygon,high,geoBoundaries current gbOpen KEN ADM3 API release,HDX Administrative Wards in Kenya 1450
90231094B34846182332133,West Gem,ADM3,gbOpen,2020,XQSQgdwyxWP,nK0A12Q7MvS,iK2Jk2AxhlD,1551,Homa Bay,Rangwe Sub County,West Gem Ward,representative_point_in_hdx_polygon,high,geoBoundaries current gbOpen KEN ADM3 API release,HDX Administrative Wards in Kenya 1450
90231094B17936575675051,Homa Bay Central,ADM3,gbOpen,2020,zOOEW5td56i,nK0A12Q7MvS,Ur2xRBDtazT,1555,Homa Bay,Homa Bay Town Sub County,Homa Bay Central Ward,representative_point_in_hdx_polygon,high,geoBoundaries current gbOpen KEN ADM3 API release,HDX Administrative Wards in Kenya 1450
90231094B31356554341077,Homa Bay Arujo,ADM3,gbOpen,2020,jjce8vXK50R,nK0A12Q7MvS,Ur2xRBDtazT,1557,Homa Bay,Homa Bay Town Sub County,Homa Bay West Ward,representative_point_in_hdx_polygon,high,geoBoundaries current gbOpen KEN ADM3 API release,HDX Administrative Wards in Kenya 1450
90231094B483013018213,Thegu River,ADM3,gbOpen,2020,lZXZ7HwrMGu,ptWVfaCIdVx,YXt5ETQPRlB,474,NYERI,Kieni East Sub County,Thegu river Ward,representative_point_in_hdx_polygon,high,geoBoundaries current gbOpen KEN ADM3 API release,HDX Administrative Wards in Kenya 1450
90231094B81681054268250,North Kinangop,ADM3,gbOpen,2020,UU5SWe7Tv1P,mYZacFNIB3h,RAnL5kBKMIt,443,NYANDARUA,Kinangop Sub County,North kinangop Ward,representative_point_in_hdx_polygon,high,geoBoundaries current gbOpen KEN ADM3 API release,HDX Administrative Wards in Kenya 1450
90231094B94949823488220,Gathara,ADM3,gbOpen,2020,vH5k45ZRgZG,mYZacFNIB3h,RAnL5kBKMIt,442,NYANDARUA,Kinangop Sub County,Gathara Ward,representative_point_in_hdx_polygon,high,geoBoundaries current gbOpen KEN ADM3 API release,HDX Administrative Wards in Kenya 1450
90231094B81458023675942,Kangari,ADM3,gbOpen,2020,PyVnQFcBqOT,ahwTMNAJvrL,tyfDsdZ1h3R,2108,Muranga,Kigumo Sub County,Kangari Ward,representative_point_in_hdx_polygon,high,geoBoundaries current gbOpen KEN ADM3 API release,HDX Administrative Wards in Kenya 1450
90231094B42430078260460,Njabini/Kiburu,ADM3,gbOpen,2020,WntjnQMsI6t,mYZacFNIB3h,RAnL5kBKMIt,445,NYANDARUA,Kinangop Sub County,Njabani/kiburu Ward,representative_point_in_hdx_polygon,high,geoBoundaries current gbOpen KEN ADM3 API release,HDX Administrative Wards in Kenya 1450
90231094B96514278339893,Leshau Pondo,ADM3,gbOpen,2020,Nv8G0Ki2owJ,mYZacFNIB3h,EESGLsSLTqH,462,NYANDARUA,Ndaragwa Sub County,Leshau/pondo Ward,representative_point_in_hdx_polygon,high,geoBoundaries current gbOpen KEN ADM3 API release,HDX Administrative Wards in Kenya 1450
90231094B31364631412409,Gathanji,ADM3,gbOpen,2020,xNnLSFClkz7,mYZacFNIB3h,fVSw60UAC3W,458,NYANDARUA,Oljoroorok Sub County,Gathanji Ward,representative_point_in_hdx_polygon,high,geoBoundaries current gbOpen KEN ADM3 API release,HDX Administrative Wards in Kenya 1450
90231094B38618207172635,Igwamiti,ADM3,gbOpen,2020,q38k1nKzsRS,xuFdFy6t9AH,pXbWrnFPpKb,815,LAIKIPIA,Laikipia West Sub County,Igwamiti Ward,representative_point_in_hdx_polygon,high,geoBoundaries current gbOpen KEN ADM3 API release,HDX Administrative Wards in Kenya 1450
90231094B85176906120151,Kinale,ADM3,gbOpen,2020,DnlusvsKIKj,qKzosKQPl6G,nCziQtZ49jj,2216,Kiambu,Lari Sub County,Kinale Ward,representative_point_in_hdx_polygon,high,geoBoundaries current gbOpen KEN ADM3 API release,HDX Administrative Wards in Kenya 1450
90231094B5070202757092,Bamba,ADM3,gbOpen,2020,BE24fZlEXxt,nrI2khZx3d0,x7qUMtZZvo9,1846,Kilifi,Ganze Sub County,Bamba Ward,representative_point_in_hdx_polygon,high,geoBoundaries current gbOpen KEN ADM3 API release,HDX Administrative Wards in Kenya 1450
90231094B33854661794968,Kalama,ADM3,gbOpen,2020,X0dFLUEZDlw,yhCUgGcCcOo,KXc4ez8OAFz,1522,Machakos,Machakos Sub County,Kalama Ward,representative_point_in_hdx_polygon,high,geoBoundaries current gbOpen KEN ADM3 API release,HDX Administrative Wards in Kenya 1450
90231094B49347940279901,Kola,ADM3,gbOpen,2020,RWCExNJBqjw,yhCUgGcCcOo,KXc4ez8OAFz,1528,Machakos,Machakos Sub County,Kola Ward,representative_point_in_hdx_polygon,high,geoBoundaries current gbOpen KEN ADM3 API release,HDX Administrative Wards in Kenya 1450
90231094B78073170869986,Kiima Kiu/Kalanzoni,ADM3,gbOpen,2020,VnerQmEfHq1,BoDytkJQ4Qi,XAy1bjurhLU,419,MAKUENI,Kilome Sub County,Kiima Kiu/Kalanzoni Ward,representative_point_in_hdx_polygon,high,geoBoundaries current gbOpen KEN ADM3 API release,HDX Administrative Wards in Kenya 1450
90231094B96583318858986,Kayafungo,ADM3,gbOpen,2020,FzfEfKdj7p6,nrI2khZx3d0,tSKDWoVKiPo,1838,Kilifi,Kaloleni Sub County,Kayafungo Ward,representative_point_in_hdx_polygon,high,geoBoundaries current gbOpen KEN ADM3 API release,HDX Administrative Wards in Kenya 1450
90231094B74174267861403,Mwavumbo,ADM3,gbOpen,2020,vjeHNVWOsRk,N7YETT3A9r1,LOgbecTRkbp,1908,Kwale,Kinango Sub County,Mwavumbo Ward,representative_point_in_hdx_polygon,high,geoBoundaries current gbOpen KEN ADM3 API release,HDX Administrative Wards in Kenya 1450
90231094B77730618604923,Mtongwe,ADM3,gbOpen,2020,SwcDu8wwQiR,wsBsC6gjHvn,iy93Mmi73Or,1815,Mombasa,Likoni  Sub County,Mtongwe Ward,representative_point_in_hdx_polygon,high,geoBoundaries current gbOpen KEN ADM3 API release,HDX Administrative Wards in Kenya 1450
90231094B42296848001898,Miritini,ADM3,gbOpen,2020,KgGyWS1YxMx,wsBsC6gjHvn,vSISrsNNHwq,1801,Mombasa,Jomvu  Sub County,Miritini Ward,representative_point_in_hdx_polygon,high,geoBoundaries current gbOpen KEN ADM3 API release,HDX Administrative Wards in Kenya 1450
90231094B85054927413946,Airport,ADM3,gbOpen,2020,bmyrNLOPAAW,wsBsC6gjHvn,OvI6w06DhPJ,1797,Mombasa,Changamwe Sub County,Airport Ward,representative_point_in_hdx_polygon,high,geoBoundaries current gbOpen KEN ADM3 API release,HDX Administrative Wards in Kenya 1450
90231094B99163875710569,Port Reitz,ADM3,gbOpen,2020,bmyrNLOPAAW,wsBsC6gjHvn,OvI6w06DhPJ,1797,Mombasa,Changamwe Sub County,Airport Ward,representative_point_in_hdx_polygon,high,geoBoundaries current gbOpen KEN ADM3 API release,HDX Administrative Wards in Kenya 1450
90231094B64562389048978,Chaani,ADM3,gbOpen,2020,bmyrNLOPAAW,wsBsC6gjHvn,OvI6w06DhPJ,1797,Mombasa,Changamwe Sub County,Airport Ward,representative_point_in_hdx_polygon,high,geoBoundaries current gbOpen KEN ADM3 API release,HDX Administrative Wards in Kenya 1450
90231094B83083567324132,Changamwe,ADM3,gbOpen,2020,oflRkUjvrdd,wsBsC6gjHvn,OvI6w06DhPJ,1795,Mombasa,Changamwe Sub County,Port Reitz Ward,representative_point_in_hdx_polygon,high,geoBoundaries current gbOpen KEN ADM3 API release,HDX Administrative Wards in Kenya 1450
90231094B99461756153862,Mikindani,ADM3,gbOpen,2020,qyQg0b3mxEL,wsBsC6gjHvn,OvI6w06DhPJ,1798,Mombasa,Changamwe Sub County,Changamwe Ward,representative_point_in_hdx_polygon,high,geoBoundaries current gbOpen KEN ADM3 API release,HDX Administrative Wards in Kenya 1450
90231094B64458881618568,Jomvu Kuu,ADM3,gbOpen,2020,T0eflkFOYOF,wsBsC6gjHvn,vSISrsNNHwq,1800,Mombasa,Jomvu  Sub County,Jomvu Kuu Ward,representative_point_in_hdx_polygon,high,geoBoundaries current gbOpen KEN ADM3 API release,HDX Administrative Wards in Kenya 1450
90231094B58301177513460,Bofu,ADM3,gbOpen,2020,dHlamDlw0NG,wsBsC6gjHvn,iy93Mmi73Or,1817,Mombasa,Likoni  Sub County,Bofu Ward,representative_point_in_hdx_polygon,high,geoBoundaries current gbOpen KEN ADM3 API release,HDX Administrative Wards in Kenya 1450
90231094B53826006096886,Timbwani,ADM3,gbOpen,2020,bZcRxqnzRy0,wsBsC6gjHvn,iy93Mmi73Or,1819,Mombasa,Likoni  Sub County,Timbwani Ward,representative_point_in_hdx_polygon,high,geoBoundaries current gbOpen KEN ADM3 API release,HDX Administrative Wards in Kenya 1450
90231094B79201130567879,Likoni,ADM3,gbOpen,2020,cFjb7QOxAMu,wsBsC6gjHvn,iy93Mmi73Or,1816,Mombasa,Likoni  Sub County,Shika Adabu Ward,representative_point_in_hdx_polygon,high,geoBoundaries current gbOpen KEN ADM3 API release,HDX Administrative Wards in Kenya 1450
90231094B50040662111445,Shimanzi/Ganjoni,ADM3,gbOpen,2020,I1ioJIBPdpG,wsBsC6gjHvn,C1xuoa1NAMm,1823,Mombasa,Mvita  Sub County,Ganjoni Ward-shimanzi Ward,representative_point_in_hdx_polygon,high,geoBoundaries current gbOpen KEN ADM3 API release,HDX Administrative Wards in Kenya 1450
90231094B62591193365803,Mji Wa Kale/Makadara,ADM3,gbOpen,2020,lZiLgEqsjq5,wsBsC6gjHvn,C1xuoa1NAMm,1820,Mombasa,Mvita  Sub County,Makadara Ward-mji Wa Kale Ward,representative_point_in_hdx_polygon,high,geoBoundaries current gbOpen KEN ADM3 API release,HDX Administrative Wards in Kenya 1450
90231094B4243937564497,Tononoka,ADM3,gbOpen,2020,Dvo3BcpbGkD,wsBsC6gjHvn,C1xuoa1NAMm,1822,Mombasa,Mvita  Sub County,Tononoka Ward,representative_point_in_hdx_polygon,high,geoBoundaries current gbOpen KEN ADM3 API release,HDX Administrative Wards in Kenya 1450
90231094B59448072626581,Tudor,ADM3,gbOpen,2020,oLZDP6nDlYc,wsBsC6gjHvn,C1xuoa1NAMm,1821,Mombasa,Mvita  Sub County,Tudor Ward,representative_point_in_hdx_polygon,high,geoBoundaries current gbOpen KEN ADM3 API release,HDX Administrative Wards in Kenya 1450
90231094B5596768227556,Mjambere,ADM3,gbOpen,2020,YCeebXtrvTd,wsBsC6gjHvn,C1hO6wNOgrH,1803,Mombasa,Kisauni  Sub County,Mjambere Ward,representative_point_in_hdx_polygon,high,geoBoundaries current gbOpen KEN ADM3 API release,HDX Administrative Wards in Kenya 1450
90231094B73115484064442,Magogoni,ADM3,gbOpen,2020,dUh1anGaJK6,wsBsC6gjHvn,C1hO6wNOgrH,1808,Mombasa,Kisauni  Sub County,Magogoni Ward,representative_point_in_hdx_polygon,high,geoBoundaries current gbOpen KEN ADM3 API release,HDX Administrative Wards in Kenya 1450
90231094B71459874041084,Bamburi,ADM3,gbOpen,2020,J9QXQIm43fW,wsBsC6gjHvn,C1hO6wNOgrH,1805,Mombasa,Kisauni  Sub County,Bamburi Ward,representative_point_in_hdx_polygon,high,geoBoundaries current gbOpen KEN ADM3 API release,HDX Administrative Wards in Kenya 1450
90231094B25057966608571,Shanzu,ADM3,gbOpen,2020,ZvkGsTVOoog,wsBsC6gjHvn,C1hO6wNOgrH,1809,Mombasa,Kisauni  Sub County,Shanzu Ward,representative_point_in_hdx_polygon,high,geoBoundaries current gbOpen KEN ADM3 API release,HDX Administrative Wards in Kenya 1450
90231094B89551563413502,Kadzandani,ADM3,gbOpen,2020,FydnlJp81aR,wsBsC6gjHvn,sr8WEz03EnP,1814,Mombasa,Nyali  Sub County,Kadzandani Ward,representative_point_in_hdx_polygon,high,geoBoundaries current gbOpen KEN ADM3 API release,HDX Administrative Wards in Kenya 1450
90231094B10212865075975,Ziwa La Ng'ombe,ADM3,gbOpen,2020,XhBDUNeFqF6,wsBsC6gjHvn,sr8WEz03EnP,1811,Mombasa,Nyali  Sub County,Ziwa La Ng'ombe Ward,representative_point_in_hdx_polygon,high,geoBoundaries current gbOpen KEN ADM3 API release,HDX Administrative Wards in Kenya 1450
90231094B84439727334131,Kongowea,ADM3,gbOpen,2020,FXRGaOT9JD8,wsBsC6gjHvn,sr8WEz03EnP,1812,Mombasa,Nyali  Sub County,Mkomani Ward,representative_point_in_hdx_polygon,high,geoBoundaries current gbOpen KEN ADM3 API release,HDX Administrative Wards in Kenya 1450
90231094B88183851716757,Mkomani,ADM3,gbOpen,2020,FXRGaOT9JD8,wsBsC6gjHvn,sr8WEz03EnP,1812,Mombasa,Nyali  Sub County,Mkomani Ward,representative_point_in_hdx_polygon,high,geoBoundaries current gbOpen KEN ADM3 API release,HDX Administrative Wards in Kenya 1450
90231094B50090468631978,Frere Town,ADM3,gbOpen,2020,EDosdjVkXb6,wsBsC6gjHvn,sr8WEz03EnP,1810,Mombasa,Nyali  Sub County,Frere Town Ward,representative_point_in_hdx_polygon,high,geoBoundaries current gbOpen KEN ADM3 API release,HDX Administrative Wards in Kenya 1450
90231094B58206739469140,Junda,ADM3,gbOpen,2020,sHr1V63b6gP,wsBsC6gjHvn,C1hO6wNOgrH,1804,Mombasa,Kisauni  Sub County,Junda Ward,representative_point_in_hdx_polygon,high,geoBoundaries current gbOpen KEN ADM3 API release,HDX Administrative Wards in Kenya 1450
90231094B28234828186900,Karen,ADM3,gbOpen,2020,clyAqa9XVNp,jkG3zaihdSs,aTGYlhEw2Xx,2022,Nairobi,Langata  Sub County,Karen Ward,representative_point_in_hdx_polygon,high,geoBoundaries current gbOpen KEN ADM3 API release,HDX Administrative Wards in Kenya 1450
90231094B93415024320369,Mwiki,ADM3,gbOpen,2020,KoIp1GKz0UI,qKzosKQPl6G,TPRNJqSm4lK,2245,Kiambu,Ruiru Sub County,Mwiki Ward,representative_point_in_hdx_polygon,high,geoBoundaries current gbOpen KEN ADM3 API release,HDX Administrative Wards in Kenya 1450
90231094B7265929085660,Ngara,ADM3,gbOpen,2020,QKZyfxaG8EJ,jkG3zaihdSs,nKHlZyN0lt9,2081,Nairobi,Starehe  Sub County,Ngara Ward Ward,representative_point_in_hdx_polygon,high,geoBoundaries current gbOpen KEN ADM3 API release,HDX Administrative Wards in Kenya 1450
90231094B68006744702142,Zimmerman,ADM3,gbOpen,2020,RRAEO9Ltfec,jkG3zaihdSs,j7GpbairCOi,2035,Nairobi,Roysambu  Sub County,Roysambu Ward,representative_point_in_hdx_polygon,high,geoBoundaries current gbOpen KEN ADM3 API release,HDX Administrative Wards in Kenya 1450
90231094B44012764954118,Kahawa West,ADM3,gbOpen,2020,gJel307q0y1,jkG3zaihdSs,j7GpbairCOi,2033,Nairobi,Roysambu  Sub County,Kahawa West,representative_point_in_hdx_polygon,high,geoBoundaries current gbOpen KEN ADM3 API release,HDX Administrative Wards in Kenya 1450
90231094B36765757204694,Claycity,ADM3,gbOpen,2020,bF28Xs26tXA,jkG3zaihdSs,FoqzDgIByL6,2037,Nairobi,Kasarani  Sub County,Clay City,representative_point_in_hdx_polygon,high,geoBoundaries current gbOpen KEN ADM3 API release,HDX Administrative Wards in Kenya 1450
90231094B17116341604786,Mwiki,ADM3,gbOpen,2020,LWZoX1NZFa1,jkG3zaihdSs,FoqzDgIByL6,2038,Nairobi,Kasarani  Sub County,Mwiki Ward,representative_point_in_hdx_polygon,high,geoBoundaries current gbOpen KEN ADM3 API release,HDX Administrative Wards in Kenya 1450
90231094B9567450915557,Nairobi South,ADM3,gbOpen,2020,LYgnp1wcewP,jkG3zaihdSs,nKHlZyN0lt9,2085,Nairobi,Starehe  Sub County,Nairobi South Ward,representative_point_in_hdx_polygon,high,geoBoundaries current gbOpen KEN ADM3 API release,HDX Administrative Wards in Kenya 1450
90231094B61897557041825,Imara Daima,ADM3,gbOpen,2020,ZWRytukDvQ7,jkG3zaihdSs,aTGYlhEw2Xx,2025,Nairobi,Langata  Sub County,South C Ward,representative_point_in_hdx_polygon,high,geoBoundaries current gbOpen KEN ADM3 API release,HDX Administrative Wards in Kenya 1450
90231094B48364963430790,Utawala,ADM3,gbOpen,2020,rEwQxmUPoZE,jkG3zaihdSs,gD4xxgDGJ4Y,2065,Nairobi,Embakasi East Sub County,Utawala Ward,representative_point_in_hdx_polygon,high,geoBoundaries current gbOpen KEN ADM3 API release,HDX Administrative Wards in Kenya 1450
90231094B93374851828242,Upper Savannah,ADM3,gbOpen,2020,Qjd5eRv25sb,jkG3zaihdSs,gD4xxgDGJ4Y,2063,Nairobi,Embakasi East Sub County,Lower Savanna Ward,representative_point_in_hdx_polygon,high,geoBoundaries current gbOpen KEN ADM3 API release,HDX Administrative Wards in Kenya 1450
90231094B7983615949275,South-C,ADM3,gbOpen,2020,ZWRytukDvQ7,jkG3zaihdSs,aTGYlhEw2Xx,2025,Nairobi,Langata  Sub County,South C Ward,representative_point_in_hdx_polygon,high,geoBoundaries current gbOpen KEN ADM3 API release,HDX Administrative Wards in Kenya 1450
90231094B63879020175470,Kwa Reuben,ADM3,gbOpen,2020,LYgnp1wcewP,jkG3zaihdSs,nKHlZyN0lt9,2085,Nairobi,Starehe  Sub County,Nairobi South Ward,representative_point_in_hdx_polygon,high,geoBoundaries current gbOpen KEN ADM3 API release,HDX Administrative Wards in Kenya 1450
90231094B61454891921323,Kware,ADM3,gbOpen,2020,XnWPNKPDxxo,jkG3zaihdSs,aDp1odOWYC1,2048,Nairobi,Embakasi South Sub County,Kwa Njenga Ward,representative_point_in_hdx_polygon,high,geoBoundaries current gbOpen KEN ADM3 API release,HDX Administrative Wards in Kenya 1450
90231094B25872239047868,Pipeline,ADM3,gbOpen,2020,vjOR4Xpi2TY,jkG3zaihdSs,aDp1odOWYC1,2050,Nairobi,Embakasi South Sub County,Pipeline Ward,representative_point_in_hdx_polygon,high,geoBoundaries current gbOpen KEN ADM3 API release,HDX Administrative Wards in Kenya 1450
90231094B43642308248715,Embakasi,ADM3,gbOpen,2020,raV5YKTRCG2,jkG3zaihdSs,gD4xxgDGJ4Y,2064,Nairobi,Embakasi East Sub County,Embakasi Ward,representative_point_in_hdx_polygon,high,geoBoundaries current gbOpen KEN ADM3 API release,HDX Administrative Wards in Kenya 1450
90231094B44832226056172,Roysambu,ADM3,gbOpen,2020,RRAEO9Ltfec,jkG3zaihdSs,j7GpbairCOi,2035,Nairobi,Roysambu  Sub County,Roysambu Ward,representative_point_in_hdx_polygon,high,geoBoundaries current gbOpen KEN ADM3 API release,HDX Administrative Wards in Kenya 1450
90231094B51186278717161,Mlango Kubwa,ADM3,gbOpen,2020,lvETWuhiIMi,jkG3zaihdSs,gh2kzpOFCeF,2090,Nairobi,Mathare  Sub County,Mlango Kubwa,representative_point_in_hdx_polygon,high,geoBoundaries current gbOpen KEN ADM3 API release,HDX Administrative Wards in Kenya 1450
90231094B66543307554881,California,ADM3,gbOpen,2020,LR8RoEpERGM,jkG3zaihdSs,qoLIT7y5f5c,2079,Nairobi,Kamukunji  Sub County,California Ward,representative_point_in_hdx_polygon,high,geoBoundaries current gbOpen KEN ADM3 API release,HDX Administrative Wards in Kenya 1450
90231094B55713405183235,Eastleigh North,ADM3,gbOpen,2020,i1zR9ESXM9L,jkG3zaihdSs,qoLIT7y5f5c,2076,Nairobi,Kamukunji  Sub County,Eastleigh North Ward,representative_point_in_hdx_polygon,high,geoBoundaries current gbOpen KEN ADM3 API release,HDX Administrative Wards in Kenya 1450
90231094B87847943139264,Eastleigh South,ADM3,gbOpen,2020,zP3xgQdPmJX,jkG3zaihdSs,qoLIT7y5f5c,2077,Nairobi,Kamukunji  Sub County,Eastleigh South Ward,representative_point_in_hdx_polygon,high,geoBoundaries current gbOpen KEN ADM3 API release,HDX Administrative Wards in Kenya 1450
90231094B26747583601477,Maringo/Hamza,ADM3,gbOpen,2020,Ao5e4mVaq7w,jkG3zaihdSs,wwROy3Qkwin,2071,Nairobi,Makadara  Sub County,Maringo/hamza Ward,representative_point_in_hdx_polygon,high,geoBoundaries current gbOpen KEN ADM3 API release,HDX Administrative Wards in Kenya 1450
90231094B40547391501611,Makongeni,ADM3,gbOpen,2020,ov2muONmDh8,jkG3zaihdSs,wwROy3Qkwin,2074,Nairobi,Makadara  Sub County,Makongeni Ward,representative_point_in_hdx_polygon,high,geoBoundaries current gbOpen KEN ADM3 API release,HDX Administrative Wards in Kenya 1450
90231094B77539692528751,Mowlem,ADM3,gbOpen,2020,ujYuDykrrXi,jkG3zaihdSs,aCwUX5V42Zz,2069,Nairobi,Embakasi West Sub County,Mowlem Ward,representative_point_in_hdx_polygon,high,geoBoundaries current gbOpen KEN ADM3 API release,HDX Administrative Wards in Kenya 1450
90231094B70314662997275,Kariobangi South,ADM3,gbOpen,2020,T7AinNTWtXe,jkG3zaihdSs,wwROy3Qkwin,2073,Nairobi,Makadara  Sub County,Harambee Ward,representative_point_in_hdx_polygon,high,geoBoundaries current gbOpen KEN ADM3 API release,HDX Administrative Wards in Kenya 1450
90231094B17423441644978,Airbase,ADM3,gbOpen,2020,t4Suo8Enc7T,jkG3zaihdSs,qoLIT7y5f5c,2078,Nairobi,Kamukunji  Sub County,Airbase Ward,representative_point_in_hdx_polygon,high,geoBoundaries current gbOpen KEN ADM3 API release,HDX Administrative Wards in Kenya 1450
90231094B17471811685292,Matopeni,ADM3,gbOpen,2020,xhXsdnqx3eX,jkG3zaihdSs,XvpLXU47BKs,2061,Nairobi,Embakasi Central Sub County,Matopeni/spring Valley Ward,representative_point_in_hdx_polygon,high,geoBoundaries current gbOpen KEN ADM3 API release,HDX Administrative Wards in Kenya 1450
90231094B80460012931648,Kayole Central,ADM3,gbOpen,2020,UJlaR99kRxm,jkG3zaihdSs,XvpLXU47BKs,2059,Nairobi,Embakasi Central Sub County,Kayole South Ward,representative_point_in_hdx_polygon,high,geoBoundaries current gbOpen KEN ADM3 API release,HDX Administrative Wards in Kenya 1450
90231094B57555843260012,Kariobangi North,ADM3,gbOpen,2020,YMBLUc2euxC,jkG3zaihdSs,SSz1iOv28Jk,2052,Nairobi,Embakasi North Sub County,Kariobangi North Ward,representative_point_in_hdx_polygon,high,geoBoundaries current gbOpen KEN ADM3 API release,HDX Administrative Wards in Kenya 1450
90231094B37183916008849,Huruma,ADM3,gbOpen,2020,tsmsPb6qMFa,jkG3zaihdSs,gh2kzpOFCeF,2089,Nairobi,Mathare  Sub County,Ngei Ward,representative_point_in_hdx_polygon,high,geoBoundaries current gbOpen KEN ADM3 API release,HDX Administrative Wards in Kenya 1450
90231094B63545294810958,Ngei,ADM3,gbOpen,2020,LlDgh96665K,jkG3zaihdSs,gh2kzpOFCeF,2088,Nairobi,Mathare  Sub County,Huruma Ward,representative_point_in_hdx_polygon,high,geoBoundaries current gbOpen KEN ADM3 API release,HDX Administrative Wards in Kenya 1450
90231094B36756678621315,Hospital,ADM3,gbOpen,2020,QzN4B49WE91,jkG3zaihdSs,gh2kzpOFCeF,2086,Nairobi,Mathare  Sub County,Hospital Ward,representative_point_in_hdx_polygon,high,geoBoundaries current gbOpen KEN ADM3 API release,HDX Administrative Wards in Kenya 1450
90231094B96061642152429,Mabatini,ADM3,gbOpen,2020,rD8Z7AgYLaS,jkG3zaihdSs,gh2kzpOFCeF,2087,Nairobi,Mathare  Sub County,Mabatini Ward,representative_point_in_hdx_polygon,high,geoBoundaries current gbOpen KEN ADM3 API release,HDX Administrative Wards in Kenya 1450
90231094B17197411386786,Kiamaiko,ADM3,gbOpen,2020,tgAB60BL0u9,jkG3zaihdSs,gh2kzpOFCeF,2091,Nairobi,Mathare  Sub County,Kiamaiko Ward,representative_point_in_hdx_polygon,high,geoBoundaries current gbOpen KEN ADM3 API release,HDX Administrative Wards in Kenya 1450
90231094B98620904514184,Kawangware,ADM3,gbOpen,2020,Kzpb8gvmSkz,jkG3zaihdSs,CcTr4bcVGAG,2016,Nairobi,Dagoretti North Sub County,Kabiro Ward,representative_point_in_hdx_polygon,high,geoBoundaries current gbOpen KEN ADM3 API release,HDX Administrative Wards in Kenya 1450
90231094B82505048798604,Mathare North,ADM3,gbOpen,2020,dOQTHZsuaIb,jkG3zaihdSs,Cc8uEFkzfVf,2044,Nairobi,Ruaraka  Sub County,Mathare North Ward,representative_point_in_hdx_polygon,high,geoBoundaries current gbOpen KEN ADM3 API release,HDX Administrative Wards in Kenya 1450
90231094B96669676588583,Lucky Summer,ADM3,gbOpen,2020,cUX8GhsuLPn,jkG3zaihdSs,Cc8uEFkzfVf,2045,Nairobi,Ruaraka  Sub County,Lucky Summer Ward,representative_point_in_hdx_polygon,high,geoBoundaries current gbOpen KEN ADM3 API release,HDX Administrative Wards in Kenya 1450
90231094B54169203570913,Pumwani,ADM3,gbOpen,2020,x6E428s1HPf,jkG3zaihdSs,qoLIT7y5f5c,2075,Nairobi,Kamukunji  Sub County,Pumwani Ward,representative_point_in_hdx_polygon,high,geoBoundaries current gbOpen KEN ADM3 API release,HDX Administrative Wards in Kenya 1450
90231094B96835583462414,Nairobi Central,ADM3,gbOpen,2020,KJHG9zDp2UR,jkG3zaihdSs,nKHlZyN0lt9,2080,Nairobi,Starehe  Sub County,Nairobi Central Ward,representative_point_in_hdx_polygon,high,geoBoundaries current gbOpen KEN ADM3 API release,HDX Administrative Wards in Kenya 1450
90231094B87222810635114,Pangani,ADM3,gbOpen,2020,DR0BSs3eYeC,jkG3zaihdSs,nKHlZyN0lt9,2082,Nairobi,Starehe  Sub County,Pangani Ward,representative_point_in_hdx_polygon,high,geoBoundaries current gbOpen KEN ADM3 API release,HDX Administrative Wards in Kenya 1450
90231094B46732073330793,Lakoley South/Basir,ADM3,gbOpen,2020,CisxX3iXbp9,CeLsrJOH0g9,x6Z1sBeiyqQ,183,WAJIR,Eldas Sub County,Elnur/tula tula Ward,representative_point_in_hdx_polygon,high,geoBoundaries current gbOpen KEN ADM3 API release,HDX Administrative Wards in Kenya 1450
90231094B85811675730952,Wagberi,ADM3,gbOpen,2020,bvqz4r93cJm,CeLsrJOH0g9,uov0yFMw9Qm,168,WAJIR,Wajir East Sub County,Wagberi Ward,representative_point_in_hdx_polygon,high,geoBoundaries current gbOpen KEN ADM3 API release,HDX Administrative Wards in Kenya 1450
90231094B52228528523900,Takaba South,ADM3,gbOpen,2020,QPvTzWqCuvE,R6f9znhg37c,H5RvDZkoDJL,191,MANDERA,MANDERA WEST,TAKABA SOUTH,representative_point_in_hdx_polygon,high,geoBoundaries current gbOpen KEN ADM3 API release,HDX Administrative Wards in Kenya 1450
90231094B1130354840498,Ashabito,ADM3,gbOpen,2020,YJhdNCfPDKH,R6f9znhg37c,jrm0uyLXnC1,201,MANDERA,MANDERA NORTH,ASHABITO,representative_point_in_hdx_polygon,high,geoBoundaries current gbOpen KEN ADM3 API release,HDX Administrative Wards in Kenya 1450
90231094B25547960705909,Wargudud,ADM3,gbOpen,2020,Pp4y0VFaeLg,R6f9znhg37c,qyhVIMG2rUw,206,MANDERA,MANDERA SOUTH,WARGADUD,representative_point_in_hdx_polygon,high,geoBoundaries current gbOpen KEN ADM3 API release,HDX Administrative Wards in Kenya 1450
90231094B30518940868774,Bulla Mpya,ADM3,gbOpen,2020,gVbkohpiw1f,R6f9znhg37c,fGr9rRvaovO,213,MANDERA,MANDERA EAST,KHALALIO,representative_point_in_hdx_polygon,high,geoBoundaries current gbOpen KEN ADM3 API release,HDX Administrative Wards in Kenya 1450
90231094B35553561799419,Khalalio,ADM3,gbOpen,2020,gVbkohpiw1f,R6f9znhg37c,fGr9rRvaovO,213,MANDERA,MANDERA EAST,KHALALIO,representative_point_in_hdx_polygon,high,geoBoundaries current gbOpen KEN ADM3 API release,HDX Administrative Wards in Kenya 1450
90231094B36492978778614,Turbi,ADM3,gbOpen,2020,WJ7jJ5A1MjS,Eey8fT4Im3y,j6fqt5TYqPZ,230,MARSABIT,NORTH HORR,TURBI,representative_point_in_hdx_polygon,high,geoBoundaries current gbOpen KEN ADM3 API release,HDX Administrative Wards in Kenya 1450
90231094B9458721871414,Log Logo,ADM3,gbOpen,2020,ooyM9K6FAXE,Eey8fT4Im3y,eZpy65ooW0m,239,MARSABIT,LAISAMIS,LOGOLOGO,representative_point_in_hdx_polygon,high,geoBoundaries current gbOpen KEN ADM3 API release,HDX Administrative Wards in Kenya 1450
90231094B74485578386276,North Horr,ADM3,gbOpen,2020,J7hloFhkWdU,Eey8fT4Im3y,j6fqt5TYqPZ,231,MARSABIT,NORTH HORR,NORTH HORR,representative_point_in_hdx_polygon,high,geoBoundaries current gbOpen KEN ADM3 API release,HDX Administrative Wards in Kenya 1450
90231094B35587150155895,Abakaile,ADM3,gbOpen,2020,Mn7xPHjxcxb,uyOrcHZBpW0,EW4Jw4dVWBt,151,GARISSA,Dadaab Sub County,Abakaile Ward,representative_point_in_hdx_polygon,high,geoBoundaries current gbOpen KEN ADM3 API release,HDX Administrative Wards in Kenya 1450
90231094B59812408085136,Garsen West,ADM3,gbOpen,2020,urcMYGpY3xy,JsH2bnvNt2d,Lj0mu9j58Ss,90,TANA RIVER,Garsen Sub County,Garsen west Ward,representative_point_in_hdx_polygon,high,geoBoundaries current gbOpen KEN ADM3 API release,HDX Administrative Wards in Kenya 1450
90231094B56956308917573,Loima,ADM3,gbOpen,2020,jRyJjLWoDig,kphDeKClFch,OZiGQn2R8kK,631,TURKANA,Loima Sub County,Loima Ward,representative_point_in_hdx_polygon,high,geoBoundaries current gbOpen KEN ADM3 API release,HDX Administrative Wards in Kenya 1450
90231094B59493391058003,Kaeris,ADM3,gbOpen,2020,PfM59R0hE2L,kphDeKClFch,mWpq607yRXh,611,TURKANA,Turkana North Sub County,Kaeris Ward,representative_point_in_hdx_polygon,high,geoBoundaries current gbOpen KEN ADM3 API release,HDX Administrative Wards in Kenya 1450
90231094B83090338457236,Kalokol,ADM3,gbOpen,2020,DaWvBbVWP0W,kphDeKClFch,zd8rhYqGowE,626,TURKANA,Turkana Central Sub County,Kalokol Ward,representative_point_in_hdx_polygon,high,geoBoundaries current gbOpen KEN ADM3 API release,HDX Administrative Wards in Kenya 1450
90231094B28393661506191,Mwakirunge,ADM3,gbOpen,2020,zkZxEdH45U1,wsBsC6gjHvn,C1hO6wNOgrH,1806,Mombasa,Kisauni  Sub County,Mwakirunge Ward,representative_point_in_hdx_polygon,high,geoBoundaries current gbOpen KEN ADM3 API release,HDX Administrative Wards in Kenya 1450
90231094B48547253748269,Mwereni,ADM3,gbOpen,2020,PBhYjIVYdhk,N7YETT3A9r1,TdcYaufNV4p,1896,Kwale,Lunga Lunga Sub County,Mwereni Ward,representative_point_in_hdx_polygon,high,geoBoundaries current gbOpen KEN ADM3 API release,HDX Administrative Wards in Kenya 1450
90231094B45675240263138,Nadavaya,ADM3,gbOpen,2020,YZvux1SW3bs,N7YETT3A9r1,LOgbecTRkbp,1903,Kwale,Kinango Sub County,Ndavaya Ward,representative_point_in_hdx_polygon,high,geoBoundaries current gbOpen KEN ADM3 API release,HDX Administrative Wards in Kenya 1450
90231094B43153475515982,Mata,ADM3,gbOpen,2020,m1IPtRRgcm9,QyGNX2DpR4h,jNzRdAwjaQ1,115,TAITA TAVETA,Taveta Sub County,Mata Ward,representative_point_in_hdx_polygon,high,geoBoundaries current gbOpen KEN ADM3 API release,HDX Administrative Wards in Kenya 1450
90231094B93801899090558,Kakuyuni,ADM3,gbOpen,2020,ckJv892Aokb,nrI2khZx3d0,lGg3wEy784X,1850,Kilifi,Malindi Sub County,Kakuyuni Ward,representative_point_in_hdx_polygon,high,geoBoundaries current gbOpen KEN ADM3 API release,HDX Administrative Wards in Kenya 1450
90231094B60922718012098,Jilore,ADM3,gbOpen,2020,nqJwUrOo66m,nrI2khZx3d0,lGg3wEy784X,1849,Kilifi,Malindi Sub County,Jilore Ward,representative_point_in_hdx_polygon,high,geoBoundaries current gbOpen KEN ADM3 API release,HDX Administrative Wards in Kenya 1450
90231094B67796751406979,Dabaso,ADM3,gbOpen,2020,nqJwUrOo66m,nrI2khZx3d0,lGg3wEy784X,1849,Kilifi,Malindi Sub County,Jilore Ward,representative_point_in_hdx_polygon,high,geoBoundaries current gbOpen KEN ADM3 API release,HDX Administrative Wards in Kenya 1450
90231094B69670794193603,Matsangoni,ADM3,gbOpen,2020,kpL4HsQ7YZ5,nrI2khZx3d0,x7qUMtZZvo9,1848,Kilifi,Ganze Sub County,Sokoke Ward,representative_point_in_hdx_polygon,high,geoBoundaries current gbOpen KEN ADM3 API release,HDX Administrative Wards in Kenya 1450
90231094B26749028120525,Kibirichia,ADM3,gbOpen,2020,ZVoIw8oAOWZ,Y52XNJ50hYb,OnNcTsJgfvL,287,MERU,Imenti Central Sub County,Abothuguchi west Ward,representative_point_in_hdx_polygon,high,geoBoundaries current gbOpen KEN ADM3 API release,HDX Administrative Wards in Kenya 1450
90231094B10964531420930,Municipality,ADM3,gbOpen,2020,Q1YmD34Z3It,Y52XNJ50hYb,BDxUGx86itV,278,MERU,Imenti North Sub County,Ntima west Ward,representative_point_in_hdx_polygon,high,geoBoundaries current gbOpen KEN ADM3 API release,HDX Administrative Wards in Kenya 1450
90231094B95201658788820,Nyaki West,ADM3,gbOpen,2020,danQPcsYu5G,Y52XNJ50hYb,BDxUGx86itV,279,MERU,Imenti North Sub County,Nyaki west Ward,representative_point_in_hdx_polygon,high,geoBoundaries current gbOpen KEN ADM3 API release,HDX Administrative Wards in Kenya 1450
90231094B9047214790937,Njia,ADM3,gbOpen,2020,k0edp6ATpN0,Y52XNJ50hYb,TPfcUHno8oP,259,MERU,Igembe Central Sub County,Njia Ward,representative_point_in_hdx_polygon,high,geoBoundaries current gbOpen KEN ADM3 API release,HDX Administrative Wards in Kenya 1450
90231094B44670775789925,Karama,ADM3,gbOpen,2020,HuKVPCdKkZ0,Y52XNJ50hYb,U3lGZ71W9Te,275,MERU,Tigania East Sub County,Karama Ward,representative_point_in_hdx_polygon,high,geoBoundaries current gbOpen KEN ADM3 API release,HDX Administrative Wards in Kenya 1450
90231094B89961599488286,Kangeta,ADM3,gbOpen,2020,k0edp6ATpN0,Y52XNJ50hYb,TPfcUHno8oP,259,MERU,Igembe Central Sub County,Njia Ward,representative_point_in_hdx_polygon,high,geoBoundaries current gbOpen KEN ADM3 API release,HDX Administrative Wards in Kenya 1450
90231094B43848143673625,Maua,ADM3,gbOpen,2020,QRgp6qqEmVn,Y52XNJ50hYb,TPfcUHno8oP,258,MERU,Igembe Central Sub County,Kiengu/Igembe East ward,representative_point_in_hdx_polygon,high,geoBoundaries current gbOpen KEN ADM3 API release,HDX Administrative Wards in Kenya 1450
90231094B69206400237129,Athiru Ruujine,ADM3,gbOpen,2020,mOMLW8dXVuR,Y52XNJ50hYb,TPfcUHno8oP,257,MERU,Igembe Central Sub County,Athiru ruujine Ward,representative_point_in_hdx_polygon,high,geoBoundaries current gbOpen KEN ADM3 API release,HDX Administrative Wards in Kenya 1450
90231094B80568707613715,Igembe East,ADM3,gbOpen,2020,mOMLW8dXVuR,Y52XNJ50hYb,TPfcUHno8oP,257,MERU,Igembe Central Sub County,Athiru ruujine Ward,representative_point_in_hdx_polygon,high,geoBoundaries current gbOpen KEN ADM3 API release,HDX Administrative Wards in Kenya 1450
90231094B34220797611835,Akachiu,ADM3,gbOpen,2020,mSPC54QXXiP,Y52XNJ50hYb,wtuGWT7KjVm,254,MERU,Igembe South Sub County,Akachiu Ward,representative_point_in_hdx_polygon,high,geoBoundaries current gbOpen KEN ADM3 API release,HDX Administrative Wards in Kenya 1450
90231094B98009720165770,Kiegoi/Antubochiu,ADM3,gbOpen,2020,ozZP0r92ysp,Y52XNJ50hYb,wtuGWT7KjVm,252,MERU,Igembe South Sub County,Kiegoi/antubochiu Ward,representative_point_in_hdx_polygon,high,geoBoundaries current gbOpen KEN ADM3 API release,HDX Administrative Wards in Kenya 1450
90231094B50182264319154,Kiguchwa,ADM3,gbOpen,2020,EzxiXXOQex6,Y52XNJ50hYb,U3lGZ71W9Te,273,MERU,Tigania East Sub County,Kiguchwa Ward,representative_point_in_hdx_polygon,high,geoBoundaries current gbOpen KEN ADM3 API release,HDX Administrative Wards in Kenya 1450
90231094B77196799962190,Mitunguu,ADM3,gbOpen,2020,tIVOumb0Lh1,Y52XNJ50hYb,AFIlzKNxXST,290,MERU,Imenti South Sub County,Mitunguu Ward,representative_point_in_hdx_polygon,high,geoBoundaries current gbOpen KEN ADM3 API release,HDX Administrative Wards in Kenya 1450
90231094B10751092204414,Machakos Central,ADM3,gbOpen,2020,bSXsHJ4bnCw,yhCUgGcCcOo,KXc4ez8OAFz,1525,Machakos,Machakos Sub County,Township Ward,representative_point_in_hdx_polygon,high,geoBoundaries current gbOpen KEN ADM3 API release,HDX Administrative Wards in Kenya 1450
90231094B68260678190414,Upper Kaewa/Iveti,ADM3,gbOpen,2020,nDNeAIZ7KRc,yhCUgGcCcOo,iCey76HYgLP,1516,Machakos,Kathiani Sub County,Upper Kaewa-iveti Ward,representative_point_in_hdx_polygon,high,geoBoundaries current gbOpen KEN ADM3 API release,HDX Administrative Wards in Kenya 1450
90231094B57009963808591,Mutituni,ADM3,gbOpen,2020,m6H14WsORB0,yhCUgGcCcOo,KXc4ez8OAFz,1524,Machakos,Machakos Sub County,Mutituni Ward,representative_point_in_hdx_polygon,high,geoBoundaries current gbOpen KEN ADM3 API release,HDX Administrative Wards in Kenya 1450
90231094B57611098249018,Kinanie,ADM3,gbOpen,2020,COrVDPRzUZp,yhCUgGcCcOo,BxfsSc6Svrc,1519,Machakos,Athi River Sub County,Kinanie Ward,representative_point_in_hdx_polygon,high,geoBoundaries current gbOpen KEN ADM3 API release,HDX Administrative Wards in Kenya 1450
90231094B20144998354532,Mua,ADM3,gbOpen,2020,aQ530J1wOWr,yhCUgGcCcOo,KXc4ez8OAFz,1523,Machakos,Machakos Sub County,Mua Ward,representative_point_in_hdx_polygon,high,geoBoundaries current gbOpen KEN ADM3 API release,HDX Administrative Wards in Kenya 1450
90231094B41890440099263,Ntima West,ADM3,gbOpen,2020,Q1YmD34Z3It,Y52XNJ50hYb,BDxUGx86itV,278,MERU,Imenti North Sub County,Ntima west Ward,representative_point_in_hdx_polygon,high,geoBoundaries current gbOpen KEN ADM3 API release,HDX Administrative Wards in Kenya 1450
90231094B72118648670211,Kanuni,ADM3,gbOpen,2020,mOMLW8dXVuR,Y52XNJ50hYb,TPfcUHno8oP,257,MERU,Igembe Central Sub County,Athiru ruujine Ward,representative_point_in_hdx_polygon,high,geoBoundaries current gbOpen KEN ADM3 API release,HDX Administrative Wards in Kenya 1450
90231094B32713333602536,Athiru Gaiti,ADM3,gbOpen,2020,mOMLW8dXVuR,Y52XNJ50hYb,TPfcUHno8oP,257,MERU,Igembe Central Sub County,Athiru ruujine Ward,representative_point_in_hdx_polygon,high,geoBoundaries current gbOpen KEN ADM3 API release,HDX Administrative Wards in Kenya 1450
90231094B85675288291610,Tseikuru,ADM3,gbOpen,2020,RJxeNbjGm71,j8o6iO4Njsi,KXM9VnhuLfP,334,KITUI,Mwingi North Sub County,Tseikuru Ward,representative_point_in_hdx_polygon,high,geoBoundaries current gbOpen KEN ADM3 API release,HDX Administrative Wards in Kenya 1450
90231094B49000099472466,Kinna,ADM3,gbOpen,2020,um7zkcazal1,bzOfj0iwfDH,ecl4YnDebUi,249,ISIOLO,Garbatulla Sub County,KINNA,representative_point_in_hdx_polygon,high,geoBoundaries current gbOpen KEN ADM3 API release,HDX Administrative Wards in Kenya 1450
90231094B93161337479728,Ngomeni,ADM3,gbOpen,2020,zR0sWpigMWE,j8o6iO4Njsi,KXM9VnhuLfP,331,KITUI,Mwingi North Sub County,Ngomeni Ward,representative_point_in_hdx_polygon,high,geoBoundaries current gbOpen KEN ADM3 API release,HDX Administrative Wards in Kenya 1450
90231094B77596399094353,Nguni,ADM3,gbOpen,2020,rPWcODiKrP8,j8o6iO4Njsi,uE7HKhqPOtf,342,KITUI,Mwingi Central Sub- County,Nguni Ward,representative_point_in_hdx_polygon,high,geoBoundaries current gbOpen KEN ADM3 API release,HDX Administrative Wards in Kenya 1450
90231094B59553584497257,Wayu,ADM3,gbOpen,2020,OycKfvEFK77,JsH2bnvNt2d,A4SNYCxrrnv,95,TANA RIVER,Galole Sub County,Wayu Ward,representative_point_in_hdx_polygon,high,geoBoundaries current gbOpen KEN ADM3 API release,HDX Administrative Wards in Kenya 1450
90231094B11115890511980,Bura,ADM3,gbOpen,2020,kqTPEb1RsMy,uyOrcHZBpW0,RScEHA3V38d,152,GARISSA,Fafi Sub County,Bura Ward,representative_point_in_hdx_polygon,high,geoBoundaries current gbOpen KEN ADM3 API release,HDX Administrative Wards in Kenya 1450
90231094B42177095563312,Chewele,ADM3,gbOpen,2020,SDz17fk0X0k,JsH2bnvNt2d,yWPcTwGwQ2B,96,TANA RIVER,Bura Sub County,Chewele Ward,representative_point_in_hdx_polygon,high,geoBoundaries current gbOpen KEN ADM3 API release,HDX Administrative Wards in Kenya 1450
90231094B3095288404500,Chewani,ADM3,gbOpen,2020,Fuc7wSQ4gkN,JsH2bnvNt2d,A4SNYCxrrnv,94,TANA RIVER,Galole Sub County,Chewani Ward,representative_point_in_hdx_polygon,high,geoBoundaries current gbOpen KEN ADM3 API release,HDX Administrative Wards in Kenya 1450
90231094B58730715290667,Township,ADM3,gbOpen,2020,OsuzTNGeh3u,uyOrcHZBpW0,lQkHbTC1iRg,131,GARISSA,Garissa Sub County,Township Ward,representative_point_in_hdx_polygon,high,geoBoundaries current gbOpen KEN ADM3 API release,HDX Administrative Wards in Kenya 1450
90231094B96999230187061,Waberi,ADM3,gbOpen,2020,moyjoMLymNA,uyOrcHZBpW0,lQkHbTC1iRg,134,GARISSA,Garissa Sub County,Waberi Ward,representative_point_in_hdx_polygon,high,geoBoundaries current gbOpen KEN ADM3 API release,HDX Administrative Wards in Kenya 1450
90231094B21427075108800,Galbet,ADM3,gbOpen,2020,OsuzTNGeh3u,uyOrcHZBpW0,lQkHbTC1iRg,131,GARISSA,Garissa Sub County,Township Ward,representative_point_in_hdx_polygon,high,geoBoundaries current gbOpen KEN ADM3 API release,HDX Administrative Wards in Kenya 1450
90231094B77043567538049,Goreale,ADM3,gbOpen,2020,iOIfrzq22kC,uyOrcHZBpW0,J69iWev2zwu,142,GARISSA,Lagdera Sub County,Goreale Ward,representative_point_in_hdx_polygon,high,geoBoundaries current gbOpen KEN ADM3 API release,HDX Administrative Wards in Kenya 1450
90231094B58083065186957,Baraki,ADM3,gbOpen,2020,phpfjGEVjg8,uyOrcHZBpW0,J69iWev2zwu,145,GARISSA,Lagdera Sub County,Baraki Ward,representative_point_in_hdx_polygon,high,geoBoundaries current gbOpen KEN ADM3 API release,HDX Administrative Wards in Kenya 1450
90231094B54430027199005,Sabena,ADM3,gbOpen,2020,bdYNcnPn5ze,uyOrcHZBpW0,J69iWev2zwu,144,GARISSA,Lagdera Sub County,Sabena Ward,representative_point_in_hdx_polygon,high,geoBoundaries current gbOpen KEN ADM3 API release,HDX Administrative Wards in Kenya 1450
90231094B76948061387022,Modogashe,ADM3,gbOpen,2020,iIS797JydB4,uyOrcHZBpW0,J69iWev2zwu,140,GARISSA,Lagdera Sub County,Modogashe Ward,representative_point_in_hdx_polygon,high,geoBoundaries current gbOpen KEN ADM3 API release,HDX Administrative Wards in Kenya 1450
90231094B15855189512701,Benane,ADM3,gbOpen,2020,y8xlePXkWw3,uyOrcHZBpW0,J69iWev2zwu,141,GARISSA,Lagdera Sub County,Benane Ward,representative_point_in_hdx_polygon,high,geoBoundaries current gbOpen KEN ADM3 API release,HDX Administrative Wards in Kenya 1450
90231094B35283045834360,Maalimin,ADM3,gbOpen,2020,phpfjGEVjg8,uyOrcHZBpW0,J69iWev2zwu,145,GARISSA,Lagdera Sub County,Baraki Ward,representative_point_in_hdx_polygon,high,geoBoundaries current gbOpen KEN ADM3 API release,HDX Administrative Wards in Kenya 1450
90231094B88795697923048,Karai,ADM3,gbOpen,2020,rdJwRuqqUHC,qKzosKQPl6G,jOVcLeZQSsS,2206,Kiambu,Kikuyu Sub County,Karai,representative_point_in_hdx_polygon,high,geoBoundaries current gbOpen KEN ADM3 API release,HDX Administrative Wards in Kenya 1450
90231094B39232285567531,Ewuaso Oonkidong'I,ADM3,gbOpen,2020,KHFGFujHwZA,Hsk1YV8kHkT,wYsCfCAUWNB,929,KAJIADO,Kajiado West Sub County,Ewuaso oonkidong'i Ward,representative_point_in_hdx_polygon,high,geoBoundaries current gbOpen KEN ADM3 API release,HDX Administrative Wards in Kenya 1450
90231094B19849704373856,Ngong,ADM3,gbOpen,2020,KHFGFujHwZA,Hsk1YV8kHkT,wYsCfCAUWNB,929,KAJIADO,Kajiado West Sub County,Ewuaso oonkidong'i Ward,representative_point_in_hdx_polygon,high,geoBoundaries current gbOpen KEN ADM3 API release,HDX Administrative Wards in Kenya 1450
90231094B8400043259131,Oloolua,ADM3,gbOpen,2020,KHFGFujHwZA,Hsk1YV8kHkT,wYsCfCAUWNB,929,KAJIADO,Kajiado West Sub County,Ewuaso oonkidong'i Ward,representative_point_in_hdx_polygon,high,geoBoundaries current gbOpen KEN ADM3 API release,HDX Administrative Wards in Kenya 1450
90231094B40535610394478,Olkeri,ADM3,gbOpen,2020,RHwexebB7PD,Hsk1YV8kHkT,BLz1HkvvMkA,911,KAJIADO,Kajiado North Sub County,Olkeri Ward,representative_point_in_hdx_polygon,high,geoBoundaries current gbOpen KEN ADM3 API release,HDX Administrative Wards in Kenya 1450
90231094B78016199651144,Muguga,ADM3,gbOpen,2020,LSpZcRA9tgp,qKzosKQPl6G,lb5LzWiUX8Y,2202,Kiambu,Kabete Sub County,Muguga,representative_point_in_hdx_polygon,high,geoBoundaries current gbOpen KEN ADM3 API release,HDX Administrative Wards in Kenya 1450
90231094B94932149101646,Limuru Central,ADM3,gbOpen,2020,DwOhEdMGpB7,qKzosKQPl6G,xhVi71INcFs,2212,Kiambu,Limuru Sub County,Limuru Central Ward,representative_point_in_hdx_polygon,high,geoBoundaries current gbOpen KEN ADM3 API release,HDX Administrative Wards in Kenya 1450
90231094B27536421443134,Kahawa Sukari,ADM3,gbOpen,2020,Lc6GluslY9h,qKzosKQPl6G,TPRNJqSm4lK,2242,Kiambu,Ruiru Sub County,Kahawa/sukari Ward,representative_point_in_hdx_polygon,high,geoBoundaries current gbOpen KEN ADM3 API release,HDX Administrative Wards in Kenya 1450
90231094B744937639780,Matinyani,ADM3,gbOpen,2020,fIEkqCnDeKD,j8o6iO4Njsi,cmWAJB5kCDW,348,KITUI,Kitui West  Sub County,Matinyani Ward,representative_point_in_hdx_polygon,high,geoBoundaries current gbOpen KEN ADM3 API release,HDX Administrative Wards in Kenya 1450
90231094B20971465072809,Miambani,ADM3,gbOpen,2020,iu8wSlOZmfl,j8o6iO4Njsi,MWqQbxWqACn,354,KITUI,Kitui Central  Sub County,Miambani Ward,representative_point_in_hdx_polygon,high,geoBoundaries current gbOpen KEN ADM3 API release,HDX Administrative Wards in Kenya 1450
90231094B97098096380201,Kyangwithya West,ADM3,gbOpen,2020,ENDuWpU74vp,j8o6iO4Njsi,MWqQbxWqACn,356,KITUI,Kitui Central  Sub County,Kyangwithya west Ward,representative_point_in_hdx_polygon,high,geoBoundaries current gbOpen KEN ADM3 API release,HDX Administrative Wards in Kenya 1450
90231094B98943541744465,Township,ADM3,gbOpen,2020,xM6qhREfp7o,j8o6iO4Njsi,MWqQbxWqACn,355,KITUI,Kitui Central  Sub County,Township Ward,representative_point_in_hdx_polygon,high,geoBoundaries current gbOpen KEN ADM3 API release,HDX Administrative Wards in Kenya 1450
90231094B88786494923929,Kyangwithya East,ADM3,gbOpen,2020,XCMLultdtNW,j8o6iO4Njsi,MWqQbxWqACn,358,KITUI,Kitui Central  Sub County,Kyangwithya east Ward,representative_point_in_hdx_polygon,high,geoBoundaries current gbOpen KEN ADM3 API release,HDX Administrative Wards in Kenya 1450
90231094B41610897741324,Sagamian,ADM3,gbOpen,2020,Tn1grqaqx7v,kqJ83J2D72s,bnYzgzYe2Z7,2183,Narok,Narok South Sub County,Sagamian Ward,representative_point_in_hdx_polygon,high,geoBoundaries current gbOpen KEN ADM3 API release,HDX Administrative Wards in Kenya 1450
90231094B2802826555940,Ilmotiok,ADM3,gbOpen,2020,ckpYcQagZdJ,kqJ83J2D72s,ouA247cg58A,2184,Narok,Narok West Sub County,Ilmotiook Ward,representative_point_in_hdx_polygon,high,geoBoundaries current gbOpen KEN ADM3 API release,HDX Administrative Wards in Kenya 1450
90231094B56093168705612,Olokurto,ADM3,gbOpen,2020,pTkgy00IQrp,kqJ83J2D72s,fNROL0qm8De,2169,Narok,Narok North Sub County,Olokurto Ward,representative_point_in_hdx_polygon,high,geoBoundaries current gbOpen KEN ADM3 API release,HDX Administrative Wards in Kenya 1450
90231094B50827015997129,Olpusimoru,ADM3,gbOpen,2020,gzHtPrtr6nU,kqJ83J2D72s,fNROL0qm8De,2168,Narok,Narok North Sub County,Olposimoru Ward,representative_point_in_hdx_polygon,high,geoBoundaries current gbOpen KEN ADM3 API release,HDX Administrative Wards in Kenya 1450
90231094B95168612533223,Kwa Mutonga/Kithumula,ADM3,gbOpen,2020,rWDqxS3mGCY,j8o6iO4Njsi,cmWAJB5kCDW,349,KITUI,Kitui West  Sub County,Kwamutonga/kithumula Ward,representative_point_in_hdx_polygon,high,geoBoundaries current gbOpen KEN ADM3 API release,HDX Administrative Wards in Kenya 1450
90231094B74305740798396,Nguutani,ADM3,gbOpen,2020,wBisHlJd2aK,j8o6iO4Njsi,svwbDnzhgik,337,KITUI,Mwingi West Sub County,Nguutani Ward,representative_point_in_hdx_polygon,high,geoBoundaries current gbOpen KEN ADM3 API release,HDX Administrative Wards in Kenya 1450
90231094B14131642313607,Migwani,ADM3,gbOpen,2020,Apa4iLKG02o,j8o6iO4Njsi,svwbDnzhgik,338,KITUI,Mwingi West Sub County,Migwani Ward,representative_point_in_hdx_polygon,high,geoBoundaries current gbOpen KEN ADM3 API release,HDX Administrative Wards in Kenya 1450
90231094B35315333270089,Mui,ADM3,gbOpen,2020,XBMMn5fIwkJ,j8o6iO4Njsi,uE7HKhqPOtf,344,KITUI,Mwingi Central Sub- County,Mui Ward,representative_point_in_hdx_polygon,high,geoBoundaries current gbOpen KEN ADM3 API release,HDX Administrative Wards in Kenya 1450
90231094B49174276144115,Mitaboni,ADM3,gbOpen,2020,kTPK3jU6vdp,yhCUgGcCcOo,iCey76HYgLP,1514,Machakos,Kathiani Sub County,Mitamboni Ward,representative_point_in_hdx_polygon,high,geoBoundaries current gbOpen KEN ADM3 API release,HDX Administrative Wards in Kenya 1450
90231094B23129938607325,Lower Kaewa/Kaani,ADM3,gbOpen,2020,uRN4WDLAPSP,yhCUgGcCcOo,iCey76HYgLP,1517,Machakos,Kathiani Sub County,Lower Kaewa-kaani Ward,representative_point_in_hdx_polygon,high,geoBoundaries current gbOpen KEN ADM3 API release,HDX Administrative Wards in Kenya 1450
90231094B48057877053631,Ntima East,ADM3,gbOpen,2020,Ryj106sjw37,Y52XNJ50hYb,BDxUGx86itV,277,MERU,Imenti North Sub County,Ntima east Ward,representative_point_in_hdx_polygon,high,geoBoundaries current gbOpen KEN ADM3 API release,HDX Administrative Wards in Kenya 1450
90231094B97347761740323,Nyaki East,ADM3,gbOpen,2020,hceoyGXIXhD,Y52XNJ50hYb,BDxUGx86itV,280,MERU,Imenti North Sub County,Nyaki east Ward,representative_point_in_hdx_polygon,high,geoBoundaries current gbOpen KEN ADM3 API release,HDX Administrative Wards in Kenya 1450
90231094B9639557077263,Nkondi,ADM3,gbOpen,2020,Om9OC4PNQJo,T4urHM47nlm,Yz1V5Cx8CO2,308,THARAKA-NITHI,Tharaka South Sub County,Nkondi Ward,representative_point_in_hdx_polygon,high,geoBoundaries current gbOpen KEN ADM3 API release,HDX Administrative Wards in Kenya 1450
90231094B3429770340263,Mukothima,ADM3,gbOpen,2020,l4FVdIFWQov,T4urHM47nlm,ZNXf7qiVh3t,307,THARAKA-NITHI,Tharaka North Sub County,Mukothima Ward,representative_point_in_hdx_polygon,high,geoBoundaries current gbOpen KEN ADM3 API release,HDX Administrative Wards in Kenya 1450
90231094B31395214974606,Thangatha,ADM3,gbOpen,2020,ELYCgxhiudW,Y52XNJ50hYb,U3lGZ71W9Te,271,MERU,Tigania East Sub County,Thangatha Ward,representative_point_in_hdx_polygon,high,geoBoundaries current gbOpen KEN ADM3 API release,HDX Administrative Wards in Kenya 1450
90231094B30237525039488,Kiagu,ADM3,gbOpen,2020,zP5ACOAN4ty,Y52XNJ50hYb,OnNcTsJgfvL,288,MERU,Imenti Central Sub County,Kiagu Ward,representative_point_in_hdx_polygon,high,geoBoundaries current gbOpen KEN ADM3 API release,HDX Administrative Wards in Kenya 1450
90231094B68022951805373,Mtopanga,ADM3,gbOpen,2020,zkZxEdH45U1,wsBsC6gjHvn,C1hO6wNOgrH,1806,Mombasa,Kisauni  Sub County,Mwakirunge Ward,representative_point_in_hdx_polygon,high,geoBoundaries current gbOpen KEN ADM3 API release,HDX Administrative Wards in Kenya 1450
90231094B67111288379876,Olkaria,ADM3,gbOpen,2020,CTX9LIAvrFK,ob6SxuRcqU4,yZJJPoSGhY6,1755,Nakuru,Naivasha  Sub County,Olkaria Ward,representative_point_in_hdx_polygon,high,geoBoundaries current gbOpen KEN ADM3 API release,HDX Administrative Wards in Kenya 1450
90231094B3964482251441,Maai-Mahiu,ADM3,gbOpen,2020,l7oNy9qaqWe,ob6SxuRcqU4,yZJJPoSGhY6,1753,Nakuru,Naivasha  Sub County,Mai Mahiu Ward,representative_point_in_hdx_polygon,high,geoBoundaries current gbOpen KEN ADM3 API release,HDX Administrative Wards in Kenya 1450
90231094B12239318164154,Viwandani,ADM3,gbOpen,2020,xCH1F3gEsNr,ob6SxuRcqU4,hBU8B1KI12P,1761,Nakuru,Gilgil Sub County,Malewa West Ward,representative_point_in_hdx_polygon,high,geoBoundaries current gbOpen KEN ADM3 API release,HDX Administrative Wards in Kenya 1450
90231094B53408059236508,Hells Gate,ADM3,gbOpen,2020,CTX9LIAvrFK,ob6SxuRcqU4,yZJJPoSGhY6,1755,Nakuru,Naivasha  Sub County,Olkaria Ward,representative_point_in_hdx_polygon,high,geoBoundaries current gbOpen KEN ADM3 API release,HDX Administrative Wards in Kenya 1450
90231094B79139905453929,Naivasha East,ADM3,gbOpen,2020,A20qmlqFi5D,ob6SxuRcqU4,yZJJPoSGhY6,1756,Nakuru,Naivasha  Sub County,Naivasha East Ward,representative_point_in_hdx_polygon,high,geoBoundaries current gbOpen KEN ADM3 API release,HDX Administrative Wards in Kenya 1450
90231094B73941589130813,Biashara,ADM3,gbOpen,2020,lW5g42Bv4Rk,ob6SxuRcqU4,yZJJPoSGhY6,1750,Nakuru,Naivasha  Sub County,Biashara Ward,representative_point_in_hdx_polygon,high,geoBoundaries current gbOpen KEN ADM3 API release,HDX Administrative Wards in Kenya 1450
90231094B4497446966766,Kihingo,ADM3,gbOpen,2020,rb2nGblpg8l,ob6SxuRcqU4,gSJXzH1DM75,1746,Nakuru,Njoro  Sub County,Kihingo Ward,representative_point_in_hdx_polygon,high,geoBoundaries current gbOpen KEN ADM3 API release,HDX Administrative Wards in Kenya 1450
90231094B20461617319021,Kaptembwo,ADM3,gbOpen,2020,pZuA4cJd4bl,ob6SxuRcqU4,KTayLusaU5I,1787,Nakuru,Nakuru West  Sub County,Kapkures Ward,representative_point_in_hdx_polygon,high,geoBoundaries current gbOpen KEN ADM3 API release,HDX Administrative Wards in Kenya 1450
90231094B24470133600579,Kiamaina,ADM3,gbOpen,2020,wgKfulEq1ZH,ob6SxuRcqU4,nwh9bXKykiS,1781,Nakuru,Nakuru North  Sub County,Kiamaina Ward,representative_point_in_hdx_polygon,high,geoBoundaries current gbOpen KEN ADM3 API release,HDX Administrative Wards in Kenya 1450
90231094B28369350540149,Nessuit,ADM3,gbOpen,2020,KqMw0Knznhu,ob6SxuRcqU4,gSJXzH1DM75,1747,Nakuru,Njoro  Sub County,Nessuit Ward,representative_point_in_hdx_polygon,high,geoBoundaries current gbOpen KEN ADM3 API release,HDX Administrative Wards in Kenya 1450
90231094B88053645988686,Mariashoni,ADM3,gbOpen,2020,BbJmtHW0518,ob6SxuRcqU4,RJ4LGJiSHFg,1740,Nakuru,Molo  Sub County,Mariashoni Ward,representative_point_in_hdx_polygon,high,geoBoundaries current gbOpen KEN ADM3 API release,HDX Administrative Wards in Kenya 1450
90231094B53013461086768,Tinet,ADM3,gbOpen,2020,fi569D0zk8J,ob6SxuRcqU4,QwGkDS0DNls,1766,Nakuru,Kuresoi South  Sub County,Tinet Ward,representative_point_in_hdx_polygon,high,geoBoundaries current gbOpen KEN ADM3 API release,HDX Administrative Wards in Kenya 1450
90231094B1090418073756,Turi,ADM3,gbOpen,2020,PBAbBC0gDLA,ob6SxuRcqU4,RJ4LGJiSHFg,1742,Nakuru,Molo  Sub County,Turi Ward,representative_point_in_hdx_polygon,high,geoBoundaries current gbOpen KEN ADM3 API release,HDX Administrative Wards in Kenya 1450
90231094B26952728949884,Nyota,ADM3,gbOpen,2020,jWX4knhb96j,ob6SxuRcqU4,QBwORnYdu0e,1768,Nakuru,Kuresoi North  Sub County,Nyota Ward,representative_point_in_hdx_polygon,high,geoBoundaries current gbOpen KEN ADM3 API release,HDX Administrative Wards in Kenya 1450
90231094B57097370994019,Elementaita,ADM3,gbOpen,2020,RSps1nz09HH,ob6SxuRcqU4,hBU8B1KI12P,1759,Nakuru,Gilgil Sub County,Elementaita Ward,representative_point_in_hdx_polygon,high,geoBoundaries current gbOpen KEN ADM3 API release,HDX Administrative Wards in Kenya 1450
90231094B42604287767062,Maunarok,ADM3,gbOpen,2020,DSk12NKnyRR,ob6SxuRcqU4,gSJXzH1DM75,1744,Nakuru,Njoro  Sub County,Mau Narok Ward,representative_point_in_hdx_polygon,high,geoBoundaries current gbOpen KEN ADM3 API release,HDX Administrative Wards in Kenya 1450
90231094B23880809862478,Njoro,ADM3,gbOpen,2020,TaCopZQ4jLn,ob6SxuRcqU4,gSJXzH1DM75,1749,Nakuru,Njoro  Sub County,Njoro Ward,representative_point_in_hdx_polygon,high,geoBoundaries current gbOpen KEN ADM3 API release,HDX Administrative Wards in Kenya 1450
90231094B89547573878701,Elburgon,ADM3,gbOpen,2020,X5bxxQN8nP5,ob6SxuRcqU4,RJ4LGJiSHFg,1741,Nakuru,Molo  Sub County,Elburgon Ward,representative_point_in_hdx_polygon,high,geoBoundaries current gbOpen KEN ADM3 API release,HDX Administrative Wards in Kenya 1450
90231094B58920383325768,Mosop,ADM3,gbOpen,2020,PUv9Q5hrTYP,ob6SxuRcqU4,OK0hW8DFHq3,1777,Nakuru,Rongai  Sub County,Mosop Ward,representative_point_in_hdx_polygon,high,geoBoundaries current gbOpen KEN ADM3 API release,HDX Administrative Wards in Kenya 1450
90231094B5096235147579,Tarakwa,ADM3,gbOpen,2020,HrhIAUzgxqq,pZqQRRW7PHP,dKHnvt7gleN,2157,Uasin Gishu,Kesses Sub County,Tarakwa Ward,representative_point_in_hdx_polygon,high,geoBoundaries current gbOpen KEN ADM3 API release,HDX Administrative Wards in Kenya 1450
90231094B17159054869495,Ainabkoi/Olare,ADM3,gbOpen,2020,keTxMrb6Oag,pZqQRRW7PHP,mYlMs4xTj82,2148,Uasin Gishu,Ainabkoi Sub County,Ainabkoi/olare Ward,representative_point_in_hdx_polygon,high,geoBoundaries current gbOpen KEN ADM3 API release,HDX Administrative Wards in Kenya 1450
90231094B24040220041614,Nakuru East,ADM3,gbOpen,2020,W1Kv7kfFzub,ob6SxuRcqU4,FBJ9Y11esHS,1794,Nakuru,Nakuru East  Sub County,Nakuru East Ward,representative_point_in_hdx_polygon,high,geoBoundaries current gbOpen KEN ADM3 API release,HDX Administrative Wards in Kenya 1450
90231094B88598656160720,Kivumbini,ADM3,gbOpen,2020,pfFWXloU0jC,ob6SxuRcqU4,KTayLusaU5I,1784,Nakuru,Nakuru West  Sub County,Barut Ward,representative_point_in_hdx_polygon,high,geoBoundaries current gbOpen KEN ADM3 API release,HDX Administrative Wards in Kenya 1450
90231094B20724495791493,Biashara,ADM3,gbOpen,2020,BA2zKL0pmeI,ob6SxuRcqU4,FBJ9Y11esHS,1790,Nakuru,Nakuru East  Sub County,Biashara Ward,representative_point_in_hdx_polygon,high,geoBoundaries current gbOpen KEN ADM3 API release,HDX Administrative Wards in Kenya 1450
90231094B54797736492596,Shaabab,ADM3,gbOpen,2020,lTh2MSvx02l,ob6SxuRcqU4,KTayLusaU5I,1789,Nakuru,Nakuru West  Sub County,Shaabab Ward,representative_point_in_hdx_polygon,high,geoBoundaries current gbOpen KEN ADM3 API release,HDX Administrative Wards in Kenya 1450
90231094B96228744491615,Flamingo,ADM3,gbOpen,2020,pfFWXloU0jC,ob6SxuRcqU4,KTayLusaU5I,1784,Nakuru,Nakuru West  Sub County,Barut Ward,representative_point_in_hdx_polygon,high,geoBoundaries current gbOpen KEN ADM3 API release,HDX Administrative Wards in Kenya 1450
90231094B29474821565203,Barut,ADM3,gbOpen,2020,pfFWXloU0jC,ob6SxuRcqU4,KTayLusaU5I,1784,Nakuru,Nakuru West  Sub County,Barut Ward,representative_point_in_hdx_polygon,high,geoBoundaries current gbOpen KEN ADM3 API release,HDX Administrative Wards in Kenya 1450
90231094B56372830466120,Lake Nakuru National Park,ADM3,gbOpen,2020,pfFWXloU0jC,ob6SxuRcqU4,KTayLusaU5I,1784,Nakuru,Nakuru West  Sub County,Barut Ward,representative_point_in_hdx_polygon,high,geoBoundaries current gbOpen KEN ADM3 API release,HDX Administrative Wards in Kenya 1450
90231094B78118643049450,London,ADM3,gbOpen,2020,LdShr7Egg6N,ob6SxuRcqU4,KTayLusaU5I,1785,Nakuru,Nakuru West  Sub County,London Ward,representative_point_in_hdx_polygon,high,geoBoundaries current gbOpen KEN ADM3 API release,HDX Administrative Wards in Kenya 1450
90231094B25837048258673,Menengai,ADM3,gbOpen,2020,LdShr7Egg6N,ob6SxuRcqU4,KTayLusaU5I,1785,Nakuru,Nakuru West  Sub County,London Ward,representative_point_in_hdx_polygon,high,geoBoundaries current gbOpen KEN ADM3 API release,HDX Administrative Wards in Kenya 1450
90231094B73934851241795,Rhoda,ADM3,gbOpen,2020,pfFWXloU0jC,ob6SxuRcqU4,KTayLusaU5I,1784,Nakuru,Nakuru West  Sub County,Barut Ward,representative_point_in_hdx_polygon,high,geoBoundaries current gbOpen KEN ADM3 API release,HDX Administrative Wards in Kenya 1450
90231094B72025053214099,Angata Nanyokie,ADM3,gbOpen,2020,O57e90leR9M,o36zCRjSd4G,EmQRGVtvWy3,670,SAMBURU,Samburu Central Sub County,Angata nayokie Ward,representative_point_in_hdx_polygon,high,geoBoundaries current gbOpen KEN ADM3 API release,HDX Administrative Wards in Kenya 1450
90231094B12946353808942,Poro,ADM3,gbOpen,2020,b4HPJJEYEsS,o36zCRjSd4G,EmQRGVtvWy3,665,SAMBURU,Samburu Central Sub County,Porro Ward,representative_point_in_hdx_polygon,high,geoBoundaries current gbOpen KEN ADM3 API release,HDX Administrative Wards in Kenya 1450
90231094B62369780661110,Ndoto,ADM3,gbOpen,2020,w6u8SoSKkmn,o36zCRjSd4G,E2DGjZRlwbY,668,SAMBURU,Samburu North Sub County,Ndoto Ward,representative_point_in_hdx_polygon,high,geoBoundaries current gbOpen KEN ADM3 API release,HDX Administrative Wards in Kenya 1450
90231094B188332930189,El-Barta,ADM3,gbOpen,2020,x8gYdLEuy5Y,o36zCRjSd4G,E2DGjZRlwbY,666,SAMBURU,Samburu North Sub County,El-barta Ward,representative_point_in_hdx_polygon,high,geoBoundaries current gbOpen KEN ADM3 API release,HDX Administrative Wards in Kenya 1450
90231094B73033923938817,Ngolia,ADM3,gbOpen,2020,MWZrkgY93fj,QyGNX2DpR4h,AM36DdkZ36Y,118,TAITA TAVETA,Wundanyi Sub County,Wumingu/kishushe Ward,representative_point_in_hdx_polygon,high,geoBoundaries current gbOpen KEN ADM3 API release,HDX Administrative Wards in Kenya 1450
90231094B82747292735178,Mbololo,ADM3,gbOpen,2020,IawwjaYnKtR,QyGNX2DpR4h,yoGLpCTgjed,126,TAITA TAVETA,Voi Sub County,Sagala Ward,representative_point_in_hdx_polygon,high,geoBoundaries current gbOpen KEN ADM3 API release,HDX Administrative Wards in Kenya 1450
90231094B93731715471271,Marungu,ADM3,gbOpen,2020,mvDV6e04X7a,QyGNX2DpR4h,yoGLpCTgjed,128,TAITA TAVETA,Voi Sub County,Marungu Ward,representative_point_in_hdx_polygon,high,geoBoundaries current gbOpen KEN ADM3 API release,HDX Administrative Wards in Kenya 1450
90231094B2928655769762,Sagalla,ADM3,gbOpen,2020,IawwjaYnKtR,QyGNX2DpR4h,yoGLpCTgjed,126,TAITA TAVETA,Voi Sub County,Sagala Ward,representative_point_in_hdx_polygon,high,geoBoundaries current gbOpen KEN ADM3 API release,HDX Administrative Wards in Kenya 1450
90231094B43849320976490,Township,ADM3,gbOpen,2020,SjGfdtwQbHd,CeLsrJOH0g9,uov0yFMw9Qm,169,WAJIR,Wajir East Sub County,Township Ward,representative_point_in_hdx_polygon,high,geoBoundaries current gbOpen KEN ADM3 API release,HDX Administrative Wards in Kenya 1450
90231094B47732187370126,Barwago,ADM3,gbOpen,2020,x1BOzSCIanu,CeLsrJOH0g9,uov0yFMw9Qm,170,WAJIR,Wajir East Sub County,Barwaqo Ward,representative_point_in_hdx_polygon,high,geoBoundaries current gbOpen KEN ADM3 API release,HDX Administrative Wards in Kenya 1450
90231094B69691235249628,Bura,ADM3,gbOpen,2020,vKo6mot8397,JsH2bnvNt2d,yWPcTwGwQ2B,97,TANA RIVER,Bura Sub County,Hirimani Ward,representative_point_in_hdx_polygon,high,geoBoundaries current gbOpen KEN ADM3 API release,HDX Administrative Wards in Kenya 1450
90231094B33331203265840,Sankuri,ADM3,gbOpen,2020,XSRJUTBck5b,uyOrcHZBpW0,lQkHbTC1iRg,139,GARISSA,Garissa Sub County,Sankuri Ward,representative_point_in_hdx_polygon,high,geoBoundaries current gbOpen KEN ADM3 API release,HDX Administrative Wards in Kenya 1450
90231094B59100290624645,Iftin,ADM3,gbOpen,2020,OsuzTNGeh3u,uyOrcHZBpW0,lQkHbTC1iRg,131,GARISSA,Garissa Sub County,Township Ward,representative_point_in_hdx_polygon,high,geoBoundaries current gbOpen KEN ADM3 API release,HDX Administrative Wards in Kenya 1450
90231094B17135968439298,Fafi,ADM3,gbOpen,2020,kSajt3nW2ip,uyOrcHZBpW0,RScEHA3V38d,155,GARISSA,Fafi Sub County,Fafi Ward,representative_point_in_hdx_polygon,high,geoBoundaries current gbOpen KEN ADM3 API release,HDX Administrative Wards in Kenya 1450
90231094B44513680165655,Damajale,ADM3,gbOpen,2020,Iz7ISZHUk3Q,uyOrcHZBpW0,EW4Jw4dVWBt,149,GARISSA,Dadaab Sub County,Damajale Ward,representative_point_in_hdx_polygon,high,geoBoundaries current gbOpen KEN ADM3 API release,HDX Administrative Wards in Kenya 1450
90231094B70327788266968,Sarman,ADM3,gbOpen,2020,BtTdA2pR73q,CeLsrJOH0g9,fmNokBURXjM,173,WAJIR,Tarbaj Sub County,Sarman Ward,representative_point_in_hdx_polygon,high,geoBoundaries current gbOpen KEN ADM3 API release,HDX Administrative Wards in Kenya 1450
90231094B86723953415044,Tarbaj,ADM3,gbOpen,2020,ua8MQfTav4q,CeLsrJOH0g9,fmNokBURXjM,174,WAJIR,Tarbaj Sub County,Tarbaj Ward,representative_point_in_hdx_polygon,high,geoBoundaries current gbOpen KEN ADM3 API release,HDX Administrative Wards in Kenya 1450
90231094B89682151895173,Kiliwehiri,ADM3,gbOpen,2020,ZEJu2asfUfk,R6f9znhg37c,hCvlJNjyZna,200,MANDERA,BANISSA,KILIWAHERI,representative_point_in_hdx_polygon,high,geoBoundaries current gbOpen KEN ADM3 API release,HDX Administrative Wards in Kenya 1450
90231094B21811667363073,Gither,ADM3,gbOpen,2020,eaH1r5sQTr0,R6f9znhg37c,H5RvDZkoDJL,195,MANDERA,MANDERA WEST,GITHER,representative_point_in_hdx_polygon,high,geoBoundaries current gbOpen KEN ADM3 API release,HDX Administrative Wards in Kenya 1450
90231094B73591784278645,Makindu,ADM3,gbOpen,2020,zU0IodQbzMz,BoDytkJQ4Qi,ZhhyithPNoI,439,MAKUENI,Kibwezi East  Sub County,Thange Ward,representative_point_in_hdx_polygon,high,geoBoundaries current gbOpen KEN ADM3 API release,HDX Administrative Wards in Kenya 1450
90231094B18839521407247,Nzaui/Kilili/Kalamba,ADM3,gbOpen,2020,Amj9UOaw3tP,BoDytkJQ4Qi,AIGIQpolMRn,429,MAKUENI,Makueni  Sub County,Nzaui/Kilili/Kalamba Ward,representative_point_in_hdx_polygon,high,geoBoundaries current gbOpen KEN ADM3 API release,HDX Administrative Wards in Kenya 1450
90231094B74775600981046,Kasikeu,ADM3,gbOpen,2020,GzIJxIa88Fg,BoDytkJQ4Qi,XAy1bjurhLU,417,MAKUENI,Kilome Sub County,Kasikeu Ward,representative_point_in_hdx_polygon,high,geoBoundaries current gbOpen KEN ADM3 API release,HDX Administrative Wards in Kenya 1450
90231094B774955911294,Ilima,ADM3,gbOpen,2020,xB9PrSz7UNP,BoDytkJQ4Qi,pKJ4NZGPzTA,423,MAKUENI,Kaiti  Sub County,Ilima ward,representative_point_in_hdx_polygon,high,geoBoundaries current gbOpen KEN ADM3 API release,HDX Administrative Wards in Kenya 1450
90231094B25895242667220,Waia/Kako,ADM3,gbOpen,2020,aMAJt97Ksnm,BoDytkJQ4Qi,jxjGWCdfsib,415,MAKUENI,Mbooni  Sub County,Waia/Kako Ward,representative_point_in_hdx_polygon,high,geoBoundaries current gbOpen KEN ADM3 API release,HDX Administrative Wards in Kenya 1450
90231094B99183171472611,Ildamat,ADM3,gbOpen,2020,N27Hb5r1QR5,kqJ83J2D72s,gZM3NbHaugk,2175,Narok,Narok East Sub County,Ildamat Ward,representative_point_in_hdx_polygon,high,geoBoundaries current gbOpen KEN ADM3 API release,HDX Administrative Wards in Kenya 1450
90231094B10218681926292,Majimoto/Naroosura,ADM3,gbOpen,2020,u5iwkT3DDNJ,kqJ83J2D72s,bnYzgzYe2Z7,2178,Narok,Narok South Sub County,Maji Moto/naroosura Ward,representative_point_in_hdx_polygon,high,geoBoundaries current gbOpen KEN ADM3 API release,HDX Administrative Wards in Kenya 1450
90231094B93488906970847,Wagalla/Ganyure,ADM3,gbOpen,2020,Y6KykEFTGUj,CeLsrJOH0g9,X98G0eIWdmP,179,WAJIR,Wajir West Sub County,Ganyure Wagalla Ward,representative_point_in_hdx_polygon,high,geoBoundaries current gbOpen KEN ADM3 API release,HDX Administrative Wards in Kenya 1450
90231094B50723683799768,Ilchamus,ADM3,gbOpen,2020,zI7CuvCQcos,vvOK1BxTbet,dSLnPmNlm8Q,799,BARINGO,Marigat Sub County,Iichamus Ward,representative_point_in_hdx_polygon,high,geoBoundaries current gbOpen KEN ADM3 API release,HDX Administrative Wards in Kenya 1450
90231094B12248515260012,Salama,ADM3,gbOpen,2020,vU9560o42tL,xuFdFy6t9AH,pXbWrnFPpKb,816,LAIKIPIA,Laikipia West Sub County,Salama Ward,representative_point_in_hdx_polygon,high,geoBoundaries current gbOpen KEN ADM3 API release,HDX Administrative Wards in Kenya 1450
90231094B30870827418315,Ngobit,ADM3,gbOpen,2020,Kx1h1yqLZh9,xuFdFy6t9AH,RJyUfi5BQUm,823,LAIKIPIA,Laikipia North Sub County,Segera Ward,representative_point_in_hdx_polygon,high,geoBoundaries current gbOpen KEN ADM3 API release,HDX Administrative Wards in Kenya 1450
90231094B90000531097815,Tigithi,ADM3,gbOpen,2020,ccNXklFrzuP,xuFdFy6t9AH,pF6qPMIlHte,818,LAIKIPIA,Laikipia East Sub County,Tigithi Ward,representative_point_in_hdx_polygon,high,geoBoundaries current gbOpen KEN ADM3 API release,HDX Administrative Wards in Kenya 1450
90231094B79813119729779,Segera,ADM3,gbOpen,2020,Kx1h1yqLZh9,xuFdFy6t9AH,RJyUfi5BQUm,823,LAIKIPIA,Laikipia North Sub County,Segera Ward,representative_point_in_hdx_polygon,high,geoBoundaries current gbOpen KEN ADM3 API release,HDX Administrative Wards in Kenya 1450
