source_code,source_record_id,boundary_id,ward_name,boundary_type,shape_group,boundary_year,license,source_status
GBO_OPEN_KEN_ADM3,90231094B20432175736632,90231094B20432175736632,Sinoko,ADM3,KEN,2020,CC BY 4.0,open_supplementary_layer
GBO_OPEN_KEN_ADM3,90231094B85146980423829,90231094B85146980423829,Kiomo/Kyethani,ADM3,KEN,2020,CC BY 4.0,open_supplementary_layer
GBO_OPEN_KEN_ADM3,90231094B52004705419934,90231094B52004705419934,Nyalenda 'A',ADM3,KEN,2020,CC BY 4.0,open_supplementary_layer
GBO_OPEN_KEN_ADM3,90231094B90563434903456,90231094B90563434903456,Saboti,ADM3,KEN,2020,CC BY 4.0,open_supplementary_layer
GBO_OPEN_KEN_ADM3,90231094B91979562778969,90231094B91979562778969,South Maragoli,ADM3,KEN,2020,CC BY 4.0,open_supplementary_layer
GBO_OPEN_KEN_ADM3,90231094B24725825323693,90231094B24725825323693,Ithiru,ADM3,KEN,2020,CC BY 4.0,open_supplementary_layer
GBO_OPEN_KEN_ADM3,90231094B35912937440658,90231094B35912937440658,Mahoo,ADM3,KEN,2020,CC BY 4.0,open_supplementary_layer
GBO_OPEN_KEN_ADM3,90231094B49337120320895,90231094B49337120320895,Kokwanyo/Kakelo,ADM3,KEN,2020,CC BY 4.0,open_supplementary_layer
GBO_OPEN_KEN_ADM3,90231094B66403689767778,90231094B66403689767778,Kapckok,ADM3,KEN,2020,CC BY 4.0,open_supplementary_layer
GBO_OPEN_KEN_ADM3,90231094B29596600427469,90231094B29596600427469,Visoi,ADM3,KEN,2020,CC BY 4.0,open_supplementary_layer
GBO_OPEN_KEN_ADM3,90231094B80171653734887,90231094B80171653734887,Chemagel,ADM3,KEN,2020,CC BY 4.0,open_supplementary_layer
GBO_OPEN_KEN_ADM3,90231094B49138610268239,90231094B49138610268239,Kaloleni,ADM3,KEN,2020,CC BY 4.0,open_supplementary_layer
GBO_OPEN_KEN_ADM3,90231094B38717407291444,90231094B38717407291444,Kapsuser,ADM3,KEN,2020,CC BY 4.0,open_supplementary_layer
GBO_OPEN_KEN_ADM3,90231094B19194152773087,90231094B19194152773087,Rabai/Kisurutini,ADM3,KEN,2020,CC BY 4.0,open_supplementary_layer
GBO_OPEN_KEN_ADM3,90231094B90425830459462,90231094B90425830459462,Sigor,ADM3,KEN,2020,CC BY 4.0,open_supplementary_layer
GBO_OPEN_KEN_ADM3,90231094B45152840693854,90231094B45152840693854,Ngenda,ADM3,KEN,2020,CC BY 4.0,open_supplementary_layer
GBO_OPEN_KEN_ADM3,90231094B8989360267118,90231094B8989360267118,Umoja II,ADM3,KEN,2020,CC BY 4.0,open_supplementary_layer
GBO_OPEN_KEN_ADM3,90231094B40369376812083,90231094B40369376812083,Karuri,ADM3,KEN,2020,CC BY 4.0,open_supplementary_layer
GBO_OPEN_KEN_ADM3,90231094B13496276724387,90231094B13496276724387,Mogogosiek,ADM3,KEN,2020,CC BY 4.0,open_supplementary_layer
GBO_OPEN_KEN_ADM3,90231094B2618235515222,90231094B2618235515222,Kamenu,ADM3,KEN,2020,CC BY 4.0,open_supplementary_layer
GBO_OPEN_KEN_ADM3,90231094B94089375025555,90231094B94089375025555,Liboi,ADM3,KEN,2020,CC BY 4.0,open_supplementary_layer
GBO_OPEN_KEN_ADM3,90231094B2383087300873,90231094B2383087300873,Ang'Urai East,ADM3,KEN,2020,CC BY 4.0,open_supplementary_layer
GBO_OPEN_KEN_ADM3,90231094B39803716809978,90231094B39803716809978,Athi,ADM3,KEN,2020,CC BY 4.0,open_supplementary_layer
GBO_OPEN_KEN_ADM3,90231094B24735354779323,90231094B24735354779323,Cheptais,ADM3,KEN,2020,CC BY 4.0,open_supplementary_layer
GBO_OPEN_KEN_ADM3,90231094B6264132448282,90231094B6264132448282,Soliat,ADM3,KEN,2020,CC BY 4.0,open_supplementary_layer
GBO_OPEN_KEN_ADM3,90231094B264955787444,90231094B264955787444,Kahawa Wendani,ADM3,KEN,2020,CC BY 4.0,open_supplementary_layer
GBO_OPEN_KEN_ADM3,90231094B96042290796194,90231094B96042290796194,Nyakio,ADM3,KEN,2020,CC BY 4.0,open_supplementary_layer
GBO_OPEN_KEN_ADM3,90231094B14692002926210,90231094B14692002926210,Kahumbu,ADM3,KEN,2020,CC BY 4.0,open_supplementary_layer
GBO_OPEN_KEN_ADM3,90231094B24918589161946,90231094B24918589161946,Weru,ADM3,KEN,2020,CC BY 4.0,open_supplementary_layer
GBO_OPEN_KEN_ADM3,90231094B87655125406851,90231094B87655125406851,Nzambani,ADM3,KEN,2020,CC BY 4.0,open_supplementary_layer
GBO_OPEN_KEN_ADM3,90231094B22547450038710,90231094B22547450038710,West Yimbo,ADM3,KEN,2020,CC BY 4.0,open_supplementary_layer
GBO_OPEN_KEN_ADM3,90231094B34758611882117,90231094B34758611882117,Kaimbaga,ADM3,KEN,2020,CC BY 4.0,open_supplementary_layer
GBO_OPEN_KEN_ADM3,90231094B7731566474968,90231094B7731566474968,Kipkelion,ADM3,KEN,2020,CC BY 4.0,open_supplementary_layer
GBO_OPEN_KEN_ADM3,90231094B15221228355606,90231094B15221228355606,Burumba,ADM3,KEN,2020,CC BY 4.0,open_supplementary_layer
GBO_OPEN_KEN_ADM3,90231094B10896407574025,90231094B10896407574025,Kaplamai,ADM3,KEN,2020,CC BY 4.0,open_supplementary_layer
GBO_OPEN_KEN_ADM3,90231094B9367624271064,90231094B9367624271064,Banja,ADM3,KEN,2020,CC BY 4.0,open_supplementary_layer
GBO_OPEN_KEN_ADM3,90231094B39813102885680,90231094B39813102885680,Matuu,ADM3,KEN,2020,CC BY 4.0,open_supplementary_layer
GBO_OPEN_KEN_ADM3,90231094B62975482477787,90231094B62975482477787,Kinakomba,ADM3,KEN,2020,CC BY 4.0,open_supplementary_layer
GBO_OPEN_KEN_ADM3,90231094B72237274546648,90231094B72237274546648,Chepkumia,ADM3,KEN,2020,CC BY 4.0,open_supplementary_layer
GBO_OPEN_KEN_ADM3,90231094B34636751799790,90231094B34636751799790,Muthesya,ADM3,KEN,2020,CC BY 4.0,open_supplementary_layer
GBO_OPEN_KEN_ADM3,90231094B60034933298722,90231094B60034933298722,Nairobi West,ADM3,KEN,2020,CC BY 4.0,open_supplementary_layer
GBO_OPEN_KEN_ADM3,90231094B75740112815720,90231094B75740112815720,Gatuanyaga,ADM3,KEN,2020,CC BY 4.0,open_supplementary_layer
GBO_OPEN_KEN_ADM3,90231094B8459297454519,90231094B8459297454519,God Jope,ADM3,KEN,2020,CC BY 4.0,open_supplementary_layer
GBO_OPEN_KEN_ADM3,90231094B75831412348554,90231094B75831412348554,Embomos,ADM3,KEN,2020,CC BY 4.0,open_supplementary_layer
GBO_OPEN_KEN_ADM3,90231094B90368578193167,90231094B90368578193167,Marama Central,ADM3,KEN,2020,CC BY 4.0,open_supplementary_layer
GBO_OPEN_KEN_ADM3,90231094B25343125214960,90231094B25343125214960,Cheptiret/Kipchamo,ADM3,KEN,2020,CC BY 4.0,open_supplementary_layer
GBO_OPEN_KEN_ADM3,90231094B49188012653513,90231094B49188012653513,Bukhayo East,ADM3,KEN,2020,CC BY 4.0,open_supplementary_layer
GBO_OPEN_KEN_ADM3,90231094B54625802121426,90231094B54625802121426,Kagaari North,ADM3,KEN,2020,CC BY 4.0,open_supplementary_layer
GBO_OPEN_KEN_ADM3,90231094B10208882356749,90231094B10208882356749,Kabete,ADM3,KEN,2020,CC BY 4.0,open_supplementary_layer
GBO_OPEN_KEN_ADM3,90231094B66524469831822,90231094B66524469831822,Tala,ADM3,KEN,2020,CC BY 4.0,open_supplementary_layer
GBO_OPEN_KEN_ADM3,90231094B65556795751933,90231094B65556795751933,Kochia,ADM3,KEN,2020,CC BY 4.0,open_supplementary_layer
GBO_OPEN_KEN_ADM3,90231094B61937936353520,90231094B61937936353520,Makutano,ADM3,KEN,2020,CC BY 4.0,open_supplementary_layer
GBO_OPEN_KEN_ADM3,90231094B52379767783923,90231094B52379767783923,Kapkures,ADM3,KEN,2020,CC BY 4.0,open_supplementary_layer
GBO_OPEN_KEN_ADM3,90231094B17513066840951,90231094B17513066840951,Bonyamatuta,ADM3,KEN,2020,CC BY 4.0,open_supplementary_layer
GBO_OPEN_KEN_ADM3,90231094B62283390748221,90231094B62283390748221,Mayoni,ADM3,KEN,2020,CC BY 4.0,open_supplementary_layer
GBO_OPEN_KEN_ADM3,90231094B92760573921980,90231094B92760573921980,Luanda Township,ADM3,KEN,2020,CC BY 4.0,open_supplementary_layer
GBO_OPEN_KEN_ADM3,90231094B34589920171531,90231094B34589920171531,Emsoo,ADM3,KEN,2020,CC BY 4.0,open_supplementary_layer
GBO_OPEN_KEN_ADM3,90231094B65269585704540,90231094B65269585704540,Mbitini,ADM3,KEN,2020,CC BY 4.0,open_supplementary_layer
GBO_OPEN_KEN_ADM3,90231094B78816975942503,90231094B78816975942503,Voo/Kyamatu,ADM3,KEN,2020,CC BY 4.0,open_supplementary_layer
GBO_OPEN_KEN_ADM3,90231094B31111225336916,90231094B31111225336916,Central Sakwa,ADM3,KEN,2020,CC BY 4.0,open_supplementary_layer
GBO_OPEN_KEN_ADM3,90231094B62942360374422,90231094B62942360374422,Silibwet Township,ADM3,KEN,2020,CC BY 4.0,open_supplementary_layer
GBO_OPEN_KEN_ADM3,90231094B31823107392306,90231094B31823107392306,East Gem,ADM3,KEN,2020,CC BY 4.0,open_supplementary_layer
GBO_OPEN_KEN_ADM3,90231094B12205651631267,90231094B12205651631267,Mumias Central,ADM3,KEN,2020,CC BY 4.0,open_supplementary_layer
GBO_OPEN_KEN_ADM3,90231094B56235128284376,90231094B56235128284376,Kipipiri,ADM3,KEN,2020,CC BY 4.0,open_supplementary_layer
GBO_OPEN_KEN_ADM3,90231094B61394441165884,90231094B61394441165884,Ganga,ADM3,KEN,2020,CC BY 4.0,open_supplementary_layer
GBO_OPEN_KEN_ADM3,90231094B32730963912261,90231094B32730963912261,Narok Town,ADM3,KEN,2020,CC BY 4.0,open_supplementary_layer
GBO_OPEN_KEN_ADM3,90231094B36290448233845,90231094B36290448233845,Kamagut,ADM3,KEN,2020,CC BY 4.0,open_supplementary_layer
GBO_OPEN_KEN_ADM3,90231094B32189092528867,90231094B32189092528867,Kipkenyo,ADM3,KEN,2020,CC BY 4.0,open_supplementary_layer
GBO_OPEN_KEN_ADM3,90231094B5991441392173,90231094B5991441392173,Naikarra,ADM3,KEN,2020,CC BY 4.0,open_supplementary_layer
GBO_OPEN_KEN_ADM3,90231094B57126687440723,90231094B57126687440723,North East Bunyore,ADM3,KEN,2020,CC BY 4.0,open_supplementary_layer
GBO_OPEN_KEN_ADM3,90231094B44876107223794,90231094B44876107223794,Luanda South,ADM3,KEN,2020,CC BY 4.0,open_supplementary_layer
GBO_OPEN_KEN_ADM3,90231094B54170766550939,90231094B54170766550939,Mariani,ADM3,KEN,2020,CC BY 4.0,open_supplementary_layer
GBO_OPEN_KEN_ADM3,90231094B42318024028374,90231094B42318024028374,Mukaa,ADM3,KEN,2020,CC BY 4.0,open_supplementary_layer
GBO_OPEN_KEN_ADM3,90231094B22847647980947,90231094B22847647980947,Lugaga-Wamuluma,ADM3,KEN,2020,CC BY 4.0,open_supplementary_layer
GBO_OPEN_KEN_ADM3,90231094B43774926953051,90231094B43774926953051,Milima,ADM3,KEN,2020,CC BY 4.0,open_supplementary_layer
GBO_OPEN_KEN_ADM3,90231094B46896393410979,90231094B46896393410979,Masogo/Nyang'Oma,ADM3,KEN,2020,CC BY 4.0,open_supplementary_layer
GBO_OPEN_KEN_ADM3,90231094B85669558340303,90231094B85669558340303,West Sakwa,ADM3,KEN,2020,CC BY 4.0,open_supplementary_layer
GBO_OPEN_KEN_ADM3,90231094B3814955884120,90231094B3814955884120,Kisa East,ADM3,KEN,2020,CC BY 4.0,open_supplementary_layer
GBO_OPEN_KEN_ADM3,90231094B82960595828811,90231094B82960595828811,Mwea,ADM3,KEN,2020,CC BY 4.0,open_supplementary_layer
GBO_OPEN_KEN_ADM3,90231094B82964343122573,90231094B82964343122573,Malaba North,ADM3,KEN,2020,CC BY 4.0,open_supplementary_layer
GBO_OPEN_KEN_ADM3,90231094B63035039119550,90231094B63035039119550,Hongwe,ADM3,KEN,2020,CC BY 4.0,open_supplementary_layer
GBO_OPEN_KEN_ADM3,90231094B39754598271104,90231094B39754598271104,Marachi West,ADM3,KEN,2020,CC BY 4.0,open_supplementary_layer
GBO_OPEN_KEN_ADM3,90231094B35648548516916,90231094B35648548516916,Manda-Shivanga,ADM3,KEN,2020,CC BY 4.0,open_supplementary_layer
GBO_OPEN_KEN_ADM3,90231094B88992162335907,90231094B88992162335907,West Kisumu,ADM3,KEN,2020,CC BY 4.0,open_supplementary_layer
GBO_OPEN_KEN_ADM3,90231094B73489831700037,90231094B73489831700037,Chepkunyuk,ADM3,KEN,2020,CC BY 4.0,open_supplementary_layer
GBO_OPEN_KEN_ADM3,90231094B32676019369343,90231094B32676019369343,Murinduko,ADM3,KEN,2020,CC BY 4.0,open_supplementary_layer
GBO_OPEN_KEN_ADM3,90231094B70700616465596,90231094B70700616465596,Getenga,ADM3,KEN,2020,CC BY 4.0,open_supplementary_layer
GBO_OPEN_KEN_ADM3,90231094B54072497370845,90231094B54072497370845,Central Seme,ADM3,KEN,2020,CC BY 4.0,open_supplementary_layer
GBO_OPEN_KEN_ADM3,90231094B19728626261720,90231094B19728626261720,Kwa Njenga,ADM3,KEN,2020,CC BY 4.0,open_supplementary_layer
GBO_OPEN_KEN_ADM3,90231094B94050479621482,90231094B94050479621482,Garsen Central,ADM3,KEN,2020,CC BY 4.0,open_supplementary_layer
GBO_OPEN_KEN_ADM3,90231094B7724881422871,90231094B7724881422871,North Kanyamkago,ADM3,KEN,2020,CC BY 4.0,open_supplementary_layer
GBO_OPEN_KEN_ADM3,90231094B26116363357882,90231094B26116363357882,Siana,ADM3,KEN,2020,CC BY 4.0,open_supplementary_layer
GBO_OPEN_KEN_ADM3,90231094B84736397436402,90231094B84736397436402,Kakrao,ADM3,KEN,2020,CC BY 4.0,open_supplementary_layer
GBO_OPEN_KEN_ADM3,90231094B68176923386999,90231094B68176923386999,Kuinet/Kapsuswa,ADM3,KEN,2020,CC BY 4.0,open_supplementary_layer
GBO_OPEN_KEN_ADM3,90231094B22402771457190,90231094B22402771457190,Nyangores,ADM3,KEN,2020,CC BY 4.0,open_supplementary_layer
GBO_OPEN_KEN_ADM3,90231094B49695478682113,90231094B49695478682113,Kinoo,ADM3,KEN,2020,CC BY 4.0,open_supplementary_layer
GBO_OPEN_KEN_ADM3,90231094B91228914162960,90231094B91228914162960,West Asembo,ADM3,KEN,2020,CC BY 4.0,open_supplementary_layer
GBO_OPEN_KEN_ADM3,90231094B87142784156030,90231094B87142784156030,Kambiti,ADM3,KEN,2020,CC BY 4.0,open_supplementary_layer
GBO_OPEN_KEN_ADM3,90231094B51181590419560,90231094B51181590419560,Mekenene,ADM3,KEN,2020,CC BY 4.0,open_supplementary_layer
GBO_OPEN_KEN_ADM3,90231094B40065626001716,90231094B40065626001716,Bidii,ADM3,KEN,2020,CC BY 4.0,open_supplementary_layer
GBO_OPEN_KEN_ADM3,90231094B48090429650866,90231094B48090429650866,Tuwani,ADM3,KEN,2020,CC BY 4.0,open_supplementary_layer
GBO_OPEN_KEN_ADM3,90231094B22009461109088,90231094B22009461109088,Gisambai,ADM3,KEN,2020,CC BY 4.0,open_supplementary_layer
GBO_OPEN_KEN_ADM3,90231094B23279663779894,90231094B23279663779894,Amukura West,ADM3,KEN,2020,CC BY 4.0,open_supplementary_layer
GBO_OPEN_KEN_ADM3,90231094B59001214976718,90231094B59001214976718,Moticho,ADM3,KEN,2020,CC BY 4.0,open_supplementary_layer
GBO_OPEN_KEN_ADM3,90231094B4065885882878,90231094B4065885882878,Lakeview,ADM3,KEN,2020,CC BY 4.0,open_supplementary_layer
GBO_OPEN_KEN_ADM3,90231094B48619501037725,90231094B48619501037725,Gurar,ADM3,KEN,2020,CC BY 4.0,open_supplementary_layer
GBO_OPEN_KEN_ADM3,90231094B86219045441992,90231094B86219045441992,Mugwe,ADM3,KEN,2020,CC BY 4.0,open_supplementary_layer
GBO_OPEN_KEN_ADM3,90231094B26309360605313,90231094B26309360605313,East Seme,ADM3,KEN,2020,CC BY 4.0,open_supplementary_layer
GBO_OPEN_KEN_ADM3,90231094B48042615669449,90231094B48042615669449,Siongiroi,ADM3,KEN,2020,CC BY 4.0,open_supplementary_layer
GBO_OPEN_KEN_ADM3,90231094B68449667609235,90231094B68449667609235,Kenyawa-Poka,ADM3,KEN,2020,CC BY 4.0,open_supplementary_layer
GBO_OPEN_KEN_ADM3,90231094B94646233168184,90231094B94646233168184,Ibeno,ADM3,KEN,2020,CC BY 4.0,open_supplementary_layer
GBO_OPEN_KEN_ADM3,90231094B80665103490424,90231094B80665103490424,East Kamagak,ADM3,KEN,2020,CC BY 4.0,open_supplementary_layer
GBO_OPEN_KEN_ADM3,90231094B87629011785293,90231094B87629011785293,Kianjai,ADM3,KEN,2020,CC BY 4.0,open_supplementary_layer
GBO_OPEN_KEN_ADM3,90231094B41580484632049,90231094B41580484632049,Kibarani,ADM3,KEN,2020,CC BY 4.0,open_supplementary_layer
GBO_OPEN_KEN_ADM3,90231094B17389205510117,90231094B17389205510117,Sirende,ADM3,KEN,2020,CC BY 4.0,open_supplementary_layer
GBO_OPEN_KEN_ADM3,90231094B44497252393008,90231094B44497252393008,Mutira,ADM3,KEN,2020,CC BY 4.0,open_supplementary_layer
GBO_OPEN_KEN_ADM3,90231094B43713732117315,90231094B43713732117315,Central Gem,ADM3,KEN,2020,CC BY 4.0,open_supplementary_layer
GBO_OPEN_KEN_ADM3,90231094B61473169811752,90231094B61473169811752,Kasgunga,ADM3,KEN,2020,CC BY 4.0,open_supplementary_layer
GBO_OPEN_KEN_ADM3,90231094B95458009496203,90231094B95458009496203,Khalaba,ADM3,KEN,2020,CC BY 4.0,open_supplementary_layer
GBO_OPEN_KEN_ADM3,90231094B57486336325540,90231094B57486336325540,Igambang'Ombe,ADM3,KEN,2020,CC BY 4.0,open_supplementary_layer
GBO_OPEN_KEN_ADM3,90231094B29913128699293,90231094B29913128699293,Mwibona,ADM3,KEN,2020,CC BY 4.0,open_supplementary_layer
GBO_OPEN_KEN_ADM3,90231094B41796221101860,90231094B41796221101860,Kamukuywa,ADM3,KEN,2020,CC BY 4.0,open_supplementary_layer
GBO_OPEN_KEN_ADM3,90231094B79592704564787,90231094B79592704564787,Bukhayo West,ADM3,KEN,2020,CC BY 4.0,open_supplementary_layer
GBO_OPEN_KEN_ADM3,90231094B81102626508310,90231094B81102626508310,Kapsoya,ADM3,KEN,2020,CC BY 4.0,open_supplementary_layer
GBO_OPEN_KEN_ADM3,90231094B68019941894087,90231094B68019941894087,Karatina Town,ADM3,KEN,2020,CC BY 4.0,open_supplementary_layer
GBO_OPEN_KEN_ADM3,90231094B99662905793124,90231094B99662905793124,Itibo,ADM3,KEN,2020,CC BY 4.0,open_supplementary_layer
GBO_OPEN_KEN_ADM3,90231094B17310074556281,90231094B17310074556281,Ukia,ADM3,KEN,2020,CC BY 4.0,open_supplementary_layer
GBO_OPEN_KEN_ADM3,90231094B47105443255219,90231094B47105443255219,Kabula,ADM3,KEN,2020,CC BY 4.0,open_supplementary_layer
GBO_OPEN_KEN_ADM3,90231094B89130347923816,90231094B89130347923816,Chekalini,ADM3,KEN,2020,CC BY 4.0,open_supplementary_layer
GBO_OPEN_KEN_ADM3,90231094B62991511414132,90231094B62991511414132,Kigumo,ADM3,KEN,2020,CC BY 4.0,open_supplementary_layer
GBO_OPEN_KEN_ADM3,90231094B93995146778368,90231094B93995146778368,Khalaba,ADM3,KEN,2020,CC BY 4.0,open_supplementary_layer
GBO_OPEN_KEN_ADM3,90231094B57834468236188,90231094B57834468236188,Ruiri/Rwarera,ADM3,KEN,2020,CC BY 4.0,open_supplementary_layer
GBO_OPEN_KEN_ADM3,90231094B67483375460384,90231094B67483375460384,Kanyamwa Kosewe,ADM3,KEN,2020,CC BY 4.0,open_supplementary_layer
GBO_OPEN_KEN_ADM3,90231094B63790375510230,90231094B63790375510230,Central Bunyore,ADM3,KEN,2020,CC BY 4.0,open_supplementary_layer
GBO_OPEN_KEN_ADM3,90231094B48487435657211,90231094B48487435657211,Marafa,ADM3,KEN,2020,CC BY 4.0,open_supplementary_layer
GBO_OPEN_KEN_ADM3,90231094B55000162942820,90231094B55000162942820,Kayole North,ADM3,KEN,2020,CC BY 4.0,open_supplementary_layer
GBO_OPEN_KEN_ADM3,90231094B47882418060892,90231094B47882418060892,Kanyeki-Ini,ADM3,KEN,2020,CC BY 4.0,open_supplementary_layer
GBO_OPEN_KEN_ADM3,90231094B28709258486712,90231094B28709258486712,Mayenje,ADM3,KEN,2020,CC BY 4.0,open_supplementary_layer
GBO_OPEN_KEN_ADM3,90231094B50999130574769,90231094B50999130574769,Godoma,ADM3,KEN,2020,CC BY 4.0,open_supplementary_layer
GBO_OPEN_KEN_ADM3,90231094B80268017191277,90231094B80268017191277,Parklands/Highridge,ADM3,KEN,2020,CC BY 4.0,open_supplementary_layer
GBO_OPEN_KEN_ADM3,90231094B32600263227767,90231094B32600263227767,Kiganjo,ADM3,KEN,2020,CC BY 4.0,open_supplementary_layer
GBO_OPEN_KEN_ADM3,90231094B70503450281704,90231094B70503450281704,Bomariba,ADM3,KEN,2020,CC BY 4.0,open_supplementary_layer
GBO_OPEN_KEN_ADM3,90231094B19505120608742,90231094B19505120608742,Mbiuni,ADM3,KEN,2020,CC BY 4.0,open_supplementary_layer
GBO_OPEN_KEN_ADM3,90231094B62134894246183,90231094B62134894246183,Matayos South,ADM3,KEN,2020,CC BY 4.0,open_supplementary_layer
GBO_OPEN_KEN_ADM3,90231094B72111873493169,90231094B72111873493169,Nambale Township,ADM3,KEN,2020,CC BY 4.0,open_supplementary_layer
GBO_OPEN_KEN_ADM3,90231094B70385458168678,90231094B70385458168678,East Sang'Alo,ADM3,KEN,2020,CC BY 4.0,open_supplementary_layer
GBO_OPEN_KEN_ADM3,90231094B86389063696777,90231094B86389063696777,Gatanga,ADM3,KEN,2020,CC BY 4.0,open_supplementary_layer
GBO_OPEN_KEN_ADM3,90231094B92656919749248,90231094B92656919749248,Wiga,ADM3,KEN,2020,CC BY 4.0,open_supplementary_layer
GBO_OPEN_KEN_ADM3,90231094B34648440497842,90231094B34648440497842,Bokeira,ADM3,KEN,2020,CC BY 4.0,open_supplementary_layer
GBO_OPEN_KEN_ADM3,90231094B17728159466486,90231094B17728159466486,Boito,ADM3,KEN,2020,CC BY 4.0,open_supplementary_layer
GBO_OPEN_KEN_ADM3,90231094B37204147872189,90231094B37204147872189,Kwabwai,ADM3,KEN,2020,CC BY 4.0,open_supplementary_layer
GBO_OPEN_KEN_ADM3,90231094B53566041103404,90231094B53566041103404,Kargi/South Horr,ADM3,KEN,2020,CC BY 4.0,open_supplementary_layer
GBO_OPEN_KEN_ADM3,90231094B42599946075045,90231094B42599946075045,Gatimu,ADM3,KEN,2020,CC BY 4.0,open_supplementary_layer
GBO_OPEN_KEN_ADM3,90231094B78954351432082,90231094B78954351432082,Litein,ADM3,KEN,2020,CC BY 4.0,open_supplementary_layer
GBO_OPEN_KEN_ADM3,90231094B40069115671252,90231094B40069115671252,Masige West,ADM3,KEN,2020,CC BY 4.0,open_supplementary_layer
GBO_OPEN_KEN_ADM3,90231094B24590563610793,90231094B24590563610793,Magumoni,ADM3,KEN,2020,CC BY 4.0,open_supplementary_layer
GBO_OPEN_KEN_ADM3,90231094B47124927981792,90231094B47124927981792,Chemelil/Chemase,ADM3,KEN,2020,CC BY 4.0,open_supplementary_layer
GBO_OPEN_KEN_ADM3,90231094B65090443239984,90231094B65090443239984,Kobura,ADM3,KEN,2020,CC BY 4.0,open_supplementary_layer
GBO_OPEN_KEN_ADM3,90231094B62451632398945,90231094B62451632398945,Charagita,ADM3,KEN,2020,CC BY 4.0,open_supplementary_layer
GBO_OPEN_KEN_ADM3,90231094B99018363452317,90231094B99018363452317,Marakaru/Tuuti,ADM3,KEN,2020,CC BY 4.0,open_supplementary_layer
GBO_OPEN_KEN_ADM3,90231094B15502897164300,90231094B15502897164300,Central,ADM3,KEN,2020,CC BY 4.0,open_supplementary_layer
GBO_OPEN_KEN_ADM3,90231094B23700475765334,90231094B23700475765334,Inoi,ADM3,KEN,2020,CC BY 4.0,open_supplementary_layer
GBO_OPEN_KEN_ADM3,90231094B44889641708012,90231094B44889641708012,Bukhayo North/Waltsi,ADM3,KEN,2020,CC BY 4.0,open_supplementary_layer
GBO_OPEN_KEN_ADM3,90231094B49723734905696,90231094B49723734905696,Homa Bay West,ADM3,KEN,2020,CC BY 4.0,open_supplementary_layer
GBO_OPEN_KEN_ADM3,90231094B6713421145361,90231094B6713421145361,Iloodokilani,ADM3,KEN,2020,CC BY 4.0,open_supplementary_layer
GBO_OPEN_KEN_ADM3,90231094B7433924742004,90231094B7433924742004,Butali/Chegulo,ADM3,KEN,2020,CC BY 4.0,open_supplementary_layer
GBO_OPEN_KEN_ADM3,90231094B20190588707332,90231094B20190588707332,Kapkateny,ADM3,KEN,2020,CC BY 4.0,open_supplementary_layer
GBO_OPEN_KEN_ADM3,90231094B59746137593948,90231094B59746137593948,Marachi North,ADM3,KEN,2020,CC BY 4.0,open_supplementary_layer
GBO_OPEN_KEN_ADM3,90231094B32860180729579,90231094B32860180729579,Sogoo,ADM3,KEN,2020,CC BY 4.0,open_supplementary_layer
GBO_OPEN_KEN_ADM3,90231094B13305037933118,90231094B13305037933118,Ukunda,ADM3,KEN,2020,CC BY 4.0,open_supplementary_layer
GBO_OPEN_KEN_ADM3,90231094B81946633035565,90231094B81946633035565,Gokeharaka/Getambwega,ADM3,KEN,2020,CC BY 4.0,open_supplementary_layer
GBO_OPEN_KEN_ADM3,90231094B50795016725207,90231094B50795016725207,Songhor/Soba,ADM3,KEN,2020,CC BY 4.0,open_supplementary_layer
GBO_OPEN_KEN_ADM3,90231094B22788649441841,90231094B22788649441841,Chebunyo,ADM3,KEN,2020,CC BY 4.0,open_supplementary_layer
GBO_OPEN_KEN_ADM3,90231094B53175189556073,90231094B53175189556073,Kivaa,ADM3,KEN,2020,CC BY 4.0,open_supplementary_layer
GBO_OPEN_KEN_ADM3,90231094B24231620022060,90231094B24231620022060,Kaputiei North,ADM3,KEN,2020,CC BY 4.0,open_supplementary_layer
GBO_OPEN_KEN_ADM3,90231094B83389108831293,90231094B83389108831293,Mwanamwinga,ADM3,KEN,2020,CC BY 4.0,open_supplementary_layer
GBO_OPEN_KEN_ADM3,90231094B4079556500584,90231094B4079556500584,Kembu,ADM3,KEN,2020,CC BY 4.0,open_supplementary_layer
GBO_OPEN_KEN_ADM3,90231094B70656942809195,90231094B70656942809195,Kileleshwa,ADM3,KEN,2020,CC BY 4.0,open_supplementary_layer
GBO_OPEN_KEN_ADM3,90231094B47179213325845,90231094B47179213325845,Moiben,ADM3,KEN,2020,CC BY 4.0,open_supplementary_layer
GBO_OPEN_KEN_ADM3,90231094B21336840090975,90231094B21336840090975,Tiwi,ADM3,KEN,2020,CC BY 4.0,open_supplementary_layer
GBO_OPEN_KEN_ADM3,90231094B92079557850073,90231094B92079557850073,Muthambi,ADM3,KEN,2020,CC BY 4.0,open_supplementary_layer
GBO_OPEN_KEN_ADM3,90231094B73986577117385,90231094B73986577117385,Thingithu,ADM3,KEN,2020,CC BY 4.0,open_supplementary_layer
GBO_OPEN_KEN_ADM3,90231094B83976316297901,90231094B83976316297901,Kyuso,ADM3,KEN,2020,CC BY 4.0,open_supplementary_layer
GBO_OPEN_KEN_ADM3,90231094B38125372159363,90231094B38125372159363,Wemilabi,ADM3,KEN,2020,CC BY 4.0,open_supplementary_layer
GBO_OPEN_KEN_ADM3,90231094B6553166799211,90231094B6553166799211,Madogo,ADM3,KEN,2020,CC BY 4.0,open_supplementary_layer
GBO_OPEN_KEN_ADM3,90231094B14926839980586,90231094B14926839980586,Bombaba Borabu,ADM3,KEN,2020,CC BY 4.0,open_supplementary_layer
GBO_OPEN_KEN_ADM3,90231094B26504586470506,90231094B26504586470506,Lwandeti,ADM3,KEN,2020,CC BY 4.0,open_supplementary_layer
GBO_OPEN_KEN_ADM3,90231094B74361771735641,90231094B74361771735641,Wanjohi,ADM3,KEN,2020,CC BY 4.0,open_supplementary_layer
GBO_OPEN_KEN_ADM3,90231094B7268008970235,90231094B7268008970235,Kimintet,ADM3,KEN,2020,CC BY 4.0,open_supplementary_layer
GBO_OPEN_KEN_ADM3,90231094B15568637062155,90231094B15568637062155,South Bukusu,ADM3,KEN,2020,CC BY 4.0,open_supplementary_layer
GBO_OPEN_KEN_ADM3,90231094B20794017135549,90231094B20794017135549,Bunyala Central,ADM3,KEN,2020,CC BY 4.0,open_supplementary_layer
GBO_OPEN_KEN_ADM3,90231094B7962145593483,90231094B7962145593483,Chepsiro/Kiptoror,ADM3,KEN,2020,CC BY 4.0,open_supplementary_layer
GBO_OPEN_KEN_ADM3,90231094B51750751009154,90231094B51750751009154,Ukwala,ADM3,KEN,2020,CC BY 4.0,open_supplementary_layer
GBO_OPEN_KEN_ADM3,90231094B77762606221754,90231094B77762606221754,Tulwet/Chuiyat,ADM3,KEN,2020,CC BY 4.0,open_supplementary_layer
GBO_OPEN_KEN_ADM3,90231094B94682185120011,90231094B94682185120011,Chepterwai,ADM3,KEN,2020,CC BY 4.0,open_supplementary_layer
GBO_OPEN_KEN_ADM3,90231094B56999747240981,90231094B56999747240981,Marani,ADM3,KEN,2020,CC BY 4.0,open_supplementary_layer
GBO_OPEN_KEN_ADM3,90231094B2679568577595,90231094B2679568577595,Gitaru,ADM3,KEN,2020,CC BY 4.0,open_supplementary_layer
GBO_OPEN_KEN_ADM3,90231094B55378328153049,90231094B55378328153049,Kapkugerwet,ADM3,KEN,2020,CC BY 4.0,open_supplementary_layer
GBO_OPEN_KEN_ADM3,90231094B46410698544185,90231094B46410698544185,Amwathi,ADM3,KEN,2020,CC BY 4.0,open_supplementary_layer
GBO_OPEN_KEN_ADM3,90231094B65160203501239,90231094B65160203501239,Nanighi,ADM3,KEN,2020,CC BY 4.0,open_supplementary_layer
GBO_OPEN_KEN_ADM3,90231094B13137132515842,90231094B13137132515842,North Gem,ADM3,KEN,2020,CC BY 4.0,open_supplementary_layer
GBO_OPEN_KEN_ADM3,90231094B92431504186181,90231094B92431504186181,Mara,ADM3,KEN,2020,CC BY 4.0,open_supplementary_layer
GBO_OPEN_KEN_ADM3,90231094B91669160320753,90231094B91669160320753,Maiella,ADM3,KEN,2020,CC BY 4.0,open_supplementary_layer
GBO_OPEN_KEN_ADM3,90231094B40491516652900,90231094B40491516652900,Bobasi Boitangare,ADM3,KEN,2020,CC BY 4.0,open_supplementary_layer
GBO_OPEN_KEN_ADM3,90231094B56086335225177,90231094B56086335225177,Mfangano Island,ADM3,KEN,2020,CC BY 4.0,open_supplementary_layer
GBO_OPEN_KEN_ADM3,90231094B67805745228731,90231094B67805745228731,Athi River,ADM3,KEN,2020,CC BY 4.0,open_supplementary_layer
GBO_OPEN_KEN_ADM3,90231094B39350446055173,90231094B39350446055173,Gongoni,ADM3,KEN,2020,CC BY 4.0,open_supplementary_layer
GBO_OPEN_KEN_ADM3,90231094B95878476045376,90231094B95878476045376,Siaya Township,ADM3,KEN,2020,CC BY 4.0,open_supplementary_layer
GBO_OPEN_KEN_ADM3,90231094B48984760708386,90231094B48984760708386,North Ugenya,ADM3,KEN,2020,CC BY 4.0,open_supplementary_layer
GBO_OPEN_KEN_ADM3,90231094B87404787023751,90231094B87404787023751,Shankoe,ADM3,KEN,2020,CC BY 4.0,open_supplementary_layer
GBO_OPEN_KEN_ADM3,90231094B72006315640065,90231094B72006315640065,Matungulu North,ADM3,KEN,2020,CC BY 4.0,open_supplementary_layer
GBO_OPEN_KEN_ADM3,90231094B44289361214872,90231094B44289361214872,Nthawa,ADM3,KEN,2020,CC BY 4.0,open_supplementary_layer
GBO_OPEN_KEN_ADM3,90231094B46036042020457,90231094B46036042020457,Kathonzweni,ADM3,KEN,2020,CC BY 4.0,open_supplementary_layer
GBO_OPEN_KEN_ADM3,90231094B63379762228644,90231094B63379762228644,Mwiyogo/Endarasha,ADM3,KEN,2020,CC BY 4.0,open_supplementary_layer
GBO_OPEN_KEN_ADM3,90231094B67022632113245,90231094B67022632113245,Komarock,ADM3,KEN,2020,CC BY 4.0,open_supplementary_layer
GBO_OPEN_KEN_ADM3,90231094B46588992237709,90231094B46588992237709,Kilgoris Central,ADM3,KEN,2020,CC BY 4.0,open_supplementary_layer
GBO_OPEN_KEN_ADM3,90231094B64545344050024,90231094B64545344050024,South West Kisumu,ADM3,KEN,2020,CC BY 4.0,open_supplementary_layer
GBO_OPEN_KEN_ADM3,90231094B79182117833840,90231094B79182117833840,Majoge,ADM3,KEN,2020,CC BY 4.0,open_supplementary_layer
GBO_OPEN_KEN_ADM3,90231094B5695055685286,90231094B5695055685286,Shiru,ADM3,KEN,2020,CC BY 4.0,open_supplementary_layer
GBO_OPEN_KEN_ADM3,90231094B16665335051488,90231094B16665335051488,Kisa North,ADM3,KEN,2020,CC BY 4.0,open_supplementary_layer
GBO_OPEN_KEN_ADM3,90231094B91388214161467,90231094B91388214161467,Lwandanyi,ADM3,KEN,2020,CC BY 4.0,open_supplementary_layer
GBO_OPEN_KEN_ADM3,90231094B38021670700160,90231094B38021670700160,Korogocho,ADM3,KEN,2020,CC BY 4.0,open_supplementary_layer
GBO_OPEN_KEN_ADM3,90231094B88537225961095,90231094B88537225961095,Likuyani,ADM3,KEN,2020,CC BY 4.0,open_supplementary_layer
GBO_OPEN_KEN_ADM3,90231094B47386653043439,90231094B47386653043439,Ichuni,ADM3,KEN,2020,CC BY 4.0,open_supplementary_layer
GBO_OPEN_KEN_ADM3,90231094B46763846344537,90231094B46763846344537,Mungoma,ADM3,KEN,2020,CC BY 4.0,open_supplementary_layer
GBO_OPEN_KEN_ADM3,90231094B22078267875903,90231094B22078267875903,Ndenderu,ADM3,KEN,2020,CC BY 4.0,open_supplementary_layer
GBO_OPEN_KEN_ADM3,90231094B78828223561825,90231094B78828223561825,Moyale Township,ADM3,KEN,2020,CC BY 4.0,open_supplementary_layer
GBO_OPEN_KEN_ADM3,90231094B18461843880473,90231094B18461843880473,Kendu Bay Town,ADM3,KEN,2020,CC BY 4.0,open_supplementary_layer
GBO_OPEN_KEN_ADM3,90231094B96774399201593,90231094B96774399201593,Kangundo North,ADM3,KEN,2020,CC BY 4.0,open_supplementary_layer
GBO_OPEN_KEN_ADM3,90231094B19737960637786,90231094B19737960637786,West Alego,ADM3,KEN,2020,CC BY 4.0,open_supplementary_layer
GBO_OPEN_KEN_ADM3,90231094B7400472073115,90231094B7400472073115,Dadaab,ADM3,KEN,2020,CC BY 4.0,open_supplementary_layer
GBO_OPEN_KEN_ADM3,90231094B77205496989216,90231094B77205496989216,Mbirikani/Eselenkei,ADM3,KEN,2020,CC BY 4.0,open_supplementary_layer
GBO_OPEN_KEN_ADM3,90231094B10250429336241,90231094B10250429336241,Mikinduni,ADM3,KEN,2020,CC BY 4.0,open_supplementary_layer
GBO_OPEN_KEN_ADM3,90231094B95614004374086,90231094B95614004374086,Bogeka,ADM3,KEN,2020,CC BY 4.0,open_supplementary_layer
GBO_OPEN_KEN_ADM3,90231094B98161081658304,90231094B98161081658304,Melili,ADM3,KEN,2020,CC BY 4.0,open_supplementary_layer
GBO_OPEN_KEN_ADM3,90231094B99366654273486,90231094B99366654273486,Kabiyet,ADM3,KEN,2020,CC BY 4.0,open_supplementary_layer
GBO_OPEN_KEN_ADM3,90231094B6453106497990,90231094B6453106497990,Kabuchai/Chwele,ADM3,KEN,2020,CC BY 4.0,open_supplementary_layer
GBO_OPEN_KEN_ADM3,90231094B41090090570723,90231094B41090090570723,Mutito/Kaliku,ADM3,KEN,2020,CC BY 4.0,open_supplementary_layer
GBO_OPEN_KEN_ADM3,90231094B97129738979547,90231094B97129738979547,Antuambui,ADM3,KEN,2020,CC BY 4.0,open_supplementary_layer
GBO_OPEN_KEN_ADM3,90231094B71844426453776,90231094B71844426453776,Mboghoni,ADM3,KEN,2020,CC BY 4.0,open_supplementary_layer
GBO_OPEN_KEN_ADM3,90231094B73125453552734,90231094B73125453552734,Awasi/Onjiko,ADM3,KEN,2020,CC BY 4.0,open_supplementary_layer
GBO_OPEN_KEN_ADM3,90231094B94536471671232,90231094B94536471671232,Shella,ADM3,KEN,2020,CC BY 4.0,open_supplementary_layer
GBO_OPEN_KEN_ADM3,90231094B1021114687702,90231094B1021114687702,Kabuoch South/Pala,ADM3,KEN,2020,CC BY 4.0,open_supplementary_layer
GBO_OPEN_KEN_ADM3,90231094B62102743167026,90231094B62102743167026,Limuru East,ADM3,KEN,2020,CC BY 4.0,open_supplementary_layer
GBO_OPEN_KEN_ADM3,90231094B38157813228123,90231094B38157813228123,Gikondi,ADM3,KEN,2020,CC BY 4.0,open_supplementary_layer
GBO_OPEN_KEN_ADM3,90231094B15423037092681,90231094B15423037092681,Simat/Kapseret,ADM3,KEN,2020,CC BY 4.0,open_supplementary_layer
GBO_OPEN_KEN_ADM3,90231094B54556931641981,90231094B54556931641981,Matungulu West,ADM3,KEN,2020,CC BY 4.0,open_supplementary_layer
GBO_OPEN_KEN_ADM3,90231094B90317066150535,90231094B90317066150535,Kurgung/Surungai,ADM3,KEN,2020,CC BY 4.0,open_supplementary_layer
GBO_OPEN_KEN_ADM3,90231094B94782428329607,90231094B94782428329607,North Uyoma,ADM3,KEN,2020,CC BY 4.0,open_supplementary_layer
GBO_OPEN_KEN_ADM3,90231094B6695080104632,90231094B6695080104632,Sigomere,ADM3,KEN,2020,CC BY 4.0,open_supplementary_layer
GBO_OPEN_KEN_ADM3,90231094B57383053333313,90231094B57383053333313,Shirere,ADM3,KEN,2020,CC BY 4.0,open_supplementary_layer
GBO_OPEN_KEN_ADM3,90231094B13301353035461,90231094B13301353035461,South Sakwa,ADM3,KEN,2020,CC BY 4.0,open_supplementary_layer
GBO_OPEN_KEN_ADM3,90231094B8722067865452,90231094B8722067865452,Rwathia,ADM3,KEN,2020,CC BY 4.0,open_supplementary_layer
GBO_OPEN_KEN_ADM3,90231094B74891551273900,90231094B74891551273900,Bokoli,ADM3,KEN,2020,CC BY 4.0,open_supplementary_layer
GBO_OPEN_KEN_ADM3,90231094B67826881477361,90231094B67826881477361,Bukembe West,ADM3,KEN,2020,CC BY 4.0,open_supplementary_layer
GBO_OPEN_KEN_ADM3,90231094B73976741819447,90231094B73976741819447,Mauche,ADM3,KEN,2020,CC BY 4.0,open_supplementary_layer
GBO_OPEN_KEN_ADM3,90231094B38147959739491,90231094B38147959739491,Kang'Atotha,ADM3,KEN,2020,CC BY 4.0,open_supplementary_layer
GBO_OPEN_KEN_ADM3,90231094B75413257028989,90231094B75413257028989,West Kasipul,ADM3,KEN,2020,CC BY 4.0,open_supplementary_layer
GBO_OPEN_KEN_ADM3,90231094B49138125738359,90231094B49138125738359,Central Sakwa,ADM3,KEN,2020,CC BY 4.0,open_supplementary_layer
GBO_OPEN_KEN_ADM3,90231094B31694883202611,90231094B31694883202611,Isongo/Makunga/Malaha,ADM3,KEN,2020,CC BY 4.0,open_supplementary_layer
GBO_OPEN_KEN_ADM3,90231094B13182510704138,90231094B13182510704138,Marama North,ADM3,KEN,2020,CC BY 4.0,open_supplementary_layer
GBO_OPEN_KEN_ADM3,90231094B766708584813,90231094B766708584813,Sokoni,ADM3,KEN,2020,CC BY 4.0,open_supplementary_layer
GBO_OPEN_KEN_ADM3,90231094B41284787741144,90231094B41284787741144,Kibiri,ADM3,KEN,2020,CC BY 4.0,open_supplementary_layer
GBO_OPEN_KEN_ADM3,90231094B54918276918146,90231094B54918276918146,Githurai,ADM3,KEN,2020,CC BY 4.0,open_supplementary_layer
GBO_OPEN_KEN_ADM3,90231094B76800283466599,90231094B76800283466599,Ndumberi,ADM3,KEN,2020,CC BY 4.0,open_supplementary_layer
GBO_OPEN_KEN_ADM3,90231094B51470859203512,90231094B51470859203512,South East Alego,ADM3,KEN,2020,CC BY 4.0,open_supplementary_layer
GBO_OPEN_KEN_ADM3,90231094B39955482758353,90231094B39955482758353,Kangemi,ADM3,KEN,2020,CC BY 4.0,open_supplementary_layer
GBO_OPEN_KEN_ADM3,90231094B50028624536763,90231094B50028624536763,Shimba Hills National Reserve,ADM3,KEN,2020,CC BY 4.0,open_supplementary_layer
GBO_OPEN_KEN_ADM3,90231094B8381944484345,90231094B8381944484345,Bute,ADM3,KEN,2020,CC BY 4.0,open_supplementary_layer
GBO_OPEN_KEN_ADM3,90231094B90227381219990,90231094B90227381219990,Kyeni North,ADM3,KEN,2020,CC BY 4.0,open_supplementary_layer
GBO_OPEN_KEN_ADM3,90231094B56516024173089,90231094B56516024173089,Mogondo,ADM3,KEN,2020,CC BY 4.0,open_supplementary_layer
GBO_OPEN_KEN_ADM3,90231094B2441337875596,90231094B2441337875596,Kanyaluo,ADM3,KEN,2020,CC BY 4.0,open_supplementary_layer
GBO_OPEN_KEN_ADM3,90231094B39359279105826,90231094B39359279105826,West Karachuonyo,ADM3,KEN,2020,CC BY 4.0,open_supplementary_layer
GBO_OPEN_KEN_ADM3,90231094B20766885119868,90231094B20766885119868,Kolwa Central,ADM3,KEN,2020,CC BY 4.0,open_supplementary_layer
GBO_OPEN_KEN_ADM3,90231094B41449265337603,90231094B41449265337603,Marenyo-Shianda,ADM3,KEN,2020,CC BY 4.0,open_supplementary_layer
GBO_OPEN_KEN_ADM3,90231094B55974867585384,90231094B55974867585384,Ragana-Oruba,ADM3,KEN,2020,CC BY 4.0,open_supplementary_layer
GBO_OPEN_KEN_ADM3,90231094B76283232856346,90231094B76283232856346,North Kamagambo,ADM3,KEN,2020,CC BY 4.0,open_supplementary_layer
GBO_OPEN_KEN_ADM3,90231094B74530253756751,90231094B74530253756751,Nyayo Highrise,ADM3,KEN,2020,CC BY 4.0,open_supplementary_layer
GBO_OPEN_KEN_ADM3,90231094B60293892663997,90231094B60293892663997,South Uyoma,ADM3,KEN,2020,CC BY 4.0,open_supplementary_layer
GBO_OPEN_KEN_ADM3,90231094B21084276133854,90231094B21084276133854,Kirimari,ADM3,KEN,2020,CC BY 4.0,open_supplementary_layer
GBO_OPEN_KEN_ADM3,90231094B23772702079017,90231094B23772702079017,Githabai,ADM3,KEN,2020,CC BY 4.0,open_supplementary_layer
GBO_OPEN_KEN_ADM3,90231094B36450135346078,90231094B36450135346078,Gatitu/Muruguru,ADM3,KEN,2020,CC BY 4.0,open_supplementary_layer
GBO_OPEN_KEN_ADM3,90231094B53743214012757,90231094B53743214012757,Ng'Araria,ADM3,KEN,2020,CC BY 4.0,open_supplementary_layer
GBO_OPEN_KEN_ADM3,90231094B13002925602300,90231094B13002925602300,Ntunene,ADM3,KEN,2020,CC BY 4.0,open_supplementary_layer
GBO_OPEN_KEN_ADM3,90231094B26745561941535,90231094B26745561941535,Dandora Area Iii,ADM3,KEN,2020,CC BY 4.0,open_supplementary_layer
GBO_OPEN_KEN_ADM3,90231094B67805584902760,90231094B67805584902760,Shinoyi-Shikomari-Esumeiya,ADM3,KEN,2020,CC BY 4.0,open_supplementary_layer
GBO_OPEN_KEN_ADM3,90231094B44305111202710,90231094B44305111202710,Nguu/Masumba,ADM3,KEN,2020,CC BY 4.0,open_supplementary_layer
GBO_OPEN_KEN_ADM3,90231094B65291204236873,90231094B65291204236873,Lokichar,ADM3,KEN,2020,CC BY 4.0,open_supplementary_layer
GBO_OPEN_KEN_ADM3,90231094B65511343395660,90231094B65511343395660,Suna Central,ADM3,KEN,2020,CC BY 4.0,open_supplementary_layer
GBO_OPEN_KEN_ADM3,90231094B38941462445596,90231094B38941462445596,East Kano/Wawidhi,ADM3,KEN,2020,CC BY 4.0,open_supplementary_layer
GBO_OPEN_KEN_ADM3,90231094B45358398499160,90231094B45358398499160,Lower Savannah,ADM3,KEN,2020,CC BY 4.0,open_supplementary_layer
GBO_OPEN_KEN_ADM3,90231094B23986508163901,90231094B23986508163901,Ang'Urai South,ADM3,KEN,2020,CC BY 4.0,open_supplementary_layer
GBO_OPEN_KEN_ADM3,90231094B70526188710462,90231094B70526188710462,Merigi,ADM3,KEN,2020,CC BY 4.0,open_supplementary_layer
GBO_OPEN_KEN_ADM3,90231094B46844551416580,90231094B46844551416580,Cheplanget,ADM3,KEN,2020,CC BY 4.0,open_supplementary_layer
GBO_OPEN_KEN_ADM3,90231094B27330019054231,90231094B27330019054231,Ruchu,ADM3,KEN,2020,CC BY 4.0,open_supplementary_layer
GBO_OPEN_KEN_ADM3,90231094B25826794218301,90231094B25826794218301,West Kanyamkago,ADM3,KEN,2020,CC BY 4.0,open_supplementary_layer
GBO_OPEN_KEN_ADM3,90231094B75649955835080,90231094B75649955835080,Puma,ADM3,KEN,2020,CC BY 4.0,open_supplementary_layer
GBO_OPEN_KEN_ADM3,90231094B17964166320977,90231094B17964166320977,Namboboto Nambuku,ADM3,KEN,2020,CC BY 4.0,open_supplementary_layer
GBO_OPEN_KEN_ADM3,90231094B29121009578610,90231094B29121009578610,Longisa,ADM3,KEN,2020,CC BY 4.0,open_supplementary_layer
GBO_OPEN_KEN_ADM3,90231094B22377974284770,90231094B22377974284770,Township,ADM3,KEN,2020,CC BY 4.0,open_supplementary_layer
GBO_OPEN_KEN_ADM3,90231094B9728054503705,90231094B9728054503705,Township,ADM3,KEN,2020,CC BY 4.0,open_supplementary_layer
GBO_OPEN_KEN_ADM3,90231094B66238642191069,90231094B66238642191069,Chesikaki,ADM3,KEN,2020,CC BY 4.0,open_supplementary_layer
GBO_OPEN_KEN_ADM3,90231094B71240677598078,90231094B71240677598078,Mtepeni,ADM3,KEN,2020,CC BY 4.0,open_supplementary_layer
GBO_OPEN_KEN_ADM3,90231094B98928996419337,90231094B98928996419337,Nuu,ADM3,KEN,2020,CC BY 4.0,open_supplementary_layer
GBO_OPEN_KEN_ADM3,90231094B73720601140580,90231094B73720601140580,Kihara,ADM3,KEN,2020,CC BY 4.0,open_supplementary_layer
GBO_OPEN_KEN_ADM3,90231094B77922073165483,90231094B77922073165483,Kamakwa/Mukaro,ADM3,KEN,2020,CC BY 4.0,open_supplementary_layer
GBO_OPEN_KEN_ADM3,90231094B53133259772623,90231094B53133259772623,Kahawa,ADM3,KEN,2020,CC BY 4.0,open_supplementary_layer
GBO_OPEN_KEN_ADM3,90231094B21120221485139,90231094B21120221485139,Busali,ADM3,KEN,2020,CC BY 4.0,open_supplementary_layer
GBO_OPEN_KEN_ADM3,90231094B39246872650441,90231094B39246872650441,Mautuma,ADM3,KEN,2020,CC BY 4.0,open_supplementary_layer
GBO_OPEN_KEN_ADM3,90231094B71896465157614,90231094B71896465157614,Baragwi,ADM3,KEN,2020,CC BY 4.0,open_supplementary_layer
GBO_OPEN_KEN_ADM3,90231094B17965797843787,90231094B17965797843787,Kihumbu-Ini,ADM3,KEN,2020,CC BY 4.0,open_supplementary_layer
GBO_OPEN_KEN_ADM3,90231094B51240879462271,90231094B51240879462271,Lolgorian,ADM3,KEN,2020,CC BY 4.0,open_supplementary_layer
GBO_OPEN_KEN_ADM3,90231094B27109884802243,90231094B27109884802243,Nyamaiya,ADM3,KEN,2020,CC BY 4.0,open_supplementary_layer
GBO_OPEN_KEN_ADM3,90231094B47258658448594,90231094B47258658448594,Kiriita,ADM3,KEN,2020,CC BY 4.0,open_supplementary_layer
GBO_OPEN_KEN_ADM3,90231094B38615782813094,90231094B38615782813094,Kong'Asis,ADM3,KEN,2020,CC BY 4.0,open_supplementary_layer
GBO_OPEN_KEN_ADM3,90231094B68664898299652,90231094B68664898299652,Antubetwe Kiongo,ADM3,KEN,2020,CC BY 4.0,open_supplementary_layer
GBO_OPEN_KEN_ADM3,90231094B11935719804881,90231094B11935719804881,Shamakhokho,ADM3,KEN,2020,CC BY 4.0,open_supplementary_layer
GBO_OPEN_KEN_ADM3,90231094B42440313681866,90231094B42440313681866,Mukurwe-Ini West,ADM3,KEN,2020,CC BY 4.0,open_supplementary_layer
GBO_OPEN_KEN_ADM3,90231094B4039516104948,90231094B4039516104948,Kayole South,ADM3,KEN,2020,CC BY 4.0,open_supplementary_layer
GBO_OPEN_KEN_ADM3,90231094B48762830654300,90231094B48762830654300,Kiru,ADM3,KEN,2020,CC BY 4.0,open_supplementary_layer
GBO_OPEN_KEN_ADM3,90231094B62884064899233,90231094B62884064899233,Murungaru,ADM3,KEN,2020,CC BY 4.0,open_supplementary_layer
GBO_OPEN_KEN_ADM3,90231094B34386946666665,90231094B34386946666665,Naathu,ADM3,KEN,2020,CC BY 4.0,open_supplementary_layer
GBO_OPEN_KEN_ADM3,90231094B56809086232405,90231094B56809086232405,Watamu,ADM3,KEN,2020,CC BY 4.0,open_supplementary_layer
GBO_OPEN_KEN_ADM3,90231094B28978951731458,90231094B28978951731458,Bosoti/Sengera,ADM3,KEN,2020,CC BY 4.0,open_supplementary_layer
GBO_OPEN_KEN_ADM3,90231094B46787707338263,90231094B46787707338263,Mountain View,ADM3,KEN,2020,CC BY 4.0,open_supplementary_layer
GBO_OPEN_KEN_ADM3,90231094B16757821139740,90231094B16757821139740,Mukure,ADM3,KEN,2020,CC BY 4.0,open_supplementary_layer
GBO_OPEN_KEN_ADM3,90231094B28826643367431,90231094B28826643367431,Alango Gof,ADM3,KEN,2020,CC BY 4.0,open_supplementary_layer
GBO_OPEN_KEN_ADM3,90231094B291938258894,90231094B291938258894,Kasigau,ADM3,KEN,2020,CC BY 4.0,open_supplementary_layer
GBO_OPEN_KEN_ADM3,90231094B20938780429001,90231094B20938780429001,Ngoliba,ADM3,KEN,2020,CC BY 4.0,open_supplementary_layer
GBO_OPEN_KEN_ADM3,90231094B85398694315123,90231094B85398694315123,Waldai,ADM3,KEN,2020,CC BY 4.0,open_supplementary_layer
GBO_OPEN_KEN_ADM3,90231094B12669966739035,90231094B12669966739035,Magombo,ADM3,KEN,2020,CC BY 4.0,open_supplementary_layer
GBO_OPEN_KEN_ADM3,90231094B99165985388697,90231094B99165985388697,Nkomo,ADM3,KEN,2020,CC BY 4.0,open_supplementary_layer
GBO_OPEN_KEN_ADM3,90231094B80935705365441,90231094B80935705365441,Central Kamagambo,ADM3,KEN,2020,CC BY 4.0,open_supplementary_layer
GBO_OPEN_KEN_ADM3,90231094B85922199400962,90231094B85922199400962,Muchatha,ADM3,KEN,2020,CC BY 4.0,open_supplementary_layer
GBO_OPEN_KEN_ADM3,90231094B72560895459243,90231094B72560895459243,Khasoko,ADM3,KEN,2020,CC BY 4.0,open_supplementary_layer
GBO_OPEN_KEN_ADM3,90231094B45984410424860,90231094B45984410424860,Ndeiya,ADM3,KEN,2020,CC BY 4.0,open_supplementary_layer
GBO_OPEN_KEN_ADM3,90231094B42931969606771,90231094B42931969606771,Boochi Borabu,ADM3,KEN,2020,CC BY 4.0,open_supplementary_layer
GBO_OPEN_KEN_ADM3,90231094B99939477956959,90231094B99939477956959,Bokimonge,ADM3,KEN,2020,CC BY 4.0,open_supplementary_layer
GBO_OPEN_KEN_ADM3,90231094B50554854614546,90231094B50554854614546,Menengai West,ADM3,KEN,2020,CC BY 4.0,open_supplementary_layer
GBO_OPEN_KEN_ADM3,90231094B27940626940261,90231094B27940626940261,Magarini,ADM3,KEN,2020,CC BY 4.0,open_supplementary_layer
GBO_OPEN_KEN_ADM3,90231094B8133845347730,90231094B8133845347730,Nandi Hills,ADM3,KEN,2020,CC BY 4.0,open_supplementary_layer
GBO_OPEN_KEN_ADM3,90231094B22096946763151,90231094B22096946763151,Syokimau/Mulolongo,ADM3,KEN,2020,CC BY 4.0,open_supplementary_layer
GBO_OPEN_KEN_ADM3,90231094B50485139918364,90231094B50485139918364,Kisa Central,ADM3,KEN,2020,CC BY 4.0,open_supplementary_layer
GBO_OPEN_KEN_ADM3,90231094B2736721731969,90231094B2736721731969,Namwela,ADM3,KEN,2020,CC BY 4.0,open_supplementary_layer
GBO_OPEN_KEN_ADM3,90231094B54851368785067,90231094B54851368785067,Kangai,ADM3,KEN,2020,CC BY 4.0,open_supplementary_layer
GBO_OPEN_KEN_ADM3,90231094B18017407732244,90231094B18017407732244,Central,ADM3,KEN,2020,CC BY 4.0,open_supplementary_layer
GBO_OPEN_KEN_ADM3,90231094B31640810714686,90231094B31640810714686,Kilimani,ADM3,KEN,2020,CC BY 4.0,open_supplementary_layer
GBO_OPEN_KEN_ADM3,90231094B51650165025264,90231094B51650165025264,Karima,ADM3,KEN,2020,CC BY 4.0,open_supplementary_layer
GBO_OPEN_KEN_ADM3,90231094B48019290126568,90231094B48019290126568,Matisi,ADM3,KEN,2020,CC BY 4.0,open_supplementary_layer
GBO_OPEN_KEN_ADM3,90231094B99665112684680,90231094B99665112684680,Uthiru,ADM3,KEN,2020,CC BY 4.0,open_supplementary_layer
GBO_OPEN_KEN_ADM3,90231094B71611317329472,90231094B71611317329472,Nyangati,ADM3,KEN,2020,CC BY 4.0,open_supplementary_layer
GBO_OPEN_KEN_ADM3,90231094B87390957131458,90231094B87390957131458,Kikumbulyu North,ADM3,KEN,2020,CC BY 4.0,open_supplementary_layer
GBO_OPEN_KEN_ADM3,90231094B55889601905665,90231094B55889601905665,Juja,ADM3,KEN,2020,CC BY 4.0,open_supplementary_layer
GBO_OPEN_KEN_ADM3,90231094B60381511247017,90231094B60381511247017,Chania,ADM3,KEN,2020,CC BY 4.0,open_supplementary_layer
GBO_OPEN_KEN_ADM3,90231094B4373576236719,90231094B4373576236719,Sikhendu,ADM3,KEN,2020,CC BY 4.0,open_supplementary_layer
GBO_OPEN_KEN_ADM3,90231094B47151040510089,90231094B47151040510089,Muminji,ADM3,KEN,2020,CC BY 4.0,open_supplementary_layer
GBO_OPEN_KEN_ADM3,90231094B10057588512256,90231094B10057588512256,Ikombe,ADM3,KEN,2020,CC BY 4.0,open_supplementary_layer
GBO_OPEN_KEN_ADM3,90231094B12306534861765,90231094B12306534861765,Bogetenga,ADM3,KEN,2020,CC BY 4.0,open_supplementary_layer
GBO_OPEN_KEN_ADM3,90231094B56895889347103,90231094B56895889347103,Loiyangalani,ADM3,KEN,2020,CC BY 4.0,open_supplementary_layer
GBO_OPEN_KEN_ADM3,90231094B44461214149759,90231094B44461214149759,Gatongora,ADM3,KEN,2020,CC BY 4.0,open_supplementary_layer
GBO_OPEN_KEN_ADM3,90231094B83012382953414,90231094B83012382953414,East Wanga,ADM3,KEN,2020,CC BY 4.0,open_supplementary_layer
GBO_OPEN_KEN_ADM3,90231094B29196519060631,90231094B29196519060631,Lindi,ADM3,KEN,2020,CC BY 4.0,open_supplementary_layer
GBO_OPEN_KEN_ADM3,90231094B21430572138633,90231094B21430572138633,Tagare,ADM3,KEN,2020,CC BY 4.0,open_supplementary_layer
GBO_OPEN_KEN_ADM3,90231094B13986979908158,90231094B13986979908158,Muthwani,ADM3,KEN,2020,CC BY 4.0,open_supplementary_layer
GBO_OPEN_KEN_ADM3,90231094B47029102756400,90231094B47029102756400,Labasigale,ADM3,KEN,2020,CC BY 4.0,open_supplementary_layer
GBO_OPEN_KEN_ADM3,90231094B50136363173850,90231094B50136363173850,Ndithini,ADM3,KEN,2020,CC BY 4.0,open_supplementary_layer
GBO_OPEN_KEN_ADM3,90231094B12010603446686,90231094B12010603446686,Singorwet,ADM3,KEN,2020,CC BY 4.0,open_supplementary_layer
GBO_OPEN_KEN_ADM3,90231094B76932752814792,90231094B76932752814792,Mwanganthia,ADM3,KEN,2020,CC BY 4.0,open_supplementary_layer
GBO_OPEN_KEN_ADM3,90231094B55715853147095,90231094B55715853147095,Ombeyi,ADM3,KEN,2020,CC BY 4.0,open_supplementary_layer
GBO_OPEN_KEN_ADM3,90231094B7082282638371,90231094B7082282638371,Muthetheni,ADM3,KEN,2020,CC BY 4.0,open_supplementary_layer
GBO_OPEN_KEN_ADM3,90231094B30841363515442,90231094B30841363515442,Endebess,ADM3,KEN,2020,CC BY 4.0,open_supplementary_layer
GBO_OPEN_KEN_ADM3,90231094B62238911922055,90231094B62238911922055,Tongaren,ADM3,KEN,2020,CC BY 4.0,open_supplementary_layer
GBO_OPEN_KEN_ADM3,90231094B80669109176285,90231094B80669109176285,Kanyenyaini,ADM3,KEN,2020,CC BY 4.0,open_supplementary_layer
GBO_OPEN_KEN_ADM3,90231094B71586263660558,90231094B71586263660558,Ongata Rongai,ADM3,KEN,2020,CC BY 4.0,open_supplementary_layer
GBO_OPEN_KEN_ADM3,90231094B8548997201133,90231094B8548997201133,Tambua,ADM3,KEN,2020,CC BY 4.0,open_supplementary_layer
GBO_OPEN_KEN_ADM3,90231094B62675493443714,90231094B62675493443714,Kisima,ADM3,KEN,2020,CC BY 4.0,open_supplementary_layer
GBO_OPEN_KEN_ADM3,90231094B13180507266802,90231094B13180507266802,Kabazi,ADM3,KEN,2020,CC BY 4.0,open_supplementary_layer
GBO_OPEN_KEN_ADM3,90231094B56635635789282,90231094B56635635789282,Manga,ADM3,KEN,2020,CC BY 4.0,open_supplementary_layer
GBO_OPEN_KEN_ADM3,90231094B22355672551002,90231094B22355672551002,Marama West,ADM3,KEN,2020,CC BY 4.0,open_supplementary_layer
GBO_OPEN_KEN_ADM3,90231094B84654240225236,90231094B84654240225236,Ekalakala,ADM3,KEN,2020,CC BY 4.0,open_supplementary_layer
GBO_OPEN_KEN_ADM3,90231094B5103671033345,90231094B5103671033345,Siboti,ADM3,KEN,2020,CC BY 4.0,open_supplementary_layer
GBO_OPEN_KEN_ADM3,90231094B8118874998183,90231094B8118874998183,Kinyona,ADM3,KEN,2020,CC BY 4.0,open_supplementary_layer
GBO_OPEN_KEN_ADM3,90231094B87751697077730,90231094B87751697077730,Segero/Barsombe,ADM3,KEN,2020,CC BY 4.0,open_supplementary_layer
GBO_OPEN_KEN_ADM3,90231094B94271340697561,90231094B94271340697561,Katilu,ADM3,KEN,2020,CC BY 4.0,open_supplementary_layer
GBO_OPEN_KEN_ADM3,90231094B75876671355571,90231094B75876671355571,Marachi Central,ADM3,KEN,2020,CC BY 4.0,open_supplementary_layer
GBO_OPEN_KEN_ADM3,90231094B44633094435895,90231094B44633094435895,Kaksingri West,ADM3,KEN,2020,CC BY 4.0,open_supplementary_layer
GBO_OPEN_KEN_ADM3,90231094B72034749891222,90231094B72034749891222,Ruring'U,ADM3,KEN,2020,CC BY 4.0,open_supplementary_layer
GBO_OPEN_KEN_ADM3,90231094B83308461512656,90231094B83308461512656,Kyeni South,ADM3,KEN,2020,CC BY 4.0,open_supplementary_layer
GBO_OPEN_KEN_ADM3,90231094B51453534364685,90231094B51453534364685,Magwagwa,ADM3,KEN,2020,CC BY 4.0,open_supplementary_layer
GBO_OPEN_KEN_ADM3,90231094B58424776405797,90231094B58424776405797,Majengo,ADM3,KEN,2020,CC BY 4.0,open_supplementary_layer
GBO_OPEN_KEN_ADM3,90231094B35210169042305,90231094B35210169042305,Mugunda,ADM3,KEN,2020,CC BY 4.0,open_supplementary_layer
GBO_OPEN_KEN_ADM3,90231094B59035455480604,90231094B59035455480604,Karau,ADM3,KEN,2020,CC BY 4.0,open_supplementary_layer
GBO_OPEN_KEN_ADM3,90231094B69074835924127,90231094B69074835924127,Moi'S Bridge,ADM3,KEN,2020,CC BY 4.0,open_supplementary_layer
GBO_OPEN_KEN_ADM3,90231094B84596265092289,90231094B84596265092289,Ruma Kaksingri East,ADM3,KEN,2020,CC BY 4.0,open_supplementary_layer
GBO_OPEN_KEN_ADM3,90231094B34967749018122,90231094B34967749018122,Chemuche,ADM3,KEN,2020,CC BY 4.0,open_supplementary_layer
GBO_OPEN_KEN_ADM3,90231094B6563419472506,90231094B6563419472506,Kipsonoi,ADM3,KEN,2020,CC BY 4.0,open_supplementary_layer
GBO_OPEN_KEN_ADM3,90231094B4402327932136,90231094B4402327932136,Bukembe East,ADM3,KEN,2020,CC BY 4.0,open_supplementary_layer
GBO_OPEN_KEN_ADM3,90231094B42696853481271,90231094B42696853481271,Mang'U,ADM3,KEN,2020,CC BY 4.0,open_supplementary_layer
GBO_OPEN_KEN_ADM3,90231094B97930292558596,90231094B97930292558596,Nkuene,ADM3,KEN,2020,CC BY 4.0,open_supplementary_layer
GBO_OPEN_KEN_ADM3,90231094B77559005902489,90231094B77559005902489,South Kabras,ADM3,KEN,2020,CC BY 4.0,open_supplementary_layer
GBO_OPEN_KEN_ADM3,90231094B96581043279281,90231094B96581043279281,Dandora Area Ii,ADM3,KEN,2020,CC BY 4.0,open_supplementary_layer
GBO_OPEN_KEN_ADM3,90231094B95661891505277,90231094B95661891505277,Riruta,ADM3,KEN,2020,CC BY 4.0,open_supplementary_layer
GBO_OPEN_KEN_ADM3,90231094B24723683108724,90231094B24723683108724,Magenche,ADM3,KEN,2020,CC BY 4.0,open_supplementary_layer
GBO_OPEN_KEN_ADM3,90231094B49083161355459,90231094B49083161355459,Machewa,ADM3,KEN,2020,CC BY 4.0,open_supplementary_layer
GBO_OPEN_KEN_ADM3,90231094B88947025603921,90231094B88947025603921,Ngando,ADM3,KEN,2020,CC BY 4.0,open_supplementary_layer
GBO_OPEN_KEN_ADM3,90231094B87482830533544,90231094B87482830533544,Melelo,ADM3,KEN,2020,CC BY 4.0,open_supplementary_layer
GBO_OPEN_KEN_ADM3,90231094B98083171057816,90231094B98083171057816,Rusinga Island,ADM3,KEN,2020,CC BY 4.0,open_supplementary_layer
GBO_OPEN_KEN_ADM3,90231094B50819404920819,90231094B50819404920819,Nkareta,ADM3,KEN,2020,CC BY 4.0,open_supplementary_layer
GBO_OPEN_KEN_ADM3,90231094B72434232332203,90231094B72434232332203,Sang'Alo West,ADM3,KEN,2020,CC BY 4.0,open_supplementary_layer
GBO_OPEN_KEN_ADM3,90231094B66521357112802,90231094B66521357112802,Bunyala East,ADM3,KEN,2020,CC BY 4.0,open_supplementary_layer
GBO_OPEN_KEN_ADM3,90231094B59667799264879,90231094B59667799264879,Township,ADM3,KEN,2020,CC BY 4.0,open_supplementary_layer
GBO_OPEN_KEN_ADM3,90231094B74796313551744,90231094B74796313551744,Masimba,ADM3,KEN,2020,CC BY 4.0,open_supplementary_layer
GBO_OPEN_KEN_ADM3,90231094B62009200071448,90231094B62009200071448,Mutha,ADM3,KEN,2020,CC BY 4.0,open_supplementary_layer
GBO_OPEN_KEN_ADM3,90231094B99282266292611,90231094B99282266292611,Mkongani,ADM3,KEN,2020,CC BY 4.0,open_supplementary_layer
GBO_OPEN_KEN_ADM3,90231094B48559866826960,90231094B48559866826960,Kinyoro,ADM3,KEN,2020,CC BY 4.0,open_supplementary_layer
GBO_OPEN_KEN_ADM3,90231094B54641595946559,90231094B54641595946559,Kangundo East,ADM3,KEN,2020,CC BY 4.0,open_supplementary_layer
GBO_OPEN_KEN_ADM3,90231094B23421951453977,90231094B23421951453977,Kabonyo/Kanyagwal,ADM3,KEN,2020,CC BY 4.0,open_supplementary_layer
GBO_OPEN_KEN_ADM3,90231094B41246401576226,90231094B41246401576226,South West Nyakach,ADM3,KEN,2020,CC BY 4.0,open_supplementary_layer
GBO_OPEN_KEN_ADM3,90231094B50291284374523,90231094B50291284374523,Sinyerere,ADM3,KEN,2020,CC BY 4.0,open_supplementary_layer
GBO_OPEN_KEN_ADM3,90231094B948353916985,90231094B948353916985,Marama South,ADM3,KEN,2020,CC BY 4.0,open_supplementary_layer
GBO_OPEN_KEN_ADM3,90231094B1721040607478,90231094B1721040607478,Kamasian,ADM3,KEN,2020,CC BY 4.0,open_supplementary_layer
GBO_OPEN_KEN_ADM3,90231094B24891794914145,90231094B24891794914145,Gathigiriri,ADM3,KEN,2020,CC BY 4.0,open_supplementary_layer
GBO_OPEN_KEN_ADM3,90231094B38403520362122,90231094B38403520362122,East Gem,ADM3,KEN,2020,CC BY 4.0,open_supplementary_layer
GBO_OPEN_KEN_ADM3,90231094B39340527473062,90231094B39340527473062,Kipsomba,ADM3,KEN,2020,CC BY 4.0,open_supplementary_layer
GBO_OPEN_KEN_ADM3,90231094B4062254613747,90231094B4062254613747,Githiga,ADM3,KEN,2020,CC BY 4.0,open_supplementary_layer
GBO_OPEN_KEN_ADM3,90231094B50348797275499,90231094B50348797275499,Molo,ADM3,KEN,2020,CC BY 4.0,open_supplementary_layer
GBO_OPEN_KEN_ADM3,90231094B98597894531828,90231094B98597894531828,Kimulot,ADM3,KEN,2020,CC BY 4.0,open_supplementary_layer
GBO_OPEN_KEN_ADM3,90231094B15149901400697,90231094B15149901400697,Sangalo/Kebulonik,ADM3,KEN,2020,CC BY 4.0,open_supplementary_layer
GBO_OPEN_KEN_ADM3,90231094B57036509437627,90231094B57036509437627,Kaptumo-Kaboi,ADM3,KEN,2020,CC BY 4.0,open_supplementary_layer
GBO_OPEN_KEN_ADM3,90231094B36632307066934,90231094B36632307066934,Lambwe,ADM3,KEN,2020,CC BY 4.0,open_supplementary_layer
GBO_OPEN_KEN_ADM3,90231094B27927693697761,90231094B27927693697761,Rombo,ADM3,KEN,2020,CC BY 4.0,open_supplementary_layer
GBO_OPEN_KEN_ADM3,90231094B24276015994511,90231094B24276015994511,Konyu,ADM3,KEN,2020,CC BY 4.0,open_supplementary_layer
GBO_OPEN_KEN_ADM3,90231094B76794971868133,90231094B76794971868133,Kamburu,ADM3,KEN,2020,CC BY 4.0,open_supplementary_layer
GBO_OPEN_KEN_ADM3,90231094B16773845833928,90231094B16773845833928,North Sakwa,ADM3,KEN,2020,CC BY 4.0,open_supplementary_layer
GBO_OPEN_KEN_ADM3,90231094B24019080167322,90231094B24019080167322,Kajulu,ADM3,KEN,2020,CC BY 4.0,open_supplementary_layer
GBO_OPEN_KEN_ADM3,90231094B31597994805862,90231094B31597994805862,Kakuzi/Mitubiri,ADM3,KEN,2020,CC BY 4.0,open_supplementary_layer
GBO_OPEN_KEN_ADM3,90231094B38868771592111,90231094B38868771592111,Boochi/Tendere,ADM3,KEN,2020,CC BY 4.0,open_supplementary_layer
GBO_OPEN_KEN_ADM3,90231094B96240416366164,90231094B96240416366164,Ndalat,ADM3,KEN,2020,CC BY 4.0,open_supplementary_layer
GBO_OPEN_KEN_ADM3,90231094B23644701725691,90231094B23644701725691,Ruguru/Ngandori,ADM3,KEN,2020,CC BY 4.0,open_supplementary_layer
GBO_OPEN_KEN_ADM3,90231094B70162622390790,90231094B70162622390790,Tendeno/Sorget,ADM3,KEN,2020,CC BY 4.0,open_supplementary_layer
GBO_OPEN_KEN_ADM3,90231094B22619528597437,90231094B22619528597437,Lafey,ADM3,KEN,2020,CC BY 4.0,open_supplementary_layer
GBO_OPEN_KEN_ADM3,90231094B83163008704430,90231094B83163008704430,Ganda,ADM3,KEN,2020,CC BY 4.0,open_supplementary_layer
GBO_OPEN_KEN_ADM3,90231094B54583585549856,90231094B54583585549856,Soysambu/Mitua,ADM3,KEN,2020,CC BY 4.0,open_supplementary_layer
GBO_OPEN_KEN_ADM3,90231094B38383193132319,90231094B38383193132319,Nyatieko,ADM3,KEN,2020,CC BY 4.0,open_supplementary_layer
GBO_OPEN_KEN_ADM3,90231094B23820145570810,90231094B23820145570810,Ndaraweta,ADM3,KEN,2020,CC BY 4.0,open_supplementary_layer
GBO_OPEN_KEN_ADM3,90231094B10693937279852,90231094B10693937279852,West Kamagak,ADM3,KEN,2020,CC BY 4.0,open_supplementary_layer
GBO_OPEN_KEN_ADM3,90231094B22644155028088,90231094B22644155028088,Bobaracho,ADM3,KEN,2020,CC BY 4.0,open_supplementary_layer
GBO_OPEN_KEN_ADM3,90231094B49903115747008,90231094B49903115747008,Abothuguchi Central,ADM3,KEN,2020,CC BY 4.0,open_supplementary_layer
GBO_OPEN_KEN_ADM3,90231094B52165898691380,90231094B52165898691380,West Gem,ADM3,KEN,2020,CC BY 4.0,open_supplementary_layer
GBO_OPEN_KEN_ADM3,90231094B29136219307336,90231094B29136219307336,Kapedo/Napeitom,ADM3,KEN,2020,CC BY 4.0,open_supplementary_layer
GBO_OPEN_KEN_ADM3,90231094B69301953798125,90231094B69301953798125,Makuyu,ADM3,KEN,2020,CC BY 4.0,open_supplementary_layer
GBO_OPEN_KEN_ADM3,90231094B79288183236474,90231094B79288183236474,Nyakoe,ADM3,KEN,2020,CC BY 4.0,open_supplementary_layer
GBO_OPEN_KEN_ADM3,90231094B10820430300668,90231094B10820430300668,Kimana,ADM3,KEN,2020,CC BY 4.0,open_supplementary_layer
GBO_OPEN_KEN_ADM3,90231094B23815617945195,90231094B23815617945195,Wamagana,ADM3,KEN,2020,CC BY 4.0,open_supplementary_layer
GBO_OPEN_KEN_ADM3,90231094B49116887373569,90231094B49116887373569,Bura,ADM3,KEN,2020,CC BY 4.0,open_supplementary_layer
GBO_OPEN_KEN_ADM3,90231094B45486081148249,90231094B45486081148249,Homa Bay East,ADM3,KEN,2020,CC BY 4.0,open_supplementary_layer
GBO_OPEN_KEN_ADM3,90231094B20955790086152,90231094B20955790086152,Endau/Malalani,ADM3,KEN,2020,CC BY 4.0,open_supplementary_layer
GBO_OPEN_KEN_ADM3,90231094B12781987471294,90231094B12781987471294,Kagan,ADM3,KEN,2020,CC BY 4.0,open_supplementary_layer
GBO_OPEN_KEN_ADM3,90231094B95894264869494,90231094B95894264869494,Huruma,ADM3,KEN,2020,CC BY 4.0,open_supplementary_layer
GBO_OPEN_KEN_ADM3,90231094B39324381269998,90231094B39324381269998,Waita,ADM3,KEN,2020,CC BY 4.0,open_supplementary_layer
GBO_OPEN_KEN_ADM3,90231094B5473155906353,90231094B5473155906353,Bwake/Luuya,ADM3,KEN,2020,CC BY 4.0,open_supplementary_layer
GBO_OPEN_KEN_ADM3,90231094B53754339967953,90231094B53754339967953,Wodanga,ADM3,KEN,2020,CC BY 4.0,open_supplementary_layer
GBO_OPEN_KEN_ADM3,90231094B68304782568335,90231094B68304782568335,Ruguru,ADM3,KEN,2020,CC BY 4.0,open_supplementary_layer
GBO_OPEN_KEN_ADM3,90231094B63869299103605,90231094B63869299103605,Gilgil,ADM3,KEN,2020,CC BY 4.0,open_supplementary_layer
GBO_OPEN_KEN_ADM3,90231094B13121866916696,90231094B13121866916696,Wasimbete,ADM3,KEN,2020,CC BY 4.0,open_supplementary_layer
GBO_OPEN_KEN_ADM3,90231094B36778025822964,90231094B36778025822964,West Kabras,ADM3,KEN,2020,CC BY 4.0,open_supplementary_layer
GBO_OPEN_KEN_ADM3,90231094B74697731435219,90231094B74697731435219,Chaik,ADM3,KEN,2020,CC BY 4.0,open_supplementary_layer
GBO_OPEN_KEN_ADM3,90231094B26306820628422,90231094B26306820628422,Central,ADM3,KEN,2020,CC BY 4.0,open_supplementary_layer
GBO_OPEN_KEN_ADM3,90231094B62802783774663,90231094B62802783774663,Thange,ADM3,KEN,2020,CC BY 4.0,open_supplementary_layer
GBO_OPEN_KEN_ADM3,90231094B89106700807255,90231094B89106700807255,Ngeria,ADM3,KEN,2020,CC BY 4.0,open_supplementary_layer
GBO_OPEN_KEN_ADM3,90231094B35589794814252,90231094B35589794814252,Kipevu,ADM3,KEN,2020,CC BY 4.0,open_supplementary_layer
GBO_OPEN_KEN_ADM3,90231094B26506738422176,90231094B26506738422176,Matapato South,ADM3,KEN,2020,CC BY 4.0,open_supplementary_layer
GBO_OPEN_KEN_ADM3,90231094B45753729121883,90231094B45753729121883,Dandora Area I,ADM3,KEN,2020,CC BY 4.0,open_supplementary_layer
GBO_OPEN_KEN_ADM3,90231094B6615640344476,90231094B6615640344476,Nanyuki,ADM3,KEN,2020,CC BY 4.0,open_supplementary_layer
GBO_OPEN_KEN_ADM3,90231094B40856396075474,90231094B40856396075474,Junju,ADM3,KEN,2020,CC BY 4.0,open_supplementary_layer
GBO_OPEN_KEN_ADM3,90231094B51827720519130,90231094B51827720519130,Mbiri,ADM3,KEN,2020,CC BY 4.0,open_supplementary_layer
GBO_OPEN_KEN_ADM3,90231094B43378881775130,90231094B43378881775130,Laini Saba,ADM3,KEN,2020,CC BY 4.0,open_supplementary_layer
GBO_OPEN_KEN_ADM3,90231094B62277589755741,90231094B62277589755741,North West Kisumu,ADM3,KEN,2020,CC BY 4.0,open_supplementary_layer
GBO_OPEN_KEN_ADM3,90231094B9975186557388,90231094B9975186557388,Gakawa,ADM3,KEN,2020,CC BY 4.0,open_supplementary_layer
GBO_OPEN_KEN_ADM3,90231094B6703263950221,90231094B6703263950221,Central Alego,ADM3,KEN,2020,CC BY 4.0,open_supplementary_layer
GBO_OPEN_KEN_ADM3,90231094B97142374471972,90231094B97142374471972,Muvau/Kikuumini,ADM3,KEN,2020,CC BY 4.0,open_supplementary_layer
GBO_OPEN_KEN_ADM3,90231094B98078333795168,90231094B98078333795168,Kaptama,ADM3,KEN,2020,CC BY 4.0,open_supplementary_layer
GBO_OPEN_KEN_ADM3,90231094B32217720257565,90231094B32217720257565,Murindati,ADM3,KEN,2020,CC BY 4.0,open_supplementary_layer
GBO_OPEN_KEN_ADM3,90231094B26788057345847,90231094B26788057345847,Kiganjo/Mathari,ADM3,KEN,2020,CC BY 4.0,open_supplementary_layer
GBO_OPEN_KEN_ADM3,90231094B55084484912180,90231094B55084484912180,Sitatunga,ADM3,KEN,2020,CC BY 4.0,open_supplementary_layer
GBO_OPEN_KEN_ADM3,90231094B9888040529958,90231094B9888040529958,Londiani,ADM3,KEN,2020,CC BY 4.0,open_supplementary_layer
GBO_OPEN_KEN_ADM3,90231094B88383332336478,90231094B88383332336478,Kamacharia,ADM3,KEN,2020,CC BY 4.0,open_supplementary_layer
GBO_OPEN_KEN_ADM3,90231094B95158778431935,90231094B95158778431935,Gatarakwa,ADM3,KEN,2020,CC BY 4.0,open_supplementary_layer
GBO_OPEN_KEN_ADM3,90231094B99237397690198,90231094B99237397690198,Ikanga/Kyatune,ADM3,KEN,2020,CC BY 4.0,open_supplementary_layer
GBO_OPEN_KEN_ADM3,90231094B20745239600786,90231094B20745239600786,Nyansiongo,ADM3,KEN,2020,CC BY 4.0,open_supplementary_layer
GBO_OPEN_KEN_ADM3,90231094B42220938679430,90231094B42220938679430,West Nalondo,ADM3,KEN,2020,CC BY 4.0,open_supplementary_layer
GBO_OPEN_KEN_ADM3,90231094B60560431782290,90231094B60560431782290,Naromoru Kiamathaga,ADM3,KEN,2020,CC BY 4.0,open_supplementary_layer
GBO_OPEN_KEN_ADM3,90231094B35631579756975,90231094B35631579756975,Ugunja,ADM3,KEN,2020,CC BY 4.0,open_supplementary_layer
GBO_OPEN_KEN_ADM3,90231094B352898116632,90231094B352898116632,Misikhu,ADM3,KEN,2020,CC BY 4.0,open_supplementary_layer
GBO_OPEN_KEN_ADM3,90231094B93732492007349,90231094B93732492007349,Maraka,ADM3,KEN,2020,CC BY 4.0,open_supplementary_layer
GBO_OPEN_KEN_ADM3,90231094B53858938679529,90231094B53858938679529,Nyanduma,ADM3,KEN,2020,CC BY 4.0,open_supplementary_layer
GBO_OPEN_KEN_ADM3,90231094B43434852958943,90231094B43434852958943,Kithimani,ADM3,KEN,2020,CC BY 4.0,open_supplementary_layer
GBO_OPEN_KEN_ADM3,90231094B83691112996620,90231094B83691112996620,Isukha Central,ADM3,KEN,2020,CC BY 4.0,open_supplementary_layer
GBO_OPEN_KEN_ADM3,90231094B75691191709627,90231094B75691191709627,Tharaka,ADM3,KEN,2020,CC BY 4.0,open_supplementary_layer
GBO_OPEN_KEN_ADM3,90231094B86501515501380,90231094B86501515501380,Gaichanjiru,ADM3,KEN,2020,CC BY 4.0,open_supplementary_layer
GBO_OPEN_KEN_ADM3,90231094B52373395012805,90231094B52373395012805,Kinango,ADM3,KEN,2020,CC BY 4.0,open_supplementary_layer
GBO_OPEN_KEN_ADM3,90231094B45408460065657,90231094B45408460065657,Gatunga,ADM3,KEN,2020,CC BY 4.0,open_supplementary_layer
GBO_OPEN_KEN_ADM3,90231094B23996855604028,90231094B23996855604028,Angata Barikoi,ADM3,KEN,2020,CC BY 4.0,open_supplementary_layer
GBO_OPEN_KEN_ADM3,90231094B55277982517786,90231094B55277982517786,Sango,ADM3,KEN,2020,CC BY 4.0,open_supplementary_layer
GBO_OPEN_KEN_ADM3,90231094B44539753845256,90231094B44539753845256,Matungulu East,ADM3,KEN,2020,CC BY 4.0,open_supplementary_layer
GBO_OPEN_KEN_ADM3,90231094B59917074875848,90231094B59917074875848,Ruai,ADM3,KEN,2020,CC BY 4.0,open_supplementary_layer
GBO_OPEN_KEN_ADM3,90231094B70338735331472,90231094B70338735331472,Mutithi,ADM3,KEN,2020,CC BY 4.0,open_supplementary_layer
GBO_OPEN_KEN_ADM3,90231094B26355929878171,90231094B26355929878171,Ramisi,ADM3,KEN,2020,CC BY 4.0,open_supplementary_layer
GBO_OPEN_KEN_ADM3,90231094B70375869981953,90231094B70375869981953,Rigoma,ADM3,KEN,2020,CC BY 4.0,open_supplementary_layer
GBO_OPEN_KEN_ADM3,90231094B92313959008578,90231094B92313959008578,Kakuma,ADM3,KEN,2020,CC BY 4.0,open_supplementary_layer
GBO_OPEN_KEN_ADM3,90231094B4086357969558,90231094B4086357969558,Mbakalo,ADM3,KEN,2020,CC BY 4.0,open_supplementary_layer
GBO_OPEN_KEN_ADM3,90231094B88607277969479,90231094B88607277969479,Bunyala North,ADM3,KEN,2020,CC BY 4.0,open_supplementary_layer
GBO_OPEN_KEN_ADM3,90231094B98581045282881,90231094B98581045282881,Kondele,ADM3,KEN,2020,CC BY 4.0,open_supplementary_layer
GBO_OPEN_KEN_ADM3,90231094B95219554572711,90231094B95219554572711,Gaturi North,ADM3,KEN,2020,CC BY 4.0,open_supplementary_layer
GBO_OPEN_KEN_ADM3,90231094B44178888330328,90231094B44178888330328,Ntimaru East,ADM3,KEN,2020,CC BY 4.0,open_supplementary_layer
GBO_OPEN_KEN_ADM3,90231094B77711550859963,90231094B77711550859963,Rurii,ADM3,KEN,2020,CC BY 4.0,open_supplementary_layer
GBO_OPEN_KEN_ADM3,90231094B74168005647860,90231094B74168005647860,Nangina,ADM3,KEN,2020,CC BY 4.0,open_supplementary_layer
GBO_OPEN_KEN_ADM3,90231094B19666897896650,90231094B19666897896650,Lari/Kirenga,ADM3,KEN,2020,CC BY 4.0,open_supplementary_layer
GBO_OPEN_KEN_ADM3,90231094B78965464390416,90231094B78965464390416,Riabai,ADM3,KEN,2020,CC BY 4.0,open_supplementary_layer
GBO_OPEN_KEN_ADM3,90231094B68719366888475,90231094B68719366888475,Kabwareng,ADM3,KEN,2020,CC BY 4.0,open_supplementary_layer
GBO_OPEN_KEN_ADM3,90231094B62067660635130,90231094B62067660635130,Fino,ADM3,KEN,2020,CC BY 4.0,open_supplementary_layer
GBO_OPEN_KEN_ADM3,90231094B1203852558582,90231094B1203852558582,Kitise/Kithuki,ADM3,KEN,2020,CC BY 4.0,open_supplementary_layer
GBO_OPEN_KEN_ADM3,90231094B91781249656830,90231094B91781249656830,Ndalani,ADM3,KEN,2020,CC BY 4.0,open_supplementary_layer
GBO_OPEN_KEN_ADM3,90231094B84685245141688,90231094B84685245141688,Malewa West,ADM3,KEN,2020,CC BY 4.0,open_supplementary_layer
GBO_OPEN_KEN_ADM3,90231094B56931739419835,90231094B56931739419835,Soin,ADM3,KEN,2020,CC BY 4.0,open_supplementary_layer
GBO_OPEN_KEN_ADM3,90231094B37609436915765,90231094B37609436915765,Kamara,ADM3,KEN,2020,CC BY 4.0,open_supplementary_layer
GBO_OPEN_KEN_ADM3,90231094B315826618826,90231094B315826618826,Kiine,ADM3,KEN,2020,CC BY 4.0,open_supplementary_layer
GBO_OPEN_KEN_ADM3,90231094B51000848021851,90231094B51000848021851,Kiptagich,ADM3,KEN,2020,CC BY 4.0,open_supplementary_layer
GBO_OPEN_KEN_ADM3,90231094B78442438066488,90231094B78442438066488,Monyerero,ADM3,KEN,2020,CC BY 4.0,open_supplementary_layer
GBO_OPEN_KEN_ADM3,90231094B77335206603137,90231094B77335206603137,Rware,ADM3,KEN,2020,CC BY 4.0,open_supplementary_layer
GBO_OPEN_KEN_ADM3,90231094B54914210709976,90231094B54914210709976,Kabondo East,ADM3,KEN,2020,CC BY 4.0,open_supplementary_layer
GBO_OPEN_KEN_ADM3,90231094B38466070910948,90231094B38466070910948,North Alego,ADM3,KEN,2020,CC BY 4.0,open_supplementary_layer
GBO_OPEN_KEN_ADM3,90231094B88380637331631,90231094B88380637331631,North Nyakach,ADM3,KEN,2020,CC BY 4.0,open_supplementary_layer
GBO_OPEN_KEN_ADM3,90231094B91706182847035,90231094B91706182847035,Woodley/Kenyatta Golf,ADM3,KEN,2020,CC BY 4.0,open_supplementary_layer
GBO_OPEN_KEN_ADM3,90231094B87000863240323,90231094B87000863240323,Igoji East,ADM3,KEN,2020,CC BY 4.0,open_supplementary_layer
GBO_OPEN_KEN_ADM3,90231094B34743993416269,90231094B34743993416269,South Sakwa,ADM3,KEN,2020,CC BY 4.0,open_supplementary_layer
GBO_OPEN_KEN_ADM3,90231094B85467668846575,90231094B85467668846575,Muhoroni/Koru,ADM3,KEN,2020,CC BY 4.0,open_supplementary_layer
GBO_OPEN_KEN_ADM3,90231094B88582582418647,90231094B88582582418647,Mukurwe-Ini Central,ADM3,KEN,2020,CC BY 4.0,open_supplementary_layer
GBO_OPEN_KEN_ADM3,90231094B16107707682693,90231094B16107707682693,Kapletundo,ADM3,KEN,2020,CC BY 4.0,open_supplementary_layer
GBO_OPEN_KEN_ADM3,90231094B63408663140428,90231094B63408663140428,Gembe,ADM3,KEN,2020,CC BY 4.0,open_supplementary_layer
GBO_OPEN_KEN_ADM3,90231094B24878914350078,90231094B24878914350078,Wote,ADM3,KEN,2020,CC BY 4.0,open_supplementary_layer
GBO_OPEN_KEN_ADM3,90231094B14010306798632,90231094B14010306798632,Karingani,ADM3,KEN,2020,CC BY 4.0,open_supplementary_layer
GBO_OPEN_KEN_ADM3,90231094B28654182733058,90231094B28654182733058,Dandora Area Iv,ADM3,KEN,2020,CC BY 4.0,open_supplementary_layer
GBO_OPEN_KEN_ADM3,90231094B78993356512478,90231094B78993356512478,Hospital,ADM3,KEN,2020,CC BY 4.0,open_supplementary_layer
GBO_OPEN_KEN_ADM3,90231094B20168785228408,90231094B20168785228408,Sitikho,ADM3,KEN,2020,CC BY 4.0,open_supplementary_layer
GBO_OPEN_KEN_ADM3,90231094B88103833464891,90231094B88103833464891,Ivingoni/Nzambani,ADM3,KEN,2020,CC BY 4.0,open_supplementary_layer
GBO_OPEN_KEN_ADM3,90231094B59781487716142,90231094B59781487716142,Bangale,ADM3,KEN,2020,CC BY 4.0,open_supplementary_layer
GBO_OPEN_KEN_ADM3,90231094B26989954201049,90231094B26989954201049,Kemera,ADM3,KEN,2020,CC BY 4.0,open_supplementary_layer
GBO_OPEN_KEN_ADM3,90231094B12248829067065,90231094B12248829067065,Sameta/Mokwerero,ADM3,KEN,2020,CC BY 4.0,open_supplementary_layer
GBO_OPEN_KEN_ADM3,90231094B96539258330853,90231094B96539258330853,Ahero,ADM3,KEN,2020,CC BY 4.0,open_supplementary_layer
GBO_OPEN_KEN_ADM3,90231094B88483054828673,90231094B88483054828673,Zombe/Mwitika,ADM3,KEN,2020,CC BY 4.0,open_supplementary_layer
GBO_OPEN_KEN_ADM3,90231094B88717426014719,90231094B88717426014719,Kanyadoto,ADM3,KEN,2020,CC BY 4.0,open_supplementary_layer
GBO_OPEN_KEN_ADM3,90231094B64395886285903,90231094B64395886285903,Dadaja Bulla,ADM3,KEN,2020,CC BY 4.0,open_supplementary_layer
GBO_OPEN_KEN_ADM3,90231094B17847346860304,90231094B17847346860304,Migosi,ADM3,KEN,2020,CC BY 4.0,open_supplementary_layer
GBO_OPEN_KEN_ADM3,90231094B5445540722482,90231094B5445540722482,Masinga Central,ADM3,KEN,2020,CC BY 4.0,open_supplementary_layer
GBO_OPEN_KEN_ADM3,90231094B76709058630260,90231094B76709058630260,Butsotso Central,ADM3,KEN,2020,CC BY 4.0,open_supplementary_layer
GBO_OPEN_KEN_ADM3,90231094B16763855984161,90231094B16763855984161,Shirugu-Mugai,ADM3,KEN,2020,CC BY 4.0,open_supplementary_layer
GBO_OPEN_KEN_ADM3,90231094B4488364864692,90231094B4488364864692,Kuku,ADM3,KEN,2020,CC BY 4.0,open_supplementary_layer
GBO_OPEN_KEN_ADM3,90231094B73175180555632,90231094B73175180555632,Kasemeni,ADM3,KEN,2020,CC BY 4.0,open_supplementary_layer
GBO_OPEN_KEN_ADM3,90231094B41177620800023,90231094B41177620800023,East Asembo,ADM3,KEN,2020,CC BY 4.0,open_supplementary_layer
GBO_OPEN_KEN_ADM3,90231094B27751745997118,90231094B27751745997118,Mwihoko,ADM3,KEN,2020,CC BY 4.0,open_supplementary_layer
GBO_OPEN_KEN_ADM3,90231094B25365237720583,90231094B25365237720583,Githunguri,ADM3,KEN,2020,CC BY 4.0,open_supplementary_layer
GBO_OPEN_KEN_ADM3,90231094B10473637006357,90231094B10473637006357,Bogichora,ADM3,KEN,2020,CC BY 4.0,open_supplementary_layer
GBO_OPEN_KEN_ADM3,90231094B23519407022197,90231094B23519407022197,Entonet/Lenkisim,ADM3,KEN,2020,CC BY 4.0,open_supplementary_layer
GBO_OPEN_KEN_ADM3,90231094B85878640319200,90231094B85878640319200,Kivou,ADM3,KEN,2020,CC BY 4.0,open_supplementary_layer
GBO_OPEN_KEN_ADM3,90231094B34145794927097,90231094B34145794927097,North Kabuoch,ADM3,KEN,2020,CC BY 4.0,open_supplementary_layer
GBO_OPEN_KEN_ADM3,90231094B91216204783290,90231094B91216204783290,Muhudu,ADM3,KEN,2020,CC BY 4.0,open_supplementary_layer
GBO_OPEN_KEN_ADM3,90231094B63550878872790,90231094B63550878872790,Kiamwangi,ADM3,KEN,2020,CC BY 4.0,open_supplementary_layer
GBO_OPEN_KEN_ADM3,90231094B12668315838213,90231094B12668315838213,Mtito Andei,ADM3,KEN,2020,CC BY 4.0,open_supplementary_layer
GBO_OPEN_KEN_ADM3,90231094B49771781172281,90231094B49771781172281,Ang'Urai North,ADM3,KEN,2020,CC BY 4.0,open_supplementary_layer
GBO_OPEN_KEN_ADM3,90231094B43663776603278,90231094B43663776603278,Kagundu-Ini,ADM3,KEN,2020,CC BY 4.0,open_supplementary_layer
GBO_OPEN_KEN_ADM3,90231094B8021305065545,90231094B8021305065545,Kikuyu,ADM3,KEN,2020,CC BY 4.0,open_supplementary_layer
GBO_OPEN_KEN_ADM3,90231094B93457517658000,90231094B93457517658000,Etenje,ADM3,KEN,2020,CC BY 4.0,open_supplementary_layer
GBO_OPEN_KEN_ADM3,90231094B61525588316655,90231094B61525588316655,Bunyala West,ADM3,KEN,2020,CC BY 4.0,open_supplementary_layer
GBO_OPEN_KEN_ADM3,90231094B66679865592824,90231094B66679865592824,Kongoni,ADM3,KEN,2020,CC BY 4.0,open_supplementary_layer
GBO_OPEN_KEN_ADM3,90231094B34537493276595,90231094B34537493276595,Amukura East,ADM3,KEN,2020,CC BY 4.0,open_supplementary_layer
GBO_OPEN_KEN_ADM3,90231094B19633073484452,90231094B19633073484452,Central,ADM3,KEN,2020,CC BY 4.0,open_supplementary_layer
GBO_OPEN_KEN_ADM3,90231094B55147705999440,90231094B55147705999440,Kariara,ADM3,KEN,2020,CC BY 4.0,open_supplementary_layer
GBO_OPEN_KEN_ADM3,90231094B79330944267482,90231094B79330944267482,Kasarani,ADM3,KEN,2020,CC BY 4.0,open_supplementary_layer
GBO_OPEN_KEN_ADM3,90231094B85318602498446,90231094B85318602498446,East Ugenya,ADM3,KEN,2020,CC BY 4.0,open_supplementary_layer
GBO_OPEN_KEN_ADM3,90231094B48500474189158,90231094B48500474189158,Kabondo West,ADM3,KEN,2020,CC BY 4.0,open_supplementary_layer
GBO_OPEN_KEN_ADM3,90231094B72850833624091,90231094B72850833624091,Olmoran,ADM3,KEN,2020,CC BY 4.0,open_supplementary_layer
GBO_OPEN_KEN_ADM3,90231094B42416663880664,90231094B42416663880664,Masongaleni,ADM3,KEN,2020,CC BY 4.0,open_supplementary_layer
GBO_OPEN_KEN_ADM3,90231094B75910357275404,90231094B75910357275404,Cheboin,ADM3,KEN,2020,CC BY 4.0,open_supplementary_layer
GBO_OPEN_KEN_ADM3,90231094B76355206609302,90231094B76355206609302,Ruruma,ADM3,KEN,2020,CC BY 4.0,open_supplementary_layer
GBO_OPEN_KEN_ADM3,90231094B5413954047936,90231094B5413954047936,Idakho Central,ADM3,KEN,2020,CC BY 4.0,open_supplementary_layer
GBO_OPEN_KEN_ADM3,90231094B99118761538770,90231094B99118761538770,Chevaywa,ADM3,KEN,2020,CC BY 4.0,open_supplementary_layer
GBO_OPEN_KEN_ADM3,90231094B37422741482783,90231094B37422741482783,Central Kasipul,ADM3,KEN,2020,CC BY 4.0,open_supplementary_layer
GBO_OPEN_KEN_ADM3,90231094B80537369272996,90231094B80537369272996,Kanyikela,ADM3,KEN,2020,CC BY 4.0,open_supplementary_layer
GBO_OPEN_KEN_ADM3,90231094B9765533267131,90231094B9765533267131,Central Nyakach,ADM3,KEN,2020,CC BY 4.0,open_supplementary_layer
GBO_OPEN_KEN_ADM3,90231094B49930712683702,90231094B49930712683702,Dundori,ADM3,KEN,2020,CC BY 4.0,open_supplementary_layer
GBO_OPEN_KEN_ADM3,90231094B83669933008678,90231094B83669933008678,Wamumu,ADM3,KEN,2020,CC BY 4.0,open_supplementary_layer
GBO_OPEN_KEN_ADM3,90231094B92006473277106,90231094B92006473277106,Ziwa,ADM3,KEN,2020,CC BY 4.0,open_supplementary_layer
GBO_OPEN_KEN_ADM3,90231094B45023201414950,90231094B45023201414950,Bibirioni,ADM3,KEN,2020,CC BY 4.0,open_supplementary_layer
GBO_OPEN_KEN_ADM3,90231094B97452429976363,90231094B97452429976363,Township (Thika),ADM3,KEN,2020,CC BY 4.0,open_supplementary_layer
GBO_OPEN_KEN_ADM3,90231094B67465358575061,90231094B67465358575061,Isukha East,ADM3,KEN,2020,CC BY 4.0,open_supplementary_layer
GBO_OPEN_KEN_ADM3,90231094B54357797710283,90231094B54357797710283,Kapsaos,ADM3,KEN,2020,CC BY 4.0,open_supplementary_layer
GBO_OPEN_KEN_ADM3,90231094B71896085388758,90231094B71896085388758,Chemosot,ADM3,KEN,2020,CC BY 4.0,open_supplementary_layer
GBO_OPEN_KEN_ADM3,90231094B31308471996374,90231094B31308471996374,Lanet/Umoja,ADM3,KEN,2020,CC BY 4.0,open_supplementary_layer
GBO_OPEN_KEN_ADM3,90231094B84526189874510,90231094B84526189874510,Vanga,ADM3,KEN,2020,CC BY 4.0,open_supplementary_layer
GBO_OPEN_KEN_ADM3,90231094B61240438347641,90231094B61240438347641,Kabisaga,ADM3,KEN,2020,CC BY 4.0,open_supplementary_layer
GBO_OPEN_KEN_ADM3,90231094B830970269406,90231094B830970269406,Iriaini,ADM3,KEN,2020,CC BY 4.0,open_supplementary_layer
GBO_OPEN_KEN_ADM3,90231094B66434312317144,90231094B66434312317144,Borabu/Chitago,ADM3,KEN,2020,CC BY 4.0,open_supplementary_layer
GBO_OPEN_KEN_ADM3,90231094B72537797315197,90231094B72537797315197,Githioro,ADM3,KEN,2020,CC BY 4.0,open_supplementary_layer
GBO_OPEN_KEN_ADM3,90231094B57443057370444,90231094B57443057370444,Mbeti North,ADM3,KEN,2020,CC BY 4.0,open_supplementary_layer
GBO_OPEN_KEN_ADM3,90231094B98778556900841,90231094B98778556900841,Katangi,ADM3,KEN,2020,CC BY 4.0,open_supplementary_layer
GBO_OPEN_KEN_ADM3,90231094B40490437363670,90231094B40490437363670,Chemundu/Kapng'Etuny,ADM3,KEN,2020,CC BY 4.0,open_supplementary_layer
GBO_OPEN_KEN_ADM3,90231094B42446787675077,90231094B42446787675077,Murhanda,ADM3,KEN,2020,CC BY 4.0,open_supplementary_layer
GBO_OPEN_KEN_ADM3,90231094B2632117083088,90231094B2632117083088,Nyabasi West,ADM3,KEN,2020,CC BY 4.0,open_supplementary_layer
GBO_OPEN_KEN_ADM3,90231094B36859639581162,90231094B36859639581162,Kibingei,ADM3,KEN,2020,CC BY 4.0,open_supplementary_layer
GBO_OPEN_KEN_ADM3,90231094B30404779964521,90231094B30404779964521,Kanyangi,ADM3,KEN,2020,CC BY 4.0,open_supplementary_layer
GBO_OPEN_KEN_ADM3,90231094B6791749012307,90231094B6791749012307,Rumuruti Township,ADM3,KEN,2020,CC BY 4.0,open_supplementary_layer
GBO_OPEN_KEN_ADM3,90231094B96209029609339,90231094B96209029609339,Chogoria,ADM3,KEN,2020,CC BY 4.0,open_supplementary_layer
GBO_OPEN_KEN_ADM3,90231094B90808161232659,90231094B90808161232659,Musanda,ADM3,KEN,2020,CC BY 4.0,open_supplementary_layer
GBO_OPEN_KEN_ADM3,90231094B39686367252898,90231094B39686367252898,Karura,ADM3,KEN,2020,CC BY 4.0,open_supplementary_layer
GBO_OPEN_KEN_ADM3,90231094B64334637291743,90231094B64334637291743,Kagaari South,ADM3,KEN,2020,CC BY 4.0,open_supplementary_layer
GBO_OPEN_KEN_ADM3,90231094B99398272194566,90231094B99398272194566,North Sakwa,ADM3,KEN,2020,CC BY 4.0,open_supplementary_layer
GBO_OPEN_KEN_ADM3,90231094B71979796642906,90231094B71979796642906,Idakho North,ADM3,KEN,2020,CC BY 4.0,open_supplementary_layer
GBO_OPEN_KEN_ADM3,90231094B51038239974875,90231094B51038239974875,Chilchila,ADM3,KEN,2020,CC BY 4.0,open_supplementary_layer
GBO_OPEN_KEN_ADM3,90231094B99836174512066,90231094B99836174512066,Central Kanyamkago,ADM3,KEN,2020,CC BY 4.0,open_supplementary_layer
GBO_OPEN_KEN_ADM3,90231094B9858918768548,90231094B9858918768548,Yala Township,ADM3,KEN,2020,CC BY 4.0,open_supplementary_layer
GBO_OPEN_KEN_ADM3,90231094B79737472738445,90231094B79737472738445,Ngecha Tigoni,ADM3,KEN,2020,CC BY 4.0,open_supplementary_layer
GBO_OPEN_KEN_ADM3,90231094B45526935553343,90231094B45526935553343,Sigowet,ADM3,KEN,2020,CC BY 4.0,open_supplementary_layer
GBO_OPEN_KEN_ADM3,90231094B88434058574049,90231094B88434058574049,Kabianga,ADM3,KEN,2020,CC BY 4.0,open_supplementary_layer
GBO_OPEN_KEN_ADM3,90231094B81024965588225,90231094B81024965588225,Garashi,ADM3,KEN,2020,CC BY 4.0,open_supplementary_layer
GBO_OPEN_KEN_ADM3,90231094B57057703965609,90231094B57057703965609,Mavindini,ADM3,KEN,2020,CC BY 4.0,open_supplementary_layer
GBO_OPEN_KEN_ADM3,90231094B8562341281417,90231094B8562341281417,Mackinnon-Road,ADM3,KEN,2020,CC BY 4.0,open_supplementary_layer
GBO_OPEN_KEN_ADM3,90231094B53459533338843,90231094B53459533338843,Ainamoi,ADM3,KEN,2020,CC BY 4.0,open_supplementary_layer
GBO_OPEN_KEN_ADM3,90231094B56465591264730,90231094B56465591264730,Wasweta Ii,ADM3,KEN,2020,CC BY 4.0,open_supplementary_layer
GBO_OPEN_KEN_ADM3,90231094B77142040026403,90231094B77142040026403,Werugha,ADM3,KEN,2020,CC BY 4.0,open_supplementary_layer
GBO_OPEN_KEN_ADM3,90231094B199560277920,90231094B199560277920,Umande,ADM3,KEN,2020,CC BY 4.0,open_supplementary_layer
GBO_OPEN_KEN_ADM3,90231094B14089647915504,90231094B14089647915504,Mavuria,ADM3,KEN,2020,CC BY 4.0,open_supplementary_layer
GBO_OPEN_KEN_ADM3,90231094B77285737329816,90231094B77285737329816,Elgon,ADM3,KEN,2020,CC BY 4.0,open_supplementary_layer
GBO_OPEN_KEN_ADM3,90231094B95546738829752,90231094B95546738829752,Cianda,ADM3,KEN,2020,CC BY 4.0,open_supplementary_layer
GBO_OPEN_KEN_ADM3,90231094B6928464622182,90231094B6928464622182,Nyalenda B,ADM3,KEN,2020,CC BY 4.0,open_supplementary_layer
GBO_OPEN_KEN_ADM3,90231094B85379435891575,90231094B85379435891575,Athwana,ADM3,KEN,2020,CC BY 4.0,open_supplementary_layer
GBO_OPEN_KEN_ADM3,90231094B91519041298521,90231094B91519041298521,Kambe/Ribe,ADM3,KEN,2020,CC BY 4.0,open_supplementary_layer
GBO_OPEN_KEN_ADM3,90231094B33276422373613,90231094B33276422373613,Kapsabet,ADM3,KEN,2020,CC BY 4.0,open_supplementary_layer
GBO_OPEN_KEN_ADM3,90231094B93816198604746,90231094B93816198604746,Aguthi-Gaaki,ADM3,KEN,2020,CC BY 4.0,open_supplementary_layer
GBO_OPEN_KEN_ADM3,90231094B97942609322121,90231094B97942609322121,Thiba,ADM3,KEN,2020,CC BY 4.0,open_supplementary_layer
GBO_OPEN_KEN_ADM3,90231094B9552024093252,90231094B9552024093252,Garsen North,ADM3,KEN,2020,CC BY 4.0,open_supplementary_layer
GBO_OPEN_KEN_ADM3,90231094B27824910272552,90231094B27824910272552,Kiirua/Naari,ADM3,KEN,2020,CC BY 4.0,open_supplementary_layer
GBO_OPEN_KEN_ADM3,90231094B43192057277099,90231094B43192057277099,Kabaru,ADM3,KEN,2020,CC BY 4.0,open_supplementary_layer
GBO_OPEN_KEN_ADM3,90231094B36484956964999,90231094B36484956964999,Kemeloi-Maraba,ADM3,KEN,2020,CC BY 4.0,open_supplementary_layer
GBO_OPEN_KEN_ADM3,90231094B44176599841101,90231094B44176599841101,Kiamokama,ADM3,KEN,2020,CC BY 4.0,open_supplementary_layer
GBO_OPEN_KEN_ADM3,90231094B76245390051388,90231094B76245390051388,Kalapata,ADM3,KEN,2020,CC BY 4.0,open_supplementary_layer
GBO_OPEN_KEN_ADM3,90231094B73124934503040,90231094B73124934503040,Masige East,ADM3,KEN,2020,CC BY 4.0,open_supplementary_layer
GBO_OPEN_KEN_ADM3,90231094B4354610501012,90231094B4354610501012,Chavakali,ADM3,KEN,2020,CC BY 4.0,open_supplementary_layer
GBO_OPEN_KEN_ADM3,90231094B65153740431310,90231094B65153740431310,Ndalu/Tabani,ADM3,KEN,2020,CC BY 4.0,open_supplementary_layer
GBO_OPEN_KEN_ADM3,90231094B28691322468697,90231094B28691322468697,Olorropil,ADM3,KEN,2020,CC BY 4.0,open_supplementary_layer
GBO_OPEN_KEN_ADM3,90231094B45804379760232,90231094B45804379760232,Kee,ADM3,KEN,2020,CC BY 4.0,open_supplementary_layer
GBO_OPEN_KEN_ADM3,90231094B48915655224992,90231094B48915655224992,Market Milimani,ADM3,KEN,2020,CC BY 4.0,open_supplementary_layer
GBO_OPEN_KEN_ADM3,90231094B60042407948416,90231094B60042407948416,Ekerenyo,ADM3,KEN,2020,CC BY 4.0,open_supplementary_layer
GBO_OPEN_KEN_ADM3,90231094B11936049981684,90231094B11936049981684,Mitheru,ADM3,KEN,2020,CC BY 4.0,open_supplementary_layer
GBO_OPEN_KEN_ADM3,90231094B89217387204150,90231094B89217387204150,Kolwa East,ADM3,KEN,2020,CC BY 4.0,open_supplementary_layer
GBO_OPEN_KEN_ADM3,90231094B65287310476809,90231094B65287310476809,Kapsoit,ADM3,KEN,2020,CC BY 4.0,open_supplementary_layer
GBO_OPEN_KEN_ADM3,90231094B70218890453564,90231094B70218890453564,Bukira Centrl/Ikerege,ADM3,KEN,2020,CC BY 4.0,open_supplementary_layer
GBO_OPEN_KEN_ADM3,90231094B7752450548954,90231094B7752450548954,Riana,ADM3,KEN,2020,CC BY 4.0,open_supplementary_layer
GBO_OPEN_KEN_ADM3,90231094B30418704879558,90231094B30418704879558,Kitutu Central,ADM3,KEN,2020,CC BY 4.0,open_supplementary_layer
GBO_OPEN_KEN_ADM3,90231094B708842093149,90231094B708842093149,Kimaeti,ADM3,KEN,2020,CC BY 4.0,open_supplementary_layer
GBO_OPEN_KEN_ADM3,90231094B88219429504172,90231094B88219429504172,Kapsimotwo,ADM3,KEN,2020,CC BY 4.0,open_supplementary_layer
GBO_OPEN_KEN_ADM3,90231094B27394832561592,90231094B27394832561592,Ndivisi,ADM3,KEN,2020,CC BY 4.0,open_supplementary_layer
GBO_OPEN_KEN_ADM3,90231094B36601738647396,90231094B36601738647396,Engineer,ADM3,KEN,2020,CC BY 4.0,open_supplementary_layer
GBO_OPEN_KEN_ADM3,90231094B69487979865405,90231094B69487979865405,Masii,ADM3,KEN,2020,CC BY 4.0,open_supplementary_layer
GBO_OPEN_KEN_ADM3,90231094B44901176530332,90231094B44901176530332,Central Maragoli,ADM3,KEN,2020,CC BY 4.0,open_supplementary_layer
GBO_OPEN_KEN_ADM3,90231094B85009277873577,90231094B85009277873577,Kimumu,ADM3,KEN,2020,CC BY 4.0,open_supplementary_layer
GBO_OPEN_KEN_ADM3,90231094B58063382997815,90231094B58063382997815,Nyamosense/Komosoko,ADM3,KEN,2020,CC BY 4.0,open_supplementary_layer
GBO_OPEN_KEN_ADM3,90231094B16734510312637,90231094B16734510312637,Wangu,ADM3,KEN,2020,CC BY 4.0,open_supplementary_layer
GBO_OPEN_KEN_ADM3,90231094B82271613906487,90231094B82271613906487,Kaloleni,ADM3,KEN,2020,CC BY 4.0,open_supplementary_layer
GBO_OPEN_KEN_ADM3,90231094B86155318230964,90231094B86155318230964,Marimanti,ADM3,KEN,2020,CC BY 4.0,open_supplementary_layer
GBO_OPEN_KEN_ADM3,90231094B31884528230623,90231094B31884528230623,Birongo,ADM3,KEN,2020,CC BY 4.0,open_supplementary_layer
GBO_OPEN_KEN_ADM3,90231094B47378776686425,90231094B47378776686425,Kikumbulyu South,ADM3,KEN,2020,CC BY 4.0,open_supplementary_layer
GBO_OPEN_KEN_ADM3,90231094B62741533672735,90231094B62741533672735,Chinga,ADM3,KEN,2020,CC BY 4.0,open_supplementary_layer
GBO_OPEN_KEN_ADM3,90231094B69552449669583,90231094B69552449669583,Kanyamwa Kologi,ADM3,KEN,2020,CC BY 4.0,open_supplementary_layer
GBO_OPEN_KEN_ADM3,90231094B84571832882638,90231094B84571832882638,Suam,ADM3,KEN,2020,CC BY 4.0,open_supplementary_layer
GBO_OPEN_KEN_ADM3,90231094B16388450474282,90231094B16388450474282,Naitiri/Kabuyefwe,ADM3,KEN,2020,CC BY 4.0,open_supplementary_layer
GBO_OPEN_KEN_ADM3,90231094B96427885712213,90231094B96427885712213,Kachien'g,ADM3,KEN,2020,CC BY 4.0,open_supplementary_layer
GBO_OPEN_KEN_ADM3,90231094B66730748134033,90231094B66730748134033,Railways,ADM3,KEN,2020,CC BY 4.0,open_supplementary_layer
GBO_OPEN_KEN_ADM3,90231094B3160318646865,90231094B3160318646865,Kangundo Central,ADM3,KEN,2020,CC BY 4.0,open_supplementary_layer
GBO_OPEN_KEN_ADM3,90231094B50538906839894,90231094B50538906839894,Langas,ADM3,KEN,2020,CC BY 4.0,open_supplementary_layer
GBO_OPEN_KEN_ADM3,90231094B97068491990200,90231094B97068491990200,Nginda,ADM3,KEN,2020,CC BY 4.0,open_supplementary_layer
GBO_OPEN_KEN_ADM3,90231094B52828199114739,90231094B52828199114739,Emali/Mulala,ADM3,KEN,2020,CC BY 4.0,open_supplementary_layer
GBO_OPEN_KEN_ADM3,90231094B47633878742078,90231094B47633878742078,Marachi East,ADM3,KEN,2020,CC BY 4.0,open_supplementary_layer
GBO_OPEN_KEN_ADM3,90231094B13723270058392,90231094B13723270058392,Mbaruk/Eburu,ADM3,KEN,2020,CC BY 4.0,open_supplementary_layer
GBO_OPEN_KEN_ADM3,90231094B43537101756317,90231094B43537101756317,Evurore,ADM3,KEN,2020,CC BY 4.0,open_supplementary_layer
GBO_OPEN_KEN_ADM3,90231094B14419382971251,90231094B14419382971251,Ithanga,ADM3,KEN,2020,CC BY 4.0,open_supplementary_layer
GBO_OPEN_KEN_ADM3,90231094B99662308451148,90231094B99662308451148,Shika Adabu,ADM3,KEN,2020,CC BY 4.0,open_supplementary_layer
GBO_OPEN_KEN_ADM3,90231094B20043041511039,90231094B20043041511039,Mumoni,ADM3,KEN,2020,CC BY 4.0,open_supplementary_layer
GBO_OPEN_KEN_ADM3,90231094B77565874611571,90231094B77565874611571,Purko,ADM3,KEN,2020,CC BY 4.0,open_supplementary_layer
GBO_OPEN_KEN_ADM3,90231094B8010637443012,90231094B8010637443012,Ang'Orom,ADM3,KEN,2020,CC BY 4.0,open_supplementary_layer
GBO_OPEN_KEN_ADM3,90231094B64653267098658,90231094B64653267098658,Shaurimoyo Kaloleni,ADM3,KEN,2020,CC BY 4.0,open_supplementary_layer
GBO_OPEN_KEN_ADM3,90231094B30621806348834,90231094B30621806348834,Masaba,ADM3,KEN,2020,CC BY 4.0,open_supplementary_layer
GBO_OPEN_KEN_ADM3,90231094B36857467480535,90231094B36857467480535,Kerugoya,ADM3,KEN,2020,CC BY 4.0,open_supplementary_layer
GBO_OPEN_KEN_ADM3,90231094B7833950177090,90231094B7833950177090,Kanjuiri Ridge,ADM3,KEN,2020,CC BY 4.0,open_supplementary_layer
GBO_OPEN_KEN_ADM3,90231094B98399071553021,90231094B98399071553021,Sidindi,ADM3,KEN,2020,CC BY 4.0,open_supplementary_layer
GBO_OPEN_KEN_ADM3,90231094B80545188843036,90231094B80545188843036,Nyadhuna,ADM3,KEN,2020,CC BY 4.0,open_supplementary_layer
GBO_OPEN_KEN_ADM3,90231094B90998249242252,90231094B90998249242252,Marmanet,ADM3,KEN,2020,CC BY 4.0,open_supplementary_layer
GBO_OPEN_KEN_ADM3,90231094B29339693299122,90231094B29339693299122,Jara Jara,ADM3,KEN,2020,CC BY 4.0,open_supplementary_layer
GBO_OPEN_KEN_ADM3,90231094B26475598388343,90231094B26475598388343,Matulo,ADM3,KEN,2020,CC BY 4.0,open_supplementary_layer
GBO_OPEN_KEN_ADM3,90231094B48298374794828,90231094B48298374794828,Utalii,ADM3,KEN,2020,CC BY 4.0,open_supplementary_layer
GBO_OPEN_KEN_ADM3,90231094B99428860831643,90231094B99428860831643,Kunyak,ADM3,KEN,2020,CC BY 4.0,open_supplementary_layer
GBO_OPEN_KEN_ADM3,90231094B57196987550442,90231094B57196987550442,Kaptel/Kamoiywo,ADM3,KEN,2020,CC BY 4.0,open_supplementary_layer
GBO_OPEN_KEN_ADM3,90231094B25477403393165,90231094B25477403393165,Mwimbi,ADM3,KEN,2020,CC BY 4.0,open_supplementary_layer
GBO_OPEN_KEN_ADM3,90231094B86976658867716,90231094B86976658867716,Abothuguchi West,ADM3,KEN,2020,CC BY 4.0,open_supplementary_layer
GBO_OPEN_KEN_ADM3,90231094B69616971205963,90231094B69616971205963,Esise,ADM3,KEN,2020,CC BY 4.0,open_supplementary_layer
GBO_OPEN_KEN_ADM3,90231094B64885188149012,90231094B64885188149012,Boikang'A,ADM3,KEN,2020,CC BY 4.0,open_supplementary_layer
GBO_OPEN_KEN_ADM3,90231094B50148724910057,90231094B50148724910057,Kingandole,ADM3,KEN,2020,CC BY 4.0,open_supplementary_layer
GBO_OPEN_KEN_ADM3,90231094B89165878671424,90231094B89165878671424,Chemaner,ADM3,KEN,2020,CC BY 4.0,open_supplementary_layer
GBO_OPEN_KEN_ADM3,90231094B81600342513834,90231094B81600342513834,Tabaka,ADM3,KEN,2020,CC BY 4.0,open_supplementary_layer
GBO_OPEN_KEN_ADM3,90231094B39292149998361,90231094B39292149998361,Kipini East,ADM3,KEN,2020,CC BY 4.0,open_supplementary_layer
GBO_OPEN_KEN_ADM3,90231094B36904380309696,90231094B36904380309696,Mugoiri,ADM3,KEN,2020,CC BY 4.0,open_supplementary_layer
GBO_OPEN_KEN_ADM3,90231094B41891656038015,90231094B41891656038015,Ildamat,ADM3,KEN,2020,CC BY 4.0,open_supplementary_layer
GBO_OPEN_KEN_ADM3,90231094B37680840367795,90231094B37680840367795,Isukha West,ADM3,KEN,2020,CC BY 4.0,open_supplementary_layer
GBO_OPEN_KEN_ADM3,90231094B49796994827484,90231094B49796994827484,Kodich,ADM3,KEN,2020,CC BY 4.0,open_supplementary_layer
GBO_OPEN_KEN_ADM3,90231094B67442463338456,90231094B67442463338456,South Gem,ADM3,KEN,2020,CC BY 4.0,open_supplementary_layer
GBO_OPEN_KEN_ADM3,90231094B5523361562892,90231094B5523361562892,Gatina,ADM3,KEN,2020,CC BY 4.0,open_supplementary_layer
GBO_OPEN_KEN_ADM3,90231094B32403050817205,90231094B32403050817205,Racecourse,ADM3,KEN,2020,CC BY 4.0,open_supplementary_layer
GBO_OPEN_KEN_ADM3,90231094B95295041653070,90231094B95295041653070,Kirimukuyu,ADM3,KEN,2020,CC BY 4.0,open_supplementary_layer
GBO_OPEN_KEN_ADM3,90231094B23919618004587,90231094B23919618004587,Mihuu,ADM3,KEN,2020,CC BY 4.0,open_supplementary_layer
GBO_OPEN_KEN_ADM3,90231094B7256927542028,90231094B7256927542028,Keumbu,ADM3,KEN,2020,CC BY 4.0,open_supplementary_layer
GBO_OPEN_KEN_ADM3,90231094B50273064669985,90231094B50273064669985,Kiabonyoru,ADM3,KEN,2020,CC BY 4.0,open_supplementary_layer
GBO_OPEN_KEN_ADM3,90231094B75123889102456,90231094B75123889102456,Kimorori/Wempa,ADM3,KEN,2020,CC BY 4.0,open_supplementary_layer
GBO_OPEN_KEN_ADM3,90231094B81361090841335,90231094B81361090841335,Shimo La Tewa,ADM3,KEN,2020,CC BY 4.0,open_supplementary_layer
GBO_OPEN_KEN_ADM3,90231094B57179572250784,90231094B57179572250784,Kilungu,ADM3,KEN,2020,CC BY 4.0,open_supplementary_layer
GBO_OPEN_KEN_ADM3,90231094B43641213787818,90231094B43641213787818,Bogiakumu,ADM3,KEN,2020,CC BY 4.0,open_supplementary_layer
GBO_OPEN_KEN_ADM3,90231094B69899828093714,90231094B69899828093714,Kipkaren,ADM3,KEN,2020,CC BY 4.0,open_supplementary_layer
GBO_OPEN_KEN_ADM3,90231094B23385775560012,90231094B23385775560012,Mukogondo East,ADM3,KEN,2020,CC BY 4.0,open_supplementary_layer
GBO_OPEN_KEN_ADM3,90231094B5233539248410,90231094B5233539248410,Gwassi North,ADM3,KEN,2020,CC BY 4.0,open_supplementary_layer
GBO_OPEN_KEN_ADM3,90231094B27309270931407,90231094B27309270931407,Isukha North,ADM3,KEN,2020,CC BY 4.0,open_supplementary_layer
GBO_OPEN_KEN_ADM3,90231094B7375030284452,90231094B7375030284452,Amukura Central,ADM3,KEN,2020,CC BY 4.0,open_supplementary_layer
GBO_OPEN_KEN_ADM3,90231094B45351230237076,90231094B45351230237076,Keyian,ADM3,KEN,2020,CC BY 4.0,open_supplementary_layer
GBO_OPEN_KEN_ADM3,90231094B51408591579588,90231094B51408591579588,Malaba South,ADM3,KEN,2020,CC BY 4.0,open_supplementary_layer
GBO_OPEN_KEN_ADM3,90231094B34393612792490,90231094B34393612792490,Sarangombe,ADM3,KEN,2020,CC BY 4.0,open_supplementary_layer
GBO_OPEN_KEN_ADM3,90231094B9591720047775,90231094B9591720047775,Kosirai,ADM3,KEN,2020,CC BY 4.0,open_supplementary_layer
GBO_OPEN_KEN_ADM3,90231094B8921549600542,90231094B8921549600542,Makina,ADM3,KEN,2020,CC BY 4.0,open_supplementary_layer
GBO_OPEN_KEN_ADM3,90231094B19479085277632,90231094B19479085277632,Kegogi,ADM3,KEN,2020,CC BY 4.0,open_supplementary_layer
GBO_OPEN_KEN_ADM3,90231094B96179292268979,90231094B96179292268979,Abogeta East,ADM3,KEN,2020,CC BY 4.0,open_supplementary_layer
GBO_OPEN_KEN_ADM3,90231094B12806159866257,90231094B12806159866257,Mbeti South,ADM3,KEN,2020,CC BY 4.0,open_supplementary_layer
GBO_OPEN_KEN_ADM3,90231094B37275140841321,90231094B37275140841321,Mikinduri,ADM3,KEN,2020,CC BY 4.0,open_supplementary_layer
GBO_OPEN_KEN_ADM3,90231094B31604594634955,90231094B31604594634955,Mutomo,ADM3,KEN,2020,CC BY 4.0,open_supplementary_layer
GBO_OPEN_KEN_ADM3,90231094B42992521796227,90231094B42992521796227,Tebesonik,ADM3,KEN,2020,CC BY 4.0,open_supplementary_layer
GBO_OPEN_KEN_ADM3,90231094B79903661004562,90231094B79903661004562,Sigona,ADM3,KEN,2020,CC BY 4.0,open_supplementary_layer
GBO_OPEN_KEN_ADM3,90231094B17354090489832,90231094B17354090489832,Chakol South,ADM3,KEN,2020,CC BY 4.0,open_supplementary_layer
GBO_OPEN_KEN_ADM3,90231094B26089187682562,90231094B26089187682562,Lyaduywa/Izava,ADM3,KEN,2020,CC BY 4.0,open_supplementary_layer
GBO_OPEN_KEN_ADM3,90231094B3972895996020,90231094B3972895996020,Malindi Town,ADM3,KEN,2020,CC BY 4.0,open_supplementary_layer
GBO_OPEN_KEN_ADM3,90231094B93180676802465,90231094B93180676802465,Kithimu,ADM3,KEN,2020,CC BY 4.0,open_supplementary_layer
GBO_OPEN_KEN_ADM3,90231094B13820777032089,90231094B13820777032089,Kiptororo,ADM3,KEN,2020,CC BY 4.0,open_supplementary_layer
GBO_OPEN_KEN_ADM3,90231094B28153479112509,90231094B28153479112509,Waa,ADM3,KEN,2020,CC BY 4.0,open_supplementary_layer
GBO_OPEN_KEN_ADM3,90231094B53721006150243,90231094B53721006150243,Busibwabo,ADM3,KEN,2020,CC BY 4.0,open_supplementary_layer
GBO_OPEN_KEN_ADM3,90231094B72403092389177,90231094B72403092389177,Geta,ADM3,KEN,2020,CC BY 4.0,open_supplementary_layer
GBO_OPEN_KEN_ADM3,90231094B89798725065802,90231094B89798725065802,Mugumo-Ini,ADM3,KEN,2020,CC BY 4.0,open_supplementary_layer
GBO_OPEN_KEN_ADM3,90231094B95928996800523,90231094B95928996800523,Dalalekutuk,ADM3,KEN,2020,CC BY 4.0,open_supplementary_layer
GBO_OPEN_KEN_ADM3,90231094B92349644184476,90231094B92349644184476,Sololo,ADM3,KEN,2020,CC BY 4.0,open_supplementary_layer
GBO_OPEN_KEN_ADM3,90231094B98039485997762,90231094B98039485997762,Kanziko,ADM3,KEN,2020,CC BY 4.0,open_supplementary_layer
GBO_OPEN_KEN_ADM3,90231094B49311951462368,90231094B49311951462368,Kiambere,ADM3,KEN,2020,CC BY 4.0,open_supplementary_layer
GBO_OPEN_KEN_ADM3,90231094B46693851607695,90231094B46693851607695,Keringet,ADM3,KEN,2020,CC BY 4.0,open_supplementary_layer
GBO_OPEN_KEN_ADM3,90231094B88079810145196,90231094B88079810145196,Kapsaos,ADM3,KEN,2020,CC BY 4.0,open_supplementary_layer
GBO_OPEN_KEN_ADM3,90231094B38143742979626,90231094B38143742979626,Bobasi Bogetaorio,ADM3,KEN,2020,CC BY 4.0,open_supplementary_layer
GBO_OPEN_KEN_ADM3,90231094B56646797778610,90231094B56646797778610,Kabare,ADM3,KEN,2020,CC BY 4.0,open_supplementary_layer
GBO_OPEN_KEN_ADM3,90231094B51620324144825,90231094B51620324144825,Kilibwoni,ADM3,KEN,2020,CC BY 4.0,open_supplementary_layer
GBO_OPEN_KEN_ADM3,90231094B45727314414159,90231094B45727314414159,Ziwani/Kariokor,ADM3,KEN,2020,CC BY 4.0,open_supplementary_layer
GBO_OPEN_KEN_ADM3,90231094B64765420654608,90231094B64765420654608,Kaler,ADM3,KEN,2020,CC BY 4.0,open_supplementary_layer
GBO_OPEN_KEN_ADM3,90231094B24858238955260,90231094B24858238955260,Landimawe,ADM3,KEN,2020,CC BY 4.0,open_supplementary_layer
GBO_OPEN_KEN_ADM3,90231094B24676009650725,90231094B24676009650725,North Seme,ADM3,KEN,2020,CC BY 4.0,open_supplementary_layer
GBO_OPEN_KEN_ADM3,90231094B31245662534336,90231094B31245662534336,Githobokoni,ADM3,KEN,2020,CC BY 4.0,open_supplementary_layer
GBO_OPEN_KEN_ADM3,90231094B11289483223653,90231094B11289483223653,Komothai,ADM3,KEN,2020,CC BY 4.0,open_supplementary_layer
GBO_OPEN_KEN_ADM3,90231094B7759699611430,90231094B7759699611430,Makerero,ADM3,KEN,2020,CC BY 4.0,open_supplementary_layer
GBO_OPEN_KEN_ADM3,90231094B92743957484035,90231094B92743957484035,Wamunyu,ADM3,KEN,2020,CC BY 4.0,open_supplementary_layer
GBO_OPEN_KEN_ADM3,90231094B23767131217935,90231094B23767131217935,Kobujoi,ADM3,KEN,2020,CC BY 4.0,open_supplementary_layer
GBO_OPEN_KEN_ADM3,90231094B91437153017076,90231094B91437153017076,Kiunga,ADM3,KEN,2020,CC BY 4.0,open_supplementary_layer
GBO_OPEN_KEN_ADM3,90231094B88853578952359,90231094B88853578952359,Muthara,ADM3,KEN,2020,CC BY 4.0,open_supplementary_layer
GBO_OPEN_KEN_ADM3,90231094B71739290422550,90231094B71739290422550,Sabaki,ADM3,KEN,2020,CC BY 4.0,open_supplementary_layer
GBO_OPEN_KEN_ADM3,90231094B8816766087021,90231094B8816766087021,Kaptagat,ADM3,KEN,2020,CC BY 4.0,open_supplementary_layer
GBO_OPEN_KEN_ADM3,90231094B9234023830952,90231094B9234023830952,Basuba,ADM3,KEN,2020,CC BY 4.0,open_supplementary_layer
GBO_OPEN_KEN_ADM3,90231094B11008624685722,90231094B11008624685722,Chiakariga,ADM3,KEN,2020,CC BY 4.0,open_supplementary_layer
GBO_OPEN_KEN_ADM3,90231094B25378816497014,90231094B25378816497014,Matapato North,ADM3,KEN,2020,CC BY 4.0,open_supplementary_layer
GBO_OPEN_KEN_ADM3,90231094B9084654292100,90231094B9084654292100,Waseges,ADM3,KEN,2020,CC BY 4.0,open_supplementary_layer
GBO_OPEN_KEN_ADM3,90231094B90206428865109,90231094B90206428865109,Ting'ang'a,ADM3,KEN,2020,CC BY 4.0,open_supplementary_layer
GBO_OPEN_KEN_ADM3,90231094B26224137884640,90231094B26224137884640,Mutarakwa,ADM3,KEN,2020,CC BY 4.0,open_supplementary_layer
GBO_OPEN_KEN_ADM3,90231094B15539854694856,90231094B15539854694856,Mariakani,ADM3,KEN,2020,CC BY 4.0,open_supplementary_layer
GBO_OPEN_KEN_ADM3,90231094B45626652750246,90231094B45626652750246,Uthiru/Ruthimitu,ADM3,KEN,2020,CC BY 4.0,open_supplementary_layer
GBO_OPEN_KEN_ADM3,90231094B98153469849319,90231094B98153469849319,West Ugenya,ADM3,KEN,2020,CC BY 4.0,open_supplementary_layer
GBO_OPEN_KEN_ADM3,90231094B15024728517505,90231094B15024728517505,Chepseon,ADM3,KEN,2020,CC BY 4.0,open_supplementary_layer
GBO_OPEN_KEN_ADM3,90231094B48584663219507,90231094B48584663219507,Dzombo,ADM3,KEN,2020,CC BY 4.0,open_supplementary_layer
GBO_OPEN_KEN_ADM3,90231094B89151927180730,90231094B89151927180730,Kisumu North,ADM3,KEN,2020,CC BY 4.0,open_supplementary_layer
GBO_OPEN_KEN_ADM3,90231094B39439599356030,90231094B39439599356030,Chasimba,ADM3,KEN,2020,CC BY 4.0,open_supplementary_layer
GBO_OPEN_KEN_ADM3,90231094B3882996061255,90231094B3882996061255,Kithungo/Kitundu,ADM3,KEN,2020,CC BY 4.0,open_supplementary_layer
GBO_OPEN_KEN_ADM3,90231094B11067030943256,90231094B11067030943256,Chawia,ADM3,KEN,2020,CC BY 4.0,open_supplementary_layer
GBO_OPEN_KEN_ADM3,90231094B73918232197294,90231094B73918232197294,Bomeni,ADM3,KEN,2020,CC BY 4.0,open_supplementary_layer
GBO_OPEN_KEN_ADM3,90231094B94044668809526,90231094B94044668809526,Chengoni/Samburu,ADM3,KEN,2020,CC BY 4.0,open_supplementary_layer
GBO_OPEN_KEN_ADM3,90231094B23013920279461,90231094B23013920279461,Viwandani,ADM3,KEN,2020,CC BY 4.0,open_supplementary_layer
GBO_OPEN_KEN_ADM3,90231094B5073959987515,90231094B5073959987515,Timau,ADM3,KEN,2020,CC BY 4.0,open_supplementary_layer
GBO_OPEN_KEN_ADM3,90231094B31562543175974,90231094B31562543175974,Mutuini,ADM3,KEN,2020,CC BY 4.0,open_supplementary_layer
GBO_OPEN_KEN_ADM3,90231094B50328815038996,90231094B50328815038996,Igoji West,ADM3,KEN,2020,CC BY 4.0,open_supplementary_layer
GBO_OPEN_KEN_ADM3,90231094B64657109195943,90231094B64657109195943,Miwani,ADM3,KEN,2020,CC BY 4.0,open_supplementary_layer
GBO_OPEN_KEN_ADM3,90231094B200081370265,90231094B200081370265,Loita,ADM3,KEN,2020,CC BY 4.0,open_supplementary_layer
GBO_OPEN_KEN_ADM3,90231094B52503285136075,90231094B52503285136075,Ageng'A Nanguba,ADM3,KEN,2020,CC BY 4.0,open_supplementary_layer
GBO_OPEN_KEN_ADM3,90231094B10740056720535,90231094B10740056720535,Mugumo-Ini,ADM3,KEN,2020,CC BY 4.0,open_supplementary_layer
GBO_OPEN_KEN_ADM3,90231094B83865784710537,90231094B83865784710537,Nyamasibi,ADM3,KEN,2020,CC BY 4.0,open_supplementary_layer
GBO_OPEN_KEN_ADM3,90231094B6046202872677,90231094B6046202872677,Bunyala South,ADM3,KEN,2020,CC BY 4.0,open_supplementary_layer
GBO_OPEN_KEN_ADM3,90231094B29182439758383,90231094B29182439758383,Mumias North,ADM3,KEN,2020,CC BY 4.0,open_supplementary_layer
GBO_OPEN_KEN_ADM3,90231094B39967503958426,90231094B39967503958426,Mahiga,ADM3,KEN,2020,CC BY 4.0,open_supplementary_layer
GBO_OPEN_KEN_ADM3,90231094B31617494398897,90231094B31617494398897,Bukhayo Central,ADM3,KEN,2020,CC BY 4.0,open_supplementary_layer
GBO_OPEN_KEN_ADM3,90231094B10351770281899,90231094B10351770281899,Ngariama,ADM3,KEN,2020,CC BY 4.0,open_supplementary_layer
GBO_OPEN_KEN_ADM3,90231094B57177440336372,90231094B57177440336372,Chuluni,ADM3,KEN,2020,CC BY 4.0,open_supplementary_layer
GBO_OPEN_KEN_ADM3,90231094B70045416840863,90231094B70045416840863,West Bukusu,ADM3,KEN,2020,CC BY 4.0,open_supplementary_layer
GBO_OPEN_KEN_ADM3,90231094B27895418923580,90231094B27895418923580,Kipchebor,ADM3,KEN,2020,CC BY 4.0,open_supplementary_layer
GBO_OPEN_KEN_ADM3,90231094B278151261777,90231094B278151261777,Waithaka,ADM3,KEN,2020,CC BY 4.0,open_supplementary_layer
GBO_OPEN_KEN_ADM3,90231094B95279564136265,90231094B95279564136265,Butsotso East,ADM3,KEN,2020,CC BY 4.0,open_supplementary_layer
GBO_OPEN_KEN_ADM3,90231094B37102484646892,90231094B37102484646892,Rongena/Manaret,ADM3,KEN,2020,CC BY 4.0,open_supplementary_layer
GBO_OPEN_KEN_ADM3,90231094B36619477826366,90231094B36619477826366,Nzoia,ADM3,KEN,2020,CC BY 4.0,open_supplementary_layer
GBO_OPEN_KEN_ADM3,90231094B52704206079225,90231094B52704206079225,Njukiini,ADM3,KEN,2020,CC BY 4.0,open_supplementary_layer
GBO_OPEN_KEN_ADM3,90231094B30831898281931,90231094B30831898281931,Sheywe,ADM3,KEN,2020,CC BY 4.0,open_supplementary_layer
GBO_OPEN_KEN_ADM3,90231094B54746350460164,90231094B54746350460164,Chala,ADM3,KEN,2020,CC BY 4.0,open_supplementary_layer
GBO_OPEN_KEN_ADM3,90231094B87702260220490,90231094B87702260220490,North Karachuonyo,ADM3,KEN,2020,CC BY 4.0,open_supplementary_layer
GBO_OPEN_KEN_ADM3,90231094B35207185179653,90231094B35207185179653,Gituamba,ADM3,KEN,2020,CC BY 4.0,open_supplementary_layer
GBO_OPEN_KEN_ADM3,90231094B98664159327096,90231094B98664159327096,Gaturi South,ADM3,KEN,2020,CC BY 4.0,open_supplementary_layer
GBO_OPEN_KEN_ADM3,90231094B72872342302910,90231094B72872342302910,Muguru,ADM3,KEN,2020,CC BY 4.0,open_supplementary_layer
GBO_OPEN_KEN_ADM3,90231094B96798873571182,90231094B96798873571182,Kiogoro,ADM3,KEN,2020,CC BY 4.0,open_supplementary_layer
GBO_OPEN_KEN_ADM3,90231094B26189765137129,90231094B26189765137129,Butsotso South,ADM3,KEN,2020,CC BY 4.0,open_supplementary_layer
GBO_OPEN_KEN_ADM3,90231094B8910501315094,90231094B8910501315094,Mukuyuni,ADM3,KEN,2020,CC BY 4.0,open_supplementary_layer
GBO_OPEN_KEN_ADM3,90231094B77758717830410,90231094B77758717830410,Malakisi/South Kulisiru,ADM3,KEN,2020,CC BY 4.0,open_supplementary_layer
GBO_OPEN_KEN_ADM3,90231094B96691725427283,90231094B96691725427283,Mnarani,ADM3,KEN,2020,CC BY 4.0,open_supplementary_layer
GBO_OPEN_KEN_ADM3,90231094B7088707523812,90231094B7088707523812,West Seme,ADM3,KEN,2020,CC BY 4.0,open_supplementary_layer
GBO_OPEN_KEN_ADM3,90231094B30488763664345,90231094B30488763664345,Usonga,ADM3,KEN,2020,CC BY 4.0,open_supplementary_layer
GBO_OPEN_KEN_ADM3,90231094B44216314761709,90231094B44216314761709,Soy,ADM3,KEN,2020,CC BY 4.0,open_supplementary_layer
GBO_OPEN_KEN_ADM3,90231094B28403051039412,90231094B28403051039412,Chepchabas,ADM3,KEN,2020,CC BY 4.0,open_supplementary_layer
GBO_OPEN_KEN_ADM3,90231094B68391236034159,90231094B68391236034159,Shamata,ADM3,KEN,2020,CC BY 4.0,open_supplementary_layer
GBO_OPEN_KEN_ADM3,90231094B29529448784210,90231094B29529448784210,Hospital,ADM3,KEN,2020,CC BY 4.0,open_supplementary_layer
GBO_OPEN_KEN_ADM3,90231094B21224301319697,90231094B21224301319697,Kapkatet,ADM3,KEN,2020,CC BY 4.0,open_supplementary_layer
GBO_OPEN_KEN_ADM3,90231094B1382579113581,90231094B1382579113581,Kisiara,ADM3,KEN,2020,CC BY 4.0,open_supplementary_layer
GBO_OPEN_KEN_ADM3,90231094B75339792458604,90231094B75339792458604,Mwanda/Mgange,ADM3,KEN,2020,CC BY 4.0,open_supplementary_layer
GBO_OPEN_KEN_ADM3,90231094B86864129771221,90231094B86864129771221,Lubinu/Lusheya,ADM3,KEN,2020,CC BY 4.0,open_supplementary_layer
GBO_OPEN_KEN_ADM3,90231094B58215758687642,90231094B58215758687642,Solai,ADM3,KEN,2020,CC BY 4.0,open_supplementary_layer
GBO_OPEN_KEN_ADM3,90231094B31992479059302,90231094B31992479059302,Illeret,ADM3,KEN,2020,CC BY 4.0,open_supplementary_layer
GBO_OPEN_KEN_ADM3,90231094B72561831501862,90231094B72561831501862,Loosuk,ADM3,KEN,2020,CC BY 4.0,open_supplementary_layer
GBO_OPEN_KEN_ADM3,90231094B40865991942640,90231094B40865991942640,South Kanyamkago,ADM3,KEN,2020,CC BY 4.0,open_supplementary_layer
GBO_OPEN_KEN_ADM3,90231094B23331638148283,90231094B23331638148283,Malaba Central,ADM3,KEN,2020,CC BY 4.0,open_supplementary_layer
GBO_OPEN_KEN_ADM3,90231094B54100511967163,90231094B54100511967163,Karumandi,ADM3,KEN,2020,CC BY 4.0,open_supplementary_layer
GBO_OPEN_KEN_ADM3,90231094B25578043780768,90231094B25578043780768,Babadogo,ADM3,KEN,2020,CC BY 4.0,open_supplementary_layer
GBO_OPEN_KEN_ADM3,90231094B96636482097419,90231094B96636482097419,Dandu,ADM3,KEN,2020,CC BY 4.0,open_supplementary_layer
GBO_OPEN_KEN_ADM3,90231094B11500790655879,90231094B11500790655879,Chakol North,ADM3,KEN,2020,CC BY 4.0,open_supplementary_layer
GBO_OPEN_KEN_ADM3,90231094B49004959068346,90231094B49004959068346,Tembelio,ADM3,KEN,2020,CC BY 4.0,open_supplementary_layer
GBO_OPEN_KEN_ADM3,90231094B16076222608255,90231094B16076222608255,West Uyoma,ADM3,KEN,2020,CC BY 4.0,open_supplementary_layer
GBO_OPEN_KEN_ADM3,90231094B9123140354268,90231094B9123140354268,Makutano/Mwala,ADM3,KEN,2020,CC BY 4.0,open_supplementary_layer
GBO_OPEN_KEN_ADM3,90231094B19575435141273,90231094B19575435141273,Gwassi South,ADM3,KEN,2020,CC BY 4.0,open_supplementary_layer
GBO_OPEN_KEN_ADM3,90231094B91465836734539,90231094B91465836734539,South East Nyakach,ADM3,KEN,2020,CC BY 4.0,open_supplementary_layer
GBO_OPEN_KEN_ADM3,90231094B75459182422720,90231094B75459182422720,Koyonzo,ADM3,KEN,2020,CC BY 4.0,open_supplementary_layer
GBO_OPEN_KEN_ADM3,90231094B79172660408804,90231094B79172660408804,Idakho South,ADM3,KEN,2020,CC BY 4.0,open_supplementary_layer
GBO_OPEN_KEN_ADM3,90231094B4859435449475,90231094B4859435449475,Bobasi Central,ADM3,KEN,2020,CC BY 4.0,open_supplementary_layer
GBO_OPEN_KEN_ADM3,90231094B27178330996654,90231094B27178330996654,Kinondo,ADM3,KEN,2020,CC BY 4.0,open_supplementary_layer
GBO_OPEN_KEN_ADM3,90231094B73465723187768,90231094B73465723187768,Chesoen,ADM3,KEN,2020,CC BY 4.0,open_supplementary_layer
GBO_OPEN_KEN_ADM3,90231094B81781578605263,90231094B81781578605263,Iria-Ini,ADM3,KEN,2020,CC BY 4.0,open_supplementary_layer
GBO_OPEN_KEN_ADM3,90231094B54212410230128,90231094B54212410230128,Kalimoni,ADM3,KEN,2020,CC BY 4.0,open_supplementary_layer
GBO_OPEN_KEN_ADM3,90231094B91491362579842,90231094B91491362579842,Isukha South,ADM3,KEN,2020,CC BY 4.0,open_supplementary_layer
GBO_OPEN_KEN_ADM3,90231094B59041952457706,90231094B59041952457706,Ndanai/Abosi,ADM3,KEN,2020,CC BY 4.0,open_supplementary_layer
GBO_OPEN_KEN_ADM3,90231094B75885083659940,90231094B75885083659940,Ichagaki,ADM3,KEN,2020,CC BY 4.0,open_supplementary_layer
GBO_OPEN_KEN_ADM3,90231094B7840412896281,90231094B7840412896281,Witeithie,ADM3,KEN,2020,CC BY 4.0,open_supplementary_layer
GBO_OPEN_KEN_ADM3,90231094B61386258002897,90231094B61386258002897,Gitothua,ADM3,KEN,2020,CC BY 4.0,open_supplementary_layer
GBO_OPEN_KEN_ADM3,90231094B42044837350210,90231094B42044837350210,Dedan Kimanthi,ADM3,KEN,2020,CC BY 4.0,open_supplementary_layer
GBO_OPEN_KEN_ADM3,90231094B70497440971252,90231094B70497440971252,Sosian,ADM3,KEN,2020,CC BY 4.0,open_supplementary_layer
GBO_OPEN_KEN_ADM3,90231094B7785712385911,90231094B7785712385911,Warankara,ADM3,KEN,2020,CC BY 4.0,open_supplementary_layer
GBO_OPEN_KEN_ADM3,90231094B59552245822163,90231094B59552245822163,Kitisuru,ADM3,KEN,2020,CC BY 4.0,open_supplementary_layer
GBO_OPEN_KEN_ADM3,90231094B64238355996009,90231094B64238355996009,Kojwach,ADM3,KEN,2020,CC BY 4.0,open_supplementary_layer
GBO_OPEN_KEN_ADM3,90231094B24833934836905,90231094B24833934836905,Bomorenda,ADM3,KEN,2020,CC BY 4.0,open_supplementary_layer
GBO_OPEN_KEN_ADM3,90231094B27346223089207,90231094B27346223089207,Central Kisumu,ADM3,KEN,2020,CC BY 4.0,open_supplementary_layer
GBO_OPEN_KEN_ADM3,90231094B66269532630488,90231094B66269532630488,Emabungo,ADM3,KEN,2020,CC BY 4.0,open_supplementary_layer
GBO_OPEN_KEN_ADM3,90231094B28891016564797,90231094B28891016564797,Kapchorua,ADM3,KEN,2020,CC BY 4.0,open_supplementary_layer
GBO_OPEN_KEN_ADM3,90231094B24683604885193,90231094B24683604885193,Tezo,ADM3,KEN,2020,CC BY 4.0,open_supplementary_layer
GBO_OPEN_KEN_ADM3,90231094B37680478286536,90231094B37680478286536,Harambee,ADM3,KEN,2020,CC BY 4.0,open_supplementary_layer
GBO_OPEN_KEN_ADM3,90231094B88107973171293,90231094B88107973171293,Karuna/Meibeki,ADM3,KEN,2020,CC BY 4.0,open_supplementary_layer
GBO_OPEN_KEN_ADM3,90231094B70507709940975,90231094B70507709940975,Koyo-Ndurio,ADM3,KEN,2020,CC BY 4.0,open_supplementary_layer
GBO_OPEN_KEN_ADM3,90231094B39702946651153,90231094B39702946651153,Lelmokwo/Ngechek,ADM3,KEN,2020,CC BY 4.0,open_supplementary_layer
GBO_OPEN_KEN_ADM3,90231094B48521953514326,90231094B48521953514326,South Kamagambo,ADM3,KEN,2020,CC BY 4.0,open_supplementary_layer
GBO_OPEN_KEN_ADM3,90231094B52339293329973,90231094B52339293329973,Kholera,ADM3,KEN,2020,CC BY 4.0,open_supplementary_layer
GBO_OPEN_KEN_ADM3,90231094B44064617566375,90231094B44064617566375,West Sabatia,ADM3,KEN,2020,CC BY 4.0,open_supplementary_layer
GBO_OPEN_KEN_ADM3,90231094B2117328143645,90231094B2117328143645,Bosamaro,ADM3,KEN,2020,CC BY 4.0,open_supplementary_layer
GBO_OPEN_KEN_ADM3,90231094B56549526470122,90231094B56549526470122,Kapkangani,ADM3,KEN,2020,CC BY 4.0,open_supplementary_layer
GBO_OPEN_KEN_ADM3,90231094B68901428792579,90231094B68901428792579,Gitugi,ADM3,KEN,2020,CC BY 4.0,open_supplementary_layer
GBO_OPEN_KEN_ADM3,90231094B43685782683045,90231094B43685782683045,Rugi,ADM3,KEN,2020,CC BY 4.0,open_supplementary_layer
GBO_OPEN_KEN_ADM3,90231094B26189657080765,90231094B26189657080765,Mosiro,ADM3,KEN,2020,CC BY 4.0,open_supplementary_layer
GBO_OPEN_KEN_ADM3,90231094B51651696643731,90231094B51651696643731,Nginda,ADM3,KEN,2020,CC BY 4.0,open_supplementary_layer
GBO_OPEN_KEN_ADM3,90231094B88952350806273,90231094B88952350806273,Sirikwa,ADM3,KEN,2020,CC BY 4.0,open_supplementary_layer
GBO_OPEN_KEN_ADM3,90231094B89091687556603,90231094B89091687556603,Mwawesa,ADM3,KEN,2020,CC BY 4.0,open_supplementary_layer
GBO_OPEN_KEN_ADM3,90231094B73219248202784,90231094B73219248202784,Mihango,ADM3,KEN,2020,CC BY 4.0,open_supplementary_layer
GBO_OPEN_KEN_ADM3,90231094B96631004418817,90231094B96631004418817,Ngenyilel,ADM3,KEN,2020,CC BY 4.0,open_supplementary_layer
GBO_OPEN_KEN_ADM3,90231094B70841003986517,90231094B70841003986517,Muruka,ADM3,KEN,2020,CC BY 4.0,open_supplementary_layer
GBO_OPEN_KEN_ADM3,90231094B26747031649846,90231094B26747031649846,Nyacheki,ADM3,KEN,2020,CC BY 4.0,open_supplementary_layer
GBO_OPEN_KEN_ADM3,90231094B15653907334065,90231094B15653907334065,Magumu,ADM3,KEN,2020,CC BY 4.0,open_supplementary_layer
GBO_OPEN_KEN_ADM3,90231094B17018234092454,90231094B17018234092454,Nyabasi East,ADM3,KEN,2020,CC BY 4.0,open_supplementary_layer
GBO_OPEN_KEN_ADM3,90231094B12121848150156,90231094B12121848150156,Lugari,ADM3,KEN,2020,CC BY 4.0,open_supplementary_layer
GBO_OPEN_KEN_ADM3,90231094B47254252966430,90231094B47254252966430,Njiru,ADM3,KEN,2020,CC BY 4.0,open_supplementary_layer
GBO_OPEN_KEN_ADM3,90231094B92569591317187,90231094B92569591317187,Katilia,ADM3,KEN,2020,CC BY 4.0,open_supplementary_layer
GBO_OPEN_KEN_ADM3,90231094B74869076483385,90231094B74869076483385,Kangundo West,ADM3,KEN,2020,CC BY 4.0,open_supplementary_layer
GBO_OPEN_KEN_ADM3,90231094B19930349461133,90231094B19930349461133,Ololmasani,ADM3,KEN,2020,CC BY 4.0,open_supplementary_layer
GBO_OPEN_KEN_ADM3,90231094B61200719953145,90231094B61200719953145,Idakho East,ADM3,KEN,2020,CC BY 4.0,open_supplementary_layer
GBO_OPEN_KEN_ADM3,90231094B47938257051498,90231094B47938257051498,Pongwekikoneni,ADM3,KEN,2020,CC BY 4.0,open_supplementary_layer
GBO_OPEN_KEN_ADM3,90231094B74861524256438,90231094B74861524256438,Keekonyokie,ADM3,KEN,2020,CC BY 4.0,open_supplementary_layer
GBO_OPEN_KEN_ADM3,90231094B7279721699533,90231094B7279721699533,Kaplelartet,ADM3,KEN,2020,CC BY 4.0,open_supplementary_layer
GBO_OPEN_KEN_ADM3,90231094B77309023946207,90231094B77309023946207,Bobasi Chache,ADM3,KEN,2020,CC BY 4.0,open_supplementary_layer
GBO_OPEN_KEN_ADM3,90231094B944817195421,90231094B944817195421,Takaba,ADM3,KEN,2020,CC BY 4.0,open_supplementary_layer
GBO_OPEN_KEN_ADM3,90231094B23278884362392,90231094B23278884362392,Kabatini,ADM3,KEN,2020,CC BY 4.0,open_supplementary_layer
GBO_OPEN_KEN_ADM3,90231094B8923310510646,90231094B8923310510646,West Nyakach,ADM3,KEN,2020,CC BY 4.0,open_supplementary_layer
GBO_OPEN_KEN_ADM3,90231094B5250728183727,90231094B5250728183727,Mumbuni North,ADM3,KEN,2020,CC BY 4.0,open_supplementary_layer
GBO_OPEN_KEN_ADM3,90231094B69484993937782,90231094B69484993937782,Gaturi,ADM3,KEN,2020,CC BY 4.0,open_supplementary_layer
GBO_OPEN_KEN_ADM3,90231094B14099428322173,90231094B14099428322173,Sala,ADM3,KEN,2020,CC BY 4.0,open_supplementary_layer
GBO_OPEN_KEN_ADM3,90231094B58023830704752,90231094B58023830704752,Maeni,ADM3,KEN,2020,CC BY 4.0,open_supplementary_layer
GBO_OPEN_KEN_ADM3,90231094B85339313523342,90231094B85339313523342,Murera,ADM3,KEN,2020,CC BY 4.0,open_supplementary_layer
GBO_OPEN_KEN_ADM3,90231094B60626332388300,90231094B60626332388300,North Maragoli,ADM3,KEN,2020,CC BY 4.0,open_supplementary_layer
GBO_OPEN_KEN_ADM3,90231094B18568746529,90231094B18568746529,Kyeleni,ADM3,KEN,2020,CC BY 4.0,open_supplementary_layer
GBO_OPEN_KEN_ADM3,90231094B11203570058444,90231094B11203570058444,Murarandia,ADM3,KEN,2020,CC BY 4.0,open_supplementary_layer
GBO_OPEN_KEN_ADM3,90231094B16452129734235,90231094B16452129734235,Kijabe,ADM3,KEN,2020,CC BY 4.0,open_supplementary_layer
GBO_OPEN_KEN_ADM3,90231094B19335611699044,90231094B19335611699044,Theta,ADM3,KEN,2020,CC BY 4.0,open_supplementary_layer
GBO_OPEN_KEN_ADM3,90231094B60748474178465,90231094B60748474178465,Umoja I,ADM3,KEN,2020,CC BY 4.0,open_supplementary_layer
GBO_OPEN_KEN_ADM3,90231094B19789870646638,90231094B19789870646638,Kalawa,ADM3,KEN,2020,CC BY 4.0,open_supplementary_layer
GBO_OPEN_KEN_ADM3,90231094B96764998516511,90231094B96764998516511,Nkaimurunya,ADM3,KEN,2020,CC BY 4.0,open_supplementary_layer
GBO_OPEN_KEN_ADM3,90231094B85403708288505,90231094B85403708288505,Imaroro,ADM3,KEN,2020,CC BY 4.0,open_supplementary_layer
GBO_OPEN_KEN_ADM3,90231094B83145194737428,90231094B83145194737428,Terik,ADM3,KEN,2020,CC BY 4.0,open_supplementary_layer
GBO_OPEN_KEN_ADM3,90231094B52299819407473,90231094B52299819407473,Kipchimchim,ADM3,KEN,2020,CC BY 4.0,open_supplementary_layer
GBO_OPEN_KEN_ADM3,90231094B90495240373019,90231094B90495240373019,Musikoma,ADM3,KEN,2020,CC BY 4.0,open_supplementary_layer
GBO_OPEN_KEN_ADM3,90231094B91528908109900,90231094B91528908109900,Bogusero,ADM3,KEN,2020,CC BY 4.0,open_supplementary_layer
GBO_OPEN_KEN_ADM3,90231094B33574502733919,90231094B33574502733919,Amalo,ADM3,KEN,2020,CC BY 4.0,open_supplementary_layer
GBO_OPEN_KEN_ADM3,90231094B24105967638592,90231094B24105967638592,South Kasipul,ADM3,KEN,2020,CC BY 4.0,open_supplementary_layer
GBO_OPEN_KEN_ADM3,90231094B28160612658093,90231094B28160612658093,Ingostse-Mathia,ADM3,KEN,2020,CC BY 4.0,open_supplementary_layer
GBO_OPEN_KEN_ADM3,90231094B98554493463225,90231094B98554493463225,Tulimani,ADM3,KEN,2020,CC BY 4.0,open_supplementary_layer
GBO_OPEN_KEN_ADM3,90231094B54026167169962,90231094B54026167169962,Kibauni,ADM3,KEN,2020,CC BY 4.0,open_supplementary_layer
GBO_OPEN_KEN_ADM3,90231094B79320166211738,90231094B79320166211738,Megun,ADM3,KEN,2020,CC BY 4.0,open_supplementary_layer
GBO_OPEN_KEN_ADM3,90231094B51276224024955,90231094B51276224024955,Ol'Lessos,ADM3,KEN,2020,CC BY 4.0,open_supplementary_layer
GBO_OPEN_KEN_ADM3,90231094B75645065892088,90231094B75645065892088,Githiga,ADM3,KEN,2020,CC BY 4.0,open_supplementary_layer
GBO_OPEN_KEN_ADM3,90231094B4236534062204,90231094B4236534062204,Kedowa/Kimugul,ADM3,KEN,2020,CC BY 4.0,open_supplementary_layer
GBO_OPEN_KEN_ADM3,90231094B53128322019724,90231094B53128322019724,Rong'E,ADM3,KEN,2020,CC BY 4.0,open_supplementary_layer
GBO_OPEN_KEN_ADM3,90231094B64509414174773,90231094B64509414174773,Kwa,ADM3,KEN,2020,CC BY 4.0,open_supplementary_layer
GBO_OPEN_KEN_ADM3,90231094B39396912379159,90231094B39396912379159,Jepkoyai,ADM3,KEN,2020,CC BY 4.0,open_supplementary_layer
GBO_OPEN_KEN_ADM3,90231094B69208941929889,90231094B69208941929889,Tapsagoi,ADM3,KEN,2020,CC BY 4.0,open_supplementary_layer
GBO_OPEN_KEN_ADM3,90231094B26324425679176,90231094B26324425679176,Mirangine,ADM3,KEN,2020,CC BY 4.0,open_supplementary_layer
GBO_OPEN_KEN_ADM3,90231094B73496375710842,90231094B73496375710842,Mbeu,ADM3,KEN,2020,CC BY 4.0,open_supplementary_layer
GBO_OPEN_KEN_ADM3,90231094B1337157862833,90231094B1337157862833,Karare,ADM3,KEN,2020,CC BY 4.0,open_supplementary_layer
GBO_OPEN_KEN_ADM3,90231094B31069077946307,90231094B31069077946307,Akirang'Ondu,ADM3,KEN,2020,CC BY 4.0,open_supplementary_layer
GBO_OPEN_KEN_ADM3,90231094B75211431074013,90231094B75211431074013,Kipreres,ADM3,KEN,2020,CC BY 4.0,open_supplementary_layer
GBO_OPEN_KEN_ADM3,90231094B14510361655663,90231094B14510361655663,Kamahuha,ADM3,KEN,2020,CC BY 4.0,open_supplementary_layer
GBO_OPEN_KEN_ADM3,90231094B75585634410502,90231094B75585634410502,Mbooni,ADM3,KEN,2020,CC BY 4.0,open_supplementary_layer
GBO_OPEN_KEN_ADM3,90231094B45237070868444,90231094B45237070868444,Wangchieng,ADM3,KEN,2020,CC BY 4.0,open_supplementary_layer
GBO_OPEN_KEN_ADM3,90231094B87146590240902,90231094B87146590240902,Tsimba Golini,ADM3,KEN,2020,CC BY 4.0,open_supplementary_layer
GBO_OPEN_KEN_ADM3,90231094B35542989729146,90231094B35542989729146,West Bunyore,ADM3,KEN,2020,CC BY 4.0,open_supplementary_layer
GBO_OPEN_KEN_ADM3,90231094B62004888248056,90231094B62004888248056,Chemelil,ADM3,KEN,2020,CC BY 4.0,open_supplementary_layer
GBO_OPEN_KEN_ADM3,90231094B94594087634999,90231094B94594087634999,Ilkerin,ADM3,KEN,2020,CC BY 4.0,open_supplementary_layer
GBO_OPEN_KEN_ADM3,90231094B39076591101651,90231094B39076591101651,Kiptuya,ADM3,KEN,2020,CC BY 4.0,open_supplementary_layer
GBO_OPEN_KEN_ADM3,90231094B44271438653412,90231094B44271438653412,Mwarakaya,ADM3,KEN,2020,CC BY 4.0,open_supplementary_layer
GBO_OPEN_KEN_ADM3,90231094B25814489301774,90231094B25814489301774,Bukira East,ADM3,KEN,2020,CC BY 4.0,open_supplementary_layer
GBO_OPEN_KEN_ADM3,90231094B79304129816245,90231094B79304129816245,Bomwagamo,ADM3,KEN,2020,CC BY 4.0,open_supplementary_layer
GBO_OPEN_KEN_ADM3,90231094B49145648479018,90231094B49145648479018,Muthithi,ADM3,KEN,2020,CC BY 4.0,open_supplementary_layer
GBO_OPEN_KEN_ADM3,90231094B39443808025399,90231094B39443808025399,Tindiret,ADM3,KEN,2020,CC BY 4.0,open_supplementary_layer
GBO_OPEN_KEN_ADM3,90231094B86457022265911,90231094B86457022265911,West Sakwa,ADM3,KEN,2020,CC BY 4.0,open_supplementary_layer
GBO_OPEN_KEN_ADM3,90231094B21338317397489,90231094B21338317397489,Cheptororiet/Seretut,ADM3,KEN,2020,CC BY 4.0,open_supplementary_layer
GBO_OPEN_KEN_ADM3,90231094B2011048921856,90231094B2011048921856,Bwiri,ADM3,KEN,2020,CC BY 4.0,open_supplementary_layer
GBO_OPEN_KEN_ADM3,90231094B79443790003176,90231094B79443790003176,Lare,ADM3,KEN,2020,CC BY 4.0,open_supplementary_layer
GBO_OPEN_KEN_ADM3,90231094B78200538295292,90231094B78200538295292,Bunyala West,ADM3,KEN,2020,CC BY 4.0,open_supplementary_layer
GBO_OPEN_KEN_ADM3,90231094B7292405942891,90231094B7292405942891,Ntimaru West,ADM3,KEN,2020,CC BY 4.0,open_supplementary_layer
GBO_OPEN_KEN_ADM3,90231094B60409153178291,90231094B60409153178291,Gachuba,ADM3,KEN,2020,CC BY 4.0,open_supplementary_layer
GBO_OPEN_KEN_ADM3,90231094B35517493415210,90231094B35517493415210,Kisau/Kiteta,ADM3,KEN,2020,CC BY 4.0,open_supplementary_layer
GBO_OPEN_KEN_ADM3,90231094B74248886990715,90231094B74248886990715,Mukogondo West,ADM3,KEN,2020,CC BY 4.0,open_supplementary_layer
GBO_OPEN_KEN_ADM3,90231094B60866713974235,90231094B60866713974235,Abogeta West,ADM3,KEN,2020,CC BY 4.0,open_supplementary_layer
GBO_OPEN_KEN_ADM3,90231094B95684103183639,90231094B95684103183639,Bumula,ADM3,KEN,2020,CC BY 4.0,open_supplementary_layer
GBO_OPEN_KEN_ADM3,90231094B55840095196075,90231094B55840095196075,Kariti,ADM3,KEN,2020,CC BY 4.0,open_supplementary_layer
GBO_OPEN_KEN_ADM3,90231094B71281626819935,90231094B71281626819935,Gesusu,ADM3,KEN,2020,CC BY 4.0,open_supplementary_layer
GBO_OPEN_KEN_ADM3,90231094B28427463561730,90231094B28427463561730,East Kanyamkago,ADM3,KEN,2020,CC BY 4.0,open_supplementary_layer
GBO_OPEN_KEN_ADM3,90231094B93179897151444,90231094B93179897151444,Kisii Central,ADM3,KEN,2020,CC BY 4.0,open_supplementary_layer
GBO_OPEN_KEN_ADM3,90231094B58429468294412,90231094B58429468294412,Makima,ADM3,KEN,2020,CC BY 4.0,open_supplementary_layer
GBO_OPEN_KEN_ADM3,90231094B27407125614544,90231094B27407125614544,Akithii,ADM3,KEN,2020,CC BY 4.0,open_supplementary_layer
GBO_OPEN_KEN_ADM3,90231094B69151580461857,90231094B69151580461857,Mahiakalo,ADM3,KEN,2020,CC BY 4.0,open_supplementary_layer
GBO_OPEN_KEN_ADM3,90231094B74554239153993,90231094B74554239153993,Nachu,ADM3,KEN,2020,CC BY 4.0,open_supplementary_layer
GBO_OPEN_KEN_ADM3,90231094B14618735879905,90231094B14618735879905,Bahati,ADM3,KEN,2020,CC BY 4.0,open_supplementary_layer
GBO_OPEN_KEN_ADM3,90231094B86321770441724,90231094B86321770441724,Kimilili,ADM3,KEN,2020,CC BY 4.0,open_supplementary_layer
GBO_OPEN_KEN_ADM3,90231094B69292789570710,90231094B69292789570710,Dertu,ADM3,KEN,2020,CC BY 4.0,open_supplementary_layer
GBO_OPEN_KEN_ADM3,90231094B13015920988740,90231094B13015920988740,Manyatta 'B',ADM3,KEN,2020,CC BY 4.0,open_supplementary_layer
GBO_OPEN_KEN_ADM3,90231094B5056976343760,90231094B5056976343760,Lumakanda,ADM3,KEN,2020,CC BY 4.0,open_supplementary_layer
GBO_OPEN_KEN_ADM3,90231094B12982416022579,90231094B12982416022579,Isibania,ADM3,KEN,2020,CC BY 4.0,open_supplementary_layer
GBO_OPEN_KEN_ADM3,90231094B84891645322554,90231094B84891645322554,Bunyala Central,ADM3,KEN,2020,CC BY 4.0,open_supplementary_layer
GBO_OPEN_KEN_ADM3,90231094B77077976486302,90231094B77077976486302,Chepyuk,ADM3,KEN,2020,CC BY 4.0,open_supplementary_layer
GBO_OPEN_KEN_ADM3,90231094B95647795944834,90231094B95647795944834,Namamali,ADM3,KEN,2020,CC BY 4.0,open_supplementary_layer
GBO_OPEN_KEN_ADM3,90231094B75617333321725,90231094B75617333321725,Subukia,ADM3,KEN,2020,CC BY 4.0,open_supplementary_layer
GBO_OPEN_KEN_ADM3,90231094B30027235245842,90231094B30027235245842,Kiplombe,ADM3,KEN,2020,CC BY 4.0,open_supplementary_layer
GBO_OPEN_KEN_ADM3,90231094B32655551160472,90231094B32655551160472,Ikutha,ADM3,KEN,2020,CC BY 4.0,open_supplementary_layer
GBO_OPEN_KEN_ADM3,90231094B5180294387125,90231094B5180294387125,Sensi,ADM3,KEN,2020,CC BY 4.0,open_supplementary_layer
GBO_OPEN_KEN_ADM3,90231094B92610946067992,90231094B92610946067992,Kabiro,ADM3,KEN,2020,CC BY 4.0,open_supplementary_layer
GBO_OPEN_KEN_ADM3,90231094B75588907234312,90231094B75588907234312,Elugulu,ADM3,KEN,2020,CC BY 4.0,open_supplementary_layer
GBO_OPEN_KEN_ADM3,90231094B42284571565053,90231094B42284571565053,Kitengela,ADM3,KEN,2020,CC BY 4.0,open_supplementary_layer
GBO_OPEN_KEN_ADM3,90231094B89761899373321,90231094B89761899373321,Tebere,ADM3,KEN,2020,CC BY 4.0,open_supplementary_layer
GBO_OPEN_KEN_ADM3,90231094B6787171130496,90231094B6787171130496,Sergoit,ADM3,KEN,2020,CC BY 4.0,open_supplementary_layer
GBO_OPEN_KEN_ADM3,90231094B31264382471835,90231094B31264382471835,Ngewa,ADM3,KEN,2020,CC BY 4.0,open_supplementary_layer
GBO_OPEN_KEN_ADM3,90231094B89828583419438,90231094B89828583419438,Magutu,ADM3,KEN,2020,CC BY 4.0,open_supplementary_layer
GBO_OPEN_KEN_ADM3,90231094B47275676210718,90231094B47275676210718,Nguumo,ADM3,KEN,2020,CC BY 4.0,open_supplementary_layer
GBO_OPEN_KEN_ADM3,90231094B52402689820677,90231094B52402689820677,East Kabras,ADM3,KEN,2020,CC BY 4.0,open_supplementary_layer
GBO_OPEN_KEN_ADM3,90231094B10944540881087,90231094B10944540881087,Ndarugu,ADM3,KEN,2020,CC BY 4.0,open_supplementary_layer
GBO_OPEN_KEN_ADM3,90231094B94452543005072,90231094B94452543005072,Wusi/Kishamba,ADM3,KEN,2020,CC BY 4.0,open_supplementary_layer
GBO_OPEN_KEN_ADM3,90231094B56875495394281,90231094B56875495394281,Gesima,ADM3,KEN,2020,CC BY 4.0,open_supplementary_layer
GBO_OPEN_KEN_ADM3,90231094B76697919486518,90231094B76697919486518,Kapsasian,ADM3,KEN,2020,CC BY 4.0,open_supplementary_layer
GBO_OPEN_KEN_ADM3,90231094B95008785497710,90231094B95008785497710,Ololulung'a,ADM3,KEN,2020,CC BY 4.0,open_supplementary_layer
GBO_OPEN_KEN_ADM3,90231094B74683382640951,90231094B74683382640951,Kubo South,ADM3,KEN,2020,CC BY 4.0,open_supplementary_layer
GBO_OPEN_KEN_ADM3,90231094B1122473642374,90231094B1122473642374,Gombatobongwe,ADM3,KEN,2020,CC BY 4.0,open_supplementary_layer
GBO_OPEN_KEN_ADM3,90231094B58027541120438,90231094B58027541120438,Tirioko,ADM3,KEN,2020,CC BY 4.0,open_supplementary_layer
GBO_OPEN_KEN_ADM3,90231094B64502106125821,90231094B64502106125821,Silale,ADM3,KEN,2020,CC BY 4.0,open_supplementary_layer
GBO_OPEN_KEN_ADM3,90231094B90774889939565,90231094B90774889939565,Ribkwo,ADM3,KEN,2020,CC BY 4.0,open_supplementary_layer
GBO_OPEN_KEN_ADM3,90231094B22750057294785,90231094B22750057294785,Kolowa,ADM3,KEN,2020,CC BY 4.0,open_supplementary_layer
GBO_OPEN_KEN_ADM3,90231094B6566770506623,90231094B6566770506623,Bartabwa,ADM3,KEN,2020,CC BY 4.0,open_supplementary_layer
GBO_OPEN_KEN_ADM3,90231094B9152126213665,90231094B9152126213665,Barwessa,ADM3,KEN,2020,CC BY 4.0,open_supplementary_layer
GBO_OPEN_KEN_ADM3,90231094B59808057934242,90231094B59808057934242,Kisanana,ADM3,KEN,2020,CC BY 4.0,open_supplementary_layer
GBO_OPEN_KEN_ADM3,90231094B87239510062750,90231094B87239510062750,Mochongoi,ADM3,KEN,2020,CC BY 4.0,open_supplementary_layer
GBO_OPEN_KEN_ADM3,90231094B60742176454251,90231094B60742176454251,Mukutani,ADM3,KEN,2020,CC BY 4.0,open_supplementary_layer
GBO_OPEN_KEN_ADM3,90231094B75643044757248,90231094B75643044757248,Churo/Amaya,ADM3,KEN,2020,CC BY 4.0,open_supplementary_layer
GBO_OPEN_KEN_ADM3,90231094B4078565505100,90231094B4078565505100,Tangulbei/Korossi,ADM3,KEN,2020,CC BY 4.0,open_supplementary_layer
GBO_OPEN_KEN_ADM3,90231094B79690533193545,90231094B79690533193545,Loiyamorock,ADM3,KEN,2020,CC BY 4.0,open_supplementary_layer
GBO_OPEN_KEN_ADM3,90231094B26856641346666,90231094B26856641346666,Kabarnet,ADM3,KEN,2020,CC BY 4.0,open_supplementary_layer
GBO_OPEN_KEN_ADM3,90231094B95388386311610,90231094B95388386311610,Kapropita,ADM3,KEN,2020,CC BY 4.0,open_supplementary_layer
GBO_OPEN_KEN_ADM3,90231094B92763555437690,90231094B92763555437690,Sacho,ADM3,KEN,2020,CC BY 4.0,open_supplementary_layer
GBO_OPEN_KEN_ADM3,90231094B86811616152147,90231094B86811616152147,Tenges,ADM3,KEN,2020,CC BY 4.0,open_supplementary_layer
GBO_OPEN_KEN_ADM3,90231094B67800678810114,90231094B67800678810114,Mogotio,ADM3,KEN,2020,CC BY 4.0,open_supplementary_layer
GBO_OPEN_KEN_ADM3,90231094B71295842194052,90231094B71295842194052,Emining,ADM3,KEN,2020,CC BY 4.0,open_supplementary_layer
GBO_OPEN_KEN_ADM3,90231094B71578476945151,90231094B71578476945151,Marigat,ADM3,KEN,2020,CC BY 4.0,open_supplementary_layer
GBO_OPEN_KEN_ADM3,90231094B14329651171146,90231094B14329651171146,Ewalel Chapchap,ADM3,KEN,2020,CC BY 4.0,open_supplementary_layer
GBO_OPEN_KEN_ADM3,90231094B20136704390811,90231094B20136704390811,Saimo/Soi,ADM3,KEN,2020,CC BY 4.0,open_supplementary_layer
GBO_OPEN_KEN_ADM3,90231094B99525238742267,90231094B99525238742267,Saimo/Kipsaraman,ADM3,KEN,2020,CC BY 4.0,open_supplementary_layer
GBO_OPEN_KEN_ADM3,90231094B31774759273473,90231094B31774759273473,Kabartonjo,ADM3,KEN,2020,CC BY 4.0,open_supplementary_layer
GBO_OPEN_KEN_ADM3,90231094B62807355379928,90231094B62807355379928,Lembus,ADM3,KEN,2020,CC BY 4.0,open_supplementary_layer
GBO_OPEN_KEN_ADM3,90231094B34975680309069,90231094B34975680309069,Lembus Kwen,ADM3,KEN,2020,CC BY 4.0,open_supplementary_layer
GBO_OPEN_KEN_ADM3,90231094B7016317128366,90231094B7016317128366,Lembus/Perkerra,ADM3,KEN,2020,CC BY 4.0,open_supplementary_layer
GBO_OPEN_KEN_ADM3,90231094B43052973917419,90231094B43052973917419,Koibatek,ADM3,KEN,2020,CC BY 4.0,open_supplementary_layer
GBO_OPEN_KEN_ADM3,90231094B308132653628,90231094B308132653628,Ravine,ADM3,KEN,2020,CC BY 4.0,open_supplementary_layer
GBO_OPEN_KEN_ADM3,90231094B65253528183464,90231094B65253528183464,Mumberes/Maji Mazuri,ADM3,KEN,2020,CC BY 4.0,open_supplementary_layer
GBO_OPEN_KEN_ADM3,90231094B3144942060978,90231094B3144942060978,Sengwer,ADM3,KEN,2020,CC BY 4.0,open_supplementary_layer
GBO_OPEN_KEN_ADM3,90231094B79891074449958,90231094B79891074449958,Endo,ADM3,KEN,2020,CC BY 4.0,open_supplementary_layer
GBO_OPEN_KEN_ADM3,90231094B32192064358299,90231094B32192064358299,Embobut /Embulot,ADM3,KEN,2020,CC BY 4.0,open_supplementary_layer
GBO_OPEN_KEN_ADM3,90231094B80058409399509,90231094B80058409399509,Arror,ADM3,KEN,2020,CC BY 4.0,open_supplementary_layer
GBO_OPEN_KEN_ADM3,90231094B25728606782151,90231094B25728606782151,Cherang'Any/Chebororwa,ADM3,KEN,2020,CC BY 4.0,open_supplementary_layer
GBO_OPEN_KEN_ADM3,90231094B84533125443370,90231094B84533125443370,Lelan,ADM3,KEN,2020,CC BY 4.0,open_supplementary_layer
GBO_OPEN_KEN_ADM3,90231094B20424350857069,90231094B20424350857069,Kapyego,ADM3,KEN,2020,CC BY 4.0,open_supplementary_layer
GBO_OPEN_KEN_ADM3,90231094B51064966968258,90231094B51064966968258,Sambirir,ADM3,KEN,2020,CC BY 4.0,open_supplementary_layer
GBO_OPEN_KEN_ADM3,90231094B65597572963621,90231094B65597572963621,Kapsowar,ADM3,KEN,2020,CC BY 4.0,open_supplementary_layer
GBO_OPEN_KEN_ADM3,90231094B85220407604939,90231094B85220407604939,Moiben/Kuserwo,ADM3,KEN,2020,CC BY 4.0,open_supplementary_layer
GBO_OPEN_KEN_ADM3,90231094B45187995724527,90231094B45187995724527,Kapchemutwa,ADM3,KEN,2020,CC BY 4.0,open_supplementary_layer
GBO_OPEN_KEN_ADM3,90231094B97599398975061,90231094B97599398975061,Kamariny,ADM3,KEN,2020,CC BY 4.0,open_supplementary_layer
GBO_OPEN_KEN_ADM3,90231094B47574625062409,90231094B47574625062409,Tambach,ADM3,KEN,2020,CC BY 4.0,open_supplementary_layer
GBO_OPEN_KEN_ADM3,90231094B96611314726788,90231094B96611314726788,Soy North,ADM3,KEN,2020,CC BY 4.0,open_supplementary_layer
GBO_OPEN_KEN_ADM3,90231094B4745014234175,90231094B4745014234175,Kaptarakwa,ADM3,KEN,2020,CC BY 4.0,open_supplementary_layer
GBO_OPEN_KEN_ADM3,90231094B5662823722126,90231094B5662823722126,Kabiemit,ADM3,KEN,2020,CC BY 4.0,open_supplementary_layer
GBO_OPEN_KEN_ADM3,90231094B96171021184390,90231094B96171021184390,Metkei,ADM3,KEN,2020,CC BY 4.0,open_supplementary_layer
GBO_OPEN_KEN_ADM3,90231094B13400302643390,90231094B13400302643390,Soy South,ADM3,KEN,2020,CC BY 4.0,open_supplementary_layer
GBO_OPEN_KEN_ADM3,90231094B35839540421104,90231094B35839540421104,Chepkorio,ADM3,KEN,2020,CC BY 4.0,open_supplementary_layer
GBO_OPEN_KEN_ADM3,90231094B50830496427363,90231094B50830496427363,Jarajila,ADM3,KEN,2020,CC BY 4.0,open_supplementary_layer
GBO_OPEN_KEN_ADM3,90231094B57646512787220,90231094B57646512787220,Masalani,ADM3,KEN,2020,CC BY 4.0,open_supplementary_layer
GBO_OPEN_KEN_ADM3,90231094B72637372454847,90231094B72637372454847,Ijara,ADM3,KEN,2020,CC BY 4.0,open_supplementary_layer
GBO_OPEN_KEN_ADM3,90231094B15106599428680,90231094B15106599428680,Sangailu,ADM3,KEN,2020,CC BY 4.0,open_supplementary_layer
GBO_OPEN_KEN_ADM3,90231094B10543295467870,90231094B10543295467870,Dekaharia,ADM3,KEN,2020,CC BY 4.0,open_supplementary_layer
GBO_OPEN_KEN_ADM3,90231094B68494549551946,90231094B68494549551946,Hulugho,ADM3,KEN,2020,CC BY 4.0,open_supplementary_layer
GBO_OPEN_KEN_ADM3,90231094B41686711210326,90231094B41686711210326,Danyere,ADM3,KEN,2020,CC BY 4.0,open_supplementary_layer
GBO_OPEN_KEN_ADM3,90231094B41703258771343,90231094B41703258771343,Balambala,ADM3,KEN,2020,CC BY 4.0,open_supplementary_layer
GBO_OPEN_KEN_ADM3,90231094B20934230551073,90231094B20934230551073,Saka,ADM3,KEN,2020,CC BY 4.0,open_supplementary_layer
GBO_OPEN_KEN_ADM3,90231094B87449600047850,90231094B87449600047850,Cherab,ADM3,KEN,2020,CC BY 4.0,open_supplementary_layer
GBO_OPEN_KEN_ADM3,90231094B4411108441834,90231094B4411108441834,Sericho,ADM3,KEN,2020,CC BY 4.0,open_supplementary_layer
GBO_OPEN_KEN_ADM3,90231094B75905793271579,90231094B75905793271579,Garbatulla,ADM3,KEN,2020,CC BY 4.0,open_supplementary_layer
GBO_OPEN_KEN_ADM3,90231094B45392167662651,90231094B45392167662651,Burat,ADM3,KEN,2020,CC BY 4.0,open_supplementary_layer
GBO_OPEN_KEN_ADM3,90231094B37576073881281,90231094B37576073881281,Wabera,ADM3,KEN,2020,CC BY 4.0,open_supplementary_layer
GBO_OPEN_KEN_ADM3,90231094B94978824766258,90231094B94978824766258,Bulla Pesa,ADM3,KEN,2020,CC BY 4.0,open_supplementary_layer
GBO_OPEN_KEN_ADM3,90231094B62622797643557,90231094B62622797643557,Oldonyiro,ADM3,KEN,2020,CC BY 4.0,open_supplementary_layer
GBO_OPEN_KEN_ADM3,90231094B14909387254092,90231094B14909387254092,Ngare Mara,ADM3,KEN,2020,CC BY 4.0,open_supplementary_layer
GBO_OPEN_KEN_ADM3,90231094B50144609273926,90231094B50144609273926,Chari,ADM3,KEN,2020,CC BY 4.0,open_supplementary_layer
GBO_OPEN_KEN_ADM3,90231094B1425711712452,90231094B1425711712452,Alale,ADM3,KEN,2020,CC BY 4.0,open_supplementary_layer
GBO_OPEN_KEN_ADM3,90231094B74092188367546,90231094B74092188367546,Endugh,ADM3,KEN,2020,CC BY 4.0,open_supplementary_layer
GBO_OPEN_KEN_ADM3,90231094B34850732676477,90231094B34850732676477,Kasei,ADM3,KEN,2020,CC BY 4.0,open_supplementary_layer
GBO_OPEN_KEN_ADM3,90231094B16508730317140,90231094B16508730317140,Kiwawa,ADM3,KEN,2020,CC BY 4.0,open_supplementary_layer
GBO_OPEN_KEN_ADM3,90231094B33506971670808,90231094B33506971670808,Sekerr,ADM3,KEN,2020,CC BY 4.0,open_supplementary_layer
GBO_OPEN_KEN_ADM3,90231094B50318970953935,90231094B50318970953935,Sook,ADM3,KEN,2020,CC BY 4.0,open_supplementary_layer
GBO_OPEN_KEN_ADM3,90231094B99376029911785,90231094B99376029911785,Masool,ADM3,KEN,2020,CC BY 4.0,open_supplementary_layer
GBO_OPEN_KEN_ADM3,90231094B79906658806162,90231094B79906658806162,Lomut,ADM3,KEN,2020,CC BY 4.0,open_supplementary_layer
GBO_OPEN_KEN_ADM3,90231094B3938957786532,90231094B3938957786532,Weiwei,ADM3,KEN,2020,CC BY 4.0,open_supplementary_layer
GBO_OPEN_KEN_ADM3,90231094B7563048037543,90231094B7563048037543,Tapach,ADM3,KEN,2020,CC BY 4.0,open_supplementary_layer
GBO_OPEN_KEN_ADM3,90231094B36920148321538,90231094B36920148321538,Batei,ADM3,KEN,2020,CC BY 4.0,open_supplementary_layer
GBO_OPEN_KEN_ADM3,90231094B12999050548036,90231094B12999050548036,Chepareria,ADM3,KEN,2020,CC BY 4.0,open_supplementary_layer
GBO_OPEN_KEN_ADM3,90231094B75611678837237,90231094B75611678837237,Riwo,ADM3,KEN,2020,CC BY 4.0,open_supplementary_layer
GBO_OPEN_KEN_ADM3,90231094B6797949969185,90231094B6797949969185,Kapenguria,ADM3,KEN,2020,CC BY 4.0,open_supplementary_layer
GBO_OPEN_KEN_ADM3,90231094B16082397820864,90231094B16082397820864,Siyoi,ADM3,KEN,2020,CC BY 4.0,open_supplementary_layer
GBO_OPEN_KEN_ADM3,90231094B50291466853476,90231094B50291466853476,Lelan,ADM3,KEN,2020,CC BY 4.0,open_supplementary_layer
GBO_OPEN_KEN_ADM3,90231094B5573987448146,90231094B5573987448146,Dukana,ADM3,KEN,2020,CC BY 4.0,open_supplementary_layer
GBO_OPEN_KEN_ADM3,90231094B52894736113617,90231094B52894736113617,Uran,ADM3,KEN,2020,CC BY 4.0,open_supplementary_layer
GBO_OPEN_KEN_ADM3,90231094B82073157238535,90231094B82073157238535,Obbu,ADM3,KEN,2020,CC BY 4.0,open_supplementary_layer
GBO_OPEN_KEN_ADM3,90231094B15364119625366,90231094B15364119625366,Butiye,ADM3,KEN,2020,CC BY 4.0,open_supplementary_layer
GBO_OPEN_KEN_ADM3,90231094B59854911915600,90231094B59854911915600,Golbo,ADM3,KEN,2020,CC BY 4.0,open_supplementary_layer
GBO_OPEN_KEN_ADM3,90231094B8071195372928,90231094B8071195372928,Korr/Ngurunit,ADM3,KEN,2020,CC BY 4.0,open_supplementary_layer
GBO_OPEN_KEN_ADM3,90231094B40010710391655,90231094B40010710391655,Laisamis,ADM3,KEN,2020,CC BY 4.0,open_supplementary_layer
GBO_OPEN_KEN_ADM3,90231094B81821065805517,90231094B81821065805517,Marsabit Central,ADM3,KEN,2020,CC BY 4.0,open_supplementary_layer
GBO_OPEN_KEN_ADM3,90231094B10583428946278,90231094B10583428946278,Sagante/Jaldesa,ADM3,KEN,2020,CC BY 4.0,open_supplementary_layer
GBO_OPEN_KEN_ADM3,90231094B43646863097503,90231094B43646863097503,Maikona,ADM3,KEN,2020,CC BY 4.0,open_supplementary_layer
GBO_OPEN_KEN_ADM3,90231094B45627285106129,90231094B45627285106129,Heilu-Manyatta,ADM3,KEN,2020,CC BY 4.0,open_supplementary_layer
GBO_OPEN_KEN_ADM3,90231094B11155147435712,90231094B11155147435712,Malkamari,ADM3,KEN,2020,CC BY 4.0,open_supplementary_layer
GBO_OPEN_KEN_ADM3,90231094B42386652268110,90231094B42386652268110,Banissa,ADM3,KEN,2020,CC BY 4.0,open_supplementary_layer
GBO_OPEN_KEN_ADM3,90231094B10592988814905,90231094B10592988814905,Guba,ADM3,KEN,2020,CC BY 4.0,open_supplementary_layer
GBO_OPEN_KEN_ADM3,90231094B61673020132824,90231094B61673020132824,Derkhale,ADM3,KEN,2020,CC BY 4.0,open_supplementary_layer
GBO_OPEN_KEN_ADM3,90231094B34041538430905,90231094B34041538430905,Lag Sure,ADM3,KEN,2020,CC BY 4.0,open_supplementary_layer
GBO_OPEN_KEN_ADM3,90231094B54776946163653,90231094B54776946163653,Shimbir Fatuma,ADM3,KEN,2020,CC BY 4.0,open_supplementary_layer
GBO_OPEN_KEN_ADM3,90231094B13701931317847,90231094B13701931317847,Guticha,ADM3,KEN,2020,CC BY 4.0,open_supplementary_layer
GBO_OPEN_KEN_ADM3,90231094B21112718478028,90231094B21112718478028,Rhamu-Dimtu,ADM3,KEN,2020,CC BY 4.0,open_supplementary_layer
GBO_OPEN_KEN_ADM3,90231094B42375815256804,90231094B42375815256804,Rhamu,ADM3,KEN,2020,CC BY 4.0,open_supplementary_layer
GBO_OPEN_KEN_ADM3,90231094B2455659898349,90231094B2455659898349,Libehia,ADM3,KEN,2020,CC BY 4.0,open_supplementary_layer
GBO_OPEN_KEN_ADM3,90231094B82969564965662,90231094B82969564965662,Arabia,ADM3,KEN,2020,CC BY 4.0,open_supplementary_layer
GBO_OPEN_KEN_ADM3,90231094B29106112586504,90231094B29106112586504,Neboi,ADM3,KEN,2020,CC BY 4.0,open_supplementary_layer
GBO_OPEN_KEN_ADM3,90231094B69068920935513,90231094B69068920935513,Township,ADM3,KEN,2020,CC BY 4.0,open_supplementary_layer
GBO_OPEN_KEN_ADM3,90231094B4435459598748,90231094B4435459598748,Elwak North,ADM3,KEN,2020,CC BY 4.0,open_supplementary_layer
GBO_OPEN_KEN_ADM3,90231094B15053565703823,90231094B15053565703823,Elwak South,ADM3,KEN,2020,CC BY 4.0,open_supplementary_layer
GBO_OPEN_KEN_ADM3,90231094B40891357384624,90231094B40891357384624,Kutulo,ADM3,KEN,2020,CC BY 4.0,open_supplementary_layer
GBO_OPEN_KEN_ADM3,90231094B31921542969478,90231094B31921542969478,Morothile,ADM3,KEN,2020,CC BY 4.0,open_supplementary_layer
GBO_OPEN_KEN_ADM3,90231094B95809499762974,90231094B95809499762974,Kibish,ADM3,KEN,2020,CC BY 4.0,open_supplementary_layer
GBO_OPEN_KEN_ADM3,90231094B98691443175081,90231094B98691443175081,Lapur,ADM3,KEN,2020,CC BY 4.0,open_supplementary_layer
GBO_OPEN_KEN_ADM3,90231094B49006740348855,90231094B49006740348855,Lake Zone,ADM3,KEN,2020,CC BY 4.0,open_supplementary_layer
GBO_OPEN_KEN_ADM3,90231094B39594866350703,90231094B39594866350703,Lokichoggio,ADM3,KEN,2020,CC BY 4.0,open_supplementary_layer
GBO_OPEN_KEN_ADM3,90231094B45733652666132,90231094B45733652666132,Nanaam,ADM3,KEN,2020,CC BY 4.0,open_supplementary_layer
GBO_OPEN_KEN_ADM3,90231094B38593623107585,90231094B38593623107585,Kalobeyei,ADM3,KEN,2020,CC BY 4.0,open_supplementary_layer
GBO_OPEN_KEN_ADM3,90231094B26007033692625,90231094B26007033692625,Songot,ADM3,KEN,2020,CC BY 4.0,open_supplementary_layer
GBO_OPEN_KEN_ADM3,90231094B61120730623331,90231094B61120730623331,Lopur,ADM3,KEN,2020,CC BY 4.0,open_supplementary_layer
GBO_OPEN_KEN_ADM3,90231094B93886736481448,90231094B93886736481448,Nakalale,ADM3,KEN,2020,CC BY 4.0,open_supplementary_layer
GBO_OPEN_KEN_ADM3,90231094B54145568454186,90231094B54145568454186,Letea,ADM3,KEN,2020,CC BY 4.0,open_supplementary_layer
GBO_OPEN_KEN_ADM3,90231094B8955383295567,90231094B8955383295567,Lokiriama/Lorengippi,ADM3,KEN,2020,CC BY 4.0,open_supplementary_layer
GBO_OPEN_KEN_ADM3,90231094B6358588665866,90231094B6358588665866,Kaaleng/Kaikor,ADM3,KEN,2020,CC BY 4.0,open_supplementary_layer
GBO_OPEN_KEN_ADM3,90231094B23210221178020,90231094B23210221178020,Lodwar Township,ADM3,KEN,2020,CC BY 4.0,open_supplementary_layer
GBO_OPEN_KEN_ADM3,90231094B66638355174019,90231094B66638355174019,Kanamkemer,ADM3,KEN,2020,CC BY 4.0,open_supplementary_layer
GBO_OPEN_KEN_ADM3,90231094B26546531882406,90231094B26546531882406,Kerio Delta,ADM3,KEN,2020,CC BY 4.0,open_supplementary_layer
GBO_OPEN_KEN_ADM3,90231094B41486208378578,90231094B41486208378578,Turkwel,ADM3,KEN,2020,CC BY 4.0,open_supplementary_layer
GBO_OPEN_KEN_ADM3,90231094B14423152725018,90231094B14423152725018,Kotaruk/Lobei,ADM3,KEN,2020,CC BY 4.0,open_supplementary_layer
GBO_OPEN_KEN_ADM3,90231094B15838474651351,90231094B15838474651351,Kaputir,ADM3,KEN,2020,CC BY 4.0,open_supplementary_layer
GBO_OPEN_KEN_ADM3,90231094B9524037042459,90231094B9524037042459,Lobokat,ADM3,KEN,2020,CC BY 4.0,open_supplementary_layer
GBO_OPEN_KEN_ADM3,90231094B13029526517882,90231094B13029526517882,Lokori/Kochodin,ADM3,KEN,2020,CC BY 4.0,open_supplementary_layer
GBO_OPEN_KEN_ADM3,90231094B29407240705955,90231094B29407240705955,Korondile,ADM3,KEN,2020,CC BY 4.0,open_supplementary_layer
GBO_OPEN_KEN_ADM3,90231094B10172771319566,90231094B10172771319566,Arbajahan,ADM3,KEN,2020,CC BY 4.0,open_supplementary_layer
GBO_OPEN_KEN_ADM3,90231094B34461486647083,90231094B34461486647083,Danaba,ADM3,KEN,2020,CC BY 4.0,open_supplementary_layer
GBO_OPEN_KEN_ADM3,90231094B39386697682431,90231094B39386697682431,Elben,ADM3,KEN,2020,CC BY 4.0,open_supplementary_layer
GBO_OPEN_KEN_ADM3,90231094B11357867207525,90231094B11357867207525,Batalu,ADM3,KEN,2020,CC BY 4.0,open_supplementary_layer
GBO_OPEN_KEN_ADM3,90231094B13901379658576,90231094B13901379658576,Wargadud,ADM3,KEN,2020,CC BY 4.0,open_supplementary_layer
GBO_OPEN_KEN_ADM3,90231094B36799895308281,90231094B36799895308281,Elnur/Tula Tula,ADM3,KEN,2020,CC BY 4.0,open_supplementary_layer
GBO_OPEN_KEN_ADM3,90231094B60907897447209,90231094B60907897447209,Hadado/Athibohol,ADM3,KEN,2020,CC BY 4.0,open_supplementary_layer
GBO_OPEN_KEN_ADM3,90231094B28952361068016,90231094B28952361068016,Adamasajide,ADM3,KEN,2020,CC BY 4.0,open_supplementary_layer
GBO_OPEN_KEN_ADM3,90231094B20840041359243,90231094B20840041359243,Habasswein,ADM3,KEN,2020,CC BY 4.0,open_supplementary_layer
GBO_OPEN_KEN_ADM3,90231094B70387733768594,90231094B70387733768594,Lagboghol South,ADM3,KEN,2020,CC BY 4.0,open_supplementary_layer
GBO_OPEN_KEN_ADM3,90231094B60572030260865,90231094B60572030260865,Ibrahim Ure,ADM3,KEN,2020,CC BY 4.0,open_supplementary_layer
GBO_OPEN_KEN_ADM3,90231094B72325342113163,90231094B72325342113163,Burder,ADM3,KEN,2020,CC BY 4.0,open_supplementary_layer
GBO_OPEN_KEN_ADM3,90231094B31337609401052,90231094B31337609401052,Benane,ADM3,KEN,2020,CC BY 4.0,open_supplementary_layer
GBO_OPEN_KEN_ADM3,90231094B48241861158047,90231094B48241861158047,Diif,ADM3,KEN,2020,CC BY 4.0,open_supplementary_layer
GBO_OPEN_KEN_ADM3,90231094B82412605699197,90231094B82412605699197,Khorof/Harar,ADM3,KEN,2020,CC BY 4.0,open_supplementary_layer
GBO_OPEN_KEN_ADM3,90231094B81111734215901,90231094B81111734215901,Della,ADM3,KEN,2020,CC BY 4.0,open_supplementary_layer
GBO_OPEN_KEN_ADM3,90231094B55545371843340,90231094B55545371843340,Malkagufu,ADM3,KEN,2020,CC BY 4.0,open_supplementary_layer
GBO_OPEN_KEN_ADM3,90231094B34963932942561,90231094B34963932942561,Eldas,ADM3,KEN,2020,CC BY 4.0,open_supplementary_layer
GBO_OPEN_KEN_ADM3,90231094B71447610583720,90231094B71447610583720,Soin,ADM3,KEN,2020,CC BY 4.0,open_supplementary_layer
GBO_OPEN_KEN_ADM3,90231094B55476461175297,90231094B55476461175297,Kapkures,ADM3,KEN,2020,CC BY 4.0,open_supplementary_layer
GBO_OPEN_KEN_ADM3,90231094B84624618397998,90231094B84624618397998,Mosiro,ADM3,KEN,2020,CC BY 4.0,open_supplementary_layer
GBO_OPEN_KEN_ADM3,90231094B58832684796265,90231094B58832684796265,Suswa,ADM3,KEN,2020,CC BY 4.0,open_supplementary_layer
GBO_OPEN_KEN_ADM3,90231094B57357295226821,90231094B57357295226821,Keekonyokie,ADM3,KEN,2020,CC BY 4.0,open_supplementary_layer
GBO_OPEN_KEN_ADM3,90231094B26360477489833,90231094B26360477489833,Ikinu,ADM3,KEN,2020,CC BY 4.0,open_supplementary_layer
GBO_OPEN_KEN_ADM3,90231094B65610265701726,90231094B65610265701726,Kiuu,ADM3,KEN,2020,CC BY 4.0,open_supplementary_layer
GBO_OPEN_KEN_ADM3,90231094B64296668569495,90231094B64296668569495,Township (Kiambu),ADM3,KEN,2020,CC BY 4.0,open_supplementary_layer
GBO_OPEN_KEN_ADM3,90231094B61528492865673,90231094B61528492865673,Magadi,ADM3,KEN,2020,CC BY 4.0,open_supplementary_layer
GBO_OPEN_KEN_ADM3,90231094B28380323295716,90231094B28380323295716,Oloosirkon/Sholinke,ADM3,KEN,2020,CC BY 4.0,open_supplementary_layer
GBO_OPEN_KEN_ADM3,90231094B61773227783439,90231094B61773227783439,Kwavonza/Yatta,ADM3,KEN,2020,CC BY 4.0,open_supplementary_layer
GBO_OPEN_KEN_ADM3,90231094B16514831468358,90231094B16514831468358,Kauwi,ADM3,KEN,2020,CC BY 4.0,open_supplementary_layer
GBO_OPEN_KEN_ADM3,90231094B89677707513113,90231094B89677707513113,Mutonguni,ADM3,KEN,2020,CC BY 4.0,open_supplementary_layer
GBO_OPEN_KEN_ADM3,90231094B80872124118085,90231094B80872124118085,Kyome/Thaana,ADM3,KEN,2020,CC BY 4.0,open_supplementary_layer
GBO_OPEN_KEN_ADM3,90231094B97219492141083,90231094B97219492141083,Kisasi,ADM3,KEN,2020,CC BY 4.0,open_supplementary_layer
GBO_OPEN_KEN_ADM3,90231094B26915129615135,90231094B26915129615135,Mbitini,ADM3,KEN,2020,CC BY 4.0,open_supplementary_layer
GBO_OPEN_KEN_ADM3,90231094B76278592025196,90231094B76278592025196,Mulango,ADM3,KEN,2020,CC BY 4.0,open_supplementary_layer
GBO_OPEN_KEN_ADM3,90231094B51998711541474,90231094B51998711541474,Kisa West,ADM3,KEN,2020,CC BY 4.0,open_supplementary_layer
GBO_OPEN_KEN_ADM3,90231094B74364990820981,90231094B74364990820981,Jaribuni,ADM3,KEN,2020,CC BY 4.0,open_supplementary_layer
GBO_OPEN_KEN_ADM3,90231094B79027985820982,90231094B79027985820982,Adu,ADM3,KEN,2020,CC BY 4.0,open_supplementary_layer
GBO_OPEN_KEN_ADM3,90231094B83072869988199,90231094B83072869988199,Sokoke,ADM3,KEN,2020,CC BY 4.0,open_supplementary_layer
GBO_OPEN_KEN_ADM3,90231094B27721259606720,90231094B27721259606720,Ganze,ADM3,KEN,2020,CC BY 4.0,open_supplementary_layer
GBO_OPEN_KEN_ADM3,90231094B49829401805653,90231094B49829401805653,Mkomani,ADM3,KEN,2020,CC BY 4.0,open_supplementary_layer
GBO_OPEN_KEN_ADM3,90231094B3162789068774,90231094B3162789068774,Shella,ADM3,KEN,2020,CC BY 4.0,open_supplementary_layer
GBO_OPEN_KEN_ADM3,90231094B97548160331017,90231094B97548160331017,Hindi,ADM3,KEN,2020,CC BY 4.0,open_supplementary_layer
GBO_OPEN_KEN_ADM3,90231094B50690801025946,90231094B50690801025946,Witu,ADM3,KEN,2020,CC BY 4.0,open_supplementary_layer
GBO_OPEN_KEN_ADM3,90231094B16488416291618,90231094B16488416291618,Bahari,ADM3,KEN,2020,CC BY 4.0,open_supplementary_layer
GBO_OPEN_KEN_ADM3,90231094B91574838176519,90231094B91574838176519,Mkunumbi,ADM3,KEN,2020,CC BY 4.0,open_supplementary_layer
GBO_OPEN_KEN_ADM3,90231094B76063844147098,90231094B76063844147098,Faza,ADM3,KEN,2020,CC BY 4.0,open_supplementary_layer
GBO_OPEN_KEN_ADM3,90231094B31097315138953,90231094B31097315138953,Muvuti/Kiima-Kimwe,ADM3,KEN,2020,CC BY 4.0,open_supplementary_layer
GBO_OPEN_KEN_ADM3,90231094B15607691115357,90231094B15607691115357,Kathiani Central,ADM3,KEN,2020,CC BY 4.0,open_supplementary_layer
GBO_OPEN_KEN_ADM3,90231094B66384130921906,90231094B66384130921906,Biashara,ADM3,KEN,2020,CC BY 4.0,open_supplementary_layer
GBO_OPEN_KEN_ADM3,90231094B70186282559089,90231094B70186282559089,Chepchoina,ADM3,KEN,2020,CC BY 4.0,open_supplementary_layer
GBO_OPEN_KEN_ADM3,90231094B1053353924278,90231094B1053353924278,Matumbei,ADM3,KEN,2020,CC BY 4.0,open_supplementary_layer
GBO_OPEN_KEN_ADM3,90231094B49540209977543,90231094B49540209977543,Kapomboi,ADM3,KEN,2020,CC BY 4.0,open_supplementary_layer
GBO_OPEN_KEN_ADM3,90231094B96656984571592,90231094B96656984571592,Mnagei,ADM3,KEN,2020,CC BY 4.0,open_supplementary_layer
GBO_OPEN_KEN_ADM3,90231094B59213819963131,90231094B59213819963131,Keiyo,ADM3,KEN,2020,CC BY 4.0,open_supplementary_layer
GBO_OPEN_KEN_ADM3,90231094B27841104836876,90231094B27841104836876,Kwanza,ADM3,KEN,2020,CC BY 4.0,open_supplementary_layer
GBO_OPEN_KEN_ADM3,90231094B95508678595013,90231094B95508678595013,Motosiet,ADM3,KEN,2020,CC BY 4.0,open_supplementary_layer
GBO_OPEN_KEN_ADM3,90231094B92105693321755,90231094B92105693321755,Cherangany/Suwerwa,ADM3,KEN,2020,CC BY 4.0,open_supplementary_layer
GBO_OPEN_KEN_ADM3,90231094B56485842103450,90231094B56485842103450,Nabiswa,ADM3,KEN,2020,CC BY 4.0,open_supplementary_layer
GBO_OPEN_KEN_ADM3,90231094B8062474215507,90231094B8062474215507,Waitaluk,ADM3,KEN,2020,CC BY 4.0,open_supplementary_layer
GBO_OPEN_KEN_ADM3,90231094B82193177345915,90231094B82193177345915,Kiminini,ADM3,KEN,2020,CC BY 4.0,open_supplementary_layer
GBO_OPEN_KEN_ADM3,90231094B66393116459679,90231094B66393116459679,Kanyasa,ADM3,KEN,2020,CC BY 4.0,open_supplementary_layer
GBO_OPEN_KEN_ADM3,90231094B3639654472468,90231094B3639654472468,North Kadem,ADM3,KEN,2020,CC BY 4.0,open_supplementary_layer
GBO_OPEN_KEN_ADM3,90231094B75442846444221,90231094B75442846444221,Got Kachola,ADM3,KEN,2020,CC BY 4.0,open_supplementary_layer
GBO_OPEN_KEN_ADM3,90231094B16799660210586,90231094B16799660210586,Muhuru,ADM3,KEN,2020,CC BY 4.0,open_supplementary_layer
GBO_OPEN_KEN_ADM3,90231094B3944785235307,90231094B3944785235307,Macalder/Kanyarwanda,ADM3,KEN,2020,CC BY 4.0,open_supplementary_layer
GBO_OPEN_KEN_ADM3,90231094B87308128749429,90231094B87308128749429,East Kamagambo,ADM3,KEN,2020,CC BY 4.0,open_supplementary_layer
GBO_OPEN_KEN_ADM3,90231094B44097608842403,90231094B44097608842403,Mweiga,ADM3,KEN,2020,CC BY 4.0,open_supplementary_layer
GBO_OPEN_KEN_ADM3,90231094B16944892781111,90231094B16944892781111,Nyiro,ADM3,KEN,2020,CC BY 4.0,open_supplementary_layer
GBO_OPEN_KEN_ADM3,90231094B52652220782701,90231094B52652220782701,Waso,ADM3,KEN,2020,CC BY 4.0,open_supplementary_layer
GBO_OPEN_KEN_ADM3,90231094B82036966044005,90231094B82036966044005,Wamba East,ADM3,KEN,2020,CC BY 4.0,open_supplementary_layer
GBO_OPEN_KEN_ADM3,90231094B96755030800244,90231094B96755030800244,Wamba West,ADM3,KEN,2020,CC BY 4.0,open_supplementary_layer
GBO_OPEN_KEN_ADM3,90231094B91795569302668,90231094B91795569302668,Nachola,ADM3,KEN,2020,CC BY 4.0,open_supplementary_layer
GBO_OPEN_KEN_ADM3,90231094B97296318625141,90231094B97296318625141,Maralal,ADM3,KEN,2020,CC BY 4.0,open_supplementary_layer
GBO_OPEN_KEN_ADM3,90231094B72746936744105,90231094B72746936744105,Baawa,ADM3,KEN,2020,CC BY 4.0,open_supplementary_layer
GBO_OPEN_KEN_ADM3,90231094B3380357230766,90231094B3380357230766,Lodokejek,ADM3,KEN,2020,CC BY 4.0,open_supplementary_layer
GBO_OPEN_KEN_ADM3,90231094B198751423848,90231094B198751423848,Suguta Marmar,ADM3,KEN,2020,CC BY 4.0,open_supplementary_layer
GBO_OPEN_KEN_ADM3,90231094B35618945672487,90231094B35618945672487,Wamba North,ADM3,KEN,2020,CC BY 4.0,open_supplementary_layer
GBO_OPEN_KEN_ADM3,90231094B42007022907711,90231094B42007022907711,Yimbo East,ADM3,KEN,2020,CC BY 4.0,open_supplementary_layer
GBO_OPEN_KEN_ADM3,90231094B20493135622112,90231094B20493135622112,Wundanyi/Mbale,ADM3,KEN,2020,CC BY 4.0,open_supplementary_layer
GBO_OPEN_KEN_ADM3,90231094B22679904250898,90231094B22679904250898,Mwatate,ADM3,KEN,2020,CC BY 4.0,open_supplementary_layer
GBO_OPEN_KEN_ADM3,90231094B40804705213205,90231094B40804705213205,Garsen South,ADM3,KEN,2020,CC BY 4.0,open_supplementary_layer
GBO_OPEN_KEN_ADM3,90231094B4667805206560,90231094B4667805206560,Kipini West,ADM3,KEN,2020,CC BY 4.0,open_supplementary_layer
GBO_OPEN_KEN_ADM3,90231094B92589384062136,90231094B92589384062136,Tarakwa,ADM3,KEN,2020,CC BY 4.0,open_supplementary_layer
GBO_OPEN_KEN_ADM3,90231094B34846182332133,90231094B34846182332133,West Gem,ADM3,KEN,2020,CC BY 4.0,open_supplementary_layer
GBO_OPEN_KEN_ADM3,90231094B17936575675051,90231094B17936575675051,Homa Bay Central,ADM3,KEN,2020,CC BY 4.0,open_supplementary_layer
GBO_OPEN_KEN_ADM3,90231094B31356554341077,90231094B31356554341077,Homa Bay Arujo,ADM3,KEN,2020,CC BY 4.0,open_supplementary_layer
GBO_OPEN_KEN_ADM3,90231094B483013018213,90231094B483013018213,Thegu River,ADM3,KEN,2020,CC BY 4.0,open_supplementary_layer
GBO_OPEN_KEN_ADM3,90231094B81681054268250,90231094B81681054268250,North Kinangop,ADM3,KEN,2020,CC BY 4.0,open_supplementary_layer
GBO_OPEN_KEN_ADM3,90231094B94949823488220,90231094B94949823488220,Gathara,ADM3,KEN,2020,CC BY 4.0,open_supplementary_layer
GBO_OPEN_KEN_ADM3,90231094B81458023675942,90231094B81458023675942,Kangari,ADM3,KEN,2020,CC BY 4.0,open_supplementary_layer
GBO_OPEN_KEN_ADM3,90231094B42430078260460,90231094B42430078260460,Njabini/Kiburu,ADM3,KEN,2020,CC BY 4.0,open_supplementary_layer
GBO_OPEN_KEN_ADM3,90231094B96514278339893,90231094B96514278339893,Leshau Pondo,ADM3,KEN,2020,CC BY 4.0,open_supplementary_layer
GBO_OPEN_KEN_ADM3,90231094B31364631412409,90231094B31364631412409,Gathanji,ADM3,KEN,2020,CC BY 4.0,open_supplementary_layer
GBO_OPEN_KEN_ADM3,90231094B38618207172635,90231094B38618207172635,Igwamiti,ADM3,KEN,2020,CC BY 4.0,open_supplementary_layer
GBO_OPEN_KEN_ADM3,90231094B85176906120151,90231094B85176906120151,Kinale,ADM3,KEN,2020,CC BY 4.0,open_supplementary_layer
GBO_OPEN_KEN_ADM3,90231094B5070202757092,90231094B5070202757092,Bamba,ADM3,KEN,2020,CC BY 4.0,open_supplementary_layer
GBO_OPEN_KEN_ADM3,90231094B33854661794968,90231094B33854661794968,Kalama,ADM3,KEN,2020,CC BY 4.0,open_supplementary_layer
GBO_OPEN_KEN_ADM3,90231094B49347940279901,90231094B49347940279901,Kola,ADM3,KEN,2020,CC BY 4.0,open_supplementary_layer
GBO_OPEN_KEN_ADM3,90231094B78073170869986,90231094B78073170869986,Kiima Kiu/Kalanzoni,ADM3,KEN,2020,CC BY 4.0,open_supplementary_layer
GBO_OPEN_KEN_ADM3,90231094B96583318858986,90231094B96583318858986,Kayafungo,ADM3,KEN,2020,CC BY 4.0,open_supplementary_layer
GBO_OPEN_KEN_ADM3,90231094B74174267861403,90231094B74174267861403,Mwavumbo,ADM3,KEN,2020,CC BY 4.0,open_supplementary_layer
GBO_OPEN_KEN_ADM3,90231094B77730618604923,90231094B77730618604923,Mtongwe,ADM3,KEN,2020,CC BY 4.0,open_supplementary_layer
GBO_OPEN_KEN_ADM3,90231094B42296848001898,90231094B42296848001898,Miritini,ADM3,KEN,2020,CC BY 4.0,open_supplementary_layer
GBO_OPEN_KEN_ADM3,90231094B85054927413946,90231094B85054927413946,Airport,ADM3,KEN,2020,CC BY 4.0,open_supplementary_layer
GBO_OPEN_KEN_ADM3,90231094B99163875710569,90231094B99163875710569,Port Reitz,ADM3,KEN,2020,CC BY 4.0,open_supplementary_layer
GBO_OPEN_KEN_ADM3,90231094B64562389048978,90231094B64562389048978,Chaani,ADM3,KEN,2020,CC BY 4.0,open_supplementary_layer
GBO_OPEN_KEN_ADM3,90231094B83083567324132,90231094B83083567324132,Changamwe,ADM3,KEN,2020,CC BY 4.0,open_supplementary_layer
GBO_OPEN_KEN_ADM3,90231094B99461756153862,90231094B99461756153862,Mikindani,ADM3,KEN,2020,CC BY 4.0,open_supplementary_layer
GBO_OPEN_KEN_ADM3,90231094B64458881618568,90231094B64458881618568,Jomvu Kuu,ADM3,KEN,2020,CC BY 4.0,open_supplementary_layer
GBO_OPEN_KEN_ADM3,90231094B58301177513460,90231094B58301177513460,Bofu,ADM3,KEN,2020,CC BY 4.0,open_supplementary_layer
GBO_OPEN_KEN_ADM3,90231094B53826006096886,90231094B53826006096886,Timbwani,ADM3,KEN,2020,CC BY 4.0,open_supplementary_layer
GBO_OPEN_KEN_ADM3,90231094B79201130567879,90231094B79201130567879,Likoni,ADM3,KEN,2020,CC BY 4.0,open_supplementary_layer
GBO_OPEN_KEN_ADM3,90231094B50040662111445,90231094B50040662111445,Shimanzi/Ganjoni,ADM3,KEN,2020,CC BY 4.0,open_supplementary_layer
GBO_OPEN_KEN_ADM3,90231094B62591193365803,90231094B62591193365803,Mji Wa Kale/Makadara,ADM3,KEN,2020,CC BY 4.0,open_supplementary_layer
GBO_OPEN_KEN_ADM3,90231094B4243937564497,90231094B4243937564497,Tononoka,ADM3,KEN,2020,CC BY 4.0,open_supplementary_layer
GBO_OPEN_KEN_ADM3,90231094B59448072626581,90231094B59448072626581,Tudor,ADM3,KEN,2020,CC BY 4.0,open_supplementary_layer
GBO_OPEN_KEN_ADM3,90231094B5596768227556,90231094B5596768227556,Mjambere,ADM3,KEN,2020,CC BY 4.0,open_supplementary_layer
GBO_OPEN_KEN_ADM3,90231094B73115484064442,90231094B73115484064442,Magogoni,ADM3,KEN,2020,CC BY 4.0,open_supplementary_layer
GBO_OPEN_KEN_ADM3,90231094B71459874041084,90231094B71459874041084,Bamburi,ADM3,KEN,2020,CC BY 4.0,open_supplementary_layer
GBO_OPEN_KEN_ADM3,90231094B25057966608571,90231094B25057966608571,Shanzu,ADM3,KEN,2020,CC BY 4.0,open_supplementary_layer
GBO_OPEN_KEN_ADM3,90231094B89551563413502,90231094B89551563413502,Kadzandani,ADM3,KEN,2020,CC BY 4.0,open_supplementary_layer
GBO_OPEN_KEN_ADM3,90231094B10212865075975,90231094B10212865075975,Ziwa La Ng'ombe,ADM3,KEN,2020,CC BY 4.0,open_supplementary_layer
GBO_OPEN_KEN_ADM3,90231094B84439727334131,90231094B84439727334131,Kongowea,ADM3,KEN,2020,CC BY 4.0,open_supplementary_layer
GBO_OPEN_KEN_ADM3,90231094B88183851716757,90231094B88183851716757,Mkomani,ADM3,KEN,2020,CC BY 4.0,open_supplementary_layer
GBO_OPEN_KEN_ADM3,90231094B50090468631978,90231094B50090468631978,Frere Town,ADM3,KEN,2020,CC BY 4.0,open_supplementary_layer
GBO_OPEN_KEN_ADM3,90231094B58206739469140,90231094B58206739469140,Junda,ADM3,KEN,2020,CC BY 4.0,open_supplementary_layer
GBO_OPEN_KEN_ADM3,90231094B28234828186900,90231094B28234828186900,Karen,ADM3,KEN,2020,CC BY 4.0,open_supplementary_layer
GBO_OPEN_KEN_ADM3,90231094B93415024320369,90231094B93415024320369,Mwiki,ADM3,KEN,2020,CC BY 4.0,open_supplementary_layer
GBO_OPEN_KEN_ADM3,90231094B7265929085660,90231094B7265929085660,Ngara,ADM3,KEN,2020,CC BY 4.0,open_supplementary_layer
GBO_OPEN_KEN_ADM3,90231094B68006744702142,90231094B68006744702142,Zimmerman,ADM3,KEN,2020,CC BY 4.0,open_supplementary_layer
GBO_OPEN_KEN_ADM3,90231094B44012764954118,90231094B44012764954118,Kahawa West,ADM3,KEN,2020,CC BY 4.0,open_supplementary_layer
GBO_OPEN_KEN_ADM3,90231094B36765757204694,90231094B36765757204694,Claycity,ADM3,KEN,2020,CC BY 4.0,open_supplementary_layer
GBO_OPEN_KEN_ADM3,90231094B17116341604786,90231094B17116341604786,Mwiki,ADM3,KEN,2020,CC BY 4.0,open_supplementary_layer
GBO_OPEN_KEN_ADM3,90231094B9567450915557,90231094B9567450915557,Nairobi South,ADM3,KEN,2020,CC BY 4.0,open_supplementary_layer
GBO_OPEN_KEN_ADM3,90231094B61897557041825,90231094B61897557041825,Imara Daima,ADM3,KEN,2020,CC BY 4.0,open_supplementary_layer
GBO_OPEN_KEN_ADM3,90231094B48364963430790,90231094B48364963430790,Utawala,ADM3,KEN,2020,CC BY 4.0,open_supplementary_layer
GBO_OPEN_KEN_ADM3,90231094B93374851828242,90231094B93374851828242,Upper Savannah,ADM3,KEN,2020,CC BY 4.0,open_supplementary_layer
GBO_OPEN_KEN_ADM3,90231094B7983615949275,90231094B7983615949275,South-C,ADM3,KEN,2020,CC BY 4.0,open_supplementary_layer
GBO_OPEN_KEN_ADM3,90231094B63879020175470,90231094B63879020175470,Kwa Reuben,ADM3,KEN,2020,CC BY 4.0,open_supplementary_layer
GBO_OPEN_KEN_ADM3,90231094B61454891921323,90231094B61454891921323,Kware,ADM3,KEN,2020,CC BY 4.0,open_supplementary_layer
GBO_OPEN_KEN_ADM3,90231094B25872239047868,90231094B25872239047868,Pipeline,ADM3,KEN,2020,CC BY 4.0,open_supplementary_layer
GBO_OPEN_KEN_ADM3,90231094B43642308248715,90231094B43642308248715,Embakasi,ADM3,KEN,2020,CC BY 4.0,open_supplementary_layer
GBO_OPEN_KEN_ADM3,90231094B44832226056172,90231094B44832226056172,Roysambu,ADM3,KEN,2020,CC BY 4.0,open_supplementary_layer
GBO_OPEN_KEN_ADM3,90231094B51186278717161,90231094B51186278717161,Mlango Kubwa,ADM3,KEN,2020,CC BY 4.0,open_supplementary_layer
GBO_OPEN_KEN_ADM3,90231094B66543307554881,90231094B66543307554881,California,ADM3,KEN,2020,CC BY 4.0,open_supplementary_layer
GBO_OPEN_KEN_ADM3,90231094B55713405183235,90231094B55713405183235,Eastleigh North,ADM3,KEN,2020,CC BY 4.0,open_supplementary_layer
GBO_OPEN_KEN_ADM3,90231094B87847943139264,90231094B87847943139264,Eastleigh South,ADM3,KEN,2020,CC BY 4.0,open_supplementary_layer
GBO_OPEN_KEN_ADM3,90231094B26747583601477,90231094B26747583601477,Maringo/Hamza,ADM3,KEN,2020,CC BY 4.0,open_supplementary_layer
GBO_OPEN_KEN_ADM3,90231094B40547391501611,90231094B40547391501611,Makongeni,ADM3,KEN,2020,CC BY 4.0,open_supplementary_layer
GBO_OPEN_KEN_ADM3,90231094B77539692528751,90231094B77539692528751,Mowlem,ADM3,KEN,2020,CC BY 4.0,open_supplementary_layer
GBO_OPEN_KEN_ADM3,90231094B70314662997275,90231094B70314662997275,Kariobangi South,ADM3,KEN,2020,CC BY 4.0,open_supplementary_layer
GBO_OPEN_KEN_ADM3,90231094B17423441644978,90231094B17423441644978,Airbase,ADM3,KEN,2020,CC BY 4.0,open_supplementary_layer
GBO_OPEN_KEN_ADM3,90231094B17471811685292,90231094B17471811685292,Matopeni,ADM3,KEN,2020,CC BY 4.0,open_supplementary_layer
GBO_OPEN_KEN_ADM3,90231094B80460012931648,90231094B80460012931648,Kayole Central,ADM3,KEN,2020,CC BY 4.0,open_supplementary_layer
GBO_OPEN_KEN_ADM3,90231094B57555843260012,90231094B57555843260012,Kariobangi North,ADM3,KEN,2020,CC BY 4.0,open_supplementary_layer
GBO_OPEN_KEN_ADM3,90231094B37183916008849,90231094B37183916008849,Huruma,ADM3,KEN,2020,CC BY 4.0,open_supplementary_layer
GBO_OPEN_KEN_ADM3,90231094B63545294810958,90231094B63545294810958,Ngei,ADM3,KEN,2020,CC BY 4.0,open_supplementary_layer
GBO_OPEN_KEN_ADM3,90231094B36756678621315,90231094B36756678621315,Hospital,ADM3,KEN,2020,CC BY 4.0,open_supplementary_layer
GBO_OPEN_KEN_ADM3,90231094B96061642152429,90231094B96061642152429,Mabatini,ADM3,KEN,2020,CC BY 4.0,open_supplementary_layer
GBO_OPEN_KEN_ADM3,90231094B17197411386786,90231094B17197411386786,Kiamaiko,ADM3,KEN,2020,CC BY 4.0,open_supplementary_layer
GBO_OPEN_KEN_ADM3,90231094B98620904514184,90231094B98620904514184,Kawangware,ADM3,KEN,2020,CC BY 4.0,open_supplementary_layer
GBO_OPEN_KEN_ADM3,90231094B82505048798604,90231094B82505048798604,Mathare North,ADM3,KEN,2020,CC BY 4.0,open_supplementary_layer
GBO_OPEN_KEN_ADM3,90231094B96669676588583,90231094B96669676588583,Lucky Summer,ADM3,KEN,2020,CC BY 4.0,open_supplementary_layer
GBO_OPEN_KEN_ADM3,90231094B54169203570913,90231094B54169203570913,Pumwani,ADM3,KEN,2020,CC BY 4.0,open_supplementary_layer
GBO_OPEN_KEN_ADM3,90231094B96835583462414,90231094B96835583462414,Nairobi Central,ADM3,KEN,2020,CC BY 4.0,open_supplementary_layer
GBO_OPEN_KEN_ADM3,90231094B87222810635114,90231094B87222810635114,Pangani,ADM3,KEN,2020,CC BY 4.0,open_supplementary_layer
GBO_OPEN_KEN_ADM3,90231094B46732073330793,90231094B46732073330793,Lakoley South/Basir,ADM3,KEN,2020,CC BY 4.0,open_supplementary_layer
GBO_OPEN_KEN_ADM3,90231094B85811675730952,90231094B85811675730952,Wagberi,ADM3,KEN,2020,CC BY 4.0,open_supplementary_layer
GBO_OPEN_KEN_ADM3,90231094B52228528523900,90231094B52228528523900,Takaba South,ADM3,KEN,2020,CC BY 4.0,open_supplementary_layer
GBO_OPEN_KEN_ADM3,90231094B1130354840498,90231094B1130354840498,Ashabito,ADM3,KEN,2020,CC BY 4.0,open_supplementary_layer
GBO_OPEN_KEN_ADM3,90231094B25547960705909,90231094B25547960705909,Wargudud,ADM3,KEN,2020,CC BY 4.0,open_supplementary_layer
GBO_OPEN_KEN_ADM3,90231094B30518940868774,90231094B30518940868774,Bulla Mpya,ADM3,KEN,2020,CC BY 4.0,open_supplementary_layer
GBO_OPEN_KEN_ADM3,90231094B35553561799419,90231094B35553561799419,Khalalio,ADM3,KEN,2020,CC BY 4.0,open_supplementary_layer
GBO_OPEN_KEN_ADM3,90231094B36492978778614,90231094B36492978778614,Turbi,ADM3,KEN,2020,CC BY 4.0,open_supplementary_layer
GBO_OPEN_KEN_ADM3,90231094B9458721871414,90231094B9458721871414,Log Logo,ADM3,KEN,2020,CC BY 4.0,open_supplementary_layer
GBO_OPEN_KEN_ADM3,90231094B74485578386276,90231094B74485578386276,North Horr,ADM3,KEN,2020,CC BY 4.0,open_supplementary_layer
GBO_OPEN_KEN_ADM3,90231094B35587150155895,90231094B35587150155895,Abakaile,ADM3,KEN,2020,CC BY 4.0,open_supplementary_layer
GBO_OPEN_KEN_ADM3,90231094B59812408085136,90231094B59812408085136,Garsen West,ADM3,KEN,2020,CC BY 4.0,open_supplementary_layer
GBO_OPEN_KEN_ADM3,90231094B56956308917573,90231094B56956308917573,Loima,ADM3,KEN,2020,CC BY 4.0,open_supplementary_layer
GBO_OPEN_KEN_ADM3,90231094B59493391058003,90231094B59493391058003,Kaeris,ADM3,KEN,2020,CC BY 4.0,open_supplementary_layer
GBO_OPEN_KEN_ADM3,90231094B83090338457236,90231094B83090338457236,Kalokol,ADM3,KEN,2020,CC BY 4.0,open_supplementary_layer
GBO_OPEN_KEN_ADM3,90231094B28393661506191,90231094B28393661506191,Mwakirunge,ADM3,KEN,2020,CC BY 4.0,open_supplementary_layer
GBO_OPEN_KEN_ADM3,90231094B48547253748269,90231094B48547253748269,Mwereni,ADM3,KEN,2020,CC BY 4.0,open_supplementary_layer
GBO_OPEN_KEN_ADM3,90231094B45675240263138,90231094B45675240263138,Nadavaya,ADM3,KEN,2020,CC BY 4.0,open_supplementary_layer
GBO_OPEN_KEN_ADM3,90231094B43153475515982,90231094B43153475515982,Mata,ADM3,KEN,2020,CC BY 4.0,open_supplementary_layer
GBO_OPEN_KEN_ADM3,90231094B93801899090558,90231094B93801899090558,Kakuyuni,ADM3,KEN,2020,CC BY 4.0,open_supplementary_layer
GBO_OPEN_KEN_ADM3,90231094B60922718012098,90231094B60922718012098,Jilore,ADM3,KEN,2020,CC BY 4.0,open_supplementary_layer
GBO_OPEN_KEN_ADM3,90231094B67796751406979,90231094B67796751406979,Dabaso,ADM3,KEN,2020,CC BY 4.0,open_supplementary_layer
GBO_OPEN_KEN_ADM3,90231094B69670794193603,90231094B69670794193603,Matsangoni,ADM3,KEN,2020,CC BY 4.0,open_supplementary_layer
GBO_OPEN_KEN_ADM3,90231094B26749028120525,90231094B26749028120525,Kibirichia,ADM3,KEN,2020,CC BY 4.0,open_supplementary_layer
GBO_OPEN_KEN_ADM3,90231094B10964531420930,90231094B10964531420930,Municipality,ADM3,KEN,2020,CC BY 4.0,open_supplementary_layer
GBO_OPEN_KEN_ADM3,90231094B95201658788820,90231094B95201658788820,Nyaki West,ADM3,KEN,2020,CC BY 4.0,open_supplementary_layer
GBO_OPEN_KEN_ADM3,90231094B9047214790937,90231094B9047214790937,Njia,ADM3,KEN,2020,CC BY 4.0,open_supplementary_layer
GBO_OPEN_KEN_ADM3,90231094B44670775789925,90231094B44670775789925,Karama,ADM3,KEN,2020,CC BY 4.0,open_supplementary_layer
GBO_OPEN_KEN_ADM3,90231094B89961599488286,90231094B89961599488286,Kangeta,ADM3,KEN,2020,CC BY 4.0,open_supplementary_layer
GBO_OPEN_KEN_ADM3,90231094B43848143673625,90231094B43848143673625,Maua,ADM3,KEN,2020,CC BY 4.0,open_supplementary_layer
GBO_OPEN_KEN_ADM3,90231094B69206400237129,90231094B69206400237129,Athiru Ruujine,ADM3,KEN,2020,CC BY 4.0,open_supplementary_layer
GBO_OPEN_KEN_ADM3,90231094B80568707613715,90231094B80568707613715,Igembe East,ADM3,KEN,2020,CC BY 4.0,open_supplementary_layer
GBO_OPEN_KEN_ADM3,90231094B34220797611835,90231094B34220797611835,Akachiu,ADM3,KEN,2020,CC BY 4.0,open_supplementary_layer
GBO_OPEN_KEN_ADM3,90231094B98009720165770,90231094B98009720165770,Kiegoi/Antubochiu,ADM3,KEN,2020,CC BY 4.0,open_supplementary_layer
GBO_OPEN_KEN_ADM3,90231094B50182264319154,90231094B50182264319154,Kiguchwa,ADM3,KEN,2020,CC BY 4.0,open_supplementary_layer
GBO_OPEN_KEN_ADM3,90231094B77196799962190,90231094B77196799962190,Mitunguu,ADM3,KEN,2020,CC BY 4.0,open_supplementary_layer
GBO_OPEN_KEN_ADM3,90231094B10751092204414,90231094B10751092204414,Machakos Central,ADM3,KEN,2020,CC BY 4.0,open_supplementary_layer
GBO_OPEN_KEN_ADM3,90231094B68260678190414,90231094B68260678190414,Upper Kaewa/Iveti,ADM3,KEN,2020,CC BY 4.0,open_supplementary_layer
GBO_OPEN_KEN_ADM3,90231094B57009963808591,90231094B57009963808591,Mutituni,ADM3,KEN,2020,CC BY 4.0,open_supplementary_layer
GBO_OPEN_KEN_ADM3,90231094B57611098249018,90231094B57611098249018,Kinanie,ADM3,KEN,2020,CC BY 4.0,open_supplementary_layer
GBO_OPEN_KEN_ADM3,90231094B20144998354532,90231094B20144998354532,Mua,ADM3,KEN,2020,CC BY 4.0,open_supplementary_layer
GBO_OPEN_KEN_ADM3,90231094B41890440099263,90231094B41890440099263,Ntima West,ADM3,KEN,2020,CC BY 4.0,open_supplementary_layer
GBO_OPEN_KEN_ADM3,90231094B72118648670211,90231094B72118648670211,Kanuni,ADM3,KEN,2020,CC BY 4.0,open_supplementary_layer
GBO_OPEN_KEN_ADM3,90231094B32713333602536,90231094B32713333602536,Athiru Gaiti,ADM3,KEN,2020,CC BY 4.0,open_supplementary_layer
GBO_OPEN_KEN_ADM3,90231094B85675288291610,90231094B85675288291610,Tseikuru,ADM3,KEN,2020,CC BY 4.0,open_supplementary_layer
GBO_OPEN_KEN_ADM3,90231094B49000099472466,90231094B49000099472466,Kinna,ADM3,KEN,2020,CC BY 4.0,open_supplementary_layer
GBO_OPEN_KEN_ADM3,90231094B93161337479728,90231094B93161337479728,Ngomeni,ADM3,KEN,2020,CC BY 4.0,open_supplementary_layer
GBO_OPEN_KEN_ADM3,90231094B77596399094353,90231094B77596399094353,Nguni,ADM3,KEN,2020,CC BY 4.0,open_supplementary_layer
GBO_OPEN_KEN_ADM3,90231094B59553584497257,90231094B59553584497257,Wayu,ADM3,KEN,2020,CC BY 4.0,open_supplementary_layer
GBO_OPEN_KEN_ADM3,90231094B11115890511980,90231094B11115890511980,Bura,ADM3,KEN,2020,CC BY 4.0,open_supplementary_layer
GBO_OPEN_KEN_ADM3,90231094B42177095563312,90231094B42177095563312,Chewele,ADM3,KEN,2020,CC BY 4.0,open_supplementary_layer
GBO_OPEN_KEN_ADM3,90231094B3095288404500,90231094B3095288404500,Chewani,ADM3,KEN,2020,CC BY 4.0,open_supplementary_layer
GBO_OPEN_KEN_ADM3,90231094B58730715290667,90231094B58730715290667,Township,ADM3,KEN,2020,CC BY 4.0,open_supplementary_layer
GBO_OPEN_KEN_ADM3,90231094B96999230187061,90231094B96999230187061,Waberi,ADM3,KEN,2020,CC BY 4.0,open_supplementary_layer
GBO_OPEN_KEN_ADM3,90231094B21427075108800,90231094B21427075108800,Galbet,ADM3,KEN,2020,CC BY 4.0,open_supplementary_layer
GBO_OPEN_KEN_ADM3,90231094B77043567538049,90231094B77043567538049,Goreale,ADM3,KEN,2020,CC BY 4.0,open_supplementary_layer
GBO_OPEN_KEN_ADM3,90231094B58083065186957,90231094B58083065186957,Baraki,ADM3,KEN,2020,CC BY 4.0,open_supplementary_layer
GBO_OPEN_KEN_ADM3,90231094B54430027199005,90231094B54430027199005,Sabena,ADM3,KEN,2020,CC BY 4.0,open_supplementary_layer
GBO_OPEN_KEN_ADM3,90231094B76948061387022,90231094B76948061387022,Modogashe,ADM3,KEN,2020,CC BY 4.0,open_supplementary_layer
GBO_OPEN_KEN_ADM3,90231094B15855189512701,90231094B15855189512701,Benane,ADM3,KEN,2020,CC BY 4.0,open_supplementary_layer
GBO_OPEN_KEN_ADM3,90231094B35283045834360,90231094B35283045834360,Maalimin,ADM3,KEN,2020,CC BY 4.0,open_supplementary_layer
GBO_OPEN_KEN_ADM3,90231094B88795697923048,90231094B88795697923048,Karai,ADM3,KEN,2020,CC BY 4.0,open_supplementary_layer
GBO_OPEN_KEN_ADM3,90231094B39232285567531,90231094B39232285567531,Ewuaso Oonkidong'I,ADM3,KEN,2020,CC BY 4.0,open_supplementary_layer
GBO_OPEN_KEN_ADM3,90231094B19849704373856,90231094B19849704373856,Ngong,ADM3,KEN,2020,CC BY 4.0,open_supplementary_layer
GBO_OPEN_KEN_ADM3,90231094B8400043259131,90231094B8400043259131,Oloolua,ADM3,KEN,2020,CC BY 4.0,open_supplementary_layer
GBO_OPEN_KEN_ADM3,90231094B40535610394478,90231094B40535610394478,Olkeri,ADM3,KEN,2020,CC BY 4.0,open_supplementary_layer
GBO_OPEN_KEN_ADM3,90231094B78016199651144,90231094B78016199651144,Muguga,ADM3,KEN,2020,CC BY 4.0,open_supplementary_layer
GBO_OPEN_KEN_ADM3,90231094B94932149101646,90231094B94932149101646,Limuru Central,ADM3,KEN,2020,CC BY 4.0,open_supplementary_layer
GBO_OPEN_KEN_ADM3,90231094B27536421443134,90231094B27536421443134,Kahawa Sukari,ADM3,KEN,2020,CC BY 4.0,open_supplementary_layer
GBO_OPEN_KEN_ADM3,90231094B744937639780,90231094B744937639780,Matinyani,ADM3,KEN,2020,CC BY 4.0,open_supplementary_layer
GBO_OPEN_KEN_ADM3,90231094B20971465072809,90231094B20971465072809,Miambani,ADM3,KEN,2020,CC BY 4.0,open_supplementary_layer
GBO_OPEN_KEN_ADM3,90231094B97098096380201,90231094B97098096380201,Kyangwithya West,ADM3,KEN,2020,CC BY 4.0,open_supplementary_layer
GBO_OPEN_KEN_ADM3,90231094B98943541744465,90231094B98943541744465,Township,ADM3,KEN,2020,CC BY 4.0,open_supplementary_layer
GBO_OPEN_KEN_ADM3,90231094B88786494923929,90231094B88786494923929,Kyangwithya East,ADM3,KEN,2020,CC BY 4.0,open_supplementary_layer
GBO_OPEN_KEN_ADM3,90231094B41610897741324,90231094B41610897741324,Sagamian,ADM3,KEN,2020,CC BY 4.0,open_supplementary_layer
GBO_OPEN_KEN_ADM3,90231094B2802826555940,90231094B2802826555940,Ilmotiok,ADM3,KEN,2020,CC BY 4.0,open_supplementary_layer
GBO_OPEN_KEN_ADM3,90231094B56093168705612,90231094B56093168705612,Olokurto,ADM3,KEN,2020,CC BY 4.0,open_supplementary_layer
GBO_OPEN_KEN_ADM3,90231094B50827015997129,90231094B50827015997129,Olpusimoru,ADM3,KEN,2020,CC BY 4.0,open_supplementary_layer
GBO_OPEN_KEN_ADM3,90231094B95168612533223,90231094B95168612533223,Kwa Mutonga/Kithumula,ADM3,KEN,2020,CC BY 4.0,open_supplementary_layer
GBO_OPEN_KEN_ADM3,90231094B74305740798396,90231094B74305740798396,Nguutani,ADM3,KEN,2020,CC BY 4.0,open_supplementary_layer
GBO_OPEN_KEN_ADM3,90231094B14131642313607,90231094B14131642313607,Migwani,ADM3,KEN,2020,CC BY 4.0,open_supplementary_layer
GBO_OPEN_KEN_ADM3,90231094B35315333270089,90231094B35315333270089,Mui,ADM3,KEN,2020,CC BY 4.0,open_supplementary_layer
GBO_OPEN_KEN_ADM3,90231094B49174276144115,90231094B49174276144115,Mitaboni,ADM3,KEN,2020,CC BY 4.0,open_supplementary_layer
GBO_OPEN_KEN_ADM3,90231094B23129938607325,90231094B23129938607325,Lower Kaewa/Kaani,ADM3,KEN,2020,CC BY 4.0,open_supplementary_layer
GBO_OPEN_KEN_ADM3,90231094B48057877053631,90231094B48057877053631,Ntima East,ADM3,KEN,2020,CC BY 4.0,open_supplementary_layer
GBO_OPEN_KEN_ADM3,90231094B97347761740323,90231094B97347761740323,Nyaki East,ADM3,KEN,2020,CC BY 4.0,open_supplementary_layer
GBO_OPEN_KEN_ADM3,90231094B9639557077263,90231094B9639557077263,Nkondi,ADM3,KEN,2020,CC BY 4.0,open_supplementary_layer
GBO_OPEN_KEN_ADM3,90231094B3429770340263,90231094B3429770340263,Mukothima,ADM3,KEN,2020,CC BY 4.0,open_supplementary_layer
GBO_OPEN_KEN_ADM3,90231094B31395214974606,90231094B31395214974606,Thangatha,ADM3,KEN,2020,CC BY 4.0,open_supplementary_layer
GBO_OPEN_KEN_ADM3,90231094B30237525039488,90231094B30237525039488,Kiagu,ADM3,KEN,2020,CC BY 4.0,open_supplementary_layer
GBO_OPEN_KEN_ADM3,90231094B68022951805373,90231094B68022951805373,Mtopanga,ADM3,KEN,2020,CC BY 4.0,open_supplementary_layer
GBO_OPEN_KEN_ADM3,90231094B67111288379876,90231094B67111288379876,Olkaria,ADM3,KEN,2020,CC BY 4.0,open_supplementary_layer
GBO_OPEN_KEN_ADM3,90231094B3964482251441,90231094B3964482251441,Maai-Mahiu,ADM3,KEN,2020,CC BY 4.0,open_supplementary_layer
GBO_OPEN_KEN_ADM3,90231094B12239318164154,90231094B12239318164154,Viwandani,ADM3,KEN,2020,CC BY 4.0,open_supplementary_layer
GBO_OPEN_KEN_ADM3,90231094B53408059236508,90231094B53408059236508,Hells Gate,ADM3,KEN,2020,CC BY 4.0,open_supplementary_layer
GBO_OPEN_KEN_ADM3,90231094B79139905453929,90231094B79139905453929,Naivasha East,ADM3,KEN,2020,CC BY 4.0,open_supplementary_layer
GBO_OPEN_KEN_ADM3,90231094B73941589130813,90231094B73941589130813,Biashara,ADM3,KEN,2020,CC BY 4.0,open_supplementary_layer
GBO_OPEN_KEN_ADM3,90231094B4497446966766,90231094B4497446966766,Kihingo,ADM3,KEN,2020,CC BY 4.0,open_supplementary_layer
GBO_OPEN_KEN_ADM3,90231094B20461617319021,90231094B20461617319021,Kaptembwo,ADM3,KEN,2020,CC BY 4.0,open_supplementary_layer
GBO_OPEN_KEN_ADM3,90231094B24470133600579,90231094B24470133600579,Kiamaina,ADM3,KEN,2020,CC BY 4.0,open_supplementary_layer
GBO_OPEN_KEN_ADM3,90231094B28369350540149,90231094B28369350540149,Nessuit,ADM3,KEN,2020,CC BY 4.0,open_supplementary_layer
GBO_OPEN_KEN_ADM3,90231094B88053645988686,90231094B88053645988686,Mariashoni,ADM3,KEN,2020,CC BY 4.0,open_supplementary_layer
GBO_OPEN_KEN_ADM3,90231094B53013461086768,90231094B53013461086768,Tinet,ADM3,KEN,2020,CC BY 4.0,open_supplementary_layer
GBO_OPEN_KEN_ADM3,90231094B1090418073756,90231094B1090418073756,Turi,ADM3,KEN,2020,CC BY 4.0,open_supplementary_layer
GBO_OPEN_KEN_ADM3,90231094B26952728949884,90231094B26952728949884,Nyota,ADM3,KEN,2020,CC BY 4.0,open_supplementary_layer
GBO_OPEN_KEN_ADM3,90231094B57097370994019,90231094B57097370994019,Elementaita,ADM3,KEN,2020,CC BY 4.0,open_supplementary_layer
GBO_OPEN_KEN_ADM3,90231094B42604287767062,90231094B42604287767062,Maunarok,ADM3,KEN,2020,CC BY 4.0,open_supplementary_layer
GBO_OPEN_KEN_ADM3,90231094B23880809862478,90231094B23880809862478,Njoro,ADM3,KEN,2020,CC BY 4.0,open_supplementary_layer
GBO_OPEN_KEN_ADM3,90231094B89547573878701,90231094B89547573878701,Elburgon,ADM3,KEN,2020,CC BY 4.0,open_supplementary_layer
GBO_OPEN_KEN_ADM3,90231094B58920383325768,90231094B58920383325768,Mosop,ADM3,KEN,2020,CC BY 4.0,open_supplementary_layer
GBO_OPEN_KEN_ADM3,90231094B5096235147579,90231094B5096235147579,Tarakwa,ADM3,KEN,2020,CC BY 4.0,open_supplementary_layer
GBO_OPEN_KEN_ADM3,90231094B17159054869495,90231094B17159054869495,Ainabkoi/Olare,ADM3,KEN,2020,CC BY 4.0,open_supplementary_layer
GBO_OPEN_KEN_ADM3,90231094B24040220041614,90231094B24040220041614,Nakuru East,ADM3,KEN,2020,CC BY 4.0,open_supplementary_layer
GBO_OPEN_KEN_ADM3,90231094B88598656160720,90231094B88598656160720,Kivumbini,ADM3,KEN,2020,CC BY 4.0,open_supplementary_layer
GBO_OPEN_KEN_ADM3,90231094B20724495791493,90231094B20724495791493,Biashara,ADM3,KEN,2020,CC BY 4.0,open_supplementary_layer
GBO_OPEN_KEN_ADM3,90231094B54797736492596,90231094B54797736492596,Shaabab,ADM3,KEN,2020,CC BY 4.0,open_supplementary_layer
GBO_OPEN_KEN_ADM3,90231094B96228744491615,90231094B96228744491615,Flamingo,ADM3,KEN,2020,CC BY 4.0,open_supplementary_layer
GBO_OPEN_KEN_ADM3,90231094B29474821565203,90231094B29474821565203,Barut,ADM3,KEN,2020,CC BY 4.0,open_supplementary_layer
GBO_OPEN_KEN_ADM3,90231094B56372830466120,90231094B56372830466120,Lake Nakuru National Park,ADM3,KEN,2020,CC BY 4.0,open_supplementary_layer
GBO_OPEN_KEN_ADM3,90231094B78118643049450,90231094B78118643049450,London,ADM3,KEN,2020,CC BY 4.0,open_supplementary_layer
GBO_OPEN_KEN_ADM3,90231094B25837048258673,90231094B25837048258673,Menengai,ADM3,KEN,2020,CC BY 4.0,open_supplementary_layer
GBO_OPEN_KEN_ADM3,90231094B73934851241795,90231094B73934851241795,Rhoda,ADM3,KEN,2020,CC BY 4.0,open_supplementary_layer
GBO_OPEN_KEN_ADM3,90231094B72025053214099,90231094B72025053214099,Angata Nanyokie,ADM3,KEN,2020,CC BY 4.0,open_supplementary_layer
GBO_OPEN_KEN_ADM3,90231094B12946353808942,90231094B12946353808942,Poro,ADM3,KEN,2020,CC BY 4.0,open_supplementary_layer
GBO_OPEN_KEN_ADM3,90231094B62369780661110,90231094B62369780661110,Ndoto,ADM3,KEN,2020,CC BY 4.0,open_supplementary_layer
GBO_OPEN_KEN_ADM3,90231094B188332930189,90231094B188332930189,El-Barta,ADM3,KEN,2020,CC BY 4.0,open_supplementary_layer
GBO_OPEN_KEN_ADM3,90231094B73033923938817,90231094B73033923938817,Ngolia,ADM3,KEN,2020,CC BY 4.0,open_supplementary_layer
GBO_OPEN_KEN_ADM3,90231094B82747292735178,90231094B82747292735178,Mbololo,ADM3,KEN,2020,CC BY 4.0,open_supplementary_layer
GBO_OPEN_KEN_ADM3,90231094B93731715471271,90231094B93731715471271,Marungu,ADM3,KEN,2020,CC BY 4.0,open_supplementary_layer
GBO_OPEN_KEN_ADM3,90231094B2928655769762,90231094B2928655769762,Sagalla,ADM3,KEN,2020,CC BY 4.0,open_supplementary_layer
GBO_OPEN_KEN_ADM3,90231094B43849320976490,90231094B43849320976490,Township,ADM3,KEN,2020,CC BY 4.0,open_supplementary_layer
GBO_OPEN_KEN_ADM3,90231094B47732187370126,90231094B47732187370126,Barwago,ADM3,KEN,2020,CC BY 4.0,open_supplementary_layer
GBO_OPEN_KEN_ADM3,90231094B69691235249628,90231094B69691235249628,Bura,ADM3,KEN,2020,CC BY 4.0,open_supplementary_layer
GBO_OPEN_KEN_ADM3,90231094B33331203265840,90231094B33331203265840,Sankuri,ADM3,KEN,2020,CC BY 4.0,open_supplementary_layer
GBO_OPEN_KEN_ADM3,90231094B59100290624645,90231094B59100290624645,Iftin,ADM3,KEN,2020,CC BY 4.0,open_supplementary_layer
GBO_OPEN_KEN_ADM3,90231094B17135968439298,90231094B17135968439298,Fafi,ADM3,KEN,2020,CC BY 4.0,open_supplementary_layer
GBO_OPEN_KEN_ADM3,90231094B44513680165655,90231094B44513680165655,Damajale,ADM3,KEN,2020,CC BY 4.0,open_supplementary_layer
GBO_OPEN_KEN_ADM3,90231094B70327788266968,90231094B70327788266968,Sarman,ADM3,KEN,2020,CC BY 4.0,open_supplementary_layer
GBO_OPEN_KEN_ADM3,90231094B86723953415044,90231094B86723953415044,Tarbaj,ADM3,KEN,2020,CC BY 4.0,open_supplementary_layer
GBO_OPEN_KEN_ADM3,90231094B89682151895173,90231094B89682151895173,Kiliwehiri,ADM3,KEN,2020,CC BY 4.0,open_supplementary_layer
GBO_OPEN_KEN_ADM3,90231094B21811667363073,90231094B21811667363073,Gither,ADM3,KEN,2020,CC BY 4.0,open_supplementary_layer
GBO_OPEN_KEN_ADM3,90231094B73591784278645,90231094B73591784278645,Makindu,ADM3,KEN,2020,CC BY 4.0,open_supplementary_layer
GBO_OPEN_KEN_ADM3,90231094B18839521407247,90231094B18839521407247,Nzaui/Kilili/Kalamba,ADM3,KEN,2020,CC BY 4.0,open_supplementary_layer
GBO_OPEN_KEN_ADM3,90231094B74775600981046,90231094B74775600981046,Kasikeu,ADM3,KEN,2020,CC BY 4.0,open_supplementary_layer
GBO_OPEN_KEN_ADM3,90231094B774955911294,90231094B774955911294,Ilima,ADM3,KEN,2020,CC BY 4.0,open_supplementary_layer
GBO_OPEN_KEN_ADM3,90231094B25895242667220,90231094B25895242667220,Waia/Kako,ADM3,KEN,2020,CC BY 4.0,open_supplementary_layer
GBO_OPEN_KEN_ADM3,90231094B99183171472611,90231094B99183171472611,Ildamat,ADM3,KEN,2020,CC BY 4.0,open_supplementary_layer
GBO_OPEN_KEN_ADM3,90231094B10218681926292,90231094B10218681926292,Majimoto/Naroosura,ADM3,KEN,2020,CC BY 4.0,open_supplementary_layer
GBO_OPEN_KEN_ADM3,90231094B93488906970847,90231094B93488906970847,Wagalla/Ganyure,ADM3,KEN,2020,CC BY 4.0,open_supplementary_layer
GBO_OPEN_KEN_ADM3,90231094B50723683799768,90231094B50723683799768,Ilchamus,ADM3,KEN,2020,CC BY 4.0,open_supplementary_layer
GBO_OPEN_KEN_ADM3,90231094B12248515260012,90231094B12248515260012,Salama,ADM3,KEN,2020,CC BY 4.0,open_supplementary_layer
GBO_OPEN_KEN_ADM3,90231094B30870827418315,90231094B30870827418315,Ngobit,ADM3,KEN,2020,CC BY 4.0,open_supplementary_layer
GBO_OPEN_KEN_ADM3,90231094B90000531097815,90231094B90000531097815,Tigithi,ADM3,KEN,2020,CC BY 4.0,open_supplementary_layer
GBO_OPEN_KEN_ADM3,90231094B79813119729779,90231094B79813119729779,Segera,ADM3,KEN,2020,CC BY 4.0,open_supplementary_layer
