source_notice,notice_date,source_authority,parent_county,level,name,raw_name,headquarters_name,rename_note,parent_name,parent_level,publication_section,source_status,activation_status,effective_date,parent_match_status
Gazette Notice No. 15341 of 2024,2024-11-22,Kenya Law / Government of Kenya,Kilifi,service_delivery_subcounty,Magarini South,Magarini South (Magarini renamed),,Magarini renamed,,country_or_county_unresolved,top_subcounties,proposed_administrative_units,unconfirmed,2024-11-22,matched_reference
Gazette Notice No. 15341 of 2024,2024-11-22,Kenya Law / Government of Kenya,,service_delivery_subcounty,Magarini North,Magarini North,,,,country_or_county_unresolved,top_subcounties,proposed_administrative_units,unconfirmed,2024-11-22,unresolved
Gazette Notice No. 15341 of 2024,2024-11-22,Kenya Law / Government of Kenya,,service_delivery_subcounty,Kokane,Kokane: Headquarters - Assa,Assa,,,country_or_county_unresolved,top_subcounties,proposed_administrative_units,unconfirmed,2024-11-22,unresolved
Gazette Notice No. 15341 of 2024,2024-11-22,Kenya Law / Government of Kenya,,service_delivery_subcounty,Akachiu,Akachiu,,,,country_or_county_unresolved,top_subcounties,proposed_administrative_units,unconfirmed,2024-11-22,unresolved
Gazette Notice No. 15341 of 2024,2024-11-22,Kenya Law / Government of Kenya,Meru,service_delivery_subcounty,Maua,Maua (Igembe South renamed),,Igembe South renamed,,country_or_county_unresolved,top_subcounties,proposed_administrative_units,unconfirmed,2024-11-22,matched_reference
Gazette Notice No. 15341 of 2024,2024-11-22,Kenya Law / Government of Kenya,,service_delivery_subcounty,Tharaka West,Tharaka West: Headquarters - Kibung’a,Kibung’a,,,country_or_county_unresolved,top_subcounties,proposed_administrative_units,unconfirmed,2024-11-22,unresolved
Gazette Notice No. 15341 of 2024,2024-11-22,Kenya Law / Government of Kenya,,service_delivery_subcounty,Mukothima,Mukothima,,,,country_or_county_unresolved,top_subcounties,proposed_administrative_units,unconfirmed,2024-11-22,unresolved
Gazette Notice No. 15341 of 2024,2024-11-22,Kenya Law / Government of Kenya,,service_delivery_subcounty,Ndithini,Ndithini: Headquarters - Kiatineni Market,Kiatineni Market,,,country_or_county_unresolved,top_subcounties,proposed_administrative_units,unconfirmed,2024-11-22,unresolved
Gazette Notice No. 15341 of 2024,2024-11-22,Kenya Law / Government of Kenya,,service_delivery_subcounty,Nuu,Nuu: Headquarters - Nuu Trading Centre,Nuu Trading Centre,,,country_or_county_unresolved,top_subcounties,proposed_administrative_units,unconfirmed,2024-11-22,unresolved
Gazette Notice No. 15341 of 2024,2024-11-22,Kenya Law / Government of Kenya,,service_delivery_subcounty,Zombe,Zombe (Mutitu Sub-county re-named),,Mutitu Sub-county re-named,,country_or_county_unresolved,top_subcounties,proposed_administrative_units,unconfirmed,2024-11-22,unresolved
Gazette Notice No. 15341 of 2024,2024-11-22,Kenya Law / Government of Kenya,,service_delivery_subcounty,Illeret,Illeret,,,,country_or_county_unresolved,top_subcounties,proposed_administrative_units,unconfirmed,2024-11-22,unresolved
Gazette Notice No. 15341 of 2024,2024-11-22,Kenya Law / Government of Kenya,,service_delivery_subcounty,Engineer,Engineer,,,,country_or_county_unresolved,top_subcounties,proposed_administrative_units,unconfirmed,2024-11-22,unresolved
Gazette Notice No. 15341 of 2024,2024-11-22,Kenya Law / Government of Kenya,,service_delivery_subcounty,Soin,Soin: Headquarters-Kipsitet,Kipsitet,,,country_or_county_unresolved,top_subcounties,proposed_administrative_units,unconfirmed,2024-11-22,unresolved
Gazette Notice No. 15341 of 2024,2024-11-22,Kenya Law / Government of Kenya,Kericho,service_delivery_subcounty,Sigowet,Sigowet (Soin Sigowet renamed): Headquarters- Chepkemel,Chepkemel,Soin Sigowet renamed,,country_or_county_unresolved,top_subcounties,proposed_administrative_units,unconfirmed,2024-11-22,matched_reference
Gazette Notice No. 15341 of 2024,2024-11-22,Kenya Law / Government of Kenya,,service_delivery_subcounty,Kolowa,Kolowa: Headquarters - Kolowa,Kolowa,,,country_or_county_unresolved,top_subcounties,proposed_administrative_units,unconfirmed,2024-11-22,unresolved
Gazette Notice No. 15341 of 2024,2024-11-22,Kenya Law / Government of Kenya,,service_delivery_subcounty,Baringo West,Baringo West: Headquarters- Barwesa,Barwesa,,,country_or_county_unresolved,top_subcounties,proposed_administrative_units,unconfirmed,2024-11-22,unresolved
Gazette Notice No. 15341 of 2024,2024-11-22,Kenya Law / Government of Kenya,,service_delivery_subcounty,Mukutani,Mukutani: Headquarters - Mukutani,Mukutani,,,country_or_county_unresolved,top_subcounties,proposed_administrative_units,unconfirmed,2024-11-22,unresolved
Gazette Notice No. 15341 of 2024,2024-11-22,Kenya Law / Government of Kenya,,service_delivery_subcounty,Tiaty Central,Tiaty Central (Tiaty West renamed): Headquarters -,,Tiaty West renamed,,country_or_county_unresolved,top_subcounties,proposed_administrative_units,unconfirmed,2024-11-22,unresolved
Gazette Notice No. 15341 of 2024,2024-11-22,Kenya Law / Government of Kenya,Samburu,service_delivery_subcounty,Samburu West,Samburu West: Headquarters - Loosuk,Loosuk,,,country_or_county_unresolved,top_subcounties,proposed_administrative_units,unconfirmed,2024-11-22,matched_reference
Gazette Notice No. 15341 of 2024,2024-11-22,Kenya Law / Government of Kenya,Trans Nzoia,service_delivery_subcounty,Saboti,Saboti,,,,country_or_county_unresolved,top_subcounties,proposed_administrative_units,unconfirmed,2024-11-22,matched_reference
Gazette Notice No. 15341 of 2024,2024-11-22,Kenya Law / Government of Kenya,,service_delivery_subcounty,North East Kano,North East Kano: Headquarters - Masogo,Masogo,,,country_or_county_unresolved,top_subcounties,proposed_administrative_units,unconfirmed,2024-11-22,unresolved
Gazette Notice No. 15341 of 2024,2024-11-22,Kenya Law / Government of Kenya,,service_delivery_subcounty,Ndhiwa East,Ndhiwa East: Headquarters - Ombo,Ombo,,,country_or_county_unresolved,top_subcounties,proposed_administrative_units,unconfirmed,2024-11-22,unresolved
Gazette Notice No. 15341 of 2024,2024-11-22,Kenya Law / Government of Kenya,Homa Bay,service_delivery_subcounty,Ndhiwa West,Ndhiwa West (Ndhiwa renamed),,Ndhiwa renamed,,country_or_county_unresolved,top_subcounties,proposed_administrative_units,unconfirmed,2024-11-22,matched_reference
Gazette Notice No. 15341 of 2024,2024-11-22,Kenya Law / Government of Kenya,,service_delivery_subcounty,Siaya West,Siaya West: Headquarters - Uranga,Uranga,,,country_or_county_unresolved,top_subcounties,proposed_administrative_units,unconfirmed,2024-11-22,unresolved
Gazette Notice No. 15341 of 2024,2024-11-22,Kenya Law / Government of Kenya,Nairobi,service_delivery_subcounty,Embakasi East,Embakasi East,,,,country_or_county_unresolved,top_subcounties,proposed_administrative_units,unconfirmed,2024-11-22,matched_reference
Gazette Notice No. 15341 of 2024,2024-11-22,Kenya Law / Government of Kenya,Nairobi,service_delivery_subcounty,Embakasi West,Embakasi West,,,,country_or_county_unresolved,top_subcounties,proposed_administrative_units,unconfirmed,2024-11-22,matched_reference
Gazette Notice No. 15341 of 2024,2024-11-22,Kenya Law / Government of Kenya,Nairobi,service_delivery_subcounty,Embakasi North,Embakasi North,,,,country_or_county_unresolved,top_subcounties,proposed_administrative_units,unconfirmed,2024-11-22,matched_reference
Gazette Notice No. 15341 of 2024,2024-11-22,Kenya Law / Government of Kenya,,service_delivery_subcounty,Embakasi Central,Embakasi Central (Embakasi renamed),,Embakasi renamed,,country_or_county_unresolved,top_subcounties,proposed_administrative_units,unconfirmed,2024-11-22,ambiguous_reference
Gazette Notice No. 15341 of 2024,2024-11-22,Kenya Law / Government of Kenya,Nairobi,service_delivery_subcounty,Embakasi South,Embakasi South,,,,country_or_county_unresolved,top_subcounties,proposed_administrative_units,unconfirmed,2024-11-22,matched_reference
Gazette Notice No. 15341 of 2024,2024-11-22,Kenya Law / Government of Kenya,Nairobi,service_delivery_subcounty,Roysambu,Roysambu,,,,country_or_county_unresolved,top_subcounties,proposed_administrative_units,unconfirmed,2024-11-22,matched_reference
Gazette Notice No. 15341 of 2024,2024-11-22,Kenya Law / Government of Kenya,Nairobi,service_delivery_subcounty,Ruaraka,Ruaraka,,,,country_or_county_unresolved,top_subcounties,proposed_administrative_units,unconfirmed,2024-11-22,matched_reference
Gazette Notice No. 15341 of 2024,2024-11-22,Kenya Law / Government of Kenya,KILIFI COUNTY,service_delivery_subcounty,MAGARINI SUB-COUNTY,MAGARINI SUB-COUNTY,,,KILIFI COUNTY,county,county_detail,listed_service_delivery_unit,unconfirmed,2024-11-22,gazette_context
Gazette Notice No. 15341 of 2024,2024-11-22,Kenya Law / Government of Kenya,KILIFI COUNTY,service_delivery_division,Adu,Adu,,,MAGARINI SUB-COUNTY,service_delivery_subcounty,county_detail,listed_service_delivery_unit,unconfirmed,2024-11-22,gazette_context
Gazette Notice No. 15341 of 2024,2024-11-22,Kenya Law / Government of Kenya,KILIFI COUNTY,service_delivery_division,Garashi,Garashi,,,MAGARINI SUB-COUNTY,service_delivery_subcounty,county_detail,listed_service_delivery_unit,unconfirmed,2024-11-22,gazette_context
Gazette Notice No. 15341 of 2024,2024-11-22,Kenya Law / Government of Kenya,KILIFI COUNTY,service_delivery_subcounty,CHONYI SUB-COUNTY,CHONYI SUB-COUNTY,,,KILIFI COUNTY,county,county_detail,listed_service_delivery_unit,unconfirmed,2024-11-22,gazette_context
Gazette Notice No. 15341 of 2024,2024-11-22,Kenya Law / Government of Kenya,KILIFI COUNTY,service_delivery_division,Chasimba,Chasimba,,,CHONYI SUB-COUNTY,service_delivery_subcounty,county_detail,listed_service_delivery_unit,unconfirmed,2024-11-22,gazette_context
Gazette Notice No. 15341 of 2024,2024-11-22,Kenya Law / Government of Kenya,KILIFI COUNTY,service_delivery_location,Kitsoeni,Kitsoeni,,,CHONYI SUB-COUNTY,service_delivery_subcounty,county_detail,listed_service_delivery_unit,unconfirmed,2024-11-22,gazette_context
Gazette Notice No. 15341 of 2024,2024-11-22,Kenya Law / Government of Kenya,KILIFI COUNTY,service_delivery_location,Mwakambi,Mwakambi,,,CHONYI SUB-COUNTY,service_delivery_subcounty,county_detail,listed_service_delivery_unit,unconfirmed,2024-11-22,gazette_context
Gazette Notice No. 15341 of 2024,2024-11-22,Kenya Law / Government of Kenya,KILIFI COUNTY,service_delivery_sublocation,Mwele,Mwele,,,CHONYI SUB-COUNTY,service_delivery_subcounty,county_detail,listed_service_delivery_unit,unconfirmed,2024-11-22,gazette_context
Gazette Notice No. 15341 of 2024,2024-11-22,Kenya Law / Government of Kenya,KILIFI COUNTY,service_delivery_sublocation,Bundacho,Bundacho,,,CHONYI SUB-COUNTY,service_delivery_subcounty,county_detail,listed_service_delivery_unit,unconfirmed,2024-11-22,gazette_context
Gazette Notice No. 15341 of 2024,2024-11-22,Kenya Law / Government of Kenya,KILIFI COUNTY,service_delivery_sublocation,Dzitsoni,Dzitsoni,,,CHONYI SUB-COUNTY,service_delivery_subcounty,county_detail,listed_service_delivery_unit,unconfirmed,2024-11-22,gazette_context
Gazette Notice No. 15341 of 2024,2024-11-22,Kenya Law / Government of Kenya,TANA RIVER COUNTY,service_delivery_subcounty,TARASAA SUB-COUNTY,TARASAA SUB-COUNTY,,,TANA RIVER COUNTY,county,county_detail,listed_service_delivery_unit,unconfirmed,2024-11-22,gazette_context
Gazette Notice No. 15341 of 2024,2024-11-22,Kenya Law / Government of Kenya,TANA RIVER COUNTY,service_delivery_division,Garsen Central,Garsen Central,,,TARASAA SUB-COUNTY,service_delivery_subcounty,county_detail,listed_service_delivery_unit,unconfirmed,2024-11-22,gazette_context
Gazette Notice No. 15341 of 2024,2024-11-22,Kenya Law / Government of Kenya,TANA RIVER COUNTY,service_delivery_location,Tarasaa,Tarasaa,,,TARASAA SUB-COUNTY,service_delivery_subcounty,county_detail,listed_service_delivery_unit,unconfirmed,2024-11-22,gazette_context
Gazette Notice No. 15341 of 2024,2024-11-22,Kenya Law / Government of Kenya,TANA RIVER COUNTY,service_delivery_location,Ongonyo,Ongonyo,,,TARASAA SUB-COUNTY,service_delivery_subcounty,county_detail,listed_service_delivery_unit,unconfirmed,2024-11-22,gazette_context
Gazette Notice No. 15341 of 2024,2024-11-22,Kenya Law / Government of Kenya,TANA RIVER COUNTY,service_delivery_sublocation,Vumilia,Vumilia,,,TARASAA SUB-COUNTY,service_delivery_subcounty,county_detail,listed_service_delivery_unit,unconfirmed,2024-11-22,gazette_context
Gazette Notice No. 15341 of 2024,2024-11-22,Kenya Law / Government of Kenya,TANA RIVER COUNTY,service_delivery_sublocation,Hiari,Hiari,,,TARASAA SUB-COUNTY,service_delivery_subcounty,county_detail,listed_service_delivery_unit,unconfirmed,2024-11-22,gazette_context
Gazette Notice No. 15341 of 2024,2024-11-22,Kenya Law / Government of Kenya,TANA RIVER COUNTY,service_delivery_sublocation,Agarte,Agarte,,,TARASAA SUB-COUNTY,service_delivery_subcounty,county_detail,listed_service_delivery_unit,unconfirmed,2024-11-22,gazette_context
Gazette Notice No. 15341 of 2024,2024-11-22,Kenya Law / Government of Kenya,TANA RIVER COUNTY,service_delivery_sublocation,Meti Charaka,Meti Charaka,,,TARASAA SUB-COUNTY,service_delivery_subcounty,county_detail,listed_service_delivery_unit,unconfirmed,2024-11-22,gazette_context
Gazette Notice No. 15341 of 2024,2024-11-22,Kenya Law / Government of Kenya,TANA RIVER COUNTY,service_delivery_sublocation,Bura Kirashi,Bura Kirashi,,,TARASAA SUB-COUNTY,service_delivery_subcounty,county_detail,listed_service_delivery_unit,unconfirmed,2024-11-22,gazette_context
Gazette Notice No. 15341 of 2024,2024-11-22,Kenya Law / Government of Kenya,TANA RIVER COUNTY,service_delivery_sublocation,Gomesa,Gomesa,,,TARASAA SUB-COUNTY,service_delivery_subcounty,county_detail,listed_service_delivery_unit,unconfirmed,2024-11-22,gazette_context
Gazette Notice No. 15341 of 2024,2024-11-22,Kenya Law / Government of Kenya,TANA RIVER COUNTY,service_delivery_subcounty,TANA RIVER SUB-COUNTY,TANA RIVER SUB-COUNTY,,,TANA RIVER COUNTY,county,county_detail,listed_service_delivery_unit,unconfirmed,2024-11-22,gazette_context
Gazette Notice No. 15341 of 2024,2024-11-22,Kenya Law / Government of Kenya,TANA RIVER COUNTY,service_delivery_location,Kibusu,Kibusu,,,TANA RIVER SUB-COUNTY,service_delivery_subcounty,county_detail,listed_service_delivery_unit,unconfirmed,2024-11-22,gazette_context
Gazette Notice No. 15341 of 2024,2024-11-22,Kenya Law / Government of Kenya,TANA RIVER COUNTY,service_delivery_location,Kokani Gobo,Kokani Gobo,,,TANA RIVER SUB-COUNTY,service_delivery_subcounty,county_detail,listed_service_delivery_unit,unconfirmed,2024-11-22,gazette_context
Gazette Notice No. 15341 of 2024,2024-11-22,Kenya Law / Government of Kenya,TANA RIVER COUNTY,service_delivery_sublocation,Minjila,Minjila,,,TANA RIVER SUB-COUNTY,service_delivery_subcounty,county_detail,listed_service_delivery_unit,unconfirmed,2024-11-22,gazette_context
Gazette Notice No. 15341 of 2024,2024-11-22,Kenya Law / Government of Kenya,TANA RIVER COUNTY,service_delivery_sublocation,Kibusu,Kibusu,,,TANA RIVER SUB-COUNTY,service_delivery_subcounty,county_detail,listed_service_delivery_unit,unconfirmed,2024-11-22,gazette_context
Gazette Notice No. 15341 of 2024,2024-11-22,Kenya Law / Government of Kenya,TANA RIVER COUNTY,service_delivery_sublocation,Gamo,Gamo,,,TANA RIVER SUB-COUNTY,service_delivery_subcounty,county_detail,listed_service_delivery_unit,unconfirmed,2024-11-22,gazette_context
Gazette Notice No. 15341 of 2024,2024-11-22,Kenya Law / Government of Kenya,TANA RIVER COUNTY,service_delivery_sublocation,Hiddi,Hiddi,,,TANA RIVER SUB-COUNTY,service_delivery_subcounty,county_detail,listed_service_delivery_unit,unconfirmed,2024-11-22,gazette_context
Gazette Notice No. 15341 of 2024,2024-11-22,Kenya Law / Government of Kenya,TAITA TAVETA COUNTY,service_delivery_subcounty,TAVETA SUB-COUNTY,TAVETA SUB-COUNTY,,,TAITA TAVETA COUNTY,county,county_detail,listed_service_delivery_unit,unconfirmed,2024-11-22,gazette_context
Gazette Notice No. 15341 of 2024,2024-11-22,Kenya Law / Government of Kenya,TAITA TAVETA COUNTY,service_delivery_division,Mboghoni,Mboghoni,,,TAVETA SUB-COUNTY,service_delivery_subcounty,county_detail,listed_service_delivery_unit,unconfirmed,2024-11-22,gazette_context
Gazette Notice No. 15341 of 2024,2024-11-22,Kenya Law / Government of Kenya,TAITA TAVETA COUNTY,service_delivery_division,Mahoo,Mahoo,,,TAVETA SUB-COUNTY,service_delivery_subcounty,county_detail,listed_service_delivery_unit,unconfirmed,2024-11-22,gazette_context
Gazette Notice No. 15341 of 2024,2024-11-22,Kenya Law / Government of Kenya,TAITA TAVETA COUNTY,service_delivery_location,Salaita,Salaita,,,TAVETA SUB-COUNTY,service_delivery_subcounty,county_detail,listed_service_delivery_unit,unconfirmed,2024-11-22,gazette_context
Gazette Notice No. 15341 of 2024,2024-11-22,Kenya Law / Government of Kenya,TAITA TAVETA COUNTY,service_delivery_sublocation,Tangini,Tangini,,,TAVETA SUB-COUNTY,service_delivery_subcounty,county_detail,listed_service_delivery_unit,unconfirmed,2024-11-22,gazette_context
Gazette Notice No. 15341 of 2024,2024-11-22,Kenya Law / Government of Kenya,TAITA TAVETA COUNTY,service_delivery_sublocation,Salaita,Salaita,,,TAVETA SUB-COUNTY,service_delivery_subcounty,county_detail,listed_service_delivery_unit,unconfirmed,2024-11-22,gazette_context
Gazette Notice No. 15341 of 2024,2024-11-22,Kenya Law / Government of Kenya,TAITA TAVETA COUNTY,service_delivery_subcounty,VOI SUB-COUNTY,VOI SUB-COUNTY,,,TAITA TAVETA COUNTY,county,county_detail,listed_service_delivery_unit,unconfirmed,2024-11-22,gazette_context
Gazette Notice No. 15341 of 2024,2024-11-22,Kenya Law / Government of Kenya,TAITA TAVETA COUNTY,service_delivery_division,Sagalla,Sagalla,,,VOI SUB-COUNTY,service_delivery_subcounty,county_detail,listed_service_delivery_unit,unconfirmed,2024-11-22,gazette_context
Gazette Notice No. 15341 of 2024,2024-11-22,Kenya Law / Government of Kenya,TAITA TAVETA COUNTY,service_delivery_location,Buguta,Buguta,,,VOI SUB-COUNTY,service_delivery_subcounty,county_detail,listed_service_delivery_unit,unconfirmed,2024-11-22,gazette_context
Gazette Notice No. 15341 of 2024,2024-11-22,Kenya Law / Government of Kenya,TAITA TAVETA COUNTY,service_delivery_location,Kaloleni,Kaloleni,,,VOI SUB-COUNTY,service_delivery_subcounty,county_detail,listed_service_delivery_unit,unconfirmed,2024-11-22,gazette_context
Gazette Notice No. 15341 of 2024,2024-11-22,Kenya Law / Government of Kenya,TAITA TAVETA COUNTY,service_delivery_location,Mwangea,Mwangea,,,VOI SUB-COUNTY,service_delivery_subcounty,county_detail,listed_service_delivery_unit,unconfirmed,2024-11-22,gazette_context
Gazette Notice No. 15341 of 2024,2024-11-22,Kenya Law / Government of Kenya,TAITA TAVETA COUNTY,service_delivery_location,Ndome,Ndome,,,VOI SUB-COUNTY,service_delivery_subcounty,county_detail,listed_service_delivery_unit,unconfirmed,2024-11-22,gazette_context
Gazette Notice No. 15341 of 2024,2024-11-22,Kenya Law / Government of Kenya,TAITA TAVETA COUNTY,service_delivery_sublocation,Gimba,Gimba,,,VOI SUB-COUNTY,service_delivery_subcounty,county_detail,listed_service_delivery_unit,unconfirmed,2024-11-22,gazette_context
Gazette Notice No. 15341 of 2024,2024-11-22,Kenya Law / Government of Kenya,TAITA TAVETA COUNTY,service_delivery_sublocation,Birikani,Birikani,,,VOI SUB-COUNTY,service_delivery_subcounty,county_detail,listed_service_delivery_unit,unconfirmed,2024-11-22,gazette_context
Gazette Notice No. 15341 of 2024,2024-11-22,Kenya Law / Government of Kenya,TAITA TAVETA COUNTY,service_delivery_sublocation,Mwakingali,Mwakingali,,,VOI SUB-COUNTY,service_delivery_subcounty,county_detail,listed_service_delivery_unit,unconfirmed,2024-11-22,gazette_context
Gazette Notice No. 15341 of 2024,2024-11-22,Kenya Law / Government of Kenya,TAITA TAVETA COUNTY,service_delivery_sublocation,Ndii,Ndii,,,VOI SUB-COUNTY,service_delivery_subcounty,county_detail,listed_service_delivery_unit,unconfirmed,2024-11-22,gazette_context
Gazette Notice No. 15341 of 2024,2024-11-22,Kenya Law / Government of Kenya,TAITA TAVETA COUNTY,service_delivery_sublocation,Kulikila,Kulikila,,,VOI SUB-COUNTY,service_delivery_subcounty,county_detail,listed_service_delivery_unit,unconfirmed,2024-11-22,gazette_context
Gazette Notice No. 15341 of 2024,2024-11-22,Kenya Law / Government of Kenya,TAITA TAVETA COUNTY,service_delivery_sublocation,Mkamenyi,Mkamenyi,,,VOI SUB-COUNTY,service_delivery_subcounty,county_detail,listed_service_delivery_unit,unconfirmed,2024-11-22,gazette_context
Gazette Notice No. 15341 of 2024,2024-11-22,Kenya Law / Government of Kenya,TAITA TAVETA COUNTY,service_delivery_subcounty,TAITA SUB-COUNTY,TAITA SUB-COUNTY,,,TAITA TAVETA COUNTY,county,county_detail,listed_service_delivery_unit,unconfirmed,2024-11-22,gazette_context
Gazette Notice No. 15341 of 2024,2024-11-22,Kenya Law / Government of Kenya,TAITA TAVETA COUNTY,service_delivery_division,Werugha,Werugha,,,TAITA SUB-COUNTY,service_delivery_subcounty,county_detail,listed_service_delivery_unit,unconfirmed,2024-11-22,gazette_context
Gazette Notice No. 15341 of 2024,2024-11-22,Kenya Law / Government of Kenya,TAITA TAVETA COUNTY,service_delivery_location,Werugha,Werugha,,,TAITA SUB-COUNTY,service_delivery_subcounty,county_detail,listed_service_delivery_unit,unconfirmed,2024-11-22,gazette_context
Gazette Notice No. 15341 of 2024,2024-11-22,Kenya Law / Government of Kenya,TAITA TAVETA COUNTY,service_delivery_location,Choke,Choke,,,TAITA SUB-COUNTY,service_delivery_subcounty,county_detail,listed_service_delivery_unit,unconfirmed,2024-11-22,gazette_context
Gazette Notice No. 15341 of 2024,2024-11-22,Kenya Law / Government of Kenya,TAITA TAVETA COUNTY,service_delivery_location,Mghange,Mghange,,,TAITA SUB-COUNTY,service_delivery_subcounty,county_detail,listed_service_delivery_unit,unconfirmed,2024-11-22,gazette_context
Gazette Notice No. 15341 of 2024,2024-11-22,Kenya Law / Government of Kenya,TAITA TAVETA COUNTY,service_delivery_sublocation,Sangenyi,Sangenyi,,,TAITA SUB-COUNTY,service_delivery_subcounty,county_detail,listed_service_delivery_unit,unconfirmed,2024-11-22,gazette_context
Gazette Notice No. 15341 of 2024,2024-11-22,Kenya Law / Government of Kenya,TAITA TAVETA COUNTY,service_delivery_sublocation,Ngongodinyi,Ngongodinyi,,,TAITA SUB-COUNTY,service_delivery_subcounty,county_detail,listed_service_delivery_unit,unconfirmed,2024-11-22,gazette_context
Gazette Notice No. 15341 of 2024,2024-11-22,Kenya Law / Government of Kenya,TAITA TAVETA COUNTY,service_delivery_sublocation,Mlilo,Mlilo,,,TAITA SUB-COUNTY,service_delivery_subcounty,county_detail,listed_service_delivery_unit,unconfirmed,2024-11-22,gazette_context
Gazette Notice No. 15341 of 2024,2024-11-22,Kenya Law / Government of Kenya,TAITA TAVETA COUNTY,service_delivery_subcounty,MWATATE SUB-COUNTY,MWATATE SUB-COUNTY,,,TAITA TAVETA COUNTY,county,county_detail,listed_service_delivery_unit,unconfirmed,2024-11-22,gazette_context
Gazette Notice No. 15341 of 2024,2024-11-22,Kenya Law / Government of Kenya,TAITA TAVETA COUNTY,service_delivery_division,Bura,Bura,,,MWATATE SUB-COUNTY,service_delivery_subcounty,county_detail,listed_service_delivery_unit,unconfirmed,2024-11-22,gazette_context
Gazette Notice No. 15341 of 2024,2024-11-22,Kenya Law / Government of Kenya,TAITA TAVETA COUNTY,service_delivery_location,Rong’e Nyika,Rong’e Nyika,,,MWATATE SUB-COUNTY,service_delivery_subcounty,county_detail,listed_service_delivery_unit,unconfirmed,2024-11-22,gazette_context
Gazette Notice No. 15341 of 2024,2024-11-22,Kenya Law / Government of Kenya,TAITA TAVETA COUNTY,service_delivery_location,Nyika,Nyika,,,MWATATE SUB-COUNTY,service_delivery_subcounty,county_detail,listed_service_delivery_unit,unconfirmed,2024-11-22,gazette_context
Gazette Notice No. 15341 of 2024,2024-11-22,Kenya Law / Government of Kenya,TAITA TAVETA COUNTY,service_delivery_location,Chawia ya Chini,Chawia ya Chini,,,MWATATE SUB-COUNTY,service_delivery_subcounty,county_detail,listed_service_delivery_unit,unconfirmed,2024-11-22,gazette_context
Gazette Notice No. 15341 of 2024,2024-11-22,Kenya Law / Government of Kenya,TAITA TAVETA COUNTY,service_delivery_location,Mrughua,Mrughua,,,MWATATE SUB-COUNTY,service_delivery_subcounty,county_detail,listed_service_delivery_unit,unconfirmed,2024-11-22,gazette_context
Gazette Notice No. 15341 of 2024,2024-11-22,Kenya Law / Government of Kenya,TAITA TAVETA COUNTY,service_delivery_sublocation,Silalonyi,Silalonyi,,,MWATATE SUB-COUNTY,service_delivery_subcounty,county_detail,listed_service_delivery_unit,unconfirmed,2024-11-22,gazette_context
Gazette Notice No. 15341 of 2024,2024-11-22,Kenya Law / Government of Kenya,TAITA TAVETA COUNTY,service_delivery_sublocation,Shelemba/Shogholonyi,Shelemba/Shogholonyi,,,MWATATE SUB-COUNTY,service_delivery_subcounty,county_detail,listed_service_delivery_unit,unconfirmed,2024-11-22,gazette_context
Gazette Notice No. 15341 of 2024,2024-11-22,Kenya Law / Government of Kenya,TAITA TAVETA COUNTY,service_delivery_sublocation,Mwavunyo,Mwavunyo,,,MWATATE SUB-COUNTY,service_delivery_subcounty,county_detail,listed_service_delivery_unit,unconfirmed,2024-11-22,gazette_context
Gazette Notice No. 15341 of 2024,2024-11-22,Kenya Law / Government of Kenya,TAITA TAVETA COUNTY,service_delivery_sublocation,Manoa,Manoa,,,MWATATE SUB-COUNTY,service_delivery_subcounty,county_detail,listed_service_delivery_unit,unconfirmed,2024-11-22,gazette_context
Gazette Notice No. 15341 of 2024,2024-11-22,Kenya Law / Government of Kenya,TAITA TAVETA COUNTY,service_delivery_sublocation,Mwashoti,Mwashoti,,,MWATATE SUB-COUNTY,service_delivery_subcounty,county_detail,listed_service_delivery_unit,unconfirmed,2024-11-22,gazette_context
Gazette Notice No. 15341 of 2024,2024-11-22,Kenya Law / Government of Kenya,TAITA TAVETA COUNTY,service_delivery_sublocation,Mrabeni/Mwele,Mrabeni/Mwele,,,MWATATE SUB-COUNTY,service_delivery_subcounty,county_detail,listed_service_delivery_unit,unconfirmed,2024-11-22,gazette_context
Gazette Notice No. 15341 of 2024,2024-11-22,Kenya Law / Government of Kenya,TAITA TAVETA COUNTY,service_delivery_sublocation,Mgheno,Mgheno,,,MWATATE SUB-COUNTY,service_delivery_subcounty,county_detail,listed_service_delivery_unit,unconfirmed,2024-11-22,gazette_context
Gazette Notice No. 15341 of 2024,2024-11-22,Kenya Law / Government of Kenya,GARISSA COUNTY,service_delivery_subcounty,LIBOI SUB-COUNTY,LIBOI SUB-COUNTY,,,GARISSA COUNTY,county,county_detail,listed_service_delivery_unit,unconfirmed,2024-11-22,gazette_context
Gazette Notice No. 15341 of 2024,2024-11-22,Kenya Law / Government of Kenya,GARISSA COUNTY,service_delivery_division,Damajale,Damajale,,,LIBOI SUB-COUNTY,service_delivery_subcounty,county_detail,listed_service_delivery_unit,unconfirmed,2024-11-22,gazette_context
Gazette Notice No. 15341 of 2024,2024-11-22,Kenya Law / Government of Kenya,GARISSA COUNTY,service_delivery_location,Harhar,Harhar,,,LIBOI SUB-COUNTY,service_delivery_subcounty,county_detail,listed_service_delivery_unit,unconfirmed,2024-11-22,gazette_context
Gazette Notice No. 15341 of 2024,2024-11-22,Kenya Law / Government of Kenya,GARISSA COUNTY,service_delivery_location,Maleyley,Maleyley,,,LIBOI SUB-COUNTY,service_delivery_subcounty,county_detail,listed_service_delivery_unit,unconfirmed,2024-11-22,gazette_context
Gazette Notice No. 15341 of 2024,2024-11-22,Kenya Law / Government of Kenya,GARISSA COUNTY,service_delivery_sublocation,Degelema,Degelema,,,LIBOI SUB-COUNTY,service_delivery_subcounty,county_detail,listed_service_delivery_unit,unconfirmed,2024-11-22,gazette_context
Gazette Notice No. 15341 of 2024,2024-11-22,Kenya Law / Government of Kenya,GARISSA COUNTY,service_delivery_sublocation,Kadakso,Kadakso,,,LIBOI SUB-COUNTY,service_delivery_subcounty,county_detail,listed_service_delivery_unit,unconfirmed,2024-11-22,gazette_context
Gazette Notice No. 15341 of 2024,2024-11-22,Kenya Law / Government of Kenya,GARISSA COUNTY,service_delivery_subcounty,DADAAB SUB-COUNTY,DADAAB SUB-COUNTY,,,GARISSA COUNTY,county,county_detail,listed_service_delivery_unit,unconfirmed,2024-11-22,gazette_context
Gazette Notice No. 15341 of 2024,2024-11-22,Kenya Law / Government of Kenya,GARISSA COUNTY,service_delivery_location,Welhar,Welhar,,,DADAAB SUB-COUNTY,service_delivery_subcounty,county_detail,listed_service_delivery_unit,unconfirmed,2024-11-22,gazette_context
Gazette Notice No. 15341 of 2024,2024-11-22,Kenya Law / Government of Kenya,GARISSA COUNTY,service_delivery_location,Daidai,Daidai,,,DADAAB SUB-COUNTY,service_delivery_subcounty,county_detail,listed_service_delivery_unit,unconfirmed,2024-11-22,gazette_context
Gazette Notice No. 15341 of 2024,2024-11-22,Kenya Law / Government of Kenya,GARISSA COUNTY,service_delivery_location,Libahlow,Libahlow,,,DADAAB SUB-COUNTY,service_delivery_subcounty,county_detail,listed_service_delivery_unit,unconfirmed,2024-11-22,gazette_context
Gazette Notice No. 15341 of 2024,2024-11-22,Kenya Law / Government of Kenya,GARISSA COUNTY,service_delivery_location,Darkenley,Darkenley,,,DADAAB SUB-COUNTY,service_delivery_subcounty,county_detail,listed_service_delivery_unit,unconfirmed,2024-11-22,gazette_context
Gazette Notice No. 15341 of 2024,2024-11-22,Kenya Law / Government of Kenya,GARISSA COUNTY,service_delivery_location,Bogyar,Bogyar,,,DADAAB SUB-COUNTY,service_delivery_subcounty,county_detail,listed_service_delivery_unit,unconfirmed,2024-11-22,gazette_context
Gazette Notice No. 15341 of 2024,2024-11-22,Kenya Law / Government of Kenya,GARISSA COUNTY,service_delivery_subcounty,BURA EAST SUB-COUNTY,BURA EAST SUB-COUNTY,,,GARISSA COUNTY,county,county_detail,listed_service_delivery_unit,unconfirmed,2024-11-22,gazette_context
Gazette Notice No. 15341 of 2024,2024-11-22,Kenya Law / Government of Kenya,GARISSA COUNTY,service_delivery_division,Bulagolol,Bulagolol,,,BURA EAST SUB-COUNTY,service_delivery_subcounty,county_detail,listed_service_delivery_unit,unconfirmed,2024-11-22,gazette_context
Gazette Notice No. 15341 of 2024,2024-11-22,Kenya Law / Government of Kenya,GARISSA COUNTY,service_delivery_location,Hajijimay,Hajijimay,,,BURA EAST SUB-COUNTY,service_delivery_subcounty,county_detail,listed_service_delivery_unit,unconfirmed,2024-11-22,gazette_context
Gazette Notice No. 15341 of 2024,2024-11-22,Kenya Law / Government of Kenya,GARISSA COUNTY,service_delivery_location,Warable,Warable,,,BURA EAST SUB-COUNTY,service_delivery_subcounty,county_detail,listed_service_delivery_unit,unconfirmed,2024-11-22,gazette_context
Gazette Notice No. 15341 of 2024,2024-11-22,Kenya Law / Government of Kenya,GARISSA COUNTY,service_delivery_sublocation,Qolatika,Qolatika,,,BURA EAST SUB-COUNTY,service_delivery_subcounty,county_detail,listed_service_delivery_unit,unconfirmed,2024-11-22,gazette_context
Gazette Notice No. 15341 of 2024,2024-11-22,Kenya Law / Government of Kenya,GARISSA COUNTY,service_delivery_sublocation,Muftu,Muftu,,,BURA EAST SUB-COUNTY,service_delivery_subcounty,county_detail,listed_service_delivery_unit,unconfirmed,2024-11-22,gazette_context
Gazette Notice No. 15341 of 2024,2024-11-22,Kenya Law / Government of Kenya,GARISSA COUNTY,service_delivery_sublocation,Harajabs,Harajabs,,,BURA EAST SUB-COUNTY,service_delivery_subcounty,county_detail,listed_service_delivery_unit,unconfirmed,2024-11-22,gazette_context
Gazette Notice No. 15341 of 2024,2024-11-22,Kenya Law / Government of Kenya,GARISSA COUNTY,service_delivery_sublocation,Daadbulle,Daadbulle,,,BURA EAST SUB-COUNTY,service_delivery_subcounty,county_detail,listed_service_delivery_unit,unconfirmed,2024-11-22,gazette_context
Gazette Notice No. 15341 of 2024,2024-11-22,Kenya Law / Government of Kenya,GARISSA COUNTY,service_delivery_sublocation,Loo-Dubay,Loo-Dubay,,,BURA EAST SUB-COUNTY,service_delivery_subcounty,county_detail,listed_service_delivery_unit,unconfirmed,2024-11-22,gazette_context
Gazette Notice No. 15341 of 2024,2024-11-22,Kenya Law / Government of Kenya,WAJIR COUNTY,service_delivery_subcounty,DIFF SUB-COUNTY,DIFF SUB-COUNTY,,,WAJIR COUNTY,county,county_detail,listed_service_delivery_unit,unconfirmed,2024-11-22,gazette_context
Gazette Notice No. 15341 of 2024,2024-11-22,Kenya Law / Government of Kenya,WAJIR COUNTY,service_delivery_location,Waradirisame,Waradirisame,,,DIFF SUB-COUNTY,service_delivery_subcounty,county_detail,listed_service_delivery_unit,unconfirmed,2024-11-22,gazette_context
Gazette Notice No. 15341 of 2024,2024-11-22,Kenya Law / Government of Kenya,WAJIR COUNTY,service_delivery_subcounty,HABASWEIN SUB-COUNTY,HABASWEIN SUB-COUNTY,,,WAJIR COUNTY,county,county_detail,listed_service_delivery_unit,unconfirmed,2024-11-22,gazette_context
Gazette Notice No. 15341 of 2024,2024-11-22,Kenya Law / Government of Kenya,WAJIR COUNTY,service_delivery_location,Shomageri,Shomageri,,,HABASWEIN SUB-COUNTY,service_delivery_subcounty,county_detail,listed_service_delivery_unit,unconfirmed,2024-11-22,gazette_context
Gazette Notice No. 15341 of 2024,2024-11-22,Kenya Law / Government of Kenya,WAJIR COUNTY,service_delivery_sublocation,Samatar,Samatar,,,HABASWEIN SUB-COUNTY,service_delivery_subcounty,county_detail,listed_service_delivery_unit,unconfirmed,2024-11-22,gazette_context
Gazette Notice No. 15341 of 2024,2024-11-22,Kenya Law / Government of Kenya,WAJIR COUNTY,service_delivery_subcounty,TARBAJ SUB-COUNTY,TARBAJ SUB-COUNTY,,,WAJIR COUNTY,county,county_detail,listed_service_delivery_unit,unconfirmed,2024-11-22,gazette_context
Gazette Notice No. 15341 of 2024,2024-11-22,Kenya Law / Government of Kenya,WAJIR COUNTY,service_delivery_division,Haragal,Haragal,,,TARBAJ SUB-COUNTY,service_delivery_subcounty,county_detail,listed_service_delivery_unit,unconfirmed,2024-11-22,gazette_context
Gazette Notice No. 15341 of 2024,2024-11-22,Kenya Law / Government of Kenya,WAJIR COUNTY,service_delivery_location,Kotulo West,Kotulo West,,,TARBAJ SUB-COUNTY,service_delivery_subcounty,county_detail,listed_service_delivery_unit,unconfirmed,2024-11-22,gazette_context
Gazette Notice No. 15341 of 2024,2024-11-22,Kenya Law / Government of Kenya,WAJIR COUNTY,service_delivery_sublocation,Kotulo West,Kotulo West,,,TARBAJ SUB-COUNTY,service_delivery_subcounty,county_detail,listed_service_delivery_unit,unconfirmed,2024-11-22,gazette_context
Gazette Notice No. 15341 of 2024,2024-11-22,Kenya Law / Government of Kenya,WAJIR COUNTY,service_delivery_sublocation,Harta,Harta,,,TARBAJ SUB-COUNTY,service_delivery_subcounty,county_detail,listed_service_delivery_unit,unconfirmed,2024-11-22,gazette_context
Gazette Notice No. 15341 of 2024,2024-11-22,Kenya Law / Government of Kenya,WAJIR COUNTY,service_delivery_sublocation,Walmarer,Walmarer,,,TARBAJ SUB-COUNTY,service_delivery_subcounty,county_detail,listed_service_delivery_unit,unconfirmed,2024-11-22,gazette_context
Gazette Notice No. 15341 of 2024,2024-11-22,Kenya Law / Government of Kenya,WAJIR COUNTY,service_delivery_subcounty,WAJIR WEST SUB-COUNTY,WAJIR WEST SUB-COUNTY,,,WAJIR COUNTY,county,county_detail,listed_service_delivery_unit,unconfirmed,2024-11-22,gazette_context
Gazette Notice No. 15341 of 2024,2024-11-22,Kenya Law / Government of Kenya,WAJIR COUNTY,service_delivery_location,Griftu North,Griftu North,,,WAJIR WEST SUB-COUNTY,service_delivery_subcounty,county_detail,listed_service_delivery_unit,unconfirmed,2024-11-22,gazette_context
Gazette Notice No. 15341 of 2024,2024-11-22,Kenya Law / Government of Kenya,WAJIR COUNTY,service_delivery_location,Bulla Maalim,Bulla Maalim,,,WAJIR WEST SUB-COUNTY,service_delivery_subcounty,county_detail,listed_service_delivery_unit,unconfirmed,2024-11-22,gazette_context
Gazette Notice No. 15341 of 2024,2024-11-22,Kenya Law / Government of Kenya,WAJIR COUNTY,service_delivery_location,Matho,Matho,,,WAJIR WEST SUB-COUNTY,service_delivery_subcounty,county_detail,listed_service_delivery_unit,unconfirmed,2024-11-22,gazette_context
Gazette Notice No. 15341 of 2024,2024-11-22,Kenya Law / Government of Kenya,WAJIR COUNTY,service_delivery_sublocation,Arbajaham North,Arbajaham North,,,WAJIR WEST SUB-COUNTY,service_delivery_subcounty,county_detail,listed_service_delivery_unit,unconfirmed,2024-11-22,gazette_context
Gazette Notice No. 15341 of 2024,2024-11-22,Kenya Law / Government of Kenya,WAJIR COUNTY,service_delivery_sublocation,Arbajaham West,Arbajaham West,,,WAJIR WEST SUB-COUNTY,service_delivery_subcounty,county_detail,listed_service_delivery_unit,unconfirmed,2024-11-22,gazette_context
Gazette Notice No. 15341 of 2024,2024-11-22,Kenya Law / Government of Kenya,WAJIR COUNTY,service_delivery_sublocation,Bulla Bokol,Bulla Bokol,,,WAJIR WEST SUB-COUNTY,service_delivery_subcounty,county_detail,listed_service_delivery_unit,unconfirmed,2024-11-22,gazette_context
Gazette Notice No. 15341 of 2024,2024-11-22,Kenya Law / Government of Kenya,WAJIR COUNTY,service_delivery_sublocation,Eyala,Eyala,,,WAJIR WEST SUB-COUNTY,service_delivery_subcounty,county_detail,listed_service_delivery_unit,unconfirmed,2024-11-22,gazette_context
Gazette Notice No. 15341 of 2024,2024-11-22,Kenya Law / Government of Kenya,WAJIR COUNTY,service_delivery_subcounty,HADADO SUB-COUNTY,HADADO SUB-COUNTY,,,WAJIR COUNTY,county,county_detail,listed_service_delivery_unit,unconfirmed,2024-11-22,gazette_context
Gazette Notice No. 15341 of 2024,2024-11-22,Kenya Law / Government of Kenya,WAJIR COUNTY,service_delivery_location,Garbhanshanle,Garbhanshanle,,,HADADO SUB-COUNTY,service_delivery_subcounty,county_detail,listed_service_delivery_unit,unconfirmed,2024-11-22,gazette_context
Gazette Notice No. 15341 of 2024,2024-11-22,Kenya Law / Government of Kenya,WAJIR COUNTY,service_delivery_location,Dalsan,Dalsan,,,HADADO SUB-COUNTY,service_delivery_subcounty,county_detail,listed_service_delivery_unit,unconfirmed,2024-11-22,gazette_context
Gazette Notice No. 15341 of 2024,2024-11-22,Kenya Law / Government of Kenya,WAJIR COUNTY,service_delivery_sublocation,Hadado Waberi,Hadado Waberi,,,HADADO SUB-COUNTY,service_delivery_subcounty,county_detail,listed_service_delivery_unit,unconfirmed,2024-11-22,gazette_context
Gazette Notice No. 15341 of 2024,2024-11-22,Kenya Law / Government of Kenya,WAJIR COUNTY,service_delivery_sublocation,Tafagur,Tafagur,,,HADADO SUB-COUNTY,service_delivery_subcounty,county_detail,listed_service_delivery_unit,unconfirmed,2024-11-22,gazette_context
Gazette Notice No. 15341 of 2024,2024-11-22,Kenya Law / Government of Kenya,WAJIR COUNTY,service_delivery_sublocation,Onasalat,Onasalat,,,HADADO SUB-COUNTY,service_delivery_subcounty,county_detail,listed_service_delivery_unit,unconfirmed,2024-11-22,gazette_context
Gazette Notice No. 15341 of 2024,2024-11-22,Kenya Law / Government of Kenya,WAJIR COUNTY,service_delivery_subcounty,WAJIR NORTH SUB-COUNTY,WAJIR NORTH SUB-COUNTY,,,WAJIR COUNTY,county,county_detail,listed_service_delivery_unit,unconfirmed,2024-11-22,gazette_context
Gazette Notice No. 15341 of 2024,2024-11-22,Kenya Law / Government of Kenya,WAJIR COUNTY,service_delivery_location,Qafole,Qafole,,,WAJIR NORTH SUB-COUNTY,service_delivery_subcounty,county_detail,listed_service_delivery_unit,unconfirmed,2024-11-22,gazette_context
Gazette Notice No. 15341 of 2024,2024-11-22,Kenya Law / Government of Kenya,WAJIR COUNTY,service_delivery_location,Watiti Dini,Watiti Dini,,,WAJIR NORTH SUB-COUNTY,service_delivery_subcounty,county_detail,listed_service_delivery_unit,unconfirmed,2024-11-22,gazette_context
Gazette Notice No. 15341 of 2024,2024-11-22,Kenya Law / Government of Kenya,WAJIR COUNTY,service_delivery_location,Karaduse,Karaduse,,,WAJIR NORTH SUB-COUNTY,service_delivery_subcounty,county_detail,listed_service_delivery_unit,unconfirmed,2024-11-22,gazette_context
Gazette Notice No. 15341 of 2024,2024-11-22,Kenya Law / Government of Kenya,WAJIR COUNTY,service_delivery_location,Danaba North,Danaba North,,,WAJIR NORTH SUB-COUNTY,service_delivery_subcounty,county_detail,listed_service_delivery_unit,unconfirmed,2024-11-22,gazette_context
Gazette Notice No. 15341 of 2024,2024-11-22,Kenya Law / Government of Kenya,WAJIR COUNTY,service_delivery_sublocation,Welmura,Welmura,,,WAJIR NORTH SUB-COUNTY,service_delivery_subcounty,county_detail,listed_service_delivery_unit,unconfirmed,2024-11-22,gazette_context
Gazette Notice No. 15341 of 2024,2024-11-22,Kenya Law / Government of Kenya,WAJIR COUNTY,service_delivery_sublocation,Danaba North,Danaba North,,,WAJIR NORTH SUB-COUNTY,service_delivery_subcounty,county_detail,listed_service_delivery_unit,unconfirmed,2024-11-22,gazette_context
Gazette Notice No. 15341 of 2024,2024-11-22,Kenya Law / Government of Kenya,WAJIR COUNTY,service_delivery_sublocation,Fargadud,Fargadud,,,WAJIR NORTH SUB-COUNTY,service_delivery_subcounty,county_detail,listed_service_delivery_unit,unconfirmed,2024-11-22,gazette_context
Gazette Notice No. 15341 of 2024,2024-11-22,Kenya Law / Government of Kenya,WAJIR COUNTY,service_delivery_sublocation,Medina,Medina,,,WAJIR NORTH SUB-COUNTY,service_delivery_subcounty,county_detail,listed_service_delivery_unit,unconfirmed,2024-11-22,gazette_context
Gazette Notice No. 15341 of 2024,2024-11-22,Kenya Law / Government of Kenya,WAJIR COUNTY,service_delivery_subcounty,BUNA SUB-COUNTY,BUNA SUB-COUNTY,,,WAJIR COUNTY,county,county_detail,listed_service_delivery_unit,unconfirmed,2024-11-22,gazette_context
Gazette Notice No. 15341 of 2024,2024-11-22,Kenya Law / Government of Kenya,WAJIR COUNTY,service_delivery_division,Malkagufu,Malkagufu,,,BUNA SUB-COUNTY,service_delivery_subcounty,county_detail,listed_service_delivery_unit,unconfirmed,2024-11-22,gazette_context
Gazette Notice No. 15341 of 2024,2024-11-22,Kenya Law / Government of Kenya,WAJIR COUNTY,service_delivery_location,Detachdera,Detachdera,,,BUNA SUB-COUNTY,service_delivery_subcounty,county_detail,listed_service_delivery_unit,unconfirmed,2024-11-22,gazette_context
Gazette Notice No. 15341 of 2024,2024-11-22,Kenya Law / Government of Kenya,WAJIR COUNTY,service_delivery_location,Suraya,Suraya,,,BUNA SUB-COUNTY,service_delivery_subcounty,county_detail,listed_service_delivery_unit,unconfirmed,2024-11-22,gazette_context
Gazette Notice No. 15341 of 2024,2024-11-22,Kenya Law / Government of Kenya,WAJIR COUNTY,service_delivery_location,Luqe,Luqe,,,BUNA SUB-COUNTY,service_delivery_subcounty,county_detail,listed_service_delivery_unit,unconfirmed,2024-11-22,gazette_context
Gazette Notice No. 15341 of 2024,2024-11-22,Kenya Law / Government of Kenya,WAJIR COUNTY,service_delivery_sublocation,Detachdera,Detachdera,,,BUNA SUB-COUNTY,service_delivery_subcounty,county_detail,listed_service_delivery_unit,unconfirmed,2024-11-22,gazette_context
Gazette Notice No. 15341 of 2024,2024-11-22,Kenya Law / Government of Kenya,WAJIR COUNTY,service_delivery_sublocation,Luqe,Luqe,,,BUNA SUB-COUNTY,service_delivery_subcounty,county_detail,listed_service_delivery_unit,unconfirmed,2024-11-22,gazette_context
Gazette Notice No. 15341 of 2024,2024-11-22,Kenya Law / Government of Kenya,WAJIR COUNTY,service_delivery_sublocation,Bero,Bero,,,BUNA SUB-COUNTY,service_delivery_subcounty,county_detail,listed_service_delivery_unit,unconfirmed,2024-11-22,gazette_context
Gazette Notice No. 15341 of 2024,2024-11-22,Kenya Law / Government of Kenya,WAJIR COUNTY,service_delivery_subcounty,KORONDILLE SUB-COUNTY,KORONDILLE SUB-COUNTY,,,WAJIR COUNTY,county,county_detail,listed_service_delivery_unit,unconfirmed,2024-11-22,gazette_context
Gazette Notice No. 15341 of 2024,2024-11-22,Kenya Law / Government of Kenya,WAJIR COUNTY,service_delivery_division,Harade,Harade,,,KORONDILLE SUB-COUNTY,service_delivery_subcounty,county_detail,listed_service_delivery_unit,unconfirmed,2024-11-22,gazette_context
Gazette Notice No. 15341 of 2024,2024-11-22,Kenya Law / Government of Kenya,WAJIR COUNTY,service_delivery_location,Kabole,Kabole,,,KORONDILLE SUB-COUNTY,service_delivery_subcounty,county_detail,listed_service_delivery_unit,unconfirmed,2024-11-22,gazette_context
Gazette Notice No. 15341 of 2024,2024-11-22,Kenya Law / Government of Kenya,WAJIR COUNTY,service_delivery_location,Dadabla,Dadabla,,,KORONDILLE SUB-COUNTY,service_delivery_subcounty,county_detail,listed_service_delivery_unit,unconfirmed,2024-11-22,gazette_context
Gazette Notice No. 15341 of 2024,2024-11-22,Kenya Law / Government of Kenya,WAJIR COUNTY,service_delivery_sublocation,Danyarey,Danyarey,,,KORONDILLE SUB-COUNTY,service_delivery_subcounty,county_detail,listed_service_delivery_unit,unconfirmed,2024-11-22,gazette_context
Gazette Notice No. 15341 of 2024,2024-11-22,Kenya Law / Government of Kenya,WAJIR COUNTY,service_delivery_sublocation,Jajanley,Jajanley,,,KORONDILLE SUB-COUNTY,service_delivery_subcounty,county_detail,listed_service_delivery_unit,unconfirmed,2024-11-22,gazette_context
Gazette Notice No. 15341 of 2024,2024-11-22,Kenya Law / Government of Kenya,WAJIR COUNTY,service_delivery_sublocation,Kulanta,Kulanta,,,KORONDILLE SUB-COUNTY,service_delivery_subcounty,county_detail,listed_service_delivery_unit,unconfirmed,2024-11-22,gazette_context
Gazette Notice No. 15341 of 2024,2024-11-22,Kenya Law / Government of Kenya,MANDERA COUNTY,service_delivery_subcounty,BANISA SUB-COUNTY,BANISA SUB-COUNTY,,,MANDERA COUNTY,county,county_detail,listed_service_delivery_unit,unconfirmed,2024-11-22,gazette_context
Gazette Notice No. 15341 of 2024,2024-11-22,Kenya Law / Government of Kenya,MANDERA COUNTY,service_delivery_division,Guba,Guba,,,BANISA SUB-COUNTY,service_delivery_subcounty,county_detail,listed_service_delivery_unit,unconfirmed,2024-11-22,gazette_context
Gazette Notice No. 15341 of 2024,2024-11-22,Kenya Law / Government of Kenya,MANDERA COUNTY,service_delivery_location,Choroqo,Choroqo,,,BANISA SUB-COUNTY,service_delivery_subcounty,county_detail,listed_service_delivery_unit,unconfirmed,2024-11-22,gazette_context
Gazette Notice No. 15341 of 2024,2024-11-22,Kenya Law / Government of Kenya,MANDERA COUNTY,service_delivery_subcounty,MANDERA EAST SUB-COUNTY,MANDERA EAST SUB-COUNTY,,,MANDERA COUNTY,county,county_detail,listed_service_delivery_unit,unconfirmed,2024-11-22,gazette_context
Gazette Notice No. 15341 of 2024,2024-11-22,Kenya Law / Government of Kenya,MANDERA COUNTY,service_delivery_location,Koromey,Koromey,,,MANDERA EAST SUB-COUNTY,service_delivery_subcounty,county_detail,listed_service_delivery_unit,unconfirmed,2024-11-22,gazette_context
Gazette Notice No. 15341 of 2024,2024-11-22,Kenya Law / Government of Kenya,MANDERA COUNTY,service_delivery_sublocation,Arabia Central,Arabia Central,,,MANDERA EAST SUB-COUNTY,service_delivery_subcounty,county_detail,listed_service_delivery_unit,unconfirmed,2024-11-22,gazette_context
Gazette Notice No. 15341 of 2024,2024-11-22,Kenya Law / Government of Kenya,MANDERA COUNTY,service_delivery_sublocation,Dariqa Upper,Dariqa Upper,,,MANDERA EAST SUB-COUNTY,service_delivery_subcounty,county_detail,listed_service_delivery_unit,unconfirmed,2024-11-22,gazette_context
Gazette Notice No. 15341 of 2024,2024-11-22,Kenya Law / Government of Kenya,MANDERA COUNTY,service_delivery_subcounty,LAFEY SUB-COUNTY,LAFEY SUB-COUNTY,,,MANDERA COUNTY,county,county_detail,listed_service_delivery_unit,unconfirmed,2024-11-22,gazette_context
Gazette Notice No. 15341 of 2024,2024-11-22,Kenya Law / Government of Kenya,MANDERA COUNTY,service_delivery_division,Fino,Fino,,,LAFEY SUB-COUNTY,service_delivery_subcounty,county_detail,listed_service_delivery_unit,unconfirmed,2024-11-22,gazette_context
Gazette Notice No. 15341 of 2024,2024-11-22,Kenya Law / Government of Kenya,MANDERA COUNTY,service_delivery_location,Harer Tur,Harer Tur,,,LAFEY SUB-COUNTY,service_delivery_subcounty,county_detail,listed_service_delivery_unit,unconfirmed,2024-11-22,gazette_context
Gazette Notice No. 15341 of 2024,2024-11-22,Kenya Law / Government of Kenya,MANDERA COUNTY,service_delivery_sublocation,Bananaei,Bananaei,,,LAFEY SUB-COUNTY,service_delivery_subcounty,county_detail,listed_service_delivery_unit,unconfirmed,2024-11-22,gazette_context
Gazette Notice No. 15341 of 2024,2024-11-22,Kenya Law / Government of Kenya,MANDERA COUNTY,service_delivery_sublocation,Goraa,Goraa,,,LAFEY SUB-COUNTY,service_delivery_subcounty,county_detail,listed_service_delivery_unit,unconfirmed,2024-11-22,gazette_context
Gazette Notice No. 15341 of 2024,2024-11-22,Kenya Law / Government of Kenya,MANDERA COUNTY,service_delivery_sublocation,Mansa,Mansa,,,LAFEY SUB-COUNTY,service_delivery_subcounty,county_detail,listed_service_delivery_unit,unconfirmed,2024-11-22,gazette_context
Gazette Notice No. 15341 of 2024,2024-11-22,Kenya Law / Government of Kenya,MANDERA COUNTY,service_delivery_sublocation,Sala 2,Sala 2,,,LAFEY SUB-COUNTY,service_delivery_subcounty,county_detail,listed_service_delivery_unit,unconfirmed,2024-11-22,gazette_context
Gazette Notice No. 15341 of 2024,2024-11-22,Kenya Law / Government of Kenya,MANDERA COUNTY,service_delivery_sublocation,Nawanawa,Nawanawa,,,LAFEY SUB-COUNTY,service_delivery_subcounty,county_detail,listed_service_delivery_unit,unconfirmed,2024-11-22,gazette_context
Gazette Notice No. 15341 of 2024,2024-11-22,Kenya Law / Government of Kenya,MERU COUNTY,service_delivery_subcounty,IGEMBE SOUTH SUB-COUNTY,IGEMBE SOUTH SUB-COUNTY,,,MERU COUNTY,county,county_detail,listed_service_delivery_unit,unconfirmed,2024-11-22,gazette_context
Gazette Notice No. 15341 of 2024,2024-11-22,Kenya Law / Government of Kenya,MERU COUNTY,service_delivery_division,Kiegoi/Antubochiu,Kiegoi/Antubochiu,,,IGEMBE SOUTH SUB-COUNTY,service_delivery_subcounty,county_detail,listed_service_delivery_unit,unconfirmed,2024-11-22,gazette_context
Gazette Notice No. 15341 of 2024,2024-11-22,Kenya Law / Government of Kenya,MERU COUNTY,service_delivery_division,Giika,Giika,,,IGEMBE SOUTH SUB-COUNTY,service_delivery_subcounty,county_detail,listed_service_delivery_unit,unconfirmed,2024-11-22,gazette_context
Gazette Notice No. 15341 of 2024,2024-11-22,Kenya Law / Government of Kenya,MERU COUNTY,service_delivery_location,Nceeme,Nceeme,,,IGEMBE SOUTH SUB-COUNTY,service_delivery_subcounty,county_detail,listed_service_delivery_unit,unconfirmed,2024-11-22,gazette_context
Gazette Notice No. 15341 of 2024,2024-11-22,Kenya Law / Government of Kenya,MERU COUNTY,service_delivery_location,Kianyungu,Kianyungu,,,IGEMBE SOUTH SUB-COUNTY,service_delivery_subcounty,county_detail,listed_service_delivery_unit,unconfirmed,2024-11-22,gazette_context
Gazette Notice No. 15341 of 2024,2024-11-22,Kenya Law / Government of Kenya,MERU COUNTY,service_delivery_sublocation,Kamburu,Kamburu,,,IGEMBE SOUTH SUB-COUNTY,service_delivery_subcounty,county_detail,listed_service_delivery_unit,unconfirmed,2024-11-22,gazette_context
Gazette Notice No. 15341 of 2024,2024-11-22,Kenya Law / Government of Kenya,MERU COUNTY,service_delivery_sublocation,Tumutumu,Tumutumu,,,IGEMBE SOUTH SUB-COUNTY,service_delivery_subcounty,county_detail,listed_service_delivery_unit,unconfirmed,2024-11-22,gazette_context
Gazette Notice No. 15341 of 2024,2024-11-22,Kenya Law / Government of Kenya,MERU COUNTY,service_delivery_sublocation,Thubai,Thubai,,,IGEMBE SOUTH SUB-COUNTY,service_delivery_subcounty,county_detail,listed_service_delivery_unit,unconfirmed,2024-11-22,gazette_context
Gazette Notice No. 15341 of 2024,2024-11-22,Kenya Law / Government of Kenya,MERU COUNTY,service_delivery_sublocation,Kilili,Kilili,,,IGEMBE SOUTH SUB-COUNTY,service_delivery_subcounty,county_detail,listed_service_delivery_unit,unconfirmed,2024-11-22,gazette_context
Gazette Notice No. 15341 of 2024,2024-11-22,Kenya Law / Government of Kenya,MERU COUNTY,service_delivery_sublocation,Kilalai,Kilalai,,,IGEMBE SOUTH SUB-COUNTY,service_delivery_subcounty,county_detail,listed_service_delivery_unit,unconfirmed,2024-11-22,gazette_context
Gazette Notice No. 15341 of 2024,2024-11-22,Kenya Law / Government of Kenya,MERU COUNTY,service_delivery_subcounty,TIGANIA WEST SUB-COUNTY,TIGANIA WEST SUB-COUNTY,,,MERU COUNTY,county,county_detail,listed_service_delivery_unit,unconfirmed,2024-11-22,gazette_context
Gazette Notice No. 15341 of 2024,2024-11-22,Kenya Law / Government of Kenya,MERU COUNTY,service_delivery_location,Machaku,Machaku,,,TIGANIA WEST SUB-COUNTY,service_delivery_subcounty,county_detail,listed_service_delivery_unit,unconfirmed,2024-11-22,gazette_context
Gazette Notice No. 15341 of 2024,2024-11-22,Kenya Law / Government of Kenya,MERU COUNTY,service_delivery_sublocation,Kigumone,Kigumone,,,TIGANIA WEST SUB-COUNTY,service_delivery_subcounty,county_detail,listed_service_delivery_unit,unconfirmed,2024-11-22,gazette_context
Gazette Notice No. 15341 of 2024,2024-11-22,Kenya Law / Government of Kenya,MERU COUNTY,service_delivery_subcounty,NKUENE / MITUNGUU SUB-COUNTY,NKUENE / MITUNGUU SUB-COUNTY,,,MERU COUNTY,county,county_detail,listed_service_delivery_unit,unconfirmed,2024-11-22,gazette_context
Gazette Notice No. 15341 of 2024,2024-11-22,Kenya Law / Government of Kenya,MERU COUNTY,service_delivery_location,Gakuri,Gakuri,,,NKUENE / MITUNGUU SUB-COUNTY,service_delivery_subcounty,county_detail,listed_service_delivery_unit,unconfirmed,2024-11-22,gazette_context
Gazette Notice No. 15341 of 2024,2024-11-22,Kenya Law / Government of Kenya,MERU COUNTY,service_delivery_location,Miramene,Miramene,,,NKUENE / MITUNGUU SUB-COUNTY,service_delivery_subcounty,county_detail,listed_service_delivery_unit,unconfirmed,2024-11-22,gazette_context
Gazette Notice No. 15341 of 2024,2024-11-22,Kenya Law / Government of Kenya,MERU COUNTY,service_delivery_location,Nkumari,Nkumari,,,NKUENE / MITUNGUU SUB-COUNTY,service_delivery_subcounty,county_detail,listed_service_delivery_unit,unconfirmed,2024-11-22,gazette_context
Gazette Notice No. 15341 of 2024,2024-11-22,Kenya Law / Government of Kenya,MERU COUNTY,service_delivery_sublocation,Gituune,Gituune,,,NKUENE / MITUNGUU SUB-COUNTY,service_delivery_subcounty,county_detail,listed_service_delivery_unit,unconfirmed,2024-11-22,gazette_context
Gazette Notice No. 15341 of 2024,2024-11-22,Kenya Law / Government of Kenya,MERU COUNTY,service_delivery_sublocation,Nkubu Nkuru,Nkubu Nkuru,,,NKUENE / MITUNGUU SUB-COUNTY,service_delivery_subcounty,county_detail,listed_service_delivery_unit,unconfirmed,2024-11-22,gazette_context
Gazette Notice No. 15341 of 2024,2024-11-22,Kenya Law / Government of Kenya,MERU COUNTY,service_delivery_sublocation,Ntemwene,Ntemwene,,,NKUENE / MITUNGUU SUB-COUNTY,service_delivery_subcounty,county_detail,listed_service_delivery_unit,unconfirmed,2024-11-22,gazette_context
Gazette Notice No. 15341 of 2024,2024-11-22,Kenya Law / Government of Kenya,MERU COUNTY,service_delivery_sublocation,Abogeri,Abogeri,,,NKUENE / MITUNGUU SUB-COUNTY,service_delivery_subcounty,county_detail,listed_service_delivery_unit,unconfirmed,2024-11-22,gazette_context
Gazette Notice No. 15341 of 2024,2024-11-22,Kenya Law / Government of Kenya,MERU COUNTY,service_delivery_sublocation,Gankondi,Gankondi,,,NKUENE / MITUNGUU SUB-COUNTY,service_delivery_subcounty,county_detail,listed_service_delivery_unit,unconfirmed,2024-11-22,gazette_context
Gazette Notice No. 15341 of 2024,2024-11-22,Kenya Law / Government of Kenya,MERU COUNTY,service_delivery_sublocation,Kathangari,Kathangari,,,NKUENE / MITUNGUU SUB-COUNTY,service_delivery_subcounty,county_detail,listed_service_delivery_unit,unconfirmed,2024-11-22,gazette_context
Gazette Notice No. 15341 of 2024,2024-11-22,Kenya Law / Government of Kenya,MERU COUNTY,service_delivery_subcounty,ABOGETA SUB-COUNTY,ABOGETA SUB-COUNTY,,,MERU COUNTY,county,county_detail,listed_service_delivery_unit,unconfirmed,2024-11-22,gazette_context
Gazette Notice No. 15341 of 2024,2024-11-22,Kenya Law / Government of Kenya,MERU COUNTY,service_delivery_location,Ngongoni,Ngongoni,,,ABOGETA SUB-COUNTY,service_delivery_subcounty,county_detail,listed_service_delivery_unit,unconfirmed,2024-11-22,gazette_context
Gazette Notice No. 15341 of 2024,2024-11-22,Kenya Law / Government of Kenya,MERU COUNTY,service_delivery_sublocation,Nkadone,Nkadone,,,ABOGETA SUB-COUNTY,service_delivery_subcounty,county_detail,listed_service_delivery_unit,unconfirmed,2024-11-22,gazette_context
Gazette Notice No. 15341 of 2024,2024-11-22,Kenya Law / Government of Kenya,MERU COUNTY,service_delivery_sublocation,Nkuthine,Nkuthine,,,ABOGETA SUB-COUNTY,service_delivery_subcounty,county_detail,listed_service_delivery_unit,unconfirmed,2024-11-22,gazette_context
Gazette Notice No. 15341 of 2024,2024-11-22,Kenya Law / Government of Kenya,MERU COUNTY,service_delivery_subcounty,IGOJI SUB-COUNTY,IGOJI SUB-COUNTY,,,MERU COUNTY,county,county_detail,listed_service_delivery_unit,unconfirmed,2024-11-22,gazette_context
Gazette Notice No. 15341 of 2024,2024-11-22,Kenya Law / Government of Kenya,MERU COUNTY,service_delivery_location,Kinoru,Kinoru,,,IGOJI SUB-COUNTY,service_delivery_subcounty,county_detail,listed_service_delivery_unit,unconfirmed,2024-11-22,gazette_context
Gazette Notice No. 15341 of 2024,2024-11-22,Kenya Law / Government of Kenya,MERU COUNTY,service_delivery_location,Kiroone,Kiroone,,,IGOJI SUB-COUNTY,service_delivery_subcounty,county_detail,listed_service_delivery_unit,unconfirmed,2024-11-22,gazette_context
Gazette Notice No. 15341 of 2024,2024-11-22,Kenya Law / Government of Kenya,MERU COUNTY,service_delivery_sublocation,Njerune,Njerune,,,IGOJI SUB-COUNTY,service_delivery_subcounty,county_detail,listed_service_delivery_unit,unconfirmed,2024-11-22,gazette_context
Gazette Notice No. 15341 of 2024,2024-11-22,Kenya Law / Government of Kenya,MERU COUNTY,service_delivery_sublocation,Gitine,Gitine,,,IGOJI SUB-COUNTY,service_delivery_subcounty,county_detail,listed_service_delivery_unit,unconfirmed,2024-11-22,gazette_context
Gazette Notice No. 15341 of 2024,2024-11-22,Kenya Law / Government of Kenya,MERU COUNTY,service_delivery_sublocation,Mugae,Mugae,,,IGOJI SUB-COUNTY,service_delivery_subcounty,county_detail,listed_service_delivery_unit,unconfirmed,2024-11-22,gazette_context
Gazette Notice No. 15341 of 2024,2024-11-22,Kenya Law / Government of Kenya,MERU COUNTY,service_delivery_subcounty,BUURI EAST SUB-COUNTY,BUURI EAST SUB-COUNTY,,,MERU COUNTY,county,county_detail,listed_service_delivery_unit,unconfirmed,2024-11-22,gazette_context
Gazette Notice No. 15341 of 2024,2024-11-22,Kenya Law / Government of Kenya,MERU COUNTY,service_delivery_division,Ntugi,Ntugi,,,BUURI EAST SUB-COUNTY,service_delivery_subcounty,county_detail,listed_service_delivery_unit,unconfirmed,2024-11-22,gazette_context
Gazette Notice No. 15341 of 2024,2024-11-22,Kenya Law / Government of Kenya,MERU COUNTY,service_delivery_location,Muriinya,Muriinya,,,BUURI EAST SUB-COUNTY,service_delivery_subcounty,county_detail,listed_service_delivery_unit,unconfirmed,2024-11-22,gazette_context
Gazette Notice No. 15341 of 2024,2024-11-22,Kenya Law / Government of Kenya,MERU COUNTY,service_delivery_sublocation,Machaka,Machaka,,,BUURI EAST SUB-COUNTY,service_delivery_subcounty,county_detail,listed_service_delivery_unit,unconfirmed,2024-11-22,gazette_context
Gazette Notice No. 15341 of 2024,2024-11-22,Kenya Law / Government of Kenya,MERU COUNTY,service_delivery_sublocation,Gakando,Gakando,,,BUURI EAST SUB-COUNTY,service_delivery_subcounty,county_detail,listed_service_delivery_unit,unconfirmed,2024-11-22,gazette_context
Gazette Notice No. 15341 of 2024,2024-11-22,Kenya Law / Government of Kenya,MERU COUNTY,service_delivery_subcounty,IGEMBE NORTH SUB-COUNTY,IGEMBE NORTH SUB-COUNTY,,,MERU COUNTY,county,county_detail,listed_service_delivery_unit,unconfirmed,2024-11-22,gazette_context
Gazette Notice No. 15341 of 2024,2024-11-22,Kenya Law / Government of Kenya,MERU COUNTY,service_delivery_division,Antuambui,Antuambui,,,IGEMBE NORTH SUB-COUNTY,service_delivery_subcounty,county_detail,listed_service_delivery_unit,unconfirmed,2024-11-22,gazette_context
Gazette Notice No. 15341 of 2024,2024-11-22,Kenya Law / Government of Kenya,MERU COUNTY,service_delivery_sublocation,Laare,Laare,,,IGEMBE NORTH SUB-COUNTY,service_delivery_subcounty,county_detail,listed_service_delivery_unit,unconfirmed,2024-11-22,gazette_context
Gazette Notice No. 15341 of 2024,2024-11-22,Kenya Law / Government of Kenya,MERU COUNTY,service_delivery_sublocation,Kilera,Kilera,,,IGEMBE NORTH SUB-COUNTY,service_delivery_subcounty,county_detail,listed_service_delivery_unit,unconfirmed,2024-11-22,gazette_context
Gazette Notice No. 15341 of 2024,2024-11-22,Kenya Law / Government of Kenya,MERU COUNTY,service_delivery_subcounty,MUTUATI SUB-COUNTY,MUTUATI SUB-COUNTY,,,MERU COUNTY,county,county_detail,listed_service_delivery_unit,unconfirmed,2024-11-22,gazette_context
Gazette Notice No. 15341 of 2024,2024-11-22,Kenya Law / Government of Kenya,MERU COUNTY,service_delivery_location,Ndoleli,Ndoleli,,,MUTUATI SUB-COUNTY,service_delivery_subcounty,county_detail,listed_service_delivery_unit,unconfirmed,2024-11-22,gazette_context
Gazette Notice No. 15341 of 2024,2024-11-22,Kenya Law / Government of Kenya,MERU COUNTY,service_delivery_sublocation,Malaene,Malaene,,,MUTUATI SUB-COUNTY,service_delivery_subcounty,county_detail,listed_service_delivery_unit,unconfirmed,2024-11-22,gazette_context
Gazette Notice No. 15341 of 2024,2024-11-22,Kenya Law / Government of Kenya,MERU COUNTY,service_delivery_sublocation,Kamani,Kamani,,,MUTUATI SUB-COUNTY,service_delivery_subcounty,county_detail,listed_service_delivery_unit,unconfirmed,2024-11-22,gazette_context
Gazette Notice No. 15341 of 2024,2024-11-22,Kenya Law / Government of Kenya,KITUI COUNTY,service_delivery_subcounty,KITUI WEST SUB-COUNTY,KITUI WEST SUB-COUNTY,,,KITUI COUNTY,county,county_detail,listed_service_delivery_unit,unconfirmed,2024-11-22,gazette_context
Gazette Notice No. 15341 of 2024,2024-11-22,Kenya Law / Government of Kenya,KITUI COUNTY,service_delivery_location,Kangii,Kangii,,,KITUI WEST SUB-COUNTY,service_delivery_subcounty,county_detail,listed_service_delivery_unit,unconfirmed,2024-11-22,gazette_context
Gazette Notice No. 15341 of 2024,2024-11-22,Kenya Law / Government of Kenya,KITUI COUNTY,service_delivery_location,Kakumuti,Kakumuti,,,KITUI WEST SUB-COUNTY,service_delivery_subcounty,county_detail,listed_service_delivery_unit,unconfirmed,2024-11-22,gazette_context
Gazette Notice No. 15341 of 2024,2024-11-22,Kenya Law / Government of Kenya,KITUI COUNTY,service_delivery_sublocation,Kiamani,Kiamani,,,KITUI WEST SUB-COUNTY,service_delivery_subcounty,county_detail,listed_service_delivery_unit,unconfirmed,2024-11-22,gazette_context
Gazette Notice No. 15341 of 2024,2024-11-22,Kenya Law / Government of Kenya,KITUI COUNTY,service_delivery_sublocation,Kavonge,Kavonge,,,KITUI WEST SUB-COUNTY,service_delivery_subcounty,county_detail,listed_service_delivery_unit,unconfirmed,2024-11-22,gazette_context
Gazette Notice No. 15341 of 2024,2024-11-22,Kenya Law / Government of Kenya,KITUI COUNTY,service_delivery_sublocation,Muambani,Muambani,,,KITUI WEST SUB-COUNTY,service_delivery_subcounty,county_detail,listed_service_delivery_unit,unconfirmed,2024-11-22,gazette_context
Gazette Notice No. 15341 of 2024,2024-11-22,Kenya Law / Government of Kenya,KITUI COUNTY,service_delivery_sublocation,Kiatine,Kiatine,,,KITUI WEST SUB-COUNTY,service_delivery_subcounty,county_detail,listed_service_delivery_unit,unconfirmed,2024-11-22,gazette_context
Gazette Notice No. 15341 of 2024,2024-11-22,Kenya Law / Government of Kenya,KITUI COUNTY,service_delivery_subcounty,MATINYANI SUB-COUNTY,MATINYANI SUB-COUNTY,,,KITUI COUNTY,county,county_detail,listed_service_delivery_unit,unconfirmed,2024-11-22,gazette_context
Gazette Notice No. 15341 of 2024,2024-11-22,Kenya Law / Government of Kenya,KITUI COUNTY,service_delivery_location,Kyambusya,Kyambusya,,,MATINYANI SUB-COUNTY,service_delivery_subcounty,county_detail,listed_service_delivery_unit,unconfirmed,2024-11-22,gazette_context
Gazette Notice No. 15341 of 2024,2024-11-22,Kenya Law / Government of Kenya,KITUI COUNTY,service_delivery_location,Musosya,Musosya,,,MATINYANI SUB-COUNTY,service_delivery_subcounty,county_detail,listed_service_delivery_unit,unconfirmed,2024-11-22,gazette_context
Gazette Notice No. 15341 of 2024,2024-11-22,Kenya Law / Government of Kenya,KITUI COUNTY,service_delivery_sublocation,Kakumi,Kakumi,,,MATINYANI SUB-COUNTY,service_delivery_subcounty,county_detail,listed_service_delivery_unit,unconfirmed,2024-11-22,gazette_context
Gazette Notice No. 15341 of 2024,2024-11-22,Kenya Law / Government of Kenya,KITUI COUNTY,service_delivery_sublocation,Kyeni,Kyeni,,,MATINYANI SUB-COUNTY,service_delivery_subcounty,county_detail,listed_service_delivery_unit,unconfirmed,2024-11-22,gazette_context
Gazette Notice No. 15341 of 2024,2024-11-22,Kenya Law / Government of Kenya,KITUI COUNTY,service_delivery_sublocation,Tungu,Tungu,,,MATINYANI SUB-COUNTY,service_delivery_subcounty,county_detail,listed_service_delivery_unit,unconfirmed,2024-11-22,gazette_context
Gazette Notice No. 15341 of 2024,2024-11-22,Kenya Law / Government of Kenya,KITUI COUNTY,service_delivery_subcounty,KITUI CENTRAL SUB-COUNTY,KITUI CENTRAL SUB-COUNTY,,,KITUI COUNTY,county,county_detail,listed_service_delivery_unit,unconfirmed,2024-11-22,gazette_context
Gazette Notice No. 15341 of 2024,2024-11-22,Kenya Law / Government of Kenya,KITUI COUNTY,service_delivery_sublocation,Majengo,Majengo,,,KITUI CENTRAL SUB-COUNTY,service_delivery_subcounty,county_detail,listed_service_delivery_unit,unconfirmed,2024-11-22,gazette_context
Gazette Notice No. 15341 of 2024,2024-11-22,Kenya Law / Government of Kenya,MACHAKOS COUNTY,service_delivery_subcounty,MWALA SUB-COUNTY,MWALA SUB-COUNTY,,,MACHAKOS COUNTY,county,county_detail,listed_service_delivery_unit,unconfirmed,2024-11-22,gazette_context
Gazette Notice No. 15341 of 2024,2024-11-22,Kenya Law / Government of Kenya,MACHAKOS COUNTY,service_delivery_division,Mbiuni,Mbiuni,,,MWALA SUB-COUNTY,service_delivery_subcounty,county_detail,listed_service_delivery_unit,unconfirmed,2024-11-22,gazette_context
Gazette Notice No. 15341 of 2024,2024-11-22,Kenya Law / Government of Kenya,MACHAKOS COUNTY,service_delivery_location,Kyamatula,Kyamatula,,,MWALA SUB-COUNTY,service_delivery_subcounty,county_detail,listed_service_delivery_unit,unconfirmed,2024-11-22,gazette_context
Gazette Notice No. 15341 of 2024,2024-11-22,Kenya Law / Government of Kenya,MACHAKOS COUNTY,service_delivery_location,Kambiti,Kambiti,,,MWALA SUB-COUNTY,service_delivery_subcounty,county_detail,listed_service_delivery_unit,unconfirmed,2024-11-22,gazette_context
Gazette Notice No. 15341 of 2024,2024-11-22,Kenya Law / Government of Kenya,MACHAKOS COUNTY,service_delivery_location,Mwasua,Mwasua,,,MWALA SUB-COUNTY,service_delivery_subcounty,county_detail,listed_service_delivery_unit,unconfirmed,2024-11-22,gazette_context
Gazette Notice No. 15341 of 2024,2024-11-22,Kenya Law / Government of Kenya,MACHAKOS COUNTY,service_delivery_sublocation,Kithiiani,Kithiiani,,,MWALA SUB-COUNTY,service_delivery_subcounty,county_detail,listed_service_delivery_unit,unconfirmed,2024-11-22,gazette_context
Gazette Notice No. 15341 of 2024,2024-11-22,Kenya Law / Government of Kenya,MACHAKOS COUNTY,service_delivery_sublocation,Kundu,Kundu,,,MWALA SUB-COUNTY,service_delivery_subcounty,county_detail,listed_service_delivery_unit,unconfirmed,2024-11-22,gazette_context
Gazette Notice No. 15341 of 2024,2024-11-22,Kenya Law / Government of Kenya,MACHAKOS COUNTY,service_delivery_sublocation,Ngoluni,Ngoluni,,,MWALA SUB-COUNTY,service_delivery_subcounty,county_detail,listed_service_delivery_unit,unconfirmed,2024-11-22,gazette_context
Gazette Notice No. 15341 of 2024,2024-11-22,Kenya Law / Government of Kenya,MACHAKOS COUNTY,service_delivery_sublocation,Kilaatu,Kilaatu,,,MWALA SUB-COUNTY,service_delivery_subcounty,county_detail,listed_service_delivery_unit,unconfirmed,2024-11-22,gazette_context
Gazette Notice No. 15341 of 2024,2024-11-22,Kenya Law / Government of Kenya,MACHAKOS COUNTY,service_delivery_sublocation,Wamunyu,Wamunyu,,,MWALA SUB-COUNTY,service_delivery_subcounty,county_detail,listed_service_delivery_unit,unconfirmed,2024-11-22,gazette_context
Gazette Notice No. 15341 of 2024,2024-11-22,Kenya Law / Government of Kenya,MACHAKOS COUNTY,service_delivery_sublocation,Mbaikini,Mbaikini,,,MWALA SUB-COUNTY,service_delivery_subcounty,county_detail,listed_service_delivery_unit,unconfirmed,2024-11-22,gazette_context
Gazette Notice No. 15341 of 2024,2024-11-22,Kenya Law / Government of Kenya,MACHAKOS COUNTY,service_delivery_sublocation,Sofia,Sofia,,,MWALA SUB-COUNTY,service_delivery_subcounty,county_detail,listed_service_delivery_unit,unconfirmed,2024-11-22,gazette_context
Gazette Notice No. 15341 of 2024,2024-11-22,Kenya Law / Government of Kenya,MACHAKOS COUNTY,service_delivery_sublocation,Ndeini,Ndeini,,,MWALA SUB-COUNTY,service_delivery_subcounty,county_detail,listed_service_delivery_unit,unconfirmed,2024-11-22,gazette_context
Gazette Notice No. 15341 of 2024,2024-11-22,Kenya Law / Government of Kenya,MACHAKOS COUNTY,service_delivery_sublocation,Nunga,Nunga,,,MWALA SUB-COUNTY,service_delivery_subcounty,county_detail,listed_service_delivery_unit,unconfirmed,2024-11-22,gazette_context
Gazette Notice No. 15341 of 2024,2024-11-22,Kenya Law / Government of Kenya,MACHAKOS COUNTY,service_delivery_sublocation,Kaiani,Kaiani,,,MWALA SUB-COUNTY,service_delivery_subcounty,county_detail,listed_service_delivery_unit,unconfirmed,2024-11-22,gazette_context
Gazette Notice No. 15341 of 2024,2024-11-22,Kenya Law / Government of Kenya,MACHAKOS COUNTY,service_delivery_subcounty,MASINGA SUB-COUNTY,MASINGA SUB-COUNTY,,,MACHAKOS COUNTY,county,county_detail,listed_service_delivery_unit,unconfirmed,2024-11-22,gazette_context
Gazette Notice No. 15341 of 2024,2024-11-22,Kenya Law / Government of Kenya,MACHAKOS COUNTY,service_delivery_division,Muthesya,Muthesya,,,MASINGA SUB-COUNTY,service_delivery_subcounty,county_detail,listed_service_delivery_unit,unconfirmed,2024-11-22,gazette_context
Gazette Notice No. 15341 of 2024,2024-11-22,Kenya Law / Government of Kenya,MACHAKOS COUNTY,service_delivery_location,Mukusu,Mukusu,,,MASINGA SUB-COUNTY,service_delivery_subcounty,county_detail,listed_service_delivery_unit,unconfirmed,2024-11-22,gazette_context
Gazette Notice No. 15341 of 2024,2024-11-22,Kenya Law / Government of Kenya,MACHAKOS COUNTY,service_delivery_sublocation,Ngungi,Ngungi,,,MASINGA SUB-COUNTY,service_delivery_subcounty,county_detail,listed_service_delivery_unit,unconfirmed,2024-11-22,gazette_context
Gazette Notice No. 15341 of 2024,2024-11-22,Kenya Law / Government of Kenya,MACHAKOS COUNTY,service_delivery_sublocation,Mutwamwaniki,Mutwamwaniki,,,MASINGA SUB-COUNTY,service_delivery_subcounty,county_detail,listed_service_delivery_unit,unconfirmed,2024-11-22,gazette_context
Gazette Notice No. 15341 of 2024,2024-11-22,Kenya Law / Government of Kenya,MACHAKOS COUNTY,service_delivery_sublocation,Ngetatni,Ngetatni,,,MASINGA SUB-COUNTY,service_delivery_subcounty,county_detail,listed_service_delivery_unit,unconfirmed,2024-11-22,gazette_context
Gazette Notice No. 15341 of 2024,2024-11-22,Kenya Law / Government of Kenya,MACHAKOS COUNTY,service_delivery_sublocation,Ulutwa,Ulutwa,,,MASINGA SUB-COUNTY,service_delivery_subcounty,county_detail,listed_service_delivery_unit,unconfirmed,2024-11-22,gazette_context
Gazette Notice No. 15341 of 2024,2024-11-22,Kenya Law / Government of Kenya,MACHAKOS COUNTY,service_delivery_sublocation,Katothya,Katothya,,,MASINGA SUB-COUNTY,service_delivery_subcounty,county_detail,listed_service_delivery_unit,unconfirmed,2024-11-22,gazette_context
Gazette Notice No. 15341 of 2024,2024-11-22,Kenya Law / Government of Kenya,MAKUENI COUNTY,service_delivery_subcounty,MAKUENI SUB-COUNTY,MAKUENI SUB-COUNTY,,,MAKUENI COUNTY,county,county_detail,listed_service_delivery_unit,unconfirmed,2024-11-22,gazette_context
Gazette Notice No. 15341 of 2024,2024-11-22,Kenya Law / Government of Kenya,MAKUENI COUNTY,service_delivery_sublocation,Yaumba,Yaumba,,,MAKUENI SUB-COUNTY,service_delivery_subcounty,county_detail,listed_service_delivery_unit,unconfirmed,2024-11-22,gazette_context
Gazette Notice No. 15341 of 2024,2024-11-22,Kenya Law / Government of Kenya,MAKUENI COUNTY,service_delivery_subcounty,MUKAA SUB-COUNTY,MUKAA SUB-COUNTY,,,MAKUENI COUNTY,county,county_detail,listed_service_delivery_unit,unconfirmed,2024-11-22,gazette_context
Gazette Notice No. 15341 of 2024,2024-11-22,Kenya Law / Government of Kenya,MAKUENI COUNTY,service_delivery_sublocation,Mbiini,Mbiini,,,MUKAA SUB-COUNTY,service_delivery_subcounty,county_detail,listed_service_delivery_unit,unconfirmed,2024-11-22,gazette_context
Gazette Notice No. 15341 of 2024,2024-11-22,Kenya Law / Government of Kenya,MAKUENI COUNTY,service_delivery_sublocation,Mutiluni,Mutiluni,,,MUKAA SUB-COUNTY,service_delivery_subcounty,county_detail,listed_service_delivery_unit,unconfirmed,2024-11-22,gazette_context
Gazette Notice No. 15341 of 2024,2024-11-22,Kenya Law / Government of Kenya,MAKUENI COUNTY,service_delivery_sublocation,Kima,Kima,,,MUKAA SUB-COUNTY,service_delivery_subcounty,county_detail,listed_service_delivery_unit,unconfirmed,2024-11-22,gazette_context
Gazette Notice No. 15341 of 2024,2024-11-22,Kenya Law / Government of Kenya,MAKUENI COUNTY,service_delivery_subcounty,MAKINDU SUB-COUNTY,MAKINDU SUB-COUNTY,,,MAKUENI COUNTY,county,county_detail,listed_service_delivery_unit,unconfirmed,2024-11-22,gazette_context
Gazette Notice No. 15341 of 2024,2024-11-22,Kenya Law / Government of Kenya,MAKUENI COUNTY,service_delivery_location,Kyale,Kyale,,,MAKINDU SUB-COUNTY,service_delivery_subcounty,county_detail,listed_service_delivery_unit,unconfirmed,2024-11-22,gazette_context
Gazette Notice No. 15341 of 2024,2024-11-22,Kenya Law / Government of Kenya,MAKUENI COUNTY,service_delivery_location,Kaunguni,Kaunguni,,,MAKINDU SUB-COUNTY,service_delivery_subcounty,county_detail,listed_service_delivery_unit,unconfirmed,2024-11-22,gazette_context
Gazette Notice No. 15341 of 2024,2024-11-22,Kenya Law / Government of Kenya,MAKUENI COUNTY,service_delivery_location,Syumile,Syumile,,,MAKINDU SUB-COUNTY,service_delivery_subcounty,county_detail,listed_service_delivery_unit,unconfirmed,2024-11-22,gazette_context
Gazette Notice No. 15341 of 2024,2024-11-22,Kenya Law / Government of Kenya,MAKUENI COUNTY,service_delivery_location,Kisingo,Kisingo,,,MAKINDU SUB-COUNTY,service_delivery_subcounty,county_detail,listed_service_delivery_unit,unconfirmed,2024-11-22,gazette_context
Gazette Notice No. 15341 of 2024,2024-11-22,Kenya Law / Government of Kenya,MAKUENI COUNTY,service_delivery_sublocation,Kimboo,Kimboo,,,MAKINDU SUB-COUNTY,service_delivery_subcounty,county_detail,listed_service_delivery_unit,unconfirmed,2024-11-22,gazette_context
Gazette Notice No. 15341 of 2024,2024-11-22,Kenya Law / Government of Kenya,MAKUENI COUNTY,service_delivery_sublocation,Masalani,Masalani,,,MAKINDU SUB-COUNTY,service_delivery_subcounty,county_detail,listed_service_delivery_unit,unconfirmed,2024-11-22,gazette_context
Gazette Notice No. 15341 of 2024,2024-11-22,Kenya Law / Government of Kenya,MAKUENI COUNTY,service_delivery_sublocation,Mutantheeu,Mutantheeu,,,MAKINDU SUB-COUNTY,service_delivery_subcounty,county_detail,listed_service_delivery_unit,unconfirmed,2024-11-22,gazette_context
Gazette Notice No. 15341 of 2024,2024-11-22,Kenya Law / Government of Kenya,MAKUENI COUNTY,service_delivery_sublocation,Ndeini,Ndeini,,,MAKINDU SUB-COUNTY,service_delivery_subcounty,county_detail,listed_service_delivery_unit,unconfirmed,2024-11-22,gazette_context
Gazette Notice No. 15341 of 2024,2024-11-22,Kenya Law / Government of Kenya,MAKUENI COUNTY,service_delivery_sublocation,Mukameni,Mukameni,,,MAKINDU SUB-COUNTY,service_delivery_subcounty,county_detail,listed_service_delivery_unit,unconfirmed,2024-11-22,gazette_context
Gazette Notice No. 15341 of 2024,2024-11-22,Kenya Law / Government of Kenya,MAKUENI COUNTY,service_delivery_sublocation,Wayona,Wayona,,,MAKINDU SUB-COUNTY,service_delivery_subcounty,county_detail,listed_service_delivery_unit,unconfirmed,2024-11-22,gazette_context
Gazette Notice No. 15341 of 2024,2024-11-22,Kenya Law / Government of Kenya,MAKUENI COUNTY,service_delivery_sublocation,Yinzau,Yinzau,,,MAKINDU SUB-COUNTY,service_delivery_subcounty,county_detail,listed_service_delivery_unit,unconfirmed,2024-11-22,gazette_context
Gazette Notice No. 15341 of 2024,2024-11-22,Kenya Law / Government of Kenya,MAKUENI COUNTY,service_delivery_subcounty,MBOONI WEST SUB-COUNTY,MBOONI WEST SUB-COUNTY,,,MAKUENI COUNTY,county,county_detail,listed_service_delivery_unit,unconfirmed,2024-11-22,gazette_context
Gazette Notice No. 15341 of 2024,2024-11-22,Kenya Law / Government of Kenya,MAKUENI COUNTY,service_delivery_location,Mavindu,Mavindu,,,MBOONI WEST SUB-COUNTY,service_delivery_subcounty,county_detail,listed_service_delivery_unit,unconfirmed,2024-11-22,gazette_context
Gazette Notice No. 15341 of 2024,2024-11-22,Kenya Law / Government of Kenya,MAKUENI COUNTY,service_delivery_location,Nzeveni,Nzeveni,,,MBOONI WEST SUB-COUNTY,service_delivery_subcounty,county_detail,listed_service_delivery_unit,unconfirmed,2024-11-22,gazette_context
Gazette Notice No. 15341 of 2024,2024-11-22,Kenya Law / Government of Kenya,MAKUENI COUNTY,service_delivery_location,Ngai,Ngai,,,MBOONI WEST SUB-COUNTY,service_delivery_subcounty,county_detail,listed_service_delivery_unit,unconfirmed,2024-11-22,gazette_context
Gazette Notice No. 15341 of 2024,2024-11-22,Kenya Law / Government of Kenya,MAKUENI COUNTY,service_delivery_sublocation,Kango,Kango,,,MBOONI WEST SUB-COUNTY,service_delivery_subcounty,county_detail,listed_service_delivery_unit,unconfirmed,2024-11-22,gazette_context
Gazette Notice No. 15341 of 2024,2024-11-22,Kenya Law / Government of Kenya,MAKUENI COUNTY,service_delivery_sublocation,Kakuyuni,Kakuyuni,,,MBOONI WEST SUB-COUNTY,service_delivery_subcounty,county_detail,listed_service_delivery_unit,unconfirmed,2024-11-22,gazette_context
Gazette Notice No. 15341 of 2024,2024-11-22,Kenya Law / Government of Kenya,MAKUENI COUNTY,service_delivery_sublocation,Mwenyeani,Mwenyeani,,,MBOONI WEST SUB-COUNTY,service_delivery_subcounty,county_detail,listed_service_delivery_unit,unconfirmed,2024-11-22,gazette_context
Gazette Notice No. 15341 of 2024,2024-11-22,Kenya Law / Government of Kenya,MAKUENI COUNTY,service_delivery_sublocation,Kiliye,Kiliye,,,MBOONI WEST SUB-COUNTY,service_delivery_subcounty,county_detail,listed_service_delivery_unit,unconfirmed,2024-11-22,gazette_context
Gazette Notice No. 15341 of 2024,2024-11-22,Kenya Law / Government of Kenya,MAKUENI COUNTY,service_delivery_sublocation,Kithungo,Kithungo,,,MBOONI WEST SUB-COUNTY,service_delivery_subcounty,county_detail,listed_service_delivery_unit,unconfirmed,2024-11-22,gazette_context
Gazette Notice No. 15341 of 2024,2024-11-22,Kenya Law / Government of Kenya,NYANDARUA COUNTY,service_delivery_subcounty,NORTH KINANGOP SUB-COUNTY,NORTH KINANGOP SUB-COUNTY,,,NYANDARUA COUNTY,county,county_detail,listed_service_delivery_unit,unconfirmed,2024-11-22,gazette_context
Gazette Notice No. 15341 of 2024,2024-11-22,Kenya Law / Government of Kenya,NYANDARUA COUNTY,service_delivery_division,Murungaru,Murungaru,,,NORTH KINANGOP SUB-COUNTY,service_delivery_subcounty,county_detail,listed_service_delivery_unit,unconfirmed,2024-11-22,gazette_context
Gazette Notice No. 15341 of 2024,2024-11-22,Kenya Law / Government of Kenya,NYANDARUA COUNTY,service_delivery_division,Kitiri,Kitiri,,,NORTH KINANGOP SUB-COUNTY,service_delivery_subcounty,county_detail,listed_service_delivery_unit,unconfirmed,2024-11-22,gazette_context
Gazette Notice No. 15341 of 2024,2024-11-22,Kenya Law / Government of Kenya,NYANDARUA COUNTY,service_delivery_location,Kahuru,Kahuru,,,NORTH KINANGOP SUB-COUNTY,service_delivery_subcounty,county_detail,listed_service_delivery_unit,unconfirmed,2024-11-22,gazette_context
Gazette Notice No. 15341 of 2024,2024-11-22,Kenya Law / Government of Kenya,NYANDARUA COUNTY,service_delivery_location,Kambata,Kambata,,,NORTH KINANGOP SUB-COUNTY,service_delivery_subcounty,county_detail,listed_service_delivery_unit,unconfirmed,2024-11-22,gazette_context
Gazette Notice No. 15341 of 2024,2024-11-22,Kenya Law / Government of Kenya,NYANDARUA COUNTY,service_delivery_location,Nandarasi,Nandarasi,,,NORTH KINANGOP SUB-COUNTY,service_delivery_subcounty,county_detail,listed_service_delivery_unit,unconfirmed,2024-11-22,gazette_context
Gazette Notice No. 15341 of 2024,2024-11-22,Kenya Law / Government of Kenya,NYANDARUA COUNTY,service_delivery_location,Raitha,Raitha,,,NORTH KINANGOP SUB-COUNTY,service_delivery_subcounty,county_detail,listed_service_delivery_unit,unconfirmed,2024-11-22,gazette_context
Gazette Notice No. 15341 of 2024,2024-11-22,Kenya Law / Government of Kenya,NYANDARUA COUNTY,service_delivery_sublocation,Mbirithi,Mbirithi,,,NORTH KINANGOP SUB-COUNTY,service_delivery_subcounty,county_detail,listed_service_delivery_unit,unconfirmed,2024-11-22,gazette_context
Gazette Notice No. 15341 of 2024,2024-11-22,Kenya Law / Government of Kenya,NYANDARUA COUNTY,service_delivery_sublocation,Mutamaiyo,Mutamaiyo,,,NORTH KINANGOP SUB-COUNTY,service_delivery_subcounty,county_detail,listed_service_delivery_unit,unconfirmed,2024-11-22,gazette_context
Gazette Notice No. 15341 of 2024,2024-11-22,Kenya Law / Government of Kenya,NYANDARUA COUNTY,service_delivery_sublocation,Mutiini,Mutiini,,,NORTH KINANGOP SUB-COUNTY,service_delivery_subcounty,county_detail,listed_service_delivery_unit,unconfirmed,2024-11-22,gazette_context
Gazette Notice No. 15341 of 2024,2024-11-22,Kenya Law / Government of Kenya,NYANDARUA COUNTY,service_delivery_sublocation,Kaimba,Kaimba,,,NORTH KINANGOP SUB-COUNTY,service_delivery_subcounty,county_detail,listed_service_delivery_unit,unconfirmed,2024-11-22,gazette_context
Gazette Notice No. 15341 of 2024,2024-11-22,Kenya Law / Government of Kenya,NYANDARUA COUNTY,service_delivery_sublocation,Kienjero,Kienjero,,,NORTH KINANGOP SUB-COUNTY,service_delivery_subcounty,county_detail,listed_service_delivery_unit,unconfirmed,2024-11-22,gazette_context
Gazette Notice No. 15341 of 2024,2024-11-22,Kenya Law / Government of Kenya,NYANDARUA COUNTY,service_delivery_sublocation,Kagongo,Kagongo,,,NORTH KINANGOP SUB-COUNTY,service_delivery_subcounty,county_detail,listed_service_delivery_unit,unconfirmed,2024-11-22,gazette_context
Gazette Notice No. 15341 of 2024,2024-11-22,Kenya Law / Government of Kenya,NYANDARUA COUNTY,service_delivery_sublocation,Rurii,Rurii,,,NORTH KINANGOP SUB-COUNTY,service_delivery_subcounty,county_detail,listed_service_delivery_unit,unconfirmed,2024-11-22,gazette_context
Gazette Notice No. 15341 of 2024,2024-11-22,Kenya Law / Government of Kenya,NYANDARUA COUNTY,service_delivery_sublocation,Kawamaitha,Kawamaitha,,,NORTH KINANGOP SUB-COUNTY,service_delivery_subcounty,county_detail,listed_service_delivery_unit,unconfirmed,2024-11-22,gazette_context
Gazette Notice No. 15341 of 2024,2024-11-22,Kenya Law / Government of Kenya,NYANDARUA COUNTY,service_delivery_sublocation,Karima,Karima,,,NORTH KINANGOP SUB-COUNTY,service_delivery_subcounty,county_detail,listed_service_delivery_unit,unconfirmed,2024-11-22,gazette_context
Gazette Notice No. 15341 of 2024,2024-11-22,Kenya Law / Government of Kenya,NYANDARUA COUNTY,service_delivery_sublocation,Kamirangi,Kamirangi,,,NORTH KINANGOP SUB-COUNTY,service_delivery_subcounty,county_detail,listed_service_delivery_unit,unconfirmed,2024-11-22,gazette_context
Gazette Notice No. 15341 of 2024,2024-11-22,Kenya Law / Government of Kenya,NYANDARUA COUNTY,service_delivery_sublocation,Kitogo,Kitogo,,,NORTH KINANGOP SUB-COUNTY,service_delivery_subcounty,county_detail,listed_service_delivery_unit,unconfirmed,2024-11-22,gazette_context
Gazette Notice No. 15341 of 2024,2024-11-22,Kenya Law / Government of Kenya,NYANDARUA COUNTY,service_delivery_sublocation,Kirathimo,Kirathimo,,,NORTH KINANGOP SUB-COUNTY,service_delivery_subcounty,county_detail,listed_service_delivery_unit,unconfirmed,2024-11-22,gazette_context
Gazette Notice No. 15341 of 2024,2024-11-22,Kenya Law / Government of Kenya,KIAMBU COUNTY,service_delivery_subcounty,LARI SUB-COUNTY,LARI SUB-COUNTY,,,KIAMBU COUNTY,county,county_detail,listed_service_delivery_unit,unconfirmed,2024-11-22,gazette_context
Gazette Notice No. 15341 of 2024,2024-11-22,Kenya Law / Government of Kenya,KIAMBU COUNTY,service_delivery_division,Kagwe,Kagwe,,,LARI SUB-COUNTY,service_delivery_subcounty,county_detail,listed_service_delivery_unit,unconfirmed,2024-11-22,gazette_context
Gazette Notice No. 15341 of 2024,2024-11-22,Kenya Law / Government of Kenya,KIAMBU COUNTY,service_delivery_division,Kimende,Kimende,,,LARI SUB-COUNTY,service_delivery_subcounty,county_detail,listed_service_delivery_unit,unconfirmed,2024-11-22,gazette_context
Gazette Notice No. 15341 of 2024,2024-11-22,Kenya Law / Government of Kenya,KIAMBU COUNTY,service_delivery_location,Gathumuri,Gathumuri,,,LARI SUB-COUNTY,service_delivery_subcounty,county_detail,listed_service_delivery_unit,unconfirmed,2024-11-22,gazette_context
Gazette Notice No. 15341 of 2024,2024-11-22,Kenya Law / Government of Kenya,KIAMBU COUNTY,service_delivery_location,Githogoiyo,Githogoiyo,,,LARI SUB-COUNTY,service_delivery_subcounty,county_detail,listed_service_delivery_unit,unconfirmed,2024-11-22,gazette_context
Gazette Notice No. 15341 of 2024,2024-11-22,Kenya Law / Government of Kenya,KIAMBU COUNTY,service_delivery_location,Kamahindu,Kamahindu,,,LARI SUB-COUNTY,service_delivery_subcounty,county_detail,listed_service_delivery_unit,unconfirmed,2024-11-22,gazette_context
Gazette Notice No. 15341 of 2024,2024-11-22,Kenya Law / Government of Kenya,KIAMBU COUNTY,service_delivery_location,Matimbei,Matimbei,,,LARI SUB-COUNTY,service_delivery_subcounty,county_detail,listed_service_delivery_unit,unconfirmed,2024-11-22,gazette_context
Gazette Notice No. 15341 of 2024,2024-11-22,Kenya Law / Government of Kenya,KIAMBU COUNTY,service_delivery_sublocation,Githembe,Githembe,,,LARI SUB-COUNTY,service_delivery_subcounty,county_detail,listed_service_delivery_unit,unconfirmed,2024-11-22,gazette_context
Gazette Notice No. 15341 of 2024,2024-11-22,Kenya Law / Government of Kenya,KIAMBU COUNTY,service_delivery_sublocation,Muiri,Muiri,,,LARI SUB-COUNTY,service_delivery_subcounty,county_detail,listed_service_delivery_unit,unconfirmed,2024-11-22,gazette_context
Gazette Notice No. 15341 of 2024,2024-11-22,Kenya Law / Government of Kenya,KIAMBU COUNTY,service_delivery_sublocation,Kihenjo,Kihenjo,,,LARI SUB-COUNTY,service_delivery_subcounty,county_detail,listed_service_delivery_unit,unconfirmed,2024-11-22,gazette_context
Gazette Notice No. 15341 of 2024,2024-11-22,Kenya Law / Government of Kenya,KIAMBU COUNTY,service_delivery_sublocation,Karugo,Karugo,,,LARI SUB-COUNTY,service_delivery_subcounty,county_detail,listed_service_delivery_unit,unconfirmed,2024-11-22,gazette_context
Gazette Notice No. 15341 of 2024,2024-11-22,Kenya Law / Government of Kenya,KIAMBU COUNTY,service_delivery_sublocation,Gitemburi,Gitemburi,,,LARI SUB-COUNTY,service_delivery_subcounty,county_detail,listed_service_delivery_unit,unconfirmed,2024-11-22,gazette_context
Gazette Notice No. 15341 of 2024,2024-11-22,Kenya Law / Government of Kenya,TURKANA COUNTY,service_delivery_subcounty,LOIMA SUB-COUNTY,LOIMA SUB-COUNTY,,,TURKANA COUNTY,county,county_detail,listed_service_delivery_unit,unconfirmed,2024-11-22,gazette_context
Gazette Notice No. 15341 of 2024,2024-11-22,Kenya Law / Government of Kenya,TURKANA COUNTY,service_delivery_division,Lorengippi,Lorengippi,,,LOIMA SUB-COUNTY,service_delivery_subcounty,county_detail,listed_service_delivery_unit,unconfirmed,2024-11-22,gazette_context
Gazette Notice No. 15341 of 2024,2024-11-22,Kenya Law / Government of Kenya,TURKANA COUNTY,service_delivery_division,Kotaruk,Kotaruk,,,LOIMA SUB-COUNTY,service_delivery_subcounty,county_detail,listed_service_delivery_unit,unconfirmed,2024-11-22,gazette_context
Gazette Notice No. 15341 of 2024,2024-11-22,Kenya Law / Government of Kenya,TURKANA COUNTY,service_delivery_location,Lochor Ekuyen,Lochor Ekuyen,,,LOIMA SUB-COUNTY,service_delivery_subcounty,county_detail,listed_service_delivery_unit,unconfirmed,2024-11-22,gazette_context
Gazette Notice No. 15341 of 2024,2024-11-22,Kenya Law / Government of Kenya,TURKANA COUNTY,service_delivery_location,Nakuja Ekalale,Nakuja Ekalale,,,LOIMA SUB-COUNTY,service_delivery_subcounty,county_detail,listed_service_delivery_unit,unconfirmed,2024-11-22,gazette_context
Gazette Notice No. 15341 of 2024,2024-11-22,Kenya Law / Government of Kenya,TURKANA COUNTY,service_delivery_location,Nachuro,Nachuro,,,LOIMA SUB-COUNTY,service_delivery_subcounty,county_detail,listed_service_delivery_unit,unconfirmed,2024-11-22,gazette_context
Gazette Notice No. 15341 of 2024,2024-11-22,Kenya Law / Government of Kenya,TURKANA COUNTY,service_delivery_location,Kawalase,Kawalase,,,LOIMA SUB-COUNTY,service_delivery_subcounty,county_detail,listed_service_delivery_unit,unconfirmed,2024-11-22,gazette_context
Gazette Notice No. 15341 of 2024,2024-11-22,Kenya Law / Government of Kenya,TURKANA COUNTY,service_delivery_location,Lochor Edome,Lochor Edome,,,LOIMA SUB-COUNTY,service_delivery_subcounty,county_detail,listed_service_delivery_unit,unconfirmed,2024-11-22,gazette_context
Gazette Notice No. 15341 of 2024,2024-11-22,Kenya Law / Government of Kenya,TURKANA COUNTY,service_delivery_sublocation,Lokoye,Lokoye,,,LOIMA SUB-COUNTY,service_delivery_subcounty,county_detail,listed_service_delivery_unit,unconfirmed,2024-11-22,gazette_context
Gazette Notice No. 15341 of 2024,2024-11-22,Kenya Law / Government of Kenya,TURKANA COUNTY,service_delivery_sublocation,Nandoridengo,Nandoridengo,,,LOIMA SUB-COUNTY,service_delivery_subcounty,county_detail,listed_service_delivery_unit,unconfirmed,2024-11-22,gazette_context
Gazette Notice No. 15341 of 2024,2024-11-22,Kenya Law / Government of Kenya,TURKANA COUNTY,service_delivery_sublocation,Kotela,Kotela,,,LOIMA SUB-COUNTY,service_delivery_subcounty,county_detail,listed_service_delivery_unit,unconfirmed,2024-11-22,gazette_context
Gazette Notice No. 15341 of 2024,2024-11-22,Kenya Law / Government of Kenya,TURKANA COUNTY,service_delivery_sublocation,Nakwamekwi,Nakwamekwi,,,LOIMA SUB-COUNTY,service_delivery_subcounty,county_detail,listed_service_delivery_unit,unconfirmed,2024-11-22,gazette_context
Gazette Notice No. 15341 of 2024,2024-11-22,Kenya Law / Government of Kenya,TURKANA COUNTY,service_delivery_sublocation,Nakorimunyen,Nakorimunyen,,,LOIMA SUB-COUNTY,service_delivery_subcounty,county_detail,listed_service_delivery_unit,unconfirmed,2024-11-22,gazette_context
Gazette Notice No. 15341 of 2024,2024-11-22,Kenya Law / Government of Kenya,TURKANA COUNTY,service_delivery_sublocation,Lomokori,Lomokori,,,LOIMA SUB-COUNTY,service_delivery_subcounty,county_detail,listed_service_delivery_unit,unconfirmed,2024-11-22,gazette_context
Gazette Notice No. 15341 of 2024,2024-11-22,Kenya Law / Government of Kenya,TURKANA COUNTY,service_delivery_sublocation,Kaakorikamar,Kaakorikamar,,,LOIMA SUB-COUNTY,service_delivery_subcounty,county_detail,listed_service_delivery_unit,unconfirmed,2024-11-22,gazette_context
Gazette Notice No. 15341 of 2024,2024-11-22,Kenya Law / Government of Kenya,TURKANA COUNTY,service_delivery_sublocation,Nurendudung,Nurendudung,,,LOIMA SUB-COUNTY,service_delivery_subcounty,county_detail,listed_service_delivery_unit,unconfirmed,2024-11-22,gazette_context
Gazette Notice No. 15341 of 2024,2024-11-22,Kenya Law / Government of Kenya,TURKANA COUNTY,service_delivery_sublocation,Naurenpuu,Naurenpuu,,,LOIMA SUB-COUNTY,service_delivery_subcounty,county_detail,listed_service_delivery_unit,unconfirmed,2024-11-22,gazette_context
Gazette Notice No. 15341 of 2024,2024-11-22,Kenya Law / Government of Kenya,TURKANA COUNTY,service_delivery_sublocation,Lochor Emayan,Lochor Emayan,,,LOIMA SUB-COUNTY,service_delivery_subcounty,county_detail,listed_service_delivery_unit,unconfirmed,2024-11-22,gazette_context
Gazette Notice No. 15341 of 2024,2024-11-22,Kenya Law / Government of Kenya,SAMBURU COUNTY,service_delivery_subcounty,SAMBURU CENTRAL SUB-COUNTY,SAMBURU CENTRAL SUB-COUNTY,,,SAMBURU COUNTY,county,county_detail,listed_service_delivery_unit,unconfirmed,2024-11-22,gazette_context
Gazette Notice No. 15341 of 2024,2024-11-22,Kenya Law / Government of Kenya,SAMBURU COUNTY,service_delivery_division,Loosuk,Loosuk,,,SAMBURU CENTRAL SUB-COUNTY,service_delivery_subcounty,county_detail,listed_service_delivery_unit,unconfirmed,2024-11-22,gazette_context
Gazette Notice No. 15341 of 2024,2024-11-22,Kenya Law / Government of Kenya,TRANS-NZOIA COUNTY,service_delivery_subcounty,TRANS-NZOIA WEST SUB-COUNTY,TRANS-NZOIA WEST SUB-COUNTY,,,TRANS-NZOIA COUNTY,county,county_detail,listed_service_delivery_unit,unconfirmed,2024-11-22,gazette_context
Gazette Notice No. 15341 of 2024,2024-11-22,Kenya Law / Government of Kenya,TRANS-NZOIA COUNTY,service_delivery_division,Machewa,Machewa,,,TRANS-NZOIA WEST SUB-COUNTY,service_delivery_subcounty,county_detail,listed_service_delivery_unit,unconfirmed,2024-11-22,gazette_context
Gazette Notice No. 15341 of 2024,2024-11-22,Kenya Law / Government of Kenya,TRANS-NZOIA COUNTY,service_delivery_division,Chepsiro,Chepsiro,,,TRANS-NZOIA WEST SUB-COUNTY,service_delivery_subcounty,county_detail,listed_service_delivery_unit,unconfirmed,2024-11-22,gazette_context
Gazette Notice No. 15341 of 2024,2024-11-22,Kenya Law / Government of Kenya,TRANS-NZOIA COUNTY,service_delivery_location,Kipyoywan,Kipyoywan,,,TRANS-NZOIA WEST SUB-COUNTY,service_delivery_subcounty,county_detail,listed_service_delivery_unit,unconfirmed,2024-11-22,gazette_context
Gazette Notice No. 15341 of 2024,2024-11-22,Kenya Law / Government of Kenya,TRANS-NZOIA COUNTY,service_delivery_location,Kiprenden,Kiprenden,,,TRANS-NZOIA WEST SUB-COUNTY,service_delivery_subcounty,county_detail,listed_service_delivery_unit,unconfirmed,2024-11-22,gazette_context
Gazette Notice No. 15341 of 2024,2024-11-22,Kenya Law / Government of Kenya,TRANS-NZOIA COUNTY,service_delivery_sublocation,Mwitha,Mwitha,,,TRANS-NZOIA WEST SUB-COUNTY,service_delivery_subcounty,county_detail,listed_service_delivery_unit,unconfirmed,2024-11-22,gazette_context
Gazette Notice No. 15341 of 2024,2024-11-22,Kenya Law / Government of Kenya,TRANS-NZOIA COUNTY,service_delivery_sublocation,Chebokoria,Chebokoria,,,TRANS-NZOIA WEST SUB-COUNTY,service_delivery_subcounty,county_detail,listed_service_delivery_unit,unconfirmed,2024-11-22,gazette_context
Gazette Notice No. 15341 of 2024,2024-11-22,Kenya Law / Government of Kenya,TRANS-NZOIA COUNTY,service_delivery_sublocation,Kissawai,Kissawai,,,TRANS-NZOIA WEST SUB-COUNTY,service_delivery_subcounty,county_detail,listed_service_delivery_unit,unconfirmed,2024-11-22,gazette_context
Gazette Notice No. 15341 of 2024,2024-11-22,Kenya Law / Government of Kenya,TRANS-NZOIA COUNTY,service_delivery_sublocation,Nyakintwa,Nyakintwa,,,TRANS-NZOIA WEST SUB-COUNTY,service_delivery_subcounty,county_detail,listed_service_delivery_unit,unconfirmed,2024-11-22,gazette_context
Gazette Notice No. 15341 of 2024,2024-11-22,Kenya Law / Government of Kenya,TRANS-NZOIA COUNTY,service_delivery_sublocation,Bwake,Bwake,,,TRANS-NZOIA WEST SUB-COUNTY,service_delivery_subcounty,county_detail,listed_service_delivery_unit,unconfirmed,2024-11-22,gazette_context
Gazette Notice No. 15341 of 2024,2024-11-22,Kenya Law / Government of Kenya,TRANS-NZOIA COUNTY,service_delivery_sublocation,Tugoin,Tugoin,,,TRANS-NZOIA WEST SUB-COUNTY,service_delivery_subcounty,county_detail,listed_service_delivery_unit,unconfirmed,2024-11-22,gazette_context
Gazette Notice No. 15341 of 2024,2024-11-22,Kenya Law / Government of Kenya,TRANS-NZOIA COUNTY,service_delivery_subcounty,TRANS-NZOIA EAST SUB-COUNTY,TRANS-NZOIA EAST SUB-COUNTY,,,TRANS-NZOIA COUNTY,county,county_detail,listed_service_delivery_unit,unconfirmed,2024-11-22,gazette_context
Gazette Notice No. 15341 of 2024,2024-11-22,Kenya Law / Government of Kenya,TRANS-NZOIA COUNTY,service_delivery_location,Kapkarwa,Kapkarwa,,,TRANS-NZOIA EAST SUB-COUNTY,service_delivery_subcounty,county_detail,listed_service_delivery_unit,unconfirmed,2024-11-22,gazette_context
Gazette Notice No. 15341 of 2024,2024-11-22,Kenya Law / Government of Kenya,TRANS-NZOIA COUNTY,service_delivery_sublocation,Suwerwa,Suwerwa,,,TRANS-NZOIA EAST SUB-COUNTY,service_delivery_subcounty,county_detail,listed_service_delivery_unit,unconfirmed,2024-11-22,gazette_context
Gazette Notice No. 15341 of 2024,2024-11-22,Kenya Law / Government of Kenya,TRANS-NZOIA COUNTY,service_delivery_sublocation,Bonde,Bonde,,,TRANS-NZOIA EAST SUB-COUNTY,service_delivery_subcounty,county_detail,listed_service_delivery_unit,unconfirmed,2024-11-22,gazette_context
Gazette Notice No. 15341 of 2024,2024-11-22,Kenya Law / Government of Kenya,ELGEYO - MARAKWET COUNTY,service_delivery_subcounty,KEIYO SOUTH SUB-COUNTY,KEIYO SOUTH SUB-COUNTY,,,ELGEYO - MARAKWET COUNTY,county,county_detail,listed_service_delivery_unit,unconfirmed,2024-11-22,gazette_context
Gazette Notice No. 15341 of 2024,2024-11-22,Kenya Law / Government of Kenya,ELGEYO - MARAKWET COUNTY,service_delivery_sublocation,Kasoiyo,Kasoiyo,,,KEIYO SOUTH SUB-COUNTY,service_delivery_subcounty,county_detail,listed_service_delivery_unit,unconfirmed,2024-11-22,gazette_context
Gazette Notice No. 15341 of 2024,2024-11-22,Kenya Law / Government of Kenya,NANDI COUNTY,service_delivery_subcounty,NANDI NORTH SUB-COUNTY,NANDI NORTH SUB-COUNTY,,,NANDI COUNTY,county,county_detail,listed_service_delivery_unit,unconfirmed,2024-11-22,gazette_context
Gazette Notice No. 15341 of 2024,2024-11-22,Kenya Law / Government of Kenya,NANDI COUNTY,service_delivery_location,Kapchebose,Kapchebose,,,NANDI NORTH SUB-COUNTY,service_delivery_subcounty,county_detail,listed_service_delivery_unit,unconfirmed,2024-11-22,gazette_context
Gazette Notice No. 15341 of 2024,2024-11-22,Kenya Law / Government of Kenya,NANDI COUNTY,service_delivery_location,Cheptilil Suswo,Cheptilil Suswo,,,NANDI NORTH SUB-COUNTY,service_delivery_subcounty,county_detail,listed_service_delivery_unit,unconfirmed,2024-11-22,gazette_context
Gazette Notice No. 15341 of 2024,2024-11-22,Kenya Law / Government of Kenya,NANDI COUNTY,service_delivery_location,Labuiywet,Labuiywet,,,NANDI NORTH SUB-COUNTY,service_delivery_subcounty,county_detail,listed_service_delivery_unit,unconfirmed,2024-11-22,gazette_context
Gazette Notice No. 15341 of 2024,2024-11-22,Kenya Law / Government of Kenya,NANDI COUNTY,service_delivery_location,Kolonget,Kolonget,,,NANDI NORTH SUB-COUNTY,service_delivery_subcounty,county_detail,listed_service_delivery_unit,unconfirmed,2024-11-22,gazette_context
Gazette Notice No. 15341 of 2024,2024-11-22,Kenya Law / Government of Kenya,NANDI COUNTY,service_delivery_location,Kaptiron,Kaptiron,,,NANDI NORTH SUB-COUNTY,service_delivery_subcounty,county_detail,listed_service_delivery_unit,unconfirmed,2024-11-22,gazette_context
Gazette Notice No. 15341 of 2024,2024-11-22,Kenya Law / Government of Kenya,NANDI COUNTY,service_delivery_subcounty,NANDI EAST SUB-COUNTY,NANDI EAST SUB-COUNTY,,,NANDI COUNTY,county,county_detail,listed_service_delivery_unit,unconfirmed,2024-11-22,gazette_context
Gazette Notice No. 15341 of 2024,2024-11-22,Kenya Law / Government of Kenya,NANDI COUNTY,service_delivery_location,Sirwa,Sirwa,,,NANDI EAST SUB-COUNTY,service_delivery_subcounty,county_detail,listed_service_delivery_unit,unconfirmed,2024-11-22,gazette_context
Gazette Notice No. 15341 of 2024,2024-11-22,Kenya Law / Government of Kenya,NANDI COUNTY,service_delivery_location,Keteng,Keteng,,,NANDI EAST SUB-COUNTY,service_delivery_subcounty,county_detail,listed_service_delivery_unit,unconfirmed,2024-11-22,gazette_context
Gazette Notice No. 15341 of 2024,2024-11-22,Kenya Law / Government of Kenya,NANDI COUNTY,service_delivery_location,Chepng’etuny,Chepng’etuny,,,NANDI EAST SUB-COUNTY,service_delivery_subcounty,county_detail,listed_service_delivery_unit,unconfirmed,2024-11-22,gazette_context
Gazette Notice No. 15341 of 2024,2024-11-22,Kenya Law / Government of Kenya,NANDI COUNTY,service_delivery_sublocation,Nandi Hills,Nandi Hills,,,NANDI EAST SUB-COUNTY,service_delivery_subcounty,county_detail,listed_service_delivery_unit,unconfirmed,2024-11-22,gazette_context
Gazette Notice No. 15341 of 2024,2024-11-22,Kenya Law / Government of Kenya,NANDI COUNTY,service_delivery_sublocation,Kabikwen,Kabikwen,,,NANDI EAST SUB-COUNTY,service_delivery_subcounty,county_detail,listed_service_delivery_unit,unconfirmed,2024-11-22,gazette_context
Gazette Notice No. 15341 of 2024,2024-11-22,Kenya Law / Government of Kenya,NANDI COUNTY,service_delivery_sublocation,Kipseon,Kipseon,,,NANDI EAST SUB-COUNTY,service_delivery_subcounty,county_detail,listed_service_delivery_unit,unconfirmed,2024-11-22,gazette_context
Gazette Notice No. 15341 of 2024,2024-11-22,Kenya Law / Government of Kenya,NANDI COUNTY,service_delivery_sublocation,Kapyemit,Kapyemit,,,NANDI EAST SUB-COUNTY,service_delivery_subcounty,county_detail,listed_service_delivery_unit,unconfirmed,2024-11-22,gazette_context
Gazette Notice No. 15341 of 2024,2024-11-22,Kenya Law / Government of Kenya,NANDI COUNTY,service_delivery_sublocation,Koyonin,Koyonin,,,NANDI EAST SUB-COUNTY,service_delivery_subcounty,county_detail,listed_service_delivery_unit,unconfirmed,2024-11-22,gazette_context
Gazette Notice No. 15341 of 2024,2024-11-22,Kenya Law / Government of Kenya,NANDI COUNTY,service_delivery_sublocation,Nduroto,Nduroto,,,NANDI EAST SUB-COUNTY,service_delivery_subcounty,county_detail,listed_service_delivery_unit,unconfirmed,2024-11-22,gazette_context
Gazette Notice No. 15341 of 2024,2024-11-22,Kenya Law / Government of Kenya,NANDI COUNTY,service_delivery_sublocation,Cheplelachbei,Cheplelachbei,,,NANDI EAST SUB-COUNTY,service_delivery_subcounty,county_detail,listed_service_delivery_unit,unconfirmed,2024-11-22,gazette_context
Gazette Notice No. 15341 of 2024,2024-11-22,Kenya Law / Government of Kenya,NANDI COUNTY,service_delivery_subcounty,CHESUMEI SUB-COUNTY,CHESUMEI SUB-COUNTY,,,NANDI COUNTY,county,county_detail,listed_service_delivery_unit,unconfirmed,2024-11-22,gazette_context
Gazette Notice No. 15341 of 2024,2024-11-22,Kenya Law / Government of Kenya,NANDI COUNTY,service_delivery_location,Kimngeru,Kimngeru,,,CHESUMEI SUB-COUNTY,service_delivery_subcounty,county_detail,listed_service_delivery_unit,unconfirmed,2024-11-22,gazette_context
Gazette Notice No. 15341 of 2024,2024-11-22,Kenya Law / Government of Kenya,NANDI COUNTY,service_delivery_sublocation,Rosobet,Rosobet,,,CHESUMEI SUB-COUNTY,service_delivery_subcounty,county_detail,listed_service_delivery_unit,unconfirmed,2024-11-22,gazette_context
Gazette Notice No. 15341 of 2024,2024-11-22,Kenya Law / Government of Kenya,BARINGO COUNTY,service_delivery_subcounty,BARINGO CENTRAL SUB-COUNTY,BARINGO CENTRAL SUB-COUNTY,,,BARINGO COUNTY,county,county_detail,listed_service_delivery_unit,unconfirmed,2024-11-22,gazette_context
Gazette Notice No. 15341 of 2024,2024-11-22,Kenya Law / Government of Kenya,BARINGO COUNTY,service_delivery_location,Morop,Morop,,,BARINGO CENTRAL SUB-COUNTY,service_delivery_subcounty,county_detail,listed_service_delivery_unit,unconfirmed,2024-11-22,gazette_context
Gazette Notice No. 15341 of 2024,2024-11-22,Kenya Law / Government of Kenya,BARINGO COUNTY,service_delivery_location,Kaprongonya,Kaprongonya,,,BARINGO CENTRAL SUB-COUNTY,service_delivery_subcounty,county_detail,listed_service_delivery_unit,unconfirmed,2024-11-22,gazette_context
Gazette Notice No. 15341 of 2024,2024-11-22,Kenya Law / Government of Kenya,BARINGO COUNTY,service_delivery_sublocation,Sesia,Sesia,,,BARINGO CENTRAL SUB-COUNTY,service_delivery_subcounty,county_detail,listed_service_delivery_unit,unconfirmed,2024-11-22,gazette_context
Gazette Notice No. 15341 of 2024,2024-11-22,Kenya Law / Government of Kenya,BARINGO COUNTY,service_delivery_sublocation,Kaptien,Kaptien,,,BARINGO CENTRAL SUB-COUNTY,service_delivery_subcounty,county_detail,listed_service_delivery_unit,unconfirmed,2024-11-22,gazette_context
Gazette Notice No. 15341 of 2024,2024-11-22,Kenya Law / Government of Kenya,BARINGO COUNTY,service_delivery_sublocation,Chepsambo,Chepsambo,,,BARINGO CENTRAL SUB-COUNTY,service_delivery_subcounty,county_detail,listed_service_delivery_unit,unconfirmed,2024-11-22,gazette_context
Gazette Notice No. 15341 of 2024,2024-11-22,Kenya Law / Government of Kenya,BARINGO COUNTY,service_delivery_sublocation,Kaptimbor,Kaptimbor,,,BARINGO CENTRAL SUB-COUNTY,service_delivery_subcounty,county_detail,listed_service_delivery_unit,unconfirmed,2024-11-22,gazette_context
Gazette Notice No. 15341 of 2024,2024-11-22,Kenya Law / Government of Kenya,BARINGO COUNTY,service_delivery_sublocation,Kapkut,Kapkut,,,BARINGO CENTRAL SUB-COUNTY,service_delivery_subcounty,county_detail,listed_service_delivery_unit,unconfirmed,2024-11-22,gazette_context
Gazette Notice No. 15341 of 2024,2024-11-22,Kenya Law / Government of Kenya,BARINGO COUNTY,service_delivery_sublocation,Mumol,Mumol,,,BARINGO CENTRAL SUB-COUNTY,service_delivery_subcounty,county_detail,listed_service_delivery_unit,unconfirmed,2024-11-22,gazette_context
Gazette Notice No. 15341 of 2024,2024-11-22,Kenya Law / Government of Kenya,BARINGO COUNTY,service_delivery_subcounty,TIATY WEST SUB-COUNTY,TIATY WEST SUB-COUNTY,,,BARINGO COUNTY,county,county_detail,listed_service_delivery_unit,unconfirmed,2024-11-22,gazette_context
Gazette Notice No. 15341 of 2024,2024-11-22,Kenya Law / Government of Kenya,BARINGO COUNTY,service_delivery_division,Kositei,Kositei,,,TIATY WEST SUB-COUNTY,service_delivery_subcounty,county_detail,listed_service_delivery_unit,unconfirmed,2024-11-22,gazette_context
Gazette Notice No. 15341 of 2024,2024-11-22,Kenya Law / Government of Kenya,BARINGO COUNTY,service_delivery_division,Loyamorok,Loyamorok (Mondi renamed),,Mondi renamed,TIATY WEST SUB-COUNTY,service_delivery_subcounty,county_detail,listed_service_delivery_unit,unconfirmed,2024-11-22,gazette_context
Gazette Notice No. 15341 of 2024,2024-11-22,Kenya Law / Government of Kenya,BARINGO COUNTY,service_delivery_division,Chemolingot,Chemolingot (Nginyang renamed),,Nginyang renamed,TIATY WEST SUB-COUNTY,service_delivery_subcounty,county_detail,listed_service_delivery_unit,unconfirmed,2024-11-22,gazette_context
Gazette Notice No. 15341 of 2024,2024-11-22,Kenya Law / Government of Kenya,BARINGO COUNTY,service_delivery_location,Seretion,Seretion,,,TIATY WEST SUB-COUNTY,service_delivery_subcounty,county_detail,listed_service_delivery_unit,unconfirmed,2024-11-22,gazette_context
Gazette Notice No. 15341 of 2024,2024-11-22,Kenya Law / Government of Kenya,BARINGO COUNTY,service_delivery_sublocation,Cheseret,Cheseret,,,TIATY WEST SUB-COUNTY,service_delivery_subcounty,county_detail,listed_service_delivery_unit,unconfirmed,2024-11-22,gazette_context
Gazette Notice No. 15341 of 2024,2024-11-22,Kenya Law / Government of Kenya,BARINGO COUNTY,service_delivery_sublocation,Katikit,Katikit,,,TIATY WEST SUB-COUNTY,service_delivery_subcounty,county_detail,listed_service_delivery_unit,unconfirmed,2024-11-22,gazette_context
Gazette Notice No. 15341 of 2024,2024-11-22,Kenya Law / Government of Kenya,BARINGO COUNTY,service_delivery_sublocation,Kariamakitoi,Kariamakitoi,,,TIATY WEST SUB-COUNTY,service_delivery_subcounty,county_detail,listed_service_delivery_unit,unconfirmed,2024-11-22,gazette_context
Gazette Notice No. 15341 of 2024,2024-11-22,Kenya Law / Government of Kenya,BARINGO COUNTY,service_delivery_sublocation,Donyasas,Donyasas,,,TIATY WEST SUB-COUNTY,service_delivery_subcounty,county_detail,listed_service_delivery_unit,unconfirmed,2024-11-22,gazette_context
Gazette Notice No. 15341 of 2024,2024-11-22,Kenya Law / Government of Kenya,BARINGO COUNTY,service_delivery_subcounty,MOGOTIO SUB-COUNTY,MOGOTIO SUB-COUNTY,,,BARINGO COUNTY,county,county_detail,listed_service_delivery_unit,unconfirmed,2024-11-22,gazette_context
Gazette Notice No. 15341 of 2024,2024-11-22,Kenya Law / Government of Kenya,BARINGO COUNTY,service_delivery_location,Muguyuni,Muguyuni,,,MOGOTIO SUB-COUNTY,service_delivery_subcounty,county_detail,listed_service_delivery_unit,unconfirmed,2024-11-22,gazette_context
Gazette Notice No. 15341 of 2024,2024-11-22,Kenya Law / Government of Kenya,BARINGO COUNTY,service_delivery_sublocation,Kipkitur,Kipkitur,,,MOGOTIO SUB-COUNTY,service_delivery_subcounty,county_detail,listed_service_delivery_unit,unconfirmed,2024-11-22,gazette_context
Gazette Notice No. 15341 of 2024,2024-11-22,Kenya Law / Government of Kenya,BARINGO COUNTY,service_delivery_sublocation,Sotwane,Sotwane,,,MOGOTIO SUB-COUNTY,service_delivery_subcounty,county_detail,listed_service_delivery_unit,unconfirmed,2024-11-22,gazette_context
Gazette Notice No. 15341 of 2024,2024-11-22,Kenya Law / Government of Kenya,BARINGO COUNTY,service_delivery_sublocation,Sertonje,Sertonje,,,MOGOTIO SUB-COUNTY,service_delivery_subcounty,county_detail,listed_service_delivery_unit,unconfirmed,2024-11-22,gazette_context
Gazette Notice No. 15341 of 2024,2024-11-22,Kenya Law / Government of Kenya,BARINGO COUNTY,service_delivery_subcounty,KOIBATEK SUB-COUNTY,KOIBATEK SUB-COUNTY,,,BARINGO COUNTY,county,county_detail,listed_service_delivery_unit,unconfirmed,2024-11-22,gazette_context
Gazette Notice No. 15341 of 2024,2024-11-22,Kenya Law / Government of Kenya,BARINGO COUNTY,service_delivery_division,Lembus Central,Lembus Central,,,KOIBATEK SUB-COUNTY,service_delivery_subcounty,county_detail,listed_service_delivery_unit,unconfirmed,2024-11-22,gazette_context
Gazette Notice No. 15341 of 2024,2024-11-22,Kenya Law / Government of Kenya,BARINGO COUNTY,service_delivery_location,Orinie,Orinie,,,KOIBATEK SUB-COUNTY,service_delivery_subcounty,county_detail,listed_service_delivery_unit,unconfirmed,2024-11-22,gazette_context
Gazette Notice No. 15341 of 2024,2024-11-22,Kenya Law / Government of Kenya,BARINGO COUNTY,service_delivery_location,Tuiyotich,Tuiyotich,,,KOIBATEK SUB-COUNTY,service_delivery_subcounty,county_detail,listed_service_delivery_unit,unconfirmed,2024-11-22,gazette_context
Gazette Notice No. 15341 of 2024,2024-11-22,Kenya Law / Government of Kenya,BARINGO COUNTY,service_delivery_location,Kibias/Tolmo,Kibias/Tolmo,,,KOIBATEK SUB-COUNTY,service_delivery_subcounty,county_detail,listed_service_delivery_unit,unconfirmed,2024-11-22,gazette_context
Gazette Notice No. 15341 of 2024,2024-11-22,Kenya Law / Government of Kenya,BARINGO COUNTY,service_delivery_location,Poror,Poror,,,KOIBATEK SUB-COUNTY,service_delivery_subcounty,county_detail,listed_service_delivery_unit,unconfirmed,2024-11-22,gazette_context
Gazette Notice No. 15341 of 2024,2024-11-22,Kenya Law / Government of Kenya,BARINGO COUNTY,service_delivery_sublocation,Nakurtakwei,Nakurtakwei,,,KOIBATEK SUB-COUNTY,service_delivery_subcounty,county_detail,listed_service_delivery_unit,unconfirmed,2024-11-22,gazette_context
Gazette Notice No. 15341 of 2024,2024-11-22,Kenya Law / Government of Kenya,BARINGO COUNTY,service_delivery_sublocation,Simotwet,Simotwet,,,KOIBATEK SUB-COUNTY,service_delivery_subcounty,county_detail,listed_service_delivery_unit,unconfirmed,2024-11-22,gazette_context
Gazette Notice No. 15341 of 2024,2024-11-22,Kenya Law / Government of Kenya,BARINGO COUNTY,service_delivery_sublocation,Kibias,Kibias,,,KOIBATEK SUB-COUNTY,service_delivery_subcounty,county_detail,listed_service_delivery_unit,unconfirmed,2024-11-22,gazette_context
Gazette Notice No. 15341 of 2024,2024-11-22,Kenya Law / Government of Kenya,BARINGO COUNTY,service_delivery_sublocation,Huruma,Huruma,,,KOIBATEK SUB-COUNTY,service_delivery_subcounty,county_detail,listed_service_delivery_unit,unconfirmed,2024-11-22,gazette_context
Gazette Notice No. 15341 of 2024,2024-11-22,Kenya Law / Government of Kenya,BARINGO COUNTY,service_delivery_sublocation,Moringwo,Moringwo,,,KOIBATEK SUB-COUNTY,service_delivery_subcounty,county_detail,listed_service_delivery_unit,unconfirmed,2024-11-22,gazette_context
Gazette Notice No. 15341 of 2024,2024-11-22,Kenya Law / Government of Kenya,BARINGO COUNTY,service_delivery_sublocation,Poror,Poror,,,KOIBATEK SUB-COUNTY,service_delivery_subcounty,county_detail,listed_service_delivery_unit,unconfirmed,2024-11-22,gazette_context
Gazette Notice No. 15341 of 2024,2024-11-22,Kenya Law / Government of Kenya,BARINGO COUNTY,service_delivery_sublocation,Sinonin,Sinonin,,,KOIBATEK SUB-COUNTY,service_delivery_subcounty,county_detail,listed_service_delivery_unit,unconfirmed,2024-11-22,gazette_context
Gazette Notice No. 15341 of 2024,2024-11-22,Kenya Law / Government of Kenya,BARINGO COUNTY,service_delivery_sublocation,Chemorgong,Chemorgong,,,KOIBATEK SUB-COUNTY,service_delivery_subcounty,county_detail,listed_service_delivery_unit,unconfirmed,2024-11-22,gazette_context
Gazette Notice No. 15341 of 2024,2024-11-22,Kenya Law / Government of Kenya,BARINGO COUNTY,service_delivery_sublocation,Kipkuyang,Kipkuyang,,,KOIBATEK SUB-COUNTY,service_delivery_subcounty,county_detail,listed_service_delivery_unit,unconfirmed,2024-11-22,gazette_context
Gazette Notice No. 15341 of 2024,2024-11-22,Kenya Law / Government of Kenya,BARINGO COUNTY,service_delivery_sublocation,Arama,Arama (Poror Arama renamed),,Poror Arama renamed,KOIBATEK SUB-COUNTY,service_delivery_subcounty,county_detail,listed_service_delivery_unit,unconfirmed,2024-11-22,gazette_context
Gazette Notice No. 15341 of 2024,2024-11-22,Kenya Law / Government of Kenya,BARINGO COUNTY,service_delivery_subcounty,MARIGAT SUB-COUNTY,MARIGAT SUB-COUNTY,,,BARINGO COUNTY,county,county_detail,listed_service_delivery_unit,unconfirmed,2024-11-22,gazette_context
Gazette Notice No. 15341 of 2024,2024-11-22,Kenya Law / Government of Kenya,BARINGO COUNTY,service_delivery_division,Ilng’arua,Ilng’arua,,,MARIGAT SUB-COUNTY,service_delivery_subcounty,county_detail,listed_service_delivery_unit,unconfirmed,2024-11-22,gazette_context
Gazette Notice No. 15341 of 2024,2024-11-22,Kenya Law / Government of Kenya,BARINGO COUNTY,service_delivery_division,Loitip,Loitip,,,MARIGAT SUB-COUNTY,service_delivery_subcounty,county_detail,listed_service_delivery_unit,unconfirmed,2024-11-22,gazette_context
Gazette Notice No. 15341 of 2024,2024-11-22,Kenya Law / Government of Kenya,BARINGO COUNTY,service_delivery_location,Sintaan,Sintaan,,,MARIGAT SUB-COUNTY,service_delivery_subcounty,county_detail,listed_service_delivery_unit,unconfirmed,2024-11-22,gazette_context
Gazette Notice No. 15341 of 2024,2024-11-22,Kenya Law / Government of Kenya,BARINGO COUNTY,service_delivery_location,Akule,Akule,,,MARIGAT SUB-COUNTY,service_delivery_subcounty,county_detail,listed_service_delivery_unit,unconfirmed,2024-11-22,gazette_context
Gazette Notice No. 15341 of 2024,2024-11-22,Kenya Law / Government of Kenya,BARINGO COUNTY,service_delivery_location,Kailer,Kailer,,,MARIGAT SUB-COUNTY,service_delivery_subcounty,county_detail,listed_service_delivery_unit,unconfirmed,2024-11-22,gazette_context
Gazette Notice No. 15341 of 2024,2024-11-22,Kenya Law / Government of Kenya,BARINGO COUNTY,service_delivery_location,Meisori,Meisori,,,MARIGAT SUB-COUNTY,service_delivery_subcounty,county_detail,listed_service_delivery_unit,unconfirmed,2024-11-22,gazette_context
Gazette Notice No. 15341 of 2024,2024-11-22,Kenya Law / Government of Kenya,BARINGO COUNTY,service_delivery_sublocation,Ntepes,Ntepes,,,MARIGAT SUB-COUNTY,service_delivery_subcounty,county_detail,listed_service_delivery_unit,unconfirmed,2024-11-22,gazette_context
Gazette Notice No. 15341 of 2024,2024-11-22,Kenya Law / Government of Kenya,BARINGO COUNTY,service_delivery_sublocation,Masai,Masai,,,MARIGAT SUB-COUNTY,service_delivery_subcounty,county_detail,listed_service_delivery_unit,unconfirmed,2024-11-22,gazette_context
Gazette Notice No. 15341 of 2024,2024-11-22,Kenya Law / Government of Kenya,BARINGO COUNTY,service_delivery_sublocation,Iltepes,Iltepes,,,MARIGAT SUB-COUNTY,service_delivery_subcounty,county_detail,listed_service_delivery_unit,unconfirmed,2024-11-22,gazette_context
Gazette Notice No. 15341 of 2024,2024-11-22,Kenya Law / Government of Kenya,BARINGO COUNTY,service_delivery_sublocation,Laitapak,Laitapak,,,MARIGAT SUB-COUNTY,service_delivery_subcounty,county_detail,listed_service_delivery_unit,unconfirmed,2024-11-22,gazette_context
Gazette Notice No. 15341 of 2024,2024-11-22,Kenya Law / Government of Kenya,BARINGO COUNTY,service_delivery_sublocation,Mosuro,Mosuro,,,MARIGAT SUB-COUNTY,service_delivery_subcounty,county_detail,listed_service_delivery_unit,unconfirmed,2024-11-22,gazette_context
Gazette Notice No. 15341 of 2024,2024-11-22,Kenya Law / Government of Kenya,BARINGO COUNTY,service_delivery_sublocation,Loosampumpur,Loosampumpur,,,MARIGAT SUB-COUNTY,service_delivery_subcounty,county_detail,listed_service_delivery_unit,unconfirmed,2024-11-22,gazette_context
Gazette Notice No. 15341 of 2024,2024-11-22,Kenya Law / Government of Kenya,BARINGO COUNTY,service_delivery_subcounty,BARINGO NORTH SUB-COUNTY,BARINGO NORTH SUB-COUNTY,,,BARINGO COUNTY,county,county_detail,listed_service_delivery_unit,unconfirmed,2024-11-22,gazette_context
Gazette Notice No. 15341 of 2024,2024-11-22,Kenya Law / Government of Kenya,BARINGO COUNTY,service_delivery_division,Yatia,Yatia,,,BARINGO NORTH SUB-COUNTY,service_delivery_subcounty,county_detail,listed_service_delivery_unit,unconfirmed,2024-11-22,gazette_context
Gazette Notice No. 15341 of 2024,2024-11-22,Kenya Law / Government of Kenya,BARINGO COUNTY,service_delivery_location,Tiriondin,Tiriondin,,,BARINGO NORTH SUB-COUNTY,service_delivery_subcounty,county_detail,listed_service_delivery_unit,unconfirmed,2024-11-22,gazette_context
Gazette Notice No. 15341 of 2024,2024-11-22,Kenya Law / Government of Kenya,BARINGO COUNTY,service_delivery_location,Kuikui,Kuikui,,,BARINGO NORTH SUB-COUNTY,service_delivery_subcounty,county_detail,listed_service_delivery_unit,unconfirmed,2024-11-22,gazette_context
Gazette Notice No. 15341 of 2024,2024-11-22,Kenya Law / Government of Kenya,BARINGO COUNTY,service_delivery_sublocation,Kalel,Kalel,,,BARINGO NORTH SUB-COUNTY,service_delivery_subcounty,county_detail,listed_service_delivery_unit,unconfirmed,2024-11-22,gazette_context
Gazette Notice No. 15341 of 2024,2024-11-22,Kenya Law / Government of Kenya,BARINGO COUNTY,service_delivery_sublocation,Kamotiony,Kamotiony,,,BARINGO NORTH SUB-COUNTY,service_delivery_subcounty,county_detail,listed_service_delivery_unit,unconfirmed,2024-11-22,gazette_context
Gazette Notice No. 15341 of 2024,2024-11-22,Kenya Law / Government of Kenya,BARINGO COUNTY,service_delivery_sublocation,Chebarsiat,Chebarsiat,,,BARINGO NORTH SUB-COUNTY,service_delivery_subcounty,county_detail,listed_service_delivery_unit,unconfirmed,2024-11-22,gazette_context
Gazette Notice No. 15341 of 2024,2024-11-22,Kenya Law / Government of Kenya,BARINGO COUNTY,service_delivery_sublocation,Kagir,Kagir,,,BARINGO NORTH SUB-COUNTY,service_delivery_subcounty,county_detail,listed_service_delivery_unit,unconfirmed,2024-11-22,gazette_context
Gazette Notice No. 15341 of 2024,2024-11-22,Kenya Law / Government of Kenya,LAIKIPIA COUNTY,service_delivery_subcounty,LAIKIPIA EAST SUB-COUNTY,LAIKIPIA EAST SUB-COUNTY,,,LAIKIPIA COUNTY,county,county_detail,listed_service_delivery_unit,unconfirmed,2024-11-22,gazette_context
Gazette Notice No. 15341 of 2024,2024-11-22,Kenya Law / Government of Kenya,LAIKIPIA COUNTY,service_delivery_location,Kalala,Kalala,,,LAIKIPIA EAST SUB-COUNTY,service_delivery_subcounty,county_detail,listed_service_delivery_unit,unconfirmed,2024-11-22,gazette_context
Gazette Notice No. 15341 of 2024,2024-11-22,Kenya Law / Government of Kenya,LAIKIPIA COUNTY,service_delivery_location,Kariunga,Kariunga,,,LAIKIPIA EAST SUB-COUNTY,service_delivery_subcounty,county_detail,listed_service_delivery_unit,unconfirmed,2024-11-22,gazette_context
Gazette Notice No. 15341 of 2024,2024-11-22,Kenya Law / Government of Kenya,LAIKIPIA COUNTY,service_delivery_sublocation,Kirimara,Kirimara,,,LAIKIPIA EAST SUB-COUNTY,service_delivery_subcounty,county_detail,listed_service_delivery_unit,unconfirmed,2024-11-22,gazette_context
Gazette Notice No. 15341 of 2024,2024-11-22,Kenya Law / Government of Kenya,LAIKIPIA COUNTY,service_delivery_sublocation,Tetu,Tetu,,,LAIKIPIA EAST SUB-COUNTY,service_delivery_subcounty,county_detail,listed_service_delivery_unit,unconfirmed,2024-11-22,gazette_context
Gazette Notice No. 15341 of 2024,2024-11-22,Kenya Law / Government of Kenya,LAIKIPIA COUNTY,service_delivery_subcounty,KIRIMA SUB-COUNTY,KIRIMA SUB-COUNTY,,,LAIKIPIA COUNTY,county,county_detail,listed_service_delivery_unit,unconfirmed,2024-11-22,gazette_context
Gazette Notice No. 15341 of 2024,2024-11-22,Kenya Law / Government of Kenya,LAIKIPIA COUNTY,service_delivery_division,Louniek,Louniek,,,KIRIMA SUB-COUNTY,service_delivery_subcounty,county_detail,listed_service_delivery_unit,unconfirmed,2024-11-22,gazette_context
Gazette Notice No. 15341 of 2024,2024-11-22,Kenya Law / Government of Kenya,LAIKIPIA COUNTY,service_delivery_location,Kariwo,Kariwo,,,KIRIMA SUB-COUNTY,service_delivery_subcounty,county_detail,listed_service_delivery_unit,unconfirmed,2024-11-22,gazette_context
Gazette Notice No. 15341 of 2024,2024-11-22,Kenya Law / Government of Kenya,LAIKIPIA COUNTY,service_delivery_sublocation,Lera,Lera,,,KIRIMA SUB-COUNTY,service_delivery_subcounty,county_detail,listed_service_delivery_unit,unconfirmed,2024-11-22,gazette_context
Gazette Notice No. 15341 of 2024,2024-11-22,Kenya Law / Government of Kenya,LAIKIPIA COUNTY,service_delivery_sublocation,Kaptugen,Kaptugen,,,KIRIMA SUB-COUNTY,service_delivery_subcounty,county_detail,listed_service_delivery_unit,unconfirmed,2024-11-22,gazette_context
Gazette Notice No. 15341 of 2024,2024-11-22,Kenya Law / Government of Kenya,LAIKIPIA COUNTY,service_delivery_subcounty,LAIKIPIA NORTH SUB-COUNTY,LAIKIPIA NORTH SUB-COUNTY,,,LAIKIPIA COUNTY,county,county_detail,listed_service_delivery_unit,unconfirmed,2024-11-22,gazette_context
Gazette Notice No. 15341 of 2024,2024-11-22,Kenya Law / Government of Kenya,LAIKIPIA COUNTY,service_delivery_division,Osupuko,Osupuko,,,LAIKIPIA NORTH SUB-COUNTY,service_delivery_subcounty,county_detail,listed_service_delivery_unit,unconfirmed,2024-11-22,gazette_context
Gazette Notice No. 15341 of 2024,2024-11-22,Kenya Law / Government of Kenya,LAIKIPIA COUNTY,service_delivery_location,Mouwarak,Mouwarak,,,LAIKIPIA NORTH SUB-COUNTY,service_delivery_subcounty,county_detail,listed_service_delivery_unit,unconfirmed,2024-11-22,gazette_context
Gazette Notice No. 15341 of 2024,2024-11-22,Kenya Law / Government of Kenya,LAIKIPIA COUNTY,service_delivery_sublocation,Rumrum,Rumrum,,,LAIKIPIA NORTH SUB-COUNTY,service_delivery_subcounty,county_detail,listed_service_delivery_unit,unconfirmed,2024-11-22,gazette_context
Gazette Notice No. 15341 of 2024,2024-11-22,Kenya Law / Government of Kenya,LAIKIPIA COUNTY,service_delivery_sublocation,Murijo,Murijo,,,LAIKIPIA NORTH SUB-COUNTY,service_delivery_subcounty,county_detail,listed_service_delivery_unit,unconfirmed,2024-11-22,gazette_context
Gazette Notice No. 15341 of 2024,2024-11-22,Kenya Law / Government of Kenya,LAIKIPIA COUNTY,service_delivery_sublocation,Manyatta,Manyatta,,,LAIKIPIA NORTH SUB-COUNTY,service_delivery_subcounty,county_detail,listed_service_delivery_unit,unconfirmed,2024-11-22,gazette_context
Gazette Notice No. 15341 of 2024,2024-11-22,Kenya Law / Government of Kenya,LAIKIPIA COUNTY,service_delivery_sublocation,Kandutura,Kandutura,,,LAIKIPIA NORTH SUB-COUNTY,service_delivery_subcounty,county_detail,listed_service_delivery_unit,unconfirmed,2024-11-22,gazette_context
Gazette Notice No. 15341 of 2024,2024-11-22,Kenya Law / Government of Kenya,LAIKIPIA COUNTY,service_delivery_sublocation,Muguongo,Muguongo,,,LAIKIPIA NORTH SUB-COUNTY,service_delivery_subcounty,county_detail,listed_service_delivery_unit,unconfirmed,2024-11-22,gazette_context
Gazette Notice No. 15341 of 2024,2024-11-22,Kenya Law / Government of Kenya,LAIKIPIA COUNTY,service_delivery_sublocation,Limunga,Limunga,,,LAIKIPIA NORTH SUB-COUNTY,service_delivery_subcounty,county_detail,listed_service_delivery_unit,unconfirmed,2024-11-22,gazette_context
Gazette Notice No. 15341 of 2024,2024-11-22,Kenya Law / Government of Kenya,NAKURU COUNTY,service_delivery_subcounty,GILGIL SUB-COUNTY,GILGIL SUB-COUNTY,,,NAKURU COUNTY,county,county_detail,listed_service_delivery_unit,unconfirmed,2024-11-22,gazette_context
Gazette Notice No. 15341 of 2024,2024-11-22,Kenya Law / Government of Kenya,NAKURU COUNTY,service_delivery_location,Kikopey,Kikopey,,,GILGIL SUB-COUNTY,service_delivery_subcounty,county_detail,listed_service_delivery_unit,unconfirmed,2024-11-22,gazette_context
Gazette Notice No. 15341 of 2024,2024-11-22,Kenya Law / Government of Kenya,NAKURU COUNTY,service_delivery_sublocation,Sokoni,Sokoni,,,GILGIL SUB-COUNTY,service_delivery_subcounty,county_detail,listed_service_delivery_unit,unconfirmed,2024-11-22,gazette_context
Gazette Notice No. 15341 of 2024,2024-11-22,Kenya Law / Government of Kenya,NAKURU COUNTY,service_delivery_sublocation,Pipeline,Pipeline,,,GILGIL SUB-COUNTY,service_delivery_subcounty,county_detail,listed_service_delivery_unit,unconfirmed,2024-11-22,gazette_context
Gazette Notice No. 15341 of 2024,2024-11-22,Kenya Law / Government of Kenya,NAKURU COUNTY,service_delivery_subcounty,KURESOI SOUTH SUB-COUNTY,KURESOI SOUTH SUB-COUNTY,,,NAKURU COUNTY,county,county_detail,listed_service_delivery_unit,unconfirmed,2024-11-22,gazette_context
Gazette Notice No. 15341 of 2024,2024-11-22,Kenya Law / Government of Kenya,NAKURU COUNTY,service_delivery_sublocation,Tendwet,Tendwet,,,KURESOI SOUTH SUB-COUNTY,service_delivery_subcounty,county_detail,listed_service_delivery_unit,unconfirmed,2024-11-22,gazette_context
Gazette Notice No. 15341 of 2024,2024-11-22,Kenya Law / Government of Kenya,NAKURU COUNTY,service_delivery_sublocation,Sotiki,Sotiki,,,KURESOI SOUTH SUB-COUNTY,service_delivery_subcounty,county_detail,listed_service_delivery_unit,unconfirmed,2024-11-22,gazette_context
Gazette Notice No. 15341 of 2024,2024-11-22,Kenya Law / Government of Kenya,NAROK COUNTY,service_delivery_subcounty,NAROK NORTH SUB-COUNTY,NAROK NORTH SUB-COUNTY,,,NAROK COUNTY,county,county_detail,listed_service_delivery_unit,unconfirmed,2024-11-22,gazette_context
Gazette Notice No. 15341 of 2024,2024-11-22,Kenya Law / Government of Kenya,NAROK COUNTY,service_delivery_division,Oloposumoru,Oloposumoru,,,NAROK NORTH SUB-COUNTY,service_delivery_subcounty,county_detail,listed_service_delivery_unit,unconfirmed,2024-11-22,gazette_context
Gazette Notice No. 15341 of 2024,2024-11-22,Kenya Law / Government of Kenya,NAROK COUNTY,service_delivery_division,Oloropil,Oloropil,,,NAROK NORTH SUB-COUNTY,service_delivery_subcounty,county_detail,listed_service_delivery_unit,unconfirmed,2024-11-22,gazette_context
Gazette Notice No. 15341 of 2024,2024-11-22,Kenya Law / Government of Kenya,NAROK COUNTY,service_delivery_location,Enengetia,Enengetia,,,NAROK NORTH SUB-COUNTY,service_delivery_subcounty,county_detail,listed_service_delivery_unit,unconfirmed,2024-11-22,gazette_context
Gazette Notice No. 15341 of 2024,2024-11-22,Kenya Law / Government of Kenya,NAROK COUNTY,service_delivery_location,Kisiriri,Kisiriri,,,NAROK NORTH SUB-COUNTY,service_delivery_subcounty,county_detail,listed_service_delivery_unit,unconfirmed,2024-11-22,gazette_context
Gazette Notice No. 15341 of 2024,2024-11-22,Kenya Law / Government of Kenya,NAROK COUNTY,service_delivery_location,Kamurar,Kamurar,,,NAROK NORTH SUB-COUNTY,service_delivery_subcounty,county_detail,listed_service_delivery_unit,unconfirmed,2024-11-22,gazette_context
Gazette Notice No. 15341 of 2024,2024-11-22,Kenya Law / Government of Kenya,NAROK COUNTY,service_delivery_location,Mutengar,Mutengar,,,NAROK NORTH SUB-COUNTY,service_delivery_subcounty,county_detail,listed_service_delivery_unit,unconfirmed,2024-11-22,gazette_context
Gazette Notice No. 15341 of 2024,2024-11-22,Kenya Law / Government of Kenya,NAROK COUNTY,service_delivery_location,Oloprik,Oloprik,,,NAROK NORTH SUB-COUNTY,service_delivery_subcounty,county_detail,listed_service_delivery_unit,unconfirmed,2024-11-22,gazette_context
Gazette Notice No. 15341 of 2024,2024-11-22,Kenya Law / Government of Kenya,NAROK COUNTY,service_delivery_subcounty,NAROK EAST SUB-COUNTY,NAROK EAST SUB-COUNTY,,,NAROK COUNTY,county,county_detail,listed_service_delivery_unit,unconfirmed,2024-11-22,gazette_context
Gazette Notice No. 15341 of 2024,2024-11-22,Kenya Law / Government of Kenya,NAROK COUNTY,service_delivery_location,Enkorika,Enkorika,,,NAROK EAST SUB-COUNTY,service_delivery_subcounty,county_detail,listed_service_delivery_unit,unconfirmed,2024-11-22,gazette_context
Gazette Notice No. 15341 of 2024,2024-11-22,Kenya Law / Government of Kenya,NAROK COUNTY,service_delivery_sublocation,Oloosagararam,Oloosagararam,,,NAROK EAST SUB-COUNTY,service_delivery_subcounty,county_detail,listed_service_delivery_unit,unconfirmed,2024-11-22,gazette_context
Gazette Notice No. 15341 of 2024,2024-11-22,Kenya Law / Government of Kenya,NAROK COUNTY,service_delivery_subcounty,TRANS-MARA WEST SUB-COUNTY,TRANS-MARA WEST SUB-COUNTY,,,NAROK COUNTY,county,county_detail,listed_service_delivery_unit,unconfirmed,2024-11-22,gazette_context
Gazette Notice No. 15341 of 2024,2024-11-22,Kenya Law / Government of Kenya,NAROK COUNTY,service_delivery_location,Lepolosi,Lepolosi,,,TRANS-MARA WEST SUB-COUNTY,service_delivery_subcounty,county_detail,listed_service_delivery_unit,unconfirmed,2024-11-22,gazette_context
Gazette Notice No. 15341 of 2024,2024-11-22,Kenya Law / Government of Kenya,NAROK COUNTY,service_delivery_location,Entargeeti,Entargeeti,,,TRANS-MARA WEST SUB-COUNTY,service_delivery_subcounty,county_detail,listed_service_delivery_unit,unconfirmed,2024-11-22,gazette_context
Gazette Notice No. 15341 of 2024,2024-11-22,Kenya Law / Government of Kenya,NAROK COUNTY,service_delivery_location,Mapashi,Mapashi,,,TRANS-MARA WEST SUB-COUNTY,service_delivery_subcounty,county_detail,listed_service_delivery_unit,unconfirmed,2024-11-22,gazette_context
Gazette Notice No. 15341 of 2024,2024-11-22,Kenya Law / Government of Kenya,NAROK COUNTY,service_delivery_location,Elangata-Osaen,Elangata-Osaen,,,TRANS-MARA WEST SUB-COUNTY,service_delivery_subcounty,county_detail,listed_service_delivery_unit,unconfirmed,2024-11-22,gazette_context
Gazette Notice No. 15341 of 2024,2024-11-22,Kenya Law / Government of Kenya,NAROK COUNTY,service_delivery_location,Kiikat,Kiikat,,,TRANS-MARA WEST SUB-COUNTY,service_delivery_subcounty,county_detail,listed_service_delivery_unit,unconfirmed,2024-11-22,gazette_context
Gazette Notice No. 15341 of 2024,2024-11-22,Kenya Law / Government of Kenya,NAROK COUNTY,service_delivery_location,Kondamet,Kondamet,,,TRANS-MARA WEST SUB-COUNTY,service_delivery_subcounty,county_detail,listed_service_delivery_unit,unconfirmed,2024-11-22,gazette_context
Gazette Notice No. 15341 of 2024,2024-11-22,Kenya Law / Government of Kenya,NAROK COUNTY,service_delivery_sublocation,Ngoso,Ngoso,,,TRANS-MARA WEST SUB-COUNTY,service_delivery_subcounty,county_detail,listed_service_delivery_unit,unconfirmed,2024-11-22,gazette_context
Gazette Notice No. 15341 of 2024,2024-11-22,Kenya Law / Government of Kenya,NAROK COUNTY,service_delivery_sublocation,Enooretet,Enooretet,,,TRANS-MARA WEST SUB-COUNTY,service_delivery_subcounty,county_detail,listed_service_delivery_unit,unconfirmed,2024-11-22,gazette_context
Gazette Notice No. 15341 of 2024,2024-11-22,Kenya Law / Government of Kenya,NAROK COUNTY,service_delivery_sublocation,Empurkel,Empurkel,,,TRANS-MARA WEST SUB-COUNTY,service_delivery_subcounty,county_detail,listed_service_delivery_unit,unconfirmed,2024-11-22,gazette_context
Gazette Notice No. 15341 of 2024,2024-11-22,Kenya Law / Government of Kenya,NAROK COUNTY,service_delivery_sublocation,Ndonyo,Ndonyo,,,TRANS-MARA WEST SUB-COUNTY,service_delivery_subcounty,county_detail,listed_service_delivery_unit,unconfirmed,2024-11-22,gazette_context
Gazette Notice No. 15341 of 2024,2024-11-22,Kenya Law / Government of Kenya,NAROK COUNTY,service_delivery_sublocation,Olmisigiyo,Olmisigiyo,,,TRANS-MARA WEST SUB-COUNTY,service_delivery_subcounty,county_detail,listed_service_delivery_unit,unconfirmed,2024-11-22,gazette_context
Gazette Notice No. 15341 of 2024,2024-11-22,Kenya Law / Government of Kenya,NAROK COUNTY,service_delivery_sublocation,Ole-Solale,Ole-Solale,,,TRANS-MARA WEST SUB-COUNTY,service_delivery_subcounty,county_detail,listed_service_delivery_unit,unconfirmed,2024-11-22,gazette_context
Gazette Notice No. 15341 of 2024,2024-11-22,Kenya Law / Government of Kenya,NAROK COUNTY,service_delivery_sublocation,Kaptembwa,Kaptembwa,,,TRANS-MARA WEST SUB-COUNTY,service_delivery_subcounty,county_detail,listed_service_delivery_unit,unconfirmed,2024-11-22,gazette_context
Gazette Notice No. 15341 of 2024,2024-11-22,Kenya Law / Government of Kenya,NAROK COUNTY,service_delivery_subcounty,NAROK WEST SUB-COUNTY,NAROK WEST SUB-COUNTY,,,NAROK COUNTY,county,county_detail,listed_service_delivery_unit,unconfirmed,2024-11-22,gazette_context
Gazette Notice No. 15341 of 2024,2024-11-22,Kenya Law / Government of Kenya,NAROK COUNTY,service_delivery_location,Leshuta,Leshuta,,,NAROK WEST SUB-COUNTY,service_delivery_subcounty,county_detail,listed_service_delivery_unit,unconfirmed,2024-11-22,gazette_context
Gazette Notice No. 15341 of 2024,2024-11-22,Kenya Law / Government of Kenya,NAROK COUNTY,service_delivery_sublocation,Leshuta,Leshuta,,,NAROK WEST SUB-COUNTY,service_delivery_subcounty,county_detail,listed_service_delivery_unit,unconfirmed,2024-11-22,gazette_context
Gazette Notice No. 15341 of 2024,2024-11-22,Kenya Law / Government of Kenya,NAROK COUNTY,service_delivery_sublocation,Empaash,Empaash,,,NAROK WEST SUB-COUNTY,service_delivery_subcounty,county_detail,listed_service_delivery_unit,unconfirmed,2024-11-22,gazette_context
Gazette Notice No. 15341 of 2024,2024-11-22,Kenya Law / Government of Kenya,KERICHO COUNTY,service_delivery_subcounty,SOIN/SIGOWET SUB-COUNTY,SOIN/SIGOWET SUB-COUNTY,,,KERICHO COUNTY,county,county_detail,listed_service_delivery_unit,unconfirmed,2024-11-22,gazette_context
Gazette Notice No. 15341 of 2024,2024-11-22,Kenya Law / Government of Kenya,KERICHO COUNTY,service_delivery_division,Soliat,Soliat,,,SOIN/SIGOWET SUB-COUNTY,service_delivery_subcounty,county_detail,listed_service_delivery_unit,unconfirmed,2024-11-22,gazette_context
Gazette Notice No. 15341 of 2024,2024-11-22,Kenya Law / Government of Kenya,KERICHO COUNTY,service_delivery_division,Borot,Borot,,,SOIN/SIGOWET SUB-COUNTY,service_delivery_subcounty,county_detail,listed_service_delivery_unit,unconfirmed,2024-11-22,gazette_context
Gazette Notice No. 15341 of 2024,2024-11-22,Kenya Law / Government of Kenya,KERICHO COUNTY,service_delivery_subcounty,KIPKELION SUB-COUNTY,KIPKELION SUB-COUNTY,,,KERICHO COUNTY,county,county_detail,listed_service_delivery_unit,unconfirmed,2024-11-22,gazette_context
Gazette Notice No. 15341 of 2024,2024-11-22,Kenya Law / Government of Kenya,KERICHO COUNTY,service_delivery_division,Kokwet,Kokwet,,,KIPKELION SUB-COUNTY,service_delivery_subcounty,county_detail,listed_service_delivery_unit,unconfirmed,2024-11-22,gazette_context
Gazette Notice No. 15341 of 2024,2024-11-22,Kenya Law / Government of Kenya,KERICHO COUNTY,service_delivery_division,Barsiele,Barsiele,,,KIPKELION SUB-COUNTY,service_delivery_subcounty,county_detail,listed_service_delivery_unit,unconfirmed,2024-11-22,gazette_context
Gazette Notice No. 15341 of 2024,2024-11-22,Kenya Law / Government of Kenya,KERICHO COUNTY,service_delivery_division,Mentera,Mentera,,,KIPKELION SUB-COUNTY,service_delivery_subcounty,county_detail,listed_service_delivery_unit,unconfirmed,2024-11-22,gazette_context
Gazette Notice No. 15341 of 2024,2024-11-22,Kenya Law / Government of Kenya,KERICHO COUNTY,service_delivery_division,Chesonoi,Chesonoi,,,KIPKELION SUB-COUNTY,service_delivery_subcounty,county_detail,listed_service_delivery_unit,unconfirmed,2024-11-22,gazette_context
Gazette Notice No. 15341 of 2024,2024-11-22,Kenya Law / Government of Kenya,KERICHO COUNTY,service_delivery_sublocation,Cheborus,Cheborus,,,KIPKELION SUB-COUNTY,service_delivery_subcounty,county_detail,listed_service_delivery_unit,unconfirmed,2024-11-22,gazette_context
Gazette Notice No. 15341 of 2024,2024-11-22,Kenya Law / Government of Kenya,KERICHO COUNTY,service_delivery_sublocation,Toroton,Toroton,,,KIPKELION SUB-COUNTY,service_delivery_subcounty,county_detail,listed_service_delivery_unit,unconfirmed,2024-11-22,gazette_context
Gazette Notice No. 15341 of 2024,2024-11-22,Kenya Law / Government of Kenya,KERICHO COUNTY,service_delivery_sublocation,Kimandui,Kimandui,,,KIPKELION SUB-COUNTY,service_delivery_subcounty,county_detail,listed_service_delivery_unit,unconfirmed,2024-11-22,gazette_context
Gazette Notice No. 15341 of 2024,2024-11-22,Kenya Law / Government of Kenya,KERICHO COUNTY,service_delivery_sublocation,Kiptenden,Kiptenden,,,KIPKELION SUB-COUNTY,service_delivery_subcounty,county_detail,listed_service_delivery_unit,unconfirmed,2024-11-22,gazette_context
Gazette Notice No. 15341 of 2024,2024-11-22,Kenya Law / Government of Kenya,KERICHO COUNTY,service_delivery_sublocation,Kimologit,Kimologit,,,KIPKELION SUB-COUNTY,service_delivery_subcounty,county_detail,listed_service_delivery_unit,unconfirmed,2024-11-22,gazette_context
Gazette Notice No. 15341 of 2024,2024-11-22,Kenya Law / Government of Kenya,KERICHO COUNTY,service_delivery_sublocation,Nauro,Nauro,,,KIPKELION SUB-COUNTY,service_delivery_subcounty,county_detail,listed_service_delivery_unit,unconfirmed,2024-11-22,gazette_context
Gazette Notice No. 15341 of 2024,2024-11-22,Kenya Law / Government of Kenya,KERICHO COUNTY,service_delivery_sublocation,Liloch,Liloch,,,KIPKELION SUB-COUNTY,service_delivery_subcounty,county_detail,listed_service_delivery_unit,unconfirmed,2024-11-22,gazette_context
Gazette Notice No. 15341 of 2024,2024-11-22,Kenya Law / Government of Kenya,BOMET COUNTY,service_delivery_subcounty,KONOIN SUB-COUNTY,KONOIN SUB-COUNTY,,,BOMET COUNTY,county,county_detail,listed_service_delivery_unit,unconfirmed,2024-11-22,gazette_context
Gazette Notice No. 15341 of 2024,2024-11-22,Kenya Law / Government of Kenya,BOMET COUNTY,service_delivery_location,Chemalal,Chemalal,,,KONOIN SUB-COUNTY,service_delivery_subcounty,county_detail,listed_service_delivery_unit,unconfirmed,2024-11-22,gazette_context
Gazette Notice No. 15341 of 2024,2024-11-22,Kenya Law / Government of Kenya,KAKAMEGA COUNTY,service_delivery_subcounty,KHWISERO SUB-COUNTY,KHWISERO SUB-COUNTY,,,KAKAMEGA COUNTY,county,county_detail,listed_service_delivery_unit,unconfirmed,2024-11-22,gazette_context
Gazette Notice No. 15341 of 2024,2024-11-22,Kenya Law / Government of Kenya,KAKAMEGA COUNTY,service_delivery_division,Khwisero Central,Khwisero Central,,,KHWISERO SUB-COUNTY,service_delivery_subcounty,county_detail,listed_service_delivery_unit,unconfirmed,2024-11-22,gazette_context
Gazette Notice No. 15341 of 2024,2024-11-22,Kenya Law / Government of Kenya,KAKAMEGA COUNTY,service_delivery_location,Mushiangubu,Mushiangubu,,,KHWISERO SUB-COUNTY,service_delivery_subcounty,county_detail,listed_service_delivery_unit,unconfirmed,2024-11-22,gazette_context
Gazette Notice No. 15341 of 2024,2024-11-22,Kenya Law / Government of Kenya,KAKAMEGA COUNTY,service_delivery_location,Wambulishe,Wambulishe,,,KHWISERO SUB-COUNTY,service_delivery_subcounty,county_detail,listed_service_delivery_unit,unconfirmed,2024-11-22,gazette_context
Gazette Notice No. 15341 of 2024,2024-11-22,Kenya Law / Government of Kenya,KAKAMEGA COUNTY,service_delivery_location,Muhaka,Muhaka,,,KHWISERO SUB-COUNTY,service_delivery_subcounty,county_detail,listed_service_delivery_unit,unconfirmed,2024-11-22,gazette_context
Gazette Notice No. 15341 of 2024,2024-11-22,Kenya Law / Government of Kenya,KAKAMEGA COUNTY,service_delivery_sublocation,Mwocheko,Mwocheko,,,KHWISERO SUB-COUNTY,service_delivery_subcounty,county_detail,listed_service_delivery_unit,unconfirmed,2024-11-22,gazette_context
Gazette Notice No. 15341 of 2024,2024-11-22,Kenya Law / Government of Kenya,KAKAMEGA COUNTY,service_delivery_sublocation,Mwitumbu,Mwitumbu,,,KHWISERO SUB-COUNTY,service_delivery_subcounty,county_detail,listed_service_delivery_unit,unconfirmed,2024-11-22,gazette_context
Gazette Notice No. 15341 of 2024,2024-11-22,Kenya Law / Government of Kenya,KAKAMEGA COUNTY,service_delivery_sublocation,Khwisero Township,Khwisero Township,,,KHWISERO SUB-COUNTY,service_delivery_subcounty,county_detail,listed_service_delivery_unit,unconfirmed,2024-11-22,gazette_context
Gazette Notice No. 15341 of 2024,2024-11-22,Kenya Law / Government of Kenya,KAKAMEGA COUNTY,service_delivery_subcounty,MUMIAS EAST SUB-COUNTY,MUMIAS EAST SUB-COUNTY,,,KAKAMEGA COUNTY,county,county_detail,listed_service_delivery_unit,unconfirmed,2024-11-22,gazette_context
Gazette Notice No. 15341 of 2024,2024-11-22,Kenya Law / Government of Kenya,KAKAMEGA COUNTY,service_delivery_location,Mung’ang’a,Mung’ang’a,,,MUMIAS EAST SUB-COUNTY,service_delivery_subcounty,county_detail,listed_service_delivery_unit,unconfirmed,2024-11-22,gazette_context
Gazette Notice No. 15341 of 2024,2024-11-22,Kenya Law / Government of Kenya,KAKAMEGA COUNTY,service_delivery_sublocation,Buloma,Buloma,,,MUMIAS EAST SUB-COUNTY,service_delivery_subcounty,county_detail,listed_service_delivery_unit,unconfirmed,2024-11-22,gazette_context
Gazette Notice No. 15341 of 2024,2024-11-22,Kenya Law / Government of Kenya,KAKAMEGA COUNTY,service_delivery_sublocation,Bwaliro,Bwaliro,,,MUMIAS EAST SUB-COUNTY,service_delivery_subcounty,county_detail,listed_service_delivery_unit,unconfirmed,2024-11-22,gazette_context
Gazette Notice No. 15341 of 2024,2024-11-22,Kenya Law / Government of Kenya,BUNGOMA COUNTY,service_delivery_subcounty,MT. ELGON SUB-COUNTY,MT. ELGON SUB-COUNTY,,,BUNGOMA COUNTY,county,county_detail,listed_service_delivery_unit,unconfirmed,2024-11-22,gazette_context
Gazette Notice No. 15341 of 2024,2024-11-22,Kenya Law / Government of Kenya,BUNGOMA COUNTY,service_delivery_location,Chesito,Chesito,,,MT. ELGON SUB-COUNTY,service_delivery_subcounty,county_detail,listed_service_delivery_unit,unconfirmed,2024-11-22,gazette_context
Gazette Notice No. 15341 of 2024,2024-11-22,Kenya Law / Government of Kenya,BUNGOMA COUNTY,service_delivery_location,Chemondi,Chemondi,,,MT. ELGON SUB-COUNTY,service_delivery_subcounty,county_detail,listed_service_delivery_unit,unconfirmed,2024-11-22,gazette_context
Gazette Notice No. 15341 of 2024,2024-11-22,Kenya Law / Government of Kenya,BUNGOMA COUNTY,service_delivery_location,Cheptais Township,Cheptais Township,,,MT. ELGON SUB-COUNTY,service_delivery_subcounty,county_detail,listed_service_delivery_unit,unconfirmed,2024-11-22,gazette_context
Gazette Notice No. 15341 of 2024,2024-11-22,Kenya Law / Government of Kenya,BUNGOMA COUNTY,service_delivery_sublocation,Kapchebon,Kapchebon,,,MT. ELGON SUB-COUNTY,service_delivery_subcounty,county_detail,listed_service_delivery_unit,unconfirmed,2024-11-22,gazette_context
Gazette Notice No. 15341 of 2024,2024-11-22,Kenya Law / Government of Kenya,BUNGOMA COUNTY,service_delivery_sublocation,Kibei,Kibei,,,MT. ELGON SUB-COUNTY,service_delivery_subcounty,county_detail,listed_service_delivery_unit,unconfirmed,2024-11-22,gazette_context
Gazette Notice No. 15341 of 2024,2024-11-22,Kenya Law / Government of Kenya,BUNGOMA COUNTY,service_delivery_sublocation,Kiptiroko,Kiptiroko,,,MT. ELGON SUB-COUNTY,service_delivery_subcounty,county_detail,listed_service_delivery_unit,unconfirmed,2024-11-22,gazette_context
Gazette Notice No. 15341 of 2024,2024-11-22,Kenya Law / Government of Kenya,BUNGOMA COUNTY,service_delivery_subcounty,CHEPTAIS SUB-COUNTY,CHEPTAIS SUB-COUNTY,,,BUNGOMA COUNTY,county,county_detail,listed_service_delivery_unit,unconfirmed,2024-11-22,gazette_context
Gazette Notice No. 15341 of 2024,2024-11-22,Kenya Law / Government of Kenya,BUNGOMA COUNTY,service_delivery_sublocation,Kimabole,Kimabole,,,CHEPTAIS SUB-COUNTY,service_delivery_subcounty,county_detail,listed_service_delivery_unit,unconfirmed,2024-11-22,gazette_context
Gazette Notice No. 15341 of 2024,2024-11-22,Kenya Law / Government of Kenya,BUNGOMA COUNTY,service_delivery_sublocation,Walanga,Walanga,,,CHEPTAIS SUB-COUNTY,service_delivery_subcounty,county_detail,listed_service_delivery_unit,unconfirmed,2024-11-22,gazette_context
Gazette Notice No. 15341 of 2024,2024-11-22,Kenya Law / Government of Kenya,BUNGOMA COUNTY,service_delivery_sublocation,Kaptoboi,Kaptoboi,,,CHEPTAIS SUB-COUNTY,service_delivery_subcounty,county_detail,listed_service_delivery_unit,unconfirmed,2024-11-22,gazette_context
Gazette Notice No. 15341 of 2024,2024-11-22,Kenya Law / Government of Kenya,BUNGOMA COUNTY,service_delivery_sublocation,Kamarang,Kamarang,,,CHEPTAIS SUB-COUNTY,service_delivery_subcounty,county_detail,listed_service_delivery_unit,unconfirmed,2024-11-22,gazette_context
Gazette Notice No. 15341 of 2024,2024-11-22,Kenya Law / Government of Kenya,BUNGOMA COUNTY,service_delivery_subcounty,KOPSIRO SUB-COUNTY,KOPSIRO SUB-COUNTY,,,BUNGOMA COUNTY,county,county_detail,listed_service_delivery_unit,unconfirmed,2024-11-22,gazette_context
Gazette Notice No. 15341 of 2024,2024-11-22,Kenya Law / Government of Kenya,BUNGOMA COUNTY,service_delivery_sublocation,Chelebei,Chelebei,,,KOPSIRO SUB-COUNTY,service_delivery_subcounty,county_detail,listed_service_delivery_unit,unconfirmed,2024-11-22,gazette_context
Gazette Notice No. 15341 of 2024,2024-11-22,Kenya Law / Government of Kenya,BUNGOMA COUNTY,service_delivery_sublocation,Kaboriot,Kaboriot,,,KOPSIRO SUB-COUNTY,service_delivery_subcounty,county_detail,listed_service_delivery_unit,unconfirmed,2024-11-22,gazette_context
Gazette Notice No. 15341 of 2024,2024-11-22,Kenya Law / Government of Kenya,BUNGOMA COUNTY,service_delivery_subcounty,BUNGOMA WEST SUB-COUNTY,BUNGOMA WEST SUB-COUNTY,,,BUNGOMA COUNTY,county,county_detail,listed_service_delivery_unit,unconfirmed,2024-11-22,gazette_context
Gazette Notice No. 15341 of 2024,2024-11-22,Kenya Law / Government of Kenya,BUNGOMA COUNTY,service_delivery_location,Wanono,Wanono,,,BUNGOMA WEST SUB-COUNTY,service_delivery_subcounty,county_detail,listed_service_delivery_unit,unconfirmed,2024-11-22,gazette_context
Gazette Notice No. 15341 of 2024,2024-11-22,Kenya Law / Government of Kenya,BUNGOMA COUNTY,service_delivery_location,Machakha,Machakha,,,BUNGOMA WEST SUB-COUNTY,service_delivery_subcounty,county_detail,listed_service_delivery_unit,unconfirmed,2024-11-22,gazette_context
Gazette Notice No. 15341 of 2024,2024-11-22,Kenya Law / Government of Kenya,BUNGOMA COUNTY,service_delivery_sublocation,Kabkara,Kabkara,,,BUNGOMA WEST SUB-COUNTY,service_delivery_subcounty,county_detail,listed_service_delivery_unit,unconfirmed,2024-11-22,gazette_context
Gazette Notice No. 15341 of 2024,2024-11-22,Kenya Law / Government of Kenya,BUNGOMA COUNTY,service_delivery_sublocation,Tulienge,Tulienge,,,BUNGOMA WEST SUB-COUNTY,service_delivery_subcounty,county_detail,listed_service_delivery_unit,unconfirmed,2024-11-22,gazette_context
Gazette Notice No. 15341 of 2024,2024-11-22,Kenya Law / Government of Kenya,BUNGOMA COUNTY,service_delivery_sublocation,Namubila,Namubila,,,BUNGOMA WEST SUB-COUNTY,service_delivery_subcounty,county_detail,listed_service_delivery_unit,unconfirmed,2024-11-22,gazette_context
Gazette Notice No. 15341 of 2024,2024-11-22,Kenya Law / Government of Kenya,BUNGOMA COUNTY,service_delivery_subcounty,BUNGOMA SOUTH SUB-COUNTY,BUNGOMA SOUTH SUB-COUNTY,,,BUNGOMA COUNTY,county,county_detail,listed_service_delivery_unit,unconfirmed,2024-11-22,gazette_context
Gazette Notice No. 15341 of 2024,2024-11-22,Kenya Law / Government of Kenya,BUNGOMA COUNTY,service_delivery_location,Mashambani,Mashambani,,,BUNGOMA SOUTH SUB-COUNTY,service_delivery_subcounty,county_detail,listed_service_delivery_unit,unconfirmed,2024-11-22,gazette_context
Gazette Notice No. 15341 of 2024,2024-11-22,Kenya Law / Government of Kenya,BUNGOMA COUNTY,service_delivery_location,Kongoli,Kongoli,,,BUNGOMA SOUTH SUB-COUNTY,service_delivery_subcounty,county_detail,listed_service_delivery_unit,unconfirmed,2024-11-22,gazette_context
Gazette Notice No. 15341 of 2024,2024-11-22,Kenya Law / Government of Kenya,BUNGOMA COUNTY,service_delivery_sublocation,Tembelela,Tembelela,,,BUNGOMA SOUTH SUB-COUNTY,service_delivery_subcounty,county_detail,listed_service_delivery_unit,unconfirmed,2024-11-22,gazette_context
Gazette Notice No. 15341 of 2024,2024-11-22,Kenya Law / Government of Kenya,BUNGOMA COUNTY,service_delivery_sublocation,Namisi,Namisi,,,BUNGOMA SOUTH SUB-COUNTY,service_delivery_subcounty,county_detail,listed_service_delivery_unit,unconfirmed,2024-11-22,gazette_context
Gazette Notice No. 15341 of 2024,2024-11-22,Kenya Law / Government of Kenya,BUNGOMA COUNTY,service_delivery_sublocation,Luanda,Luanda,,,BUNGOMA SOUTH SUB-COUNTY,service_delivery_subcounty,county_detail,listed_service_delivery_unit,unconfirmed,2024-11-22,gazette_context
Gazette Notice No. 15341 of 2024,2024-11-22,Kenya Law / Government of Kenya,BUSIA COUNTY,service_delivery_subcounty,TESO NORTH SUB-COUNTY,TESO NORTH SUB-COUNTY,,,BUSIA COUNTY,county,county_detail,listed_service_delivery_unit,unconfirmed,2024-11-22,gazette_context
Gazette Notice No. 15341 of 2024,2024-11-22,Kenya Law / Government of Kenya,BUSIA COUNTY,service_delivery_sublocation,Kopiya,Kopiya,,,TESO NORTH SUB-COUNTY,service_delivery_subcounty,county_detail,listed_service_delivery_unit,unconfirmed,2024-11-22,gazette_context
Gazette Notice No. 15341 of 2024,2024-11-22,Kenya Law / Government of Kenya,BUSIA COUNTY,service_delivery_sublocation,Kaceret,Kaceret,,,TESO NORTH SUB-COUNTY,service_delivery_subcounty,county_detail,listed_service_delivery_unit,unconfirmed,2024-11-22,gazette_context
Gazette Notice No. 15341 of 2024,2024-11-22,Kenya Law / Government of Kenya,BUSIA COUNTY,service_delivery_sublocation,Keng’atuny,Keng’atuny,,,TESO NORTH SUB-COUNTY,service_delivery_subcounty,county_detail,listed_service_delivery_unit,unconfirmed,2024-11-22,gazette_context
Gazette Notice No. 15341 of 2024,2024-11-22,Kenya Law / Government of Kenya,BUSIA COUNTY,service_delivery_sublocation,Andurkoit,Andurkoit,,,TESO NORTH SUB-COUNTY,service_delivery_subcounty,county_detail,listed_service_delivery_unit,unconfirmed,2024-11-22,gazette_context
Gazette Notice No. 15341 of 2024,2024-11-22,Kenya Law / Government of Kenya,BUSIA COUNTY,service_delivery_sublocation,Atababuri,Atababuri,,,TESO NORTH SUB-COUNTY,service_delivery_subcounty,county_detail,listed_service_delivery_unit,unconfirmed,2024-11-22,gazette_context
Gazette Notice No. 15341 of 2024,2024-11-22,Kenya Law / Government of Kenya,BUSIA COUNTY,service_delivery_sublocation,Okimaru,Okimaru,,,TESO NORTH SUB-COUNTY,service_delivery_subcounty,county_detail,listed_service_delivery_unit,unconfirmed,2024-11-22,gazette_context
Gazette Notice No. 15341 of 2024,2024-11-22,Kenya Law / Government of Kenya,BUSIA COUNTY,service_delivery_sublocation,Akibui,Akibui,,,TESO NORTH SUB-COUNTY,service_delivery_subcounty,county_detail,listed_service_delivery_unit,unconfirmed,2024-11-22,gazette_context
Gazette Notice No. 15341 of 2024,2024-11-22,Kenya Law / Government of Kenya,SIAYA COUNTY,service_delivery_subcounty,SIAYA SUB-COUNTY,SIAYA SUB-COUNTY,,,SIAYA COUNTY,county,county_detail,listed_service_delivery_unit,unconfirmed,2024-11-22,gazette_context
Gazette Notice No. 15341 of 2024,2024-11-22,Kenya Law / Government of Kenya,SIAYA COUNTY,service_delivery_division,Township,Township,,,SIAYA SUB-COUNTY,service_delivery_subcounty,county_detail,listed_service_delivery_unit,unconfirmed,2024-11-22,gazette_context
Gazette Notice No. 15341 of 2024,2024-11-22,Kenya Law / Government of Kenya,SIAYA COUNTY,service_delivery_division,Usonga,Usonga,,,SIAYA SUB-COUNTY,service_delivery_subcounty,county_detail,listed_service_delivery_unit,unconfirmed,2024-11-22,gazette_context
Gazette Notice No. 15341 of 2024,2024-11-22,Kenya Law / Government of Kenya,SIAYA COUNTY,service_delivery_location,Barding,Barding,,,SIAYA SUB-COUNTY,service_delivery_subcounty,county_detail,listed_service_delivery_unit,unconfirmed,2024-11-22,gazette_context
Gazette Notice No. 15341 of 2024,2024-11-22,Kenya Law / Government of Kenya,SIAYA COUNTY,service_delivery_location,South Township,South Township,,,SIAYA SUB-COUNTY,service_delivery_subcounty,county_detail,listed_service_delivery_unit,unconfirmed,2024-11-22,gazette_context
Gazette Notice No. 15341 of 2024,2024-11-22,Kenya Law / Government of Kenya,SIAYA COUNTY,service_delivery_location,North West Alego,North West Alego,,,SIAYA SUB-COUNTY,service_delivery_subcounty,county_detail,listed_service_delivery_unit,unconfirmed,2024-11-22,gazette_context
Gazette Notice No. 15341 of 2024,2024-11-22,Kenya Law / Government of Kenya,SIAYA COUNTY,service_delivery_location,Usonga East,Usonga East,,,SIAYA SUB-COUNTY,service_delivery_subcounty,county_detail,listed_service_delivery_unit,unconfirmed,2024-11-22,gazette_context
Gazette Notice No. 15341 of 2024,2024-11-22,Kenya Law / Government of Kenya,SIAYA COUNTY,service_delivery_location,Central West Alego,Central West Alego,,,SIAYA SUB-COUNTY,service_delivery_subcounty,county_detail,listed_service_delivery_unit,unconfirmed,2024-11-22,gazette_context
Gazette Notice No. 15341 of 2024,2024-11-22,Kenya Law / Government of Kenya,SIAYA COUNTY,service_delivery_subcounty,RARIEDA SUB-COUNTY,RARIEDA SUB-COUNTY,,,SIAYA COUNTY,county,county_detail,listed_service_delivery_unit,unconfirmed,2024-11-22,gazette_context
Gazette Notice No. 15341 of 2024,2024-11-22,Kenya Law / Government of Kenya,SIAYA COUNTY,service_delivery_location,Kabong’ East,Kabong’ East,,,RARIEDA SUB-COUNTY,service_delivery_subcounty,county_detail,listed_service_delivery_unit,unconfirmed,2024-11-22,gazette_context
Gazette Notice No. 15341 of 2024,2024-11-22,Kenya Law / Government of Kenya,SIAYA COUNTY,service_delivery_location,Kabong’ West,Kabong’ West,,,RARIEDA SUB-COUNTY,service_delivery_subcounty,county_detail,listed_service_delivery_unit,unconfirmed,2024-11-22,gazette_context
Gazette Notice No. 15341 of 2024,2024-11-22,Kenya Law / Government of Kenya,SIAYA COUNTY,service_delivery_subcounty,UGENYA SUB-COUNTY,UGENYA SUB-COUNTY,,,SIAYA COUNTY,county,county_detail,listed_service_delivery_unit,unconfirmed,2024-11-22,gazette_context
Gazette Notice No. 15341 of 2024,2024-11-22,Kenya Law / Government of Kenya,SIAYA COUNTY,service_delivery_division,Bar Ndege,Bar Ndege,,,UGENYA SUB-COUNTY,service_delivery_subcounty,county_detail,listed_service_delivery_unit,unconfirmed,2024-11-22,gazette_context
Gazette Notice No. 15341 of 2024,2024-11-22,Kenya Law / Government of Kenya,SIAYA COUNTY,service_delivery_division,West Ugenya,West Ugenya,,,UGENYA SUB-COUNTY,service_delivery_subcounty,county_detail,listed_service_delivery_unit,unconfirmed,2024-11-22,gazette_context
Gazette Notice No. 15341 of 2024,2024-11-22,Kenya Law / Government of Kenya,SIAYA COUNTY,service_delivery_location,Kathieno East,Kathieno East,,,UGENYA SUB-COUNTY,service_delivery_subcounty,county_detail,listed_service_delivery_unit,unconfirmed,2024-11-22,gazette_context
Gazette Notice No. 15341 of 2024,2024-11-22,Kenya Law / Government of Kenya,SIAYA COUNTY,service_delivery_location,Ramunde,Ramunde,,,UGENYA SUB-COUNTY,service_delivery_subcounty,county_detail,listed_service_delivery_unit,unconfirmed,2024-11-22,gazette_context
Gazette Notice No. 15341 of 2024,2024-11-22,Kenya Law / Government of Kenya,SIAYA COUNTY,service_delivery_location,Anyiko,Anyiko,,,UGENYA SUB-COUNTY,service_delivery_subcounty,county_detail,listed_service_delivery_unit,unconfirmed,2024-11-22,gazette_context
Gazette Notice No. 15341 of 2024,2024-11-22,Kenya Law / Government of Kenya,SIAYA COUNTY,service_delivery_sublocation,Urenga,Urenga,,,UGENYA SUB-COUNTY,service_delivery_subcounty,county_detail,listed_service_delivery_unit,unconfirmed,2024-11-22,gazette_context
Gazette Notice No. 15341 of 2024,2024-11-22,Kenya Law / Government of Kenya,SIAYA COUNTY,service_delivery_sublocation,Komoro,Komoro,,,UGENYA SUB-COUNTY,service_delivery_subcounty,county_detail,listed_service_delivery_unit,unconfirmed,2024-11-22,gazette_context
Gazette Notice No. 15341 of 2024,2024-11-22,Kenya Law / Government of Kenya,SIAYA COUNTY,service_delivery_sublocation,Ralak,Ralak,,,UGENYA SUB-COUNTY,service_delivery_subcounty,county_detail,listed_service_delivery_unit,unconfirmed,2024-11-22,gazette_context
Gazette Notice No. 15341 of 2024,2024-11-22,Kenya Law / Government of Kenya,SIAYA COUNTY,service_delivery_sublocation,Uduma,Uduma,,,UGENYA SUB-COUNTY,service_delivery_subcounty,county_detail,listed_service_delivery_unit,unconfirmed,2024-11-22,gazette_context
Gazette Notice No. 15341 of 2024,2024-11-22,Kenya Law / Government of Kenya,KISUMU COUNTY,service_delivery_subcounty,KISUMU EAST SUB-COUNTY,KISUMU EAST SUB-COUNTY,,,KISUMU COUNTY,county,county_detail,listed_service_delivery_unit,unconfirmed,2024-11-22,gazette_context
Gazette Notice No. 15341 of 2024,2024-11-22,Kenya Law / Government of Kenya,KISUMU COUNTY,service_delivery_location,Kassagam Kolwa,Kassagam Kolwa (Kolwa West renamed),,Kolwa West renamed,KISUMU EAST SUB-COUNTY,service_delivery_subcounty,county_detail,listed_service_delivery_unit,unconfirmed,2024-11-22,gazette_context
Gazette Notice No. 15341 of 2024,2024-11-22,Kenya Law / Government of Kenya,KISUMU COUNTY,service_delivery_sublocation,Kassagam Kanyakwar,Kassagam Kanyakwar (Dago Kanyakwar renamed),,Dago Kanyakwar renamed,KISUMU EAST SUB-COUNTY,service_delivery_subcounty,county_detail,listed_service_delivery_unit,unconfirmed,2024-11-22,gazette_context
Gazette Notice No. 15341 of 2024,2024-11-22,Kenya Law / Government of Kenya,KISUMU COUNTY,service_delivery_sublocation,Mijimba-Kuoyo,Mijimba-Kuoyo (Kuoyo renamed),,Kuoyo renamed,KISUMU EAST SUB-COUNTY,service_delivery_subcounty,county_detail,listed_service_delivery_unit,unconfirmed,2024-11-22,gazette_context
Gazette Notice No. 15341 of 2024,2024-11-22,Kenya Law / Government of Kenya,KISUMU COUNTY,service_delivery_sublocation,Kasule -Tido,Kasule -Tido (North Kasule renamed),,North Kasule renamed,KISUMU EAST SUB-COUNTY,service_delivery_subcounty,county_detail,listed_service_delivery_unit,unconfirmed,2024-11-22,gazette_context
Gazette Notice No. 15341 of 2024,2024-11-22,Kenya Law / Government of Kenya,KISUMU COUNTY,service_delivery_subcounty,KISUMU WEST SUB-COUNTY,KISUMU WEST SUB-COUNTY,,,KISUMU COUNTY,county,county_detail,listed_service_delivery_unit,unconfirmed,2024-11-22,gazette_context
Gazette Notice No. 15341 of 2024,2024-11-22,Kenya Law / Government of Kenya,KISUMU COUNTY,service_delivery_location,Kogony,Kogony,,,KISUMU WEST SUB-COUNTY,service_delivery_subcounty,county_detail,listed_service_delivery_unit,unconfirmed,2024-11-22,gazette_context
Gazette Notice No. 15341 of 2024,2024-11-22,Kenya Law / Government of Kenya,KISUMU COUNTY,service_delivery_sublocation,Upper Kogony,Upper Kogony,,,KISUMU WEST SUB-COUNTY,service_delivery_subcounty,county_detail,listed_service_delivery_unit,unconfirmed,2024-11-22,gazette_context
Gazette Notice No. 15341 of 2024,2024-11-22,Kenya Law / Government of Kenya,KISUMU COUNTY,service_delivery_sublocation,Lower Kogony,Lower Kogony,,,KISUMU WEST SUB-COUNTY,service_delivery_subcounty,county_detail,listed_service_delivery_unit,unconfirmed,2024-11-22,gazette_context
Gazette Notice No. 15341 of 2024,2024-11-22,Kenya Law / Government of Kenya,KISUMU COUNTY,service_delivery_subcounty,MUHORONI SUB-COUNTY,MUHORONI SUB-COUNTY,,,KISUMU COUNTY,county,county_detail,listed_service_delivery_unit,unconfirmed,2024-11-22,gazette_context
Gazette Notice No. 15341 of 2024,2024-11-22,Kenya Law / Government of Kenya,KISUMU COUNTY,service_delivery_division,Ombeyi,Ombeyi,,,MUHORONI SUB-COUNTY,service_delivery_subcounty,county_detail,listed_service_delivery_unit,unconfirmed,2024-11-22,gazette_context
Gazette Notice No. 15341 of 2024,2024-11-22,Kenya Law / Government of Kenya,KISUMU COUNTY,service_delivery_sublocation,Pawteng,Pawteng,,,MUHORONI SUB-COUNTY,service_delivery_subcounty,county_detail,listed_service_delivery_unit,unconfirmed,2024-11-22,gazette_context
Gazette Notice No. 15341 of 2024,2024-11-22,Kenya Law / Government of Kenya,KISUMU COUNTY,service_delivery_sublocation,Omuga,Omuga,,,MUHORONI SUB-COUNTY,service_delivery_subcounty,county_detail,listed_service_delivery_unit,unconfirmed,2024-11-22,gazette_context
Gazette Notice No. 15341 of 2024,2024-11-22,Kenya Law / Government of Kenya,KISUMU COUNTY,service_delivery_subcounty,SEME SUB-COUNTY,SEME SUB-COUNTY,,,KISUMU COUNTY,county,county_detail,listed_service_delivery_unit,unconfirmed,2024-11-22,gazette_context
Gazette Notice No. 15341 of 2024,2024-11-22,Kenya Law / Government of Kenya,KISUMU COUNTY,service_delivery_division,West Seme,West Seme,,,SEME SUB-COUNTY,service_delivery_subcounty,county_detail,listed_service_delivery_unit,unconfirmed,2024-11-22,gazette_context
Gazette Notice No. 15341 of 2024,2024-11-22,Kenya Law / Government of Kenya,KISUMU COUNTY,service_delivery_location,Kanyadwera,Kanyadwera,,,SEME SUB-COUNTY,service_delivery_subcounty,county_detail,listed_service_delivery_unit,unconfirmed,2024-11-22,gazette_context
Gazette Notice No. 15341 of 2024,2024-11-22,Kenya Law / Government of Kenya,KISUMU COUNTY,service_delivery_location,Ngere,Ngere,,,SEME SUB-COUNTY,service_delivery_subcounty,county_detail,listed_service_delivery_unit,unconfirmed,2024-11-22,gazette_context
Gazette Notice No. 15341 of 2024,2024-11-22,Kenya Law / Government of Kenya,KISUMU COUNTY,service_delivery_sublocation,Kahera,Kahera,,,SEME SUB-COUNTY,service_delivery_subcounty,county_detail,listed_service_delivery_unit,unconfirmed,2024-11-22,gazette_context
Gazette Notice No. 15341 of 2024,2024-11-22,Kenya Law / Government of Kenya,KISUMU COUNTY,service_delivery_sublocation,Rata,Rata,,,SEME SUB-COUNTY,service_delivery_subcounty,county_detail,listed_service_delivery_unit,unconfirmed,2024-11-22,gazette_context
Gazette Notice No. 15341 of 2024,2024-11-22,Kenya Law / Government of Kenya,KISUMU COUNTY,service_delivery_sublocation,Central Kadinga,Central Kadinga,,,SEME SUB-COUNTY,service_delivery_subcounty,county_detail,listed_service_delivery_unit,unconfirmed,2024-11-22,gazette_context
Gazette Notice No. 15341 of 2024,2024-11-22,Kenya Law / Government of Kenya,KISUMU COUNTY,service_delivery_subcounty,NYAKACH SUB-COUNTY,NYAKACH SUB-COUNTY,,,KISUMU COUNTY,county,county_detail,listed_service_delivery_unit,unconfirmed,2024-11-22,gazette_context
Gazette Notice No. 15341 of 2024,2024-11-22,Kenya Law / Government of Kenya,KISUMU COUNTY,service_delivery_division,Upper Nyakach,Upper Nyakach,,,NYAKACH SUB-COUNTY,service_delivery_subcounty,county_detail,listed_service_delivery_unit,unconfirmed,2024-11-22,gazette_context
Gazette Notice No. 15341 of 2024,2024-11-22,Kenya Law / Government of Kenya,KISUMU COUNTY,service_delivery_location,Bar,Bar,,,NYAKACH SUB-COUNTY,service_delivery_subcounty,county_detail,listed_service_delivery_unit,unconfirmed,2024-11-22,gazette_context
Gazette Notice No. 15341 of 2024,2024-11-22,Kenya Law / Government of Kenya,KISUMU COUNTY,service_delivery_sublocation,Ogoro,Ogoro,,,NYAKACH SUB-COUNTY,service_delivery_subcounty,county_detail,listed_service_delivery_unit,unconfirmed,2024-11-22,gazette_context
Gazette Notice No. 15341 of 2024,2024-11-22,Kenya Law / Government of Kenya,KISUMU COUNTY,service_delivery_sublocation,Buru,Buru,,,NYAKACH SUB-COUNTY,service_delivery_subcounty,county_detail,listed_service_delivery_unit,unconfirmed,2024-11-22,gazette_context
Gazette Notice No. 15341 of 2024,2024-11-22,Kenya Law / Government of Kenya,KISUMU COUNTY,service_delivery_sublocation,Onyuongo,Onyuongo,,,NYAKACH SUB-COUNTY,service_delivery_subcounty,county_detail,listed_service_delivery_unit,unconfirmed,2024-11-22,gazette_context
Gazette Notice No. 15341 of 2024,2024-11-22,Kenya Law / Government of Kenya,HOMABAY COUNTY,service_delivery_subcounty,RANGWE SUB-COUNTY,RANGWE SUB-COUNTY,,,HOMABAY COUNTY,county,county_detail,listed_service_delivery_unit,unconfirmed,2024-11-22,gazette_context
Gazette Notice No. 15341 of 2024,2024-11-22,Kenya Law / Government of Kenya,HOMABAY COUNTY,service_delivery_location,Kaura,Kaura,,,RANGWE SUB-COUNTY,service_delivery_subcounty,county_detail,listed_service_delivery_unit,unconfirmed,2024-11-22,gazette_context
Gazette Notice No. 15341 of 2024,2024-11-22,Kenya Law / Government of Kenya,HOMABAY COUNTY,service_delivery_sublocation,Manywanda,Manywanda,,,RANGWE SUB-COUNTY,service_delivery_subcounty,county_detail,listed_service_delivery_unit,unconfirmed,2024-11-22,gazette_context
Gazette Notice No. 15341 of 2024,2024-11-22,Kenya Law / Government of Kenya,HOMABAY COUNTY,service_delivery_sublocation,Lower Kaura,Lower Kaura,,,RANGWE SUB-COUNTY,service_delivery_subcounty,county_detail,listed_service_delivery_unit,unconfirmed,2024-11-22,gazette_context
Gazette Notice No. 15341 of 2024,2024-11-22,Kenya Law / Government of Kenya,HOMABAY COUNTY,service_delivery_sublocation,Upper Kanam,Upper Kanam,,,RANGWE SUB-COUNTY,service_delivery_subcounty,county_detail,listed_service_delivery_unit,unconfirmed,2024-11-22,gazette_context
Gazette Notice No. 15341 of 2024,2024-11-22,Kenya Law / Government of Kenya,HOMABAY COUNTY,service_delivery_subcounty,RACHUONYO NORTH SUB-COUNTY,RACHUONYO NORTH SUB-COUNTY,,,HOMABAY COUNTY,county,county_detail,listed_service_delivery_unit,unconfirmed,2024-11-22,gazette_context
Gazette Notice No. 15341 of 2024,2024-11-22,Kenya Law / Government of Kenya,HOMABAY COUNTY,service_delivery_location,Konyango Majieri,Konyango Majieri,,,RACHUONYO NORTH SUB-COUNTY,service_delivery_subcounty,county_detail,listed_service_delivery_unit,unconfirmed,2024-11-22,gazette_context
Gazette Notice No. 15341 of 2024,2024-11-22,Kenya Law / Government of Kenya,HOMABAY COUNTY,service_delivery_location,Kotieno,Kotieno,,,RACHUONYO NORTH SUB-COUNTY,service_delivery_subcounty,county_detail,listed_service_delivery_unit,unconfirmed,2024-11-22,gazette_context
Gazette Notice No. 15341 of 2024,2024-11-22,Kenya Law / Government of Kenya,HOMABAY COUNTY,service_delivery_sublocation,Konyango Nyatoto,Konyango Nyatoto (Konyango Majieri renamed),,Konyango Majieri renamed,RACHUONYO NORTH SUB-COUNTY,service_delivery_subcounty,county_detail,listed_service_delivery_unit,unconfirmed,2024-11-22,gazette_context
Gazette Notice No. 15341 of 2024,2024-11-22,Kenya Law / Government of Kenya,HOMABAY COUNTY,service_delivery_sublocation,Konyango East,Konyango East,,,RACHUONYO NORTH SUB-COUNTY,service_delivery_subcounty,county_detail,listed_service_delivery_unit,unconfirmed,2024-11-22,gazette_context
Gazette Notice No. 15341 of 2024,2024-11-22,Kenya Law / Government of Kenya,HOMABAY COUNTY,service_delivery_sublocation,Upper Kotieno,Upper Kotieno,,,RACHUONYO NORTH SUB-COUNTY,service_delivery_subcounty,county_detail,listed_service_delivery_unit,unconfirmed,2024-11-22,gazette_context
Gazette Notice No. 15341 of 2024,2024-11-22,Kenya Law / Government of Kenya,HOMABAY COUNTY,service_delivery_sublocation,Central Kotieno,Central Kotieno,,,RACHUONYO NORTH SUB-COUNTY,service_delivery_subcounty,county_detail,listed_service_delivery_unit,unconfirmed,2024-11-22,gazette_context
Gazette Notice No. 15341 of 2024,2024-11-22,Kenya Law / Government of Kenya,HOMABAY COUNTY,service_delivery_sublocation,Lower Kotieno,Lower Kotieno (Kotieno renamed),,Kotieno renamed,RACHUONYO NORTH SUB-COUNTY,service_delivery_subcounty,county_detail,listed_service_delivery_unit,unconfirmed,2024-11-22,gazette_context
Gazette Notice No. 15341 of 2024,2024-11-22,Kenya Law / Government of Kenya,HOMABAY COUNTY,service_delivery_sublocation,Central Kakwajuok,Central Kakwajuok,,,RACHUONYO NORTH SUB-COUNTY,service_delivery_subcounty,county_detail,listed_service_delivery_unit,unconfirmed,2024-11-22,gazette_context
Gazette Notice No. 15341 of 2024,2024-11-22,Kenya Law / Government of Kenya,HOMABAY COUNTY,service_delivery_sublocation,Upper Kanyadhiang,Upper Kanyadhiang,,,RACHUONYO NORTH SUB-COUNTY,service_delivery_subcounty,county_detail,listed_service_delivery_unit,unconfirmed,2024-11-22,gazette_context
Gazette Notice No. 15341 of 2024,2024-11-22,Kenya Law / Government of Kenya,HOMABAY COUNTY,service_delivery_subcounty,HOMABAY SUB-COUNTY,HOMABAY SUB-COUNTY,,,HOMABAY COUNTY,county,county_detail,listed_service_delivery_unit,unconfirmed,2024-11-22,gazette_context
Gazette Notice No. 15341 of 2024,2024-11-22,Kenya Law / Government of Kenya,HOMABAY COUNTY,service_delivery_division,Asego West,Asego West,,,HOMABAY SUB-COUNTY,service_delivery_subcounty,county_detail,listed_service_delivery_unit,unconfirmed,2024-11-22,gazette_context
Gazette Notice No. 15341 of 2024,2024-11-22,Kenya Law / Government of Kenya,HOMABAY COUNTY,service_delivery_location,Wahambla,Wahambla,,,HOMABAY SUB-COUNTY,service_delivery_subcounty,county_detail,listed_service_delivery_unit,unconfirmed,2024-11-22,gazette_context
Gazette Notice No. 15341 of 2024,2024-11-22,Kenya Law / Government of Kenya,HOMABAY COUNTY,service_delivery_location,Homabay Town East,Homabay Town East,,,HOMABAY SUB-COUNTY,service_delivery_subcounty,county_detail,listed_service_delivery_unit,unconfirmed,2024-11-22,gazette_context
Gazette Notice No. 15341 of 2024,2024-11-22,Kenya Law / Government of Kenya,HOMABAY COUNTY,service_delivery_sublocation,Wahambla North,Wahambla North,,,HOMABAY SUB-COUNTY,service_delivery_subcounty,county_detail,listed_service_delivery_unit,unconfirmed,2024-11-22,gazette_context
Gazette Notice No. 15341 of 2024,2024-11-22,Kenya Law / Government of Kenya,HOMABAY COUNTY,service_delivery_sublocation,Wahambla South,Wahambla South,,,HOMABAY SUB-COUNTY,service_delivery_subcounty,county_detail,listed_service_delivery_unit,unconfirmed,2024-11-22,gazette_context
Gazette Notice No. 15341 of 2024,2024-11-22,Kenya Law / Government of Kenya,HOMABAY COUNTY,service_delivery_sublocation,Homabay Town Central,Homabay Town Central,,,HOMABAY SUB-COUNTY,service_delivery_subcounty,county_detail,listed_service_delivery_unit,unconfirmed,2024-11-22,gazette_context
Gazette Notice No. 15341 of 2024,2024-11-22,Kenya Law / Government of Kenya,HOMABAY COUNTY,service_delivery_subcounty,NDHIWA SUB-COUNTY,NDHIWA SUB-COUNTY,,,HOMABAY COUNTY,county,county_detail,listed_service_delivery_unit,unconfirmed,2024-11-22,gazette_context
Gazette Notice No. 15341 of 2024,2024-11-22,Kenya Law / Government of Kenya,HOMABAY COUNTY,service_delivery_division,Kanyikela,Kanyikela,,,NDHIWA SUB-COUNTY,service_delivery_subcounty,county_detail,listed_service_delivery_unit,unconfirmed,2024-11-22,gazette_context
Gazette Notice No. 15341 of 2024,2024-11-22,Kenya Law / Government of Kenya,HOMABAY COUNTY,service_delivery_location,Lower Kabonyo,Lower Kabonyo,,,NDHIWA SUB-COUNTY,service_delivery_subcounty,county_detail,listed_service_delivery_unit,unconfirmed,2024-11-22,gazette_context
Gazette Notice No. 15341 of 2024,2024-11-22,Kenya Law / Government of Kenya,HOMABAY COUNTY,service_delivery_location,Lower Rading,Lower Rading,,,NDHIWA SUB-COUNTY,service_delivery_subcounty,county_detail,listed_service_delivery_unit,unconfirmed,2024-11-22,gazette_context
Gazette Notice No. 15341 of 2024,2024-11-22,Kenya Law / Government of Kenya,HOMABAY COUNTY,service_delivery_location,Upper Rading,Upper Rading,,,NDHIWA SUB-COUNTY,service_delivery_subcounty,county_detail,listed_service_delivery_unit,unconfirmed,2024-11-22,gazette_context
Gazette Notice No. 15341 of 2024,2024-11-22,Kenya Law / Government of Kenya,HOMABAY COUNTY,service_delivery_sublocation,Central Kabonyo,Central Kabonyo,,,NDHIWA SUB-COUNTY,service_delivery_subcounty,county_detail,listed_service_delivery_unit,unconfirmed,2024-11-22,gazette_context
Gazette Notice No. 15341 of 2024,2024-11-22,Kenya Law / Government of Kenya,HOMABAY COUNTY,service_delivery_sublocation,Ndisi,Ndisi,,,NDHIWA SUB-COUNTY,service_delivery_subcounty,county_detail,listed_service_delivery_unit,unconfirmed,2024-11-22,gazette_context
Gazette Notice No. 15341 of 2024,2024-11-22,Kenya Law / Government of Kenya,HOMABAY COUNTY,service_delivery_sublocation,Rangenya,Rangenya,,,NDHIWA SUB-COUNTY,service_delivery_subcounty,county_detail,listed_service_delivery_unit,unconfirmed,2024-11-22,gazette_context
Gazette Notice No. 15341 of 2024,2024-11-22,Kenya Law / Government of Kenya,HOMABAY COUNTY,service_delivery_subcounty,MBITA SUB-COUNTY,MBITA SUB-COUNTY,,,HOMABAY COUNTY,county,county_detail,listed_service_delivery_unit,unconfirmed,2024-11-22,gazette_context
Gazette Notice No. 15341 of 2024,2024-11-22,Kenya Law / Government of Kenya,HOMABAY COUNTY,service_delivery_sublocation,Ngodhe,Ngodhe,,,MBITA SUB-COUNTY,service_delivery_subcounty,county_detail,listed_service_delivery_unit,unconfirmed,2024-11-22,gazette_context
Gazette Notice No. 15341 of 2024,2024-11-22,Kenya Law / Government of Kenya,HOMABAY COUNTY,service_delivery_subcounty,RACHUONYO SOUTH SUB-COUNTY,RACHUONYO SOUTH SUB-COUNTY,,,HOMABAY COUNTY,county,county_detail,listed_service_delivery_unit,unconfirmed,2024-11-22,gazette_context
Gazette Notice No. 15341 of 2024,2024-11-22,Kenya Law / Government of Kenya,HOMABAY COUNTY,service_delivery_location,Kotieno Kochich,Kotieno Kochich,,,RACHUONYO SOUTH SUB-COUNTY,service_delivery_subcounty,county_detail,listed_service_delivery_unit,unconfirmed,2024-11-22,gazette_context
Gazette Notice No. 15341 of 2024,2024-11-22,Kenya Law / Government of Kenya,HOMABAY COUNTY,service_delivery_sublocation,Kotieno Konuong’a,Kotieno Konuong’a,,,RACHUONYO SOUTH SUB-COUNTY,service_delivery_subcounty,county_detail,listed_service_delivery_unit,unconfirmed,2024-11-22,gazette_context
Gazette Notice No. 15341 of 2024,2024-11-22,Kenya Law / Government of Kenya,HOMABAY COUNTY,service_delivery_sublocation,Kotieno Koyoo,Kotieno Koyoo,,,RACHUONYO SOUTH SUB-COUNTY,service_delivery_subcounty,county_detail,listed_service_delivery_unit,unconfirmed,2024-11-22,gazette_context
Gazette Notice No. 15341 of 2024,2024-11-22,Kenya Law / Government of Kenya,HOMABAY COUNTY,service_delivery_subcounty,RACHUONYO EAST SUB-COUNTY,RACHUONYO EAST SUB-COUNTY,,,HOMABAY COUNTY,county,county_detail,listed_service_delivery_unit,unconfirmed,2024-11-22,gazette_context
Gazette Notice No. 15341 of 2024,2024-11-22,Kenya Law / Government of Kenya,HOMABAY COUNTY,service_delivery_location,Kamuga,Kamuga,,,RACHUONYO EAST SUB-COUNTY,service_delivery_subcounty,county_detail,listed_service_delivery_unit,unconfirmed,2024-11-22,gazette_context
Gazette Notice No. 15341 of 2024,2024-11-22,Kenya Law / Government of Kenya,HOMABAY COUNTY,service_delivery_location,Kojwach Kawere,Kojwach Kawere,,,RACHUONYO EAST SUB-COUNTY,service_delivery_subcounty,county_detail,listed_service_delivery_unit,unconfirmed,2024-11-22,gazette_context
Gazette Notice No. 15341 of 2024,2024-11-22,Kenya Law / Government of Kenya,HOMABAY COUNTY,service_delivery_sublocation,Magadi,Magadi,,,RACHUONYO EAST SUB-COUNTY,service_delivery_subcounty,county_detail,listed_service_delivery_unit,unconfirmed,2024-11-22,gazette_context
Gazette Notice No. 15341 of 2024,2024-11-22,Kenya Law / Government of Kenya,HOMABAY COUNTY,service_delivery_sublocation,Lower Kawele,Lower Kawele,,,RACHUONYO EAST SUB-COUNTY,service_delivery_subcounty,county_detail,listed_service_delivery_unit,unconfirmed,2024-11-22,gazette_context
Gazette Notice No. 15341 of 2024,2024-11-22,Kenya Law / Government of Kenya,HOMABAY COUNTY,service_delivery_location,Koywa,Koywa,,,RANGWE SUB-COUNTY,service_delivery_subcounty,county_detail,listed_service_delivery_unit,unconfirmed,2024-11-22,gazette_context
Gazette Notice No. 15341 of 2024,2024-11-22,Kenya Law / Government of Kenya,HOMABAY COUNTY,service_delivery_sublocation,Lower Koywa,Lower Koywa,,,RANGWE SUB-COUNTY,service_delivery_subcounty,county_detail,listed_service_delivery_unit,unconfirmed,2024-11-22,gazette_context
Gazette Notice No. 15341 of 2024,2024-11-22,Kenya Law / Government of Kenya,HOMABAY COUNTY,service_delivery_sublocation,Lower Komenya,Lower Komenya,,,RANGWE SUB-COUNTY,service_delivery_subcounty,county_detail,listed_service_delivery_unit,unconfirmed,2024-11-22,gazette_context
Gazette Notice No. 15341 of 2024,2024-11-22,Kenya Law / Government of Kenya,HOMABAY COUNTY,service_delivery_subcounty,SUBA WEST SUB-COUNTY,SUBA WEST SUB-COUNTY,,,HOMABAY COUNTY,county,county_detail,listed_service_delivery_unit,unconfirmed,2024-11-22,gazette_context
Gazette Notice No. 15341 of 2024,2024-11-22,Kenya Law / Government of Kenya,HOMABAY COUNTY,service_delivery_sublocation,Remba,Remba,,,SUBA WEST SUB-COUNTY,service_delivery_subcounty,county_detail,listed_service_delivery_unit,unconfirmed,2024-11-22,gazette_context
Gazette Notice No. 15341 of 2024,2024-11-22,Kenya Law / Government of Kenya,HOMABAY COUNTY,service_delivery_sublocation,Musoma,Musoma,,,SUBA WEST SUB-COUNTY,service_delivery_subcounty,county_detail,listed_service_delivery_unit,unconfirmed,2024-11-22,gazette_context
Gazette Notice No. 15341 of 2024,2024-11-22,Kenya Law / Government of Kenya,MIGORI COUNTY,service_delivery_subcounty,KURIA EAST SUB-COUNTY,KURIA EAST SUB-COUNTY,,,MIGORI COUNTY,county,county_detail,listed_service_delivery_unit,unconfirmed,2024-11-22,gazette_context
Gazette Notice No. 15341 of 2024,2024-11-22,Kenya Law / Government of Kenya,MIGORI COUNTY,service_delivery_sublocation,Sabuko,Sabuko,,,KURIA EAST SUB-COUNTY,service_delivery_subcounty,county_detail,listed_service_delivery_unit,unconfirmed,2024-11-22,gazette_context
Gazette Notice No. 15341 of 2024,2024-11-22,Kenya Law / Government of Kenya,MIGORI COUNTY,service_delivery_sublocation,Nyairema,Nyairema,,,KURIA EAST SUB-COUNTY,service_delivery_subcounty,county_detail,listed_service_delivery_unit,unconfirmed,2024-11-22,gazette_context
Gazette Notice No. 15341 of 2024,2024-11-22,Kenya Law / Government of Kenya,MIGORI COUNTY,service_delivery_subcounty,NTIMARU SUB-COUNTY,NTIMARU SUB-COUNTY,,,MIGORI COUNTY,county,county_detail,listed_service_delivery_unit,unconfirmed,2024-11-22,gazette_context
Gazette Notice No. 15341 of 2024,2024-11-22,Kenya Law / Government of Kenya,MIGORI COUNTY,service_delivery_division,Bongebo,Bongebo,,,NTIMARU SUB-COUNTY,service_delivery_subcounty,county_detail,listed_service_delivery_unit,unconfirmed,2024-11-22,gazette_context
Gazette Notice No. 15341 of 2024,2024-11-22,Kenya Law / Government of Kenya,MIGORI COUNTY,service_delivery_sublocation,Motarakwa,Motarakwa,,,NTIMARU SUB-COUNTY,service_delivery_subcounty,county_detail,listed_service_delivery_unit,unconfirmed,2024-11-22,gazette_context
Gazette Notice No. 15341 of 2024,2024-11-22,Kenya Law / Government of Kenya,MIGORI COUNTY,service_delivery_sublocation,Gisumwa,Gisumwa,,,NTIMARU SUB-COUNTY,service_delivery_subcounty,county_detail,listed_service_delivery_unit,unconfirmed,2024-11-22,gazette_context
Gazette Notice No. 15341 of 2024,2024-11-22,Kenya Law / Government of Kenya,MIGORI COUNTY,service_delivery_sublocation,Sumwa,Sumwa,,,NTIMARU SUB-COUNTY,service_delivery_subcounty,county_detail,listed_service_delivery_unit,unconfirmed,2024-11-22,gazette_context
Gazette Notice No. 15341 of 2024,2024-11-22,Kenya Law / Government of Kenya,MIGORI COUNTY,service_delivery_sublocation,Nyamotambe,Nyamotambe,,,NTIMARU SUB-COUNTY,service_delivery_subcounty,county_detail,listed_service_delivery_unit,unconfirmed,2024-11-22,gazette_context
Gazette Notice No. 15341 of 2024,2024-11-22,Kenya Law / Government of Kenya,KISII COUNTY,service_delivery_subcounty,MASABA SOUTH SUB-COUNTY,MASABA SOUTH SUB-COUNTY,,,KISII COUNTY,county,county_detail,listed_service_delivery_unit,unconfirmed,2024-11-22,gazette_context
Gazette Notice No. 15341 of 2024,2024-11-22,Kenya Law / Government of Kenya,KISII COUNTY,service_delivery_location,Ekware,Ekware,,,MASABA SOUTH SUB-COUNTY,service_delivery_subcounty,county_detail,listed_service_delivery_unit,unconfirmed,2024-11-22,gazette_context
Gazette Notice No. 15341 of 2024,2024-11-22,Kenya Law / Government of Kenya,KISII COUNTY,service_delivery_location,Kerema,Kerema,,,MASABA SOUTH SUB-COUNTY,service_delivery_subcounty,county_detail,listed_service_delivery_unit,unconfirmed,2024-11-22,gazette_context
Gazette Notice No. 15341 of 2024,2024-11-22,Kenya Law / Government of Kenya,KISII COUNTY,service_delivery_sublocation,Nyambogo,Nyambogo,,,MASABA SOUTH SUB-COUNTY,service_delivery_subcounty,county_detail,listed_service_delivery_unit,unconfirmed,2024-11-22,gazette_context
Gazette Notice No. 15341 of 2024,2024-11-22,Kenya Law / Government of Kenya,KISII COUNTY,service_delivery_sublocation,Amasege Keroka,Amasege Keroka,,,MASABA SOUTH SUB-COUNTY,service_delivery_subcounty,county_detail,listed_service_delivery_unit,unconfirmed,2024-11-22,gazette_context
Gazette Notice No. 15341 of 2024,2024-11-22,Kenya Law / Government of Kenya,KISII COUNTY,service_delivery_sublocation,Masimba,Masimba,,,MASABA SOUTH SUB-COUNTY,service_delivery_subcounty,county_detail,listed_service_delivery_unit,unconfirmed,2024-11-22,gazette_context
