canonical_variant_entity_id,canonical_entity_type,canonical_status,source_system,source_row_id,source_sku,source_parent_ref,parent_resolution_method,parent_product_entity_id,parent_product_source_row_id,canonical_name,attribute_1_name,attribute_1_value,attribute_2_name,attribute_2_value,unit_of_measure_external,pack_size_value_external,pack_size_unit_external,pack_size_text_external,weight_kg,length_cm,width_cm,height_cm,thickness_mm,diameter_value,diameter_unit,omniclass_code,masterformat_code,uniformat_code,etim_code,icms_code,source_content_hash
836b7a3c-1a43-518b-9fbd-f8091b08f35b,ProductVariant,master_canonical,wajenzi-master-catalogue-v1,10489,WP023,WP022,unique_parent_sku,489be80c-361e-5e94-ae7e-bfb824487747,10469,Crown Vinyl Matt Emulsion Xtreme APS Shades,size in litres,20,Group,1,L,20,L,20 L,,,,,,,,23-15 21 11,09 91 00,,,04.060,eb7405e0200a50a86824a8572151f8d14196a94c449e6bf39fce64238b9bc8c1
796cc1df-6121-5984-a577-e1125104c270,ProductVariant,master_canonical,wajenzi-master-catalogue-v1,10490,WP024,WP022,unique_parent_sku,489be80c-361e-5e94-ae7e-bfb824487747,10469,Crown Vinyl Matt Emulsion Xtreme APS Shades,size in litres,4,Group,1,L,4,L,4 L,,,,,,,,23-15 21 11,09 91 00,,,04.060,094c109c25b9b4bb3f59c602045c115eed3ef58c42fa7ed6d2118755acf0368b
f60c2941-2c19-5b7d-8a07-20a168d5bf6c,ProductVariant,master_canonical,wajenzi-master-catalogue-v1,10491,WP025,WP022,unique_parent_sku,489be80c-361e-5e94-ae7e-bfb824487747,10469,Crown Vinyl Matt Emulsion Xtreme APS Shades,size in litres,1,Group,1,L,1,L,1 L,,,,,,,,23-15 21 11,09 91 00,,,04.060,6b8ab1446ba55fbe2064f164e2b5a283b4c9d0856a2e285b5054b885246a415c
19be2376-f304-5ff9-8c2f-d5360edf13ec,ProductVariant,master_canonical,wajenzi-master-catalogue-v1,10492,WP026,WP022,unique_parent_sku,489be80c-361e-5e94-ae7e-bfb824487747,10469,Crown Vinyl Matt Emulsion Xtreme APS Shades,size in litres,20,Group,2,L,20,L,20 L,,,,,,,,23-15 21 11,09 91 00,,,04.060,a8abc009200a11fafdea4da2f9681ac9dcb44e2a421f0de1e68bce0e1f8e26a1
dc6f057b-4259-5cd4-8c0d-f3608a20dd9a,ProductVariant,master_canonical,wajenzi-master-catalogue-v1,10493,WP027,WP022,unique_parent_sku,489be80c-361e-5e94-ae7e-bfb824487747,10469,Crown Vinyl Matt Emulsion Xtreme APS Shades,size in litres,4,Group,2,L,4,L,4 L,,,,,,,,23-15 21 11,09 91 00,,,04.060,a8c1ef1d33554f144fe5908905ce130fc7c502646f8593595ec70107bbbc2e1e
64ebd343-68cb-5bf4-82df-af0f6ee0317b,ProductVariant,master_canonical,wajenzi-master-catalogue-v1,10494,WP028,WP022,unique_parent_sku,489be80c-361e-5e94-ae7e-bfb824487747,10469,Crown Vinyl Matt Emulsion Xtreme APS Shades,size in litres,1,Group,2,L,1,L,1 L,,,,,,,,23-15 21 11,09 91 00,,,04.060,579c3ad166050d3dd01a0a190ebac094c09d6868f2ecd5a4e1012d9e2186d996
f4ecbfae-8abf-53e6-9d22-1f7db8acc74a,ProductVariant,master_canonical,wajenzi-master-catalogue-v1,14991,SSTL002,SSTL001,unique_parent_sku,8443ac2a-7941-587d-91cc-1b9e20789d4a,14990,Black pipes -Class A - ½”,Diameter in Inches,½”,,,piece,1,piece,1 piece,5.77,,,,,,,23-31 35 00,22 10 00,,,05.050,e9acdb702d2658ca6a8bab9085698193fb87f1e38ab304a613fa1161936a02b0
e06abf23-10e1-5546-9359-060195a55858,ProductVariant,master_canonical,wajenzi-master-catalogue-v1,14992,SSTL003,SSTL001,unique_parent_sku,8443ac2a-7941-587d-91cc-1b9e20789d4a,14990,Black pipes -Class A - ¾”,Diameter in Inches,¾”,,,piece,1,piece,1 piece,8.52,,,,,,,23-31 35 00,22 10 00,,,05.050,50d5e33cf166d4a2bc55c4cfad2fb69e0a4998b2a0de6f31e8745a515bb073d8
8aa24371-506a-5547-9a58-bc7cdb10518c,ProductVariant,master_canonical,wajenzi-master-catalogue-v1,14993,SSTL004,SSTL001,unique_parent_sku,8443ac2a-7941-587d-91cc-1b9e20789d4a,14990,Black pipes -Class A - 1”,Diameter in Inches,1”,,,piece,1,piece,1 piece,12.18,,,,,,,23-31 35 00,22 10 00,,,05.050,a7df71673d22918182da8f2f31879db0079b267d035b4b3db75481b26d79aa10
4ae4d13b-0451-5e42-9ea1-c18b2f995d02,ProductVariant,master_canonical,wajenzi-master-catalogue-v1,14994,SSTL005,SSTL001,unique_parent_sku,8443ac2a-7941-587d-91cc-1b9e20789d4a,14990,Black pipes -Class A - 1¼”,Diameter in Inches,1¼”,,,piece,1,piece,1 piece,15.66,,,,,,,23-31 35 00,22 10 00,,,05.050,0ef4b3904a93dd015aa8c760f3d1ab2033da1f422d9dbe33b1ec435913c85588
12a7b562-d9a6-5f75-b4e3-1be2dae601c7,ProductVariant,master_canonical,wajenzi-master-catalogue-v1,14995,SSTL006,SSTL001,unique_parent_sku,8443ac2a-7941-587d-91cc-1b9e20789d4a,14990,Black pipes -Class A - 1½”,Diameter in Inches,1½”,,,piece,1,piece,1 piece,19.74,,,,,,,23-31 35 00,22 10 00,,,05.050,90dcf655d647a626a9c4232d77b9b7aff09a06bd91032ad28301f5fe86aa986a
d44280a0-0d5e-5a34-9853-171ae4871006,ProductVariant,master_canonical,wajenzi-master-catalogue-v1,14996,SSTL007,SSTL001,unique_parent_sku,8443ac2a-7941-587d-91cc-1b9e20789d4a,14990,Black pipes -Class A - 2”,Diameter in Inches,2”,,,piece,1,piece,1 piece,25.08,,,,,,,23-31 35 00,22 10 00,,,05.050,5304819e76f1cc2461d459b79b21a272186b4cedf121a1835ac6507eca5eb034
52b2705d-69a8-5744-b648-b8dc8515fe70,ProductVariant,master_canonical,wajenzi-master-catalogue-v1,14997,SSTL008,SSTL001,unique_parent_sku,8443ac2a-7941-587d-91cc-1b9e20789d4a,14990,Black pipes -Class A - 2½”,Diameter in Inches,2½”,,,piece,1,piece,1 piece,36.81,,,,,,,23-31 35 00,22 10 00,,,05.050,ab560108a5a786468eeeac68f19b3ed9c8de4e9aa1a1b8853c0f362c45bf1c5d
bf12a85b-aa8a-5c49-9df2-03118c123011,ProductVariant,master_canonical,wajenzi-master-catalogue-v1,14998,SSTL009,SSTL001,unique_parent_sku,8443ac2a-7941-587d-91cc-1b9e20789d4a,14990,Black pipes -Class A - 3”,Diameter in Inches,3”,,,piece,1,piece,1 piece,41.88,,,,,,,23-31 35 00,22 10 00,,,05.050,b1660f1113ba16336e16123ebf5de0482e740029742bd110f151285dfa6d83c0
8ff8d9cb-0f8c-5c75-90c3-e5a18373e682,ProductVariant,master_canonical,wajenzi-master-catalogue-v1,14999,SSTL010,SSTL001,unique_parent_sku,8443ac2a-7941-587d-91cc-1b9e20789d4a,14990,Black pipes -Class A - 4”,Diameter in Inches,4”,,,piece,1,piece,1 piece,61.2,,,,,,,23-31 35 00,22 10 00,,,05.050,cff1ec621ae40f02a076238e013bab4a51479b79a41c33c01db5e944bb3de80d
be11b898-af22-5577-b971-e7468551b9e0,ProductVariant,master_canonical,wajenzi-master-catalogue-v1,15001,SSTL012,SSTL011,unique_parent_sku,6a8bfff0-44c1-5df7-972b-423dbf1ca4dc,15000,Black Pipes- class B - ½”,Diameter in Inches,½”,,,piece,1,piece,1 piece,7.38,,,,,,,23-31 35 00,22 10 00,,,05.050,a8e2911d95cca57c396928f98f0c479d6beef920c7a1b4e7b48f9c1bb7184f59
b7eb8997-48bd-5d42-88e5-5ad7a5c956d9,ProductVariant,master_canonical,wajenzi-master-catalogue-v1,15002,SSTL013,SSTL011,unique_parent_sku,6a8bfff0-44c1-5df7-972b-423dbf1ca4dc,15000,Black Pipes- class B - ¾”,Diameter in Inches,¾”,,,piece,1,piece,1 piece,9.54,,,,,,,23-31 35 00,22 10 00,,,05.050,5a621c5a6705d8eb5cb0301c24add0ea53e2ca2a11f4e8f0c6373c350ad838d1
3e103fee-c725-5c3e-983d-c4a042831c74,ProductVariant,master_canonical,wajenzi-master-catalogue-v1,15003,SSTL014,SSTL011,unique_parent_sku,6a8bfff0-44c1-5df7-972b-423dbf1ca4dc,15000,Black Pipes- class B - 1”,Diameter in Inches,1”,,,piece,1,piece,1 piece,14.76,,,,,,,23-31 35 00,22 10 00,,,05.050,af8dd0f71748ac799a5db4bc773902d34c19e4547ed66a3c2c993a6f6fd95f3f
ddb4614b-0223-5f56-90ed-7b3880335fcd,ProductVariant,master_canonical,wajenzi-master-catalogue-v1,15004,SSTL015,SSTL011,unique_parent_sku,6a8bfff0-44c1-5df7-972b-423dbf1ca4dc,15000,Black Pipes- class B - 1¼”,Diameter in Inches,1¼”,,,piece,1,piece,1 piece,19.02,,,,,,,23-31 35 00,22 10 00,,,05.050,cebb09ef17f49625d4d04c36919e422c4ec464d09ebb0260782e7c953afea82e
95869d25-9de3-5a62-b17c-759f04b6ea80,ProductVariant,master_canonical,wajenzi-master-catalogue-v1,15005,SSTL016,SSTL011,unique_parent_sku,6a8bfff0-44c1-5df7-972b-423dbf1ca4dc,15000,Black Pipes- class B - 1½”,Diameter in Inches,1½”,,,piece,1,piece,1 piece,21.9,,,,,,,23-31 35 00,22 10 00,,,05.050,698ad1ee09b1d3f2593fa81c733ec0f17d45aa958bc023ea5d47c2002bf74cb2
e88868df-0285-5583-bfe5-241acd48cb88,ProductVariant,master_canonical,wajenzi-master-catalogue-v1,15006,SSTL017,SSTL011,unique_parent_sku,6a8bfff0-44c1-5df7-972b-423dbf1ca4dc,15000,Black Pipes- class B - 2”,Diameter in Inches,2”,,,piece,1,piece,1 piece,31.02,,,,,,,23-31 35 00,22 10 00,,,05.050,d8b88f6dd52de77a40f61d5af2adeb6c9452358c8bb58b9c5b0f31dbb02b0961
5100827a-78e7-508e-8722-bce47525e01f,ProductVariant,master_canonical,wajenzi-master-catalogue-v1,15007,SSTL018,SSTL011,unique_parent_sku,6a8bfff0-44c1-5df7-972b-423dbf1ca4dc,15000,Black Pipes- class B - 2½”,Diameter in Inches,2½”,,,piece,1,piece,1 piece,39.78,,,,,,,23-31 35 00,22 10 00,,,05.050,217e50a70037f9aa6f8165d7ad8697391b7c0387e9894f8eb62ac63913a922d4
e96b2fc9-2d09-5786-971a-400b2971a125,ProductVariant,master_canonical,wajenzi-master-catalogue-v1,15008,SSTL019,SSTL011,unique_parent_sku,6a8bfff0-44c1-5df7-972b-423dbf1ca4dc,15000,Black Pipes- class B - 3”,Diameter in Inches,3”,,,piece,1,piece,1 piece,51.84,,,,,,,23-31 35 00,22 10 00,,,05.050,431583a907700f6d6f8dbd3ec4686a381c699e6684bcac75653f9a01391e4921
ef64973a-dea4-5d7e-9a81-03eb4d43a521,ProductVariant,master_canonical,wajenzi-master-catalogue-v1,15009,SSTL020,SSTL011,unique_parent_sku,6a8bfff0-44c1-5df7-972b-423dbf1ca4dc,15000,Black Pipes- class B - 4”,Diameter in Inches,4”,,,piece,1,piece,1 piece,74.4,,,,,,,23-31 35 00,22 10 00,,,05.050,e646961503515de62923835a3732c79f919a49aa0b1d6a2fa427025402290468
f8585f37-dd19-5e62-b28d-11f05ff0296d,ProductVariant,master_canonical,wajenzi-master-catalogue-v1,15010,SSTL021,SSTL011,unique_parent_sku,6a8bfff0-44c1-5df7-972b-423dbf1ca4dc,15000,Black Pipes- class B - 5”,Diameter in Inches,5”,,,piece,1,piece,1 piece,100.2,,,,,,,23-31 35 00,22 10 00,,,05.050,2398f1aad61c81e97d158c25f2b4db210762452943492578b4a4ac59adefddfd
a7743f2f-abdb-545c-ba5b-09d36d5fb3b4,ProductVariant,master_canonical,wajenzi-master-catalogue-v1,15011,SSTL022,SSTL011,unique_parent_sku,6a8bfff0-44c1-5df7-972b-423dbf1ca4dc,15000,Black Pipes- class B - 6”,Diameter in Inches,6”,,,piece,1,piece,1 piece,118.8,,,,,,,23-31 35 00,22 10 00,,,05.050,c23dbe7e202d91a025a8ca7b27e8e365fce2c1dc1d0b9340c0dd80cd7b8cb06f
0ce02f5b-1829-528e-aa8d-8735154a0cdb,ProductVariant,master_canonical,wajenzi-master-catalogue-v1,15012,SSTL023,SSTL011,unique_parent_sku,6a8bfff0-44c1-5df7-972b-423dbf1ca4dc,15000,Black Pipes- class B - 8”,Diameter in Inches,8”,,,piece,1,piece,1 piece,166.26,,,,,,,23-31 35 00,22 10 00,,,05.050,21d2ad2ae0d0931ed9578cf21931ce8968ebd77977b5f99486cae709f7e96d8a
047a1f0e-b590-5b81-8b6a-3eb6601297a3,ProductVariant,master_canonical,wajenzi-master-catalogue-v1,15014,SSTL025,SSTL024,unique_parent_sku,78140fe1-1501-5ee1-b8ab-59966ca39303,15013,Black Pipes Class C - ½”,Diameter in Inches,½”,,,piece,1,piece,1 piece,8.76,,,,,,,23-31 35 00,22 10 00,,,05.050,815f503f009bed3b403f329d4608ca7cb988d01411c78967f814f08c25103aae
e8bdae5f-38e5-5703-a849-35226cdead28,ProductVariant,master_canonical,wajenzi-master-catalogue-v1,15015,SSTL026,SSTL024,unique_parent_sku,78140fe1-1501-5ee1-b8ab-59966ca39303,15013,Black Pipes Class C - ¾”,Diameter in Inches,¾”,,,piece,1,piece,1 piece,11.46,,,,,,,23-31 35 00,22 10 00,,,05.050,ff11bf71da9dc2a2cf765e16b30f73acdf9ee90050cb1f354192aec12742f3b6
0003c184-72a3-5908-9e9e-dc93bff35404,ProductVariant,master_canonical,wajenzi-master-catalogue-v1,15016,SSTL027,SSTL024,unique_parent_sku,78140fe1-1501-5ee1-b8ab-59966ca39303,15013,Black Pipes Class C - 1”,Diameter in Inches,1”,,,piece,1,piece,1 piece,17.94,,,,,,,23-31 35 00,22 10 00,,,05.050,38fdde326bc5135fe413306a70cfca6b3afff89b567bd9f7d621ee60d699c723
87b3a466-01ad-535d-aec8-07bcd8dbaf18,ProductVariant,master_canonical,wajenzi-master-catalogue-v1,15017,SSTL028,SSTL024,unique_parent_sku,78140fe1-1501-5ee1-b8ab-59966ca39303,15013,Black Pipes Class C - 1¼”,Diameter in Inches,1¼”,,,piece,1,piece,1 piece,23.22,,,,,,,23-31 35 00,22 10 00,,,05.050,ddc304b5a220e9cf268e345eb94985f94b0eedbfa0198cdb634f07778a3bb475
1710a6e9-8806-5091-b5f1-3fa723a76650,ProductVariant,master_canonical,wajenzi-master-catalogue-v1,15018,SSTL029,SSTL024,unique_parent_sku,78140fe1-1501-5ee1-b8ab-59966ca39303,15013,Black Pipes Class C - 1½”,Diameter in Inches,1½”,,,piece,1,piece,1 piece,26.82,,,,,,,23-31 35 00,22 10 00,,,05.050,38c2efa1e5b8e9c23fbdd13002f1c692874d14354aa2e45a814e7b3ed5d682b2
9b04b779-008f-5264-93a8-ca1565dfe6e2,ProductVariant,master_canonical,wajenzi-master-catalogue-v1,15019,SSTL030,SSTL024,unique_parent_sku,78140fe1-1501-5ee1-b8ab-59966ca39303,15013,Black Pipes Class C - 2”,Diameter in Inches,2”,,,piece,1,piece,1 piece,37.44,,,,,,,23-31 35 00,22 10 00,,,05.050,99aed37cb075b4fb76441b88a7feada0bf25ced892933d9a6cb6637fc85e68a8
73147070-35f6-59a4-8d15-8743686ccd24,ProductVariant,master_canonical,wajenzi-master-catalogue-v1,15020,SSTL031,SSTL024,unique_parent_sku,78140fe1-1501-5ee1-b8ab-59966ca39303,15013,Black Pipes Class C - 2½”,Diameter in Inches,2½”,,,piece,1,piece,1 piece,48.12,,,,,,,23-31 35 00,22 10 00,,,05.050,106199b634ac0bb801970bdb8e459ed76ae3ce83fd26f641a89c9fe8301ac945
b3434fd7-351f-5526-8444-1971edf57443,ProductVariant,master_canonical,wajenzi-master-catalogue-v1,15021,SSTL032,SSTL024,unique_parent_sku,78140fe1-1501-5ee1-b8ab-59966ca39303,15013,Black Pipes Class C - 3”,Diameter in Inches,3”,,,piece,1,piece,1 piece,61.8,,,,,,,23-31 35 00,22 10 00,,,05.050,32be881d5589f87d032b9396ca04b96e47d46418a58ef136bbcf8ccec76a7d63
244daff4-f7a9-53e3-b66c-a07dff77eb3d,ProductVariant,master_canonical,wajenzi-master-catalogue-v1,15022,SSTL033,SSTL024,unique_parent_sku,78140fe1-1501-5ee1-b8ab-59966ca39303,15013,Black Pipes Class C - 4”,Diameter in Inches,4”,,,piece,1,piece,1 piece,88.2,,,,,,,23-31 35 00,22 10 00,,,05.050,ab9766bcdbee5902b28523a3977a726b361e0f014036dae706956556f381d9c6
d4d02167-0a40-52df-b5fc-6ca22c05b4d9,ProductVariant,master_canonical,wajenzi-master-catalogue-v1,15023,SSTL034,SSTL024,unique_parent_sku,78140fe1-1501-5ee1-b8ab-59966ca39303,15013,Black Pipes Class C - 5”,Diameter in Inches,5”,,,piece,1,piece,1 piece,109.8,,,,,,,23-31 35 00,22 10 00,,,05.050,41b6293ee7588c2cb3ea1c75ed9ba1b05ffb63629b3398a1239e3bb98a0e0d94
7d929983-b5ea-57b5-bdbd-8df35741539e,ProductVariant,master_canonical,wajenzi-master-catalogue-v1,15024,SSTL035,SSTL024,unique_parent_sku,78140fe1-1501-5ee1-b8ab-59966ca39303,15013,Black Pipes Class C - 6”,Diameter in Inches,6”,,,piece,1,piece,1 piece,130.8,,,,,,,23-31 35 00,22 10 00,,,05.050,01adc6b9a0435aa04f355b2d56f29d5b8f0c4cebecd580f5b39d830c49828668
5dc9e344-5c2f-5179-9bed-d2d24a62deb2,ProductVariant,master_canonical,wajenzi-master-catalogue-v1,15025,SSTL036,SSTL024,unique_parent_sku,78140fe1-1501-5ee1-b8ab-59966ca39303,15013,Black Pipes Class C - 8”,Diameter in Inches,8”,,,piece,1,piece,1 piece,190.92,,,,,,,23-31 35 00,22 10 00,,,05.050,21b4bb2c7dd53790845d2162ca66733c948f9409e5702464737bd061e34631fa
96034dd9-d7eb-5e27-b9f1-866f5134b8ef,ProductVariant,master_canonical,wajenzi-master-catalogue-v1,15027,SSTL038,SSTL037,unique_parent_sku,74c717a8-1dd5-562d-a076-60301abca504,15026,Galvanized  Pipes Class A - ½”,Diameter in Inches,½”,,,piece,1,piece,1 piece,6.08,,,,,,,23-31 35 00,22 10 00,,EC011386,05.050,9f85df17cbe23c46f2179297d53778f4d47d10e616dcc02c02328a89a2bd9c45
b9ca68c9-86b2-5a4a-91b8-e96bb644ee76,ProductVariant,master_canonical,wajenzi-master-catalogue-v1,15028,SSTL039,SSTL037,unique_parent_sku,74c717a8-1dd5-562d-a076-60301abca504,15026,Galvanized  Pipes Class A - ¾”,Diameter in Inches,¾”,,,piece,1,piece,1 piece,8.92,,,,,,,23-31 35 00,22 10 00,,EC011386,05.050,ce73fd89aab3104026b154dc404cd530a88934e2a8089fe76d65198e191921cb
1ac2216c-b62f-5718-9090-17f4c0c54f54,ProductVariant,master_canonical,wajenzi-master-catalogue-v1,15029,SSTL040,SSTL037,unique_parent_sku,74c717a8-1dd5-562d-a076-60301abca504,15026,Galvanized  Pipes Class A - 1”,Diameter in Inches,1”,,,piece,1,piece,1 piece,12.66,,,,,,,23-31 35 00,22 10 00,,EC011386,05.050,d99eeb327cab087ae435845f9e99d511fe69fc12e89d3893b755bc7d083f5959
74da3bbb-d9b9-5ca3-a3f0-3824008fd826,ProductVariant,master_canonical,wajenzi-master-catalogue-v1,15030,SSTL041,SSTL037,unique_parent_sku,74c717a8-1dd5-562d-a076-60301abca504,15026,Galvanized  Pipes Class A - 1¼”,Diameter in Inches,1¼”,,,piece,1,piece,1 piece,16.2,,,,,,,23-31 35 00,22 10 00,,EC011386,05.050,840f181df4e5c19a44d9add6a278a37c3a91e13ed9c418c94da30081484bc795
d5a6055b-ec28-5fbc-b762-ec4ac1c8a568,ProductVariant,master_canonical,wajenzi-master-catalogue-v1,15031,SSTL042,SSTL037,unique_parent_sku,74c717a8-1dd5-562d-a076-60301abca504,15026,Galvanized  Pipes Class A - 1½”,Diameter in Inches,1½”,,,piece,1,piece,1 piece,20.55,,,,,,,23-31 35 00,22 10 00,,EC011386,05.050,e84504d0fb106196a41f1f617faaba5340c6afd937eee9050738929a6f8b5ba9
28c413da-1975-5291-ab27-3021149589d1,ProductVariant,master_canonical,wajenzi-master-catalogue-v1,15032,SSTL043,SSTL037,unique_parent_sku,74c717a8-1dd5-562d-a076-60301abca504,15026,Galvanized  Pipes Class A - 2”,Diameter in Inches,2”,,,piece,1,piece,1 piece,26.31,,,,,,,23-31 35 00,22 10 00,,EC011386,05.050,0d2d5db21666a294bc74f4024062c201313f7db0f60857471705100715be1fce
d79c61ab-6330-5b77-8cc8-ad2ef831edcd,ProductVariant,master_canonical,wajenzi-master-catalogue-v1,15033,SSTL044,SSTL037,unique_parent_sku,74c717a8-1dd5-562d-a076-60301abca504,15026,Galvanized  Pipes Class A - 2½”,Diameter in Inches,2½”,,,piece,1,piece,1 piece,36.81,,,,,,,23-31 35 00,22 10 00,,EC011386,05.050,401b7b85a722826fed85814f4ea9cfde1d3abdb0b984656b42c5833b07c46403
8cdbcd84-00f6-50a6-9681-26391785b3a3,ProductVariant,master_canonical,wajenzi-master-catalogue-v1,15034,SSTL045,SSTL037,unique_parent_sku,74c717a8-1dd5-562d-a076-60301abca504,15026,Galvanized  Pipes Class A - 3”,Diameter in Inches,3”,,,piece,1,piece,1 piece,43.17,,,,,,,23-31 35 00,22 10 00,,EC011386,05.050,643fa0156af602e18576cc27d1b5213b81b03beb73590ee1b05caba80fc15c41
24b25e57-fb06-599c-b292-caff75c0f359,ProductVariant,master_canonical,wajenzi-master-catalogue-v1,15035,SSTL046,SSTL037,unique_parent_sku,74c717a8-1dd5-562d-a076-60301abca504,15026,Galvanized  Pipes Class A - 4”,Diameter in Inches,4”,,,piece,1,piece,1 piece,64.52,,,,,,,23-31 35 00,22 10 00,,EC011386,05.050,8601db973ce19eafef8baa44e1d40e5c53345dfe3ee75f41ca906335a39ab206
d88b6da0-8d74-5f2a-b555-608020d696fe,ProductVariant,master_canonical,wajenzi-master-catalogue-v1,15037,SSTL048,SSTL047,unique_parent_sku,bd922079-1097-58e1-afb2-1af1ad15db8a,15036,Galvanized Pipes - Class B - ½”,Diameter in Inches,½”,,,piece,1,piece,1 piece,7.71,,,,,,,23-31 35 00,22 10 00,,EC011386,05.050,01422699d6f9cb99eb4875736b4c0c91b9e48a600844c7bd6a5616def45aa586
723a2dbe-7889-5d8c-874c-5044cd38a06f,ProductVariant,master_canonical,wajenzi-master-catalogue-v1,15038,SSTL049,SSTL047,unique_parent_sku,bd922079-1097-58e1-afb2-1af1ad15db8a,15036,Galvanized Pipes - Class B - ¾”,Diameter in Inches,¾”,,,piece,1,piece,1 piece,9.96,,,,,,,23-31 35 00,22 10 00,,EC011386,05.050,7717b62e4cf12fd826d1d41e3d21c32aaeae62c7faf54a582504de9959be9623
1895cc9a-8bf4-52fd-90de-bae22a1f85c5,ProductVariant,master_canonical,wajenzi-master-catalogue-v1,15039,SSTL050,SSTL047,unique_parent_sku,bd922079-1097-58e1-afb2-1af1ad15db8a,15036,Galvanized Pipes - Class B - 1”,Diameter in Inches,1”,,,piece,1,piece,1 piece,15.23,,,,,,,23-31 35 00,22 10 00,,EC011386,05.050,0a319a745aef99b36edf5cfe93e4d43f246aed1504aa5d23a9a2c70ff490126f
d10bc71f-1d54-54ed-a89a-c8c281a9efbf,ProductVariant,master_canonical,wajenzi-master-catalogue-v1,15040,SSTL051,SSTL047,unique_parent_sku,bd922079-1097-58e1-afb2-1af1ad15db8a,15036,Galvanized Pipes - Class B - 1¼”,Diameter in Inches,1¼”,,,piece,1,piece,1 piece,19.66,,,,,,,23-31 35 00,22 10 00,,EC011386,05.050,3375c41d164eae6c5e27bebb819799b34b2d3f87fa37649470c2b947620244e8
8b4525f5-3d8a-5a92-816d-189c67f21a5d,ProductVariant,master_canonical,wajenzi-master-catalogue-v1,15041,SSTL052,SSTL047,unique_parent_sku,bd922079-1097-58e1-afb2-1af1ad15db8a,15036,Galvanized Pipes - Class B - 1½”,Diameter in Inches,1½”,,,piece,1,piece,1 piece,22.73,,,,,,,23-31 35 00,22 10 00,,EC011386,05.050,5d15e523d80b46f74dfecaca558ee93fd2b8e9a6ab47a443a97c472d384b796b
207ef3fc-e93f-59fa-b1ac-469e25170aed,ProductVariant,master_canonical,wajenzi-master-catalogue-v1,15042,SSTL053,SSTL047,unique_parent_sku,bd922079-1097-58e1-afb2-1af1ad15db8a,15036,Galvanized Pipes - Class B - 2”,Diameter in Inches,2”,,,piece,1,piece,1 piece,31.92,,,,,,,23-31 35 00,22 10 00,,EC011386,05.050,c75a744706dbfb56ab3da0474d1168dc5f13645a8615aa3067bf019688059b2f
edaf25fd-3a69-58c3-bd3c-487d8c352e9d,ProductVariant,master_canonical,wajenzi-master-catalogue-v1,15043,SSTL054,SSTL047,unique_parent_sku,bd922079-1097-58e1-afb2-1af1ad15db8a,15036,Galvanized Pipes - Class B - 2½”,Diameter in Inches,2½”,,,piece,1,piece,1 piece,41.1,,,,,,,23-31 35 00,22 10 00,,EC011386,05.050,c861e5da146f7719f60a8d6339b0815a5deb9f05a9ae6a0ce681da3b6c98c4a1
73338de7-1679-5441-bad0-22310854b315,ProductVariant,master_canonical,wajenzi-master-catalogue-v1,15044,SSTL055,SSTL047,unique_parent_sku,bd922079-1097-58e1-afb2-1af1ad15db8a,15036,Galvanized Pipes - Class B - 3”,Diameter in Inches,3”,,,piece,1,piece,1 piece,53.1,,,,,,,23-31 35 00,22 10 00,,EC011386,05.050,3e4eceac8195630ee35598d9cdd07160e555ae296047538e4c2f013fe4b39376
8a19b8fc-51c2-5d82-96e6-c1ae7071cdd5,ProductVariant,master_canonical,wajenzi-master-catalogue-v1,15045,SSTL056,SSTL047,unique_parent_sku,bd922079-1097-58e1-afb2-1af1ad15db8a,15036,Galvanized Pipes - Class B - 4”,Diameter in Inches,4”,,,piece,1,piece,1 piece,77.93,,,,,,,23-31 35 00,22 10 00,,EC011386,05.050,4039526db921415e386bfd57cd315eaf67a88776bb57e5efef14fe6ceca6605c
8951c658-708d-5133-b82c-efd23bdfb8a8,ProductVariant,master_canonical,wajenzi-master-catalogue-v1,15046,SSTL057,SSTL047,unique_parent_sku,bd922079-1097-58e1-afb2-1af1ad15db8a,15036,Galvanized Pipes - Class B - 5”,Diameter in Inches,5”,,,piece,1,piece,1 piece,103.45,,,,,,,23-31 35 00,22 10 00,,EC011386,05.050,f9ffe5e048e6cd7bd9eafc7b3427f813a7c03c0a334b11f81e4c54af6e4e94e8
d1ec25ec-e455-567c-974f-81c8109aee8f,ProductVariant,master_canonical,wajenzi-master-catalogue-v1,15047,SSTL058,SSTL047,unique_parent_sku,bd922079-1097-58e1-afb2-1af1ad15db8a,15036,Galvanized Pipes - Class B - 6”,Diameter in Inches,6”,,,piece,1,piece,1 piece,122.45,,,,,,,23-31 35 00,22 10 00,,EC011386,05.050,1e3af4b9530c00821add4d900e8efb2f0f317675cb6e21ed3c61f95302084540
dc19fa5b-2f57-50c3-82db-d16198e09beb,ProductVariant,master_canonical,wajenzi-master-catalogue-v1,15048,SSTL059,SSTL047,unique_parent_sku,bd922079-1097-58e1-afb2-1af1ad15db8a,15036,Galvanized Pipes - Class B - 8”,Diameter in Inches,8”,,,piece,1,piece,1 piece,175.2,,,,,,,23-31 35 00,22 10 00,,EC011386,05.050,1cd182835bc56a24e71156101f4f0067d16b4851d7f2577142a3e57579d03754
4d3b2056-5f4d-5593-99c1-8850e358f0bf,ProductVariant,master_canonical,wajenzi-master-catalogue-v1,15050,SSTL061,SSTL060,unique_parent_sku,f949373c-6784-5702-bbdc-476ba94135d9,15049,Galvanized pipes - class C - ½”,Diameter in Inches,½”,,,piece,1,piece,1 piece,9.08,,,,,,,23-31 35 00,22 10 00,,EC011386,05.050,c4d6cf7c12e8cc9facc3f46e0774fe3628d6cb52c883d728883af373677d3466
02a27653-6812-5f20-8781-3e368473a3cc,ProductVariant,master_canonical,wajenzi-master-catalogue-v1,15051,SSTL062,SSTL060,unique_parent_sku,f949373c-6784-5702-bbdc-476ba94135d9,15049,Galvanized pipes - class C - ¾”,Diameter in Inches,¾”,,,piece,1,piece,1 piece,11.82,,,,,,,23-31 35 00,22 10 00,,EC011386,05.050,6781b5efb58543866e17326c12fea8ec22183e27baef8b9b6c3884d569f9e86d
4bb6971b-d595-5b94-8815-c5f8d6756ef0,ProductVariant,master_canonical,wajenzi-master-catalogue-v1,15052,SSTL063,SSTL060,unique_parent_sku,f949373c-6784-5702-bbdc-476ba94135d9,15049,Galvanized pipes - class C - 1”,Diameter in Inches,1”,,,piece,1,piece,1 piece,18.47,,,,,,,23-31 35 00,22 10 00,,EC011386,05.050,d14d94dd604c6eb0b5ec33310a135b08a714a627bb52e2933171090f91782e21
dc8d1b3d-fc40-56d5-b986-db364e411d79,ProductVariant,master_canonical,wajenzi-master-catalogue-v1,15053,SSTL064,SSTL060,unique_parent_sku,f949373c-6784-5702-bbdc-476ba94135d9,15049,Galvanized pipes - class C - 1¼”,Diameter in Inches,1¼”,,,piece,1,piece,1 piece,23.81,,,,,,,23-31 35 00,22 10 00,,EC011386,05.050,26265d8826e4029c2f6d269b44c19a7015dd314ab6f48bc04447a85be0f60010
7d41d9c8-265c-53ea-a31c-acb03ad8ab87,ProductVariant,master_canonical,wajenzi-master-catalogue-v1,15054,SSTL065,SSTL060,unique_parent_sku,f949373c-6784-5702-bbdc-476ba94135d9,15049,Galvanized pipes - class C - 1½”,Diameter in Inches,1½”,,,piece,1,piece,1 piece,27.53,,,,,,,23-31 35 00,22 10 00,,EC011386,05.050,bfa35211f29144b2c9539d6bdf6e4ae22f88a76987cc1ee9231bff8b7c832b6b
e3718d3f-668f-5e31-b8f4-9d332edbba36,ProductVariant,master_canonical,wajenzi-master-catalogue-v1,15055,SSTL066,SSTL060,unique_parent_sku,f949373c-6784-5702-bbdc-476ba94135d9,15049,Galvanized pipes - class C - 2”,Diameter in Inches,2”,,,piece,1,piece,1 piece,38.22,,,,,,,23-31 35 00,22 10 00,,EC011386,05.050,ec4d3c90409a1ead57a062207f16e22de8bb80f58d311d19d3bd4b09a854ba09
a3883da3-9ce0-5575-871c-c99ca9fd0ddf,ProductVariant,master_canonical,wajenzi-master-catalogue-v1,15056,SSTL067,SSTL060,unique_parent_sku,f949373c-6784-5702-bbdc-476ba94135d9,15049,Galvanized pipes - class C - 2½”,Diameter in Inches,2½”,,,piece,1,piece,1 piece,49.19,,,,,,,23-31 35 00,22 10 00,,EC011386,05.050,8a7693ae4bf602e9bf7152d50315fdbe4cf7efd7eb769c1263cc0019c8dad991
ea168118-86ae-5855-aebb-ebb09822ed24,ProductVariant,master_canonical,wajenzi-master-catalogue-v1,15057,SSTL068,SSTL060,unique_parent_sku,f949373c-6784-5702-bbdc-476ba94135d9,15049,Galvanized pipes - class C - 3”,Diameter in Inches,3”,,,piece,1,piece,1 piece,62.51,,,,,,,23-31 35 00,22 10 00,,EC011386,05.050,e35bfa5a50a100baa0ac108f75cb6c25f2068253aa6af8998d2a58bc6ff2a7e0
dc0468f2-893b-5fa6-9c74-4aecd9a3cf86,ProductVariant,master_canonical,wajenzi-master-catalogue-v1,15058,SSTL069,SSTL060,unique_parent_sku,f949373c-6784-5702-bbdc-476ba94135d9,15049,Galvanized pipes - class C - 4”,Diameter in Inches,4”,,,piece,1,piece,1 piece,91.34,,,,,,,23-31 35 00,22 10 00,,EC011386,05.050,01d13a01fb9332f78c334d35ccdf05eef40c308d8b900565bb541406ebeee1fa
248b030c-8e2c-5abb-bf8a-61c57f1a894e,ProductVariant,master_canonical,wajenzi-master-catalogue-v1,15059,SSTL070,SSTL060,unique_parent_sku,f949373c-6784-5702-bbdc-476ba94135d9,15049,Galvanized pipes - class C - 5”,Diameter in Inches,5”,,,piece,1,piece,1 piece,113.21,,,,,,,23-31 35 00,22 10 00,,EC011386,05.050,c9a4eab4f880c7a66ff1b32e119695edd4198c34d314afb7827c6f9edeb111d5
b8526be5-d3d1-518d-a584-02af72d7d340,ProductVariant,master_canonical,wajenzi-master-catalogue-v1,15060,SSTL071,SSTL060,unique_parent_sku,f949373c-6784-5702-bbdc-476ba94135d9,15049,Galvanized pipes - class C - 6”,Diameter in Inches,6”,,,piece,1,piece,1 piece,136.37,,,,,,,23-31 35 00,22 10 00,,EC011386,05.050,3ba7b8c8d3ea4fd9d50bc93303235a55e43274dcb8de2ad13b3006815329d476
df90f4d2-7b6b-5e8b-974c-d5da28d37917,ProductVariant,master_canonical,wajenzi-master-catalogue-v1,15061,SSTL072,SSTL060,unique_parent_sku,f949373c-6784-5702-bbdc-476ba94135d9,15049,Galvanized pipes - class C - 8”,Diameter in Inches,8”,,,piece,1,piece,1 piece,199.2,,,,,,,23-31 35 00,22 10 00,,EC011386,05.050,0c5f00afa535367900e745d33ed17abaa83f91b0baedcf5e1b9834a66d4189ec
cd0c259b-45ee-5443-b0df-7a0ad64ab28b,ProductVariant,master_canonical,wajenzi-master-catalogue-v1,15063,SSTL074,SSTL073,unique_parent_sku,6c25800b-1a92-550d-87c4-67fb4061fdd2,15062,Circular Hollow sections,Diameter in MM,16mm,Thickness in mm,1.0,piece,1,piece,1 piece,2.36,,,,,,,23-13 17 11 11,05 50 00,,,03.030,0c00092854d348e79949cc982d05f7e0e345be76d0ac218e1b71f2ca58ea7103
1770da8a-cb28-53c6-9866-c525b9799feb,ProductVariant,master_canonical,wajenzi-master-catalogue-v1,15064,SSTL075,SSTL073,unique_parent_sku,6c25800b-1a92-550d-87c4-67fb4061fdd2,15062,Circular Hollow sections,Diameter in MM,16mm,Thickness in mm,1.0,piece,1,piece,1 piece,2.36,,,,,,,23-13 17 11 11,05 50 00,,,03.030,65dc23b755216cd81b0f93dd0ea3c0e036f2810240f4f370ba86581fd960e225
ee535339-c51b-5c6e-b168-f8d07124e124,ProductVariant,master_canonical,wajenzi-master-catalogue-v1,15065,SSTL076,SSTL073,unique_parent_sku,6c25800b-1a92-550d-87c4-67fb4061fdd2,15062,Circular Hollow sections,Diameter in MM,16mm,Thickness in mm,1.5,piece,1,piece,1 piece,3.46,,,,,,,23-13 17 11 11,05 50 00,,,03.030,7d7477cef22f173705c0de55c8b0fbc3815c149079e57c16b10f2f96031467c6
c9d3fb20-6025-56e7-b4c5-67ad766adbc6,ProductVariant,master_canonical,wajenzi-master-catalogue-v1,15066,SSTL077,SSTL073,unique_parent_sku,6c25800b-1a92-550d-87c4-67fb4061fdd2,15062,Circular Hollow sections,Diameter in MM,20mm,Thickness in mm,1.0,piece,1,piece,1 piece,3.06,,,,,,,23-13 17 11 11,05 50 00,,,03.030,8d154de62a14ec037db923ffca835567820e04bac957ce8766dc1b0d400b8a17
fa8141df-aa71-5bfd-a9c8-d4a5f1f08e5c,ProductVariant,master_canonical,wajenzi-master-catalogue-v1,15067,SSTL078,SSTL073,unique_parent_sku,6c25800b-1a92-550d-87c4-67fb4061fdd2,15062,Circular Hollow sections,Diameter in MM,20mm,Thickness in mm,1.2,piece,1,piece,1 piece,3.62,,,,,,,23-13 17 11 11,05 50 00,,,03.030,72730c5aef7b4277b8cfbcb9f35ef5c9a7fb535aba34f83bde84064fa7fc788f
1f2dc96e-d260-5117-a0e8-cff2ba0be72b,ProductVariant,master_canonical,wajenzi-master-catalogue-v1,15068,SSTL079,SSTL073,unique_parent_sku,6c25800b-1a92-550d-87c4-67fb4061fdd2,15062,Circular Hollow sections,Diameter in MM,20mm,Thickness in mm,1.5,piece,1,piece,1 piece,4.45,,,,,,,23-13 17 11 11,05 50 00,,,03.030,10f3e792b70e30d860543ce10c96f196d9067fb7a3bc6c807f42a8a04ba4e556
12781af6-8fcb-54c3-86eb-ee8fb94b91a3,ProductVariant,master_canonical,wajenzi-master-catalogue-v1,15069,SSTL080,SSTL073,unique_parent_sku,6c25800b-1a92-550d-87c4-67fb4061fdd2,15062,Circular Hollow sections,Diameter in MM,22mm,Thickness in mm,1.0,piece,1,piece,1 piece,3.25,,,,,,,23-13 17 11 11,05 50 00,,,03.030,e97bda983922319927aac0e2cc94fd6321bd8ff2ae8cf756af21fc51cba0e4cc
ac5994d2-1e6d-5ed7-8772-2ad3864e8558,ProductVariant,master_canonical,wajenzi-master-catalogue-v1,15070,SSTL081,SSTL073,unique_parent_sku,6c25800b-1a92-550d-87c4-67fb4061fdd2,15062,Circular Hollow sections,Diameter in MM,22mm,Thickness in mm,1.2,piece,1,piece,1 piece,3.84,,,,,,,23-13 17 11 11,05 50 00,,,03.030,e52e799097a2e975688402ac6200cbd196f498f6ef7b17803614500f04e4cec3
f809a2b9-d7ca-50d6-a68d-ac2fed7daacb,ProductVariant,master_canonical,wajenzi-master-catalogue-v1,15071,SSTL082,SSTL073,unique_parent_sku,6c25800b-1a92-550d-87c4-67fb4061fdd2,15062,Circular Hollow sections,Diameter in MM,22mm,Thickness in mm,1.5,piece,1,piece,1 piece,4.73,,,,,,,23-13 17 11 11,05 50 00,,,03.030,0857ed4259be48e6940e88e74e06efe59ae725beac6c3850af06b0200b815c34
4d7cf904-252f-5b29-b5ce-8c299a9eaef9,ProductVariant,master_canonical,wajenzi-master-catalogue-v1,15072,SSTL083,SSTL073,unique_parent_sku,6c25800b-1a92-550d-87c4-67fb4061fdd2,15062,Circular Hollow sections,Diameter in MM,22mm,Thickness in mm,2.0,piece,1,piece,1 piece,6.31,,,,,,,23-13 17 11 11,05 50 00,,,03.030,a49385e38a2f79eef55adaa6576ac25bd06ad38604c091731006bad9ff9fbd1c
949939c9-3bc9-5c01-bccc-e488ff52cedb,ProductVariant,master_canonical,wajenzi-master-catalogue-v1,15073,SSTL084,SSTL073,unique_parent_sku,6c25800b-1a92-550d-87c4-67fb4061fdd2,15062,Circular Hollow sections,Diameter in MM,25mm,Thickness in mm,1.0,piece,1,piece,1 piece,3.72,,,,,,,23-13 17 11 11,05 50 00,,,03.030,a87b1388cd609d9c106676d75bd35d97304d082f88ea21b7c8816f5ca896810f
a8ace324-1398-51e3-ba1b-ddbb018c2f4c,ProductVariant,master_canonical,wajenzi-master-catalogue-v1,15074,SSTL085,SSTL073,unique_parent_sku,6c25800b-1a92-550d-87c4-67fb4061fdd2,15062,Circular Hollow sections,Diameter in MM,25mm,Thickness in mm,1.2,piece,1,piece,1 piece,4.41,,,,,,,23-13 17 11 11,05 50 00,,,03.030,192925b9facdc3d3d2823bca3f1f645737306980feca9f0a3a9595cdd6388f52
490b27cf-04b1-5691-bf91-5a2ce0c89ea0,ProductVariant,master_canonical,wajenzi-master-catalogue-v1,15075,SSTL086,SSTL073,unique_parent_sku,6c25800b-1a92-550d-87c4-67fb4061fdd2,15062,Circular Hollow sections,Diameter in MM,25mm,Thickness in mm,1.5,piece,1,piece,1 piece,5.44,,,,,,,23-13 17 11 11,05 50 00,,,03.030,ea3b9b594fc1a195c88005935bb5ccfdd8824f50e787d5d60ad770bb9475cdb4
6d6da836-e812-527f-bdcc-d614a3793396,ProductVariant,master_canonical,wajenzi-master-catalogue-v1,15076,SSTL087,SSTL073,unique_parent_sku,6c25800b-1a92-550d-87c4-67fb4061fdd2,15062,Circular Hollow sections,Diameter in MM,25mm,Thickness in mm,2.0,piece,1,piece,1 piece,7.16,,,,,,,23-13 17 11 11,05 50 00,,,03.030,94597b0814d468ddeb27b7211abc85f9a82deb35ba95df449fcad4f20945e954
650e02cd-6c23-5c9a-b0e7-2c005945f1fb,ProductVariant,master_canonical,wajenzi-master-catalogue-v1,15077,SSTL088,SSTL073,unique_parent_sku,6c25800b-1a92-550d-87c4-67fb4061fdd2,15062,Circular Hollow sections,Diameter in MM,32mm,Thickness in mm,1.0,piece,1,piece,1 piece,4.8,,,,,,,23-13 17 11 11,05 50 00,,,03.030,be85fb4e897f208a5e5fcf82156f44b6c497c45a5746caeefc62dee98fcc9640
2fefd70b-82c5-5d7c-a45e-87eef1daa2b2,ProductVariant,master_canonical,wajenzi-master-catalogue-v1,15078,SSTL089,SSTL073,unique_parent_sku,6c25800b-1a92-550d-87c4-67fb4061fdd2,15062,Circular Hollow sections,Diameter in MM,32mm,Thickness in mm,1.2,piece,1,piece,1 piece,5.71,,,,,,,23-13 17 11 11,05 50 00,,,03.030,5c38c905aa94274932ee988c23b0251509152ab400d47e06fbc200075f16fb49
39003b9c-c4f9-5036-b53d-6e5616cecf3f,ProductVariant,master_canonical,wajenzi-master-catalogue-v1,15079,SSTL090,SSTL073,unique_parent_sku,6c25800b-1a92-550d-87c4-67fb4061fdd2,15062,Circular Hollow sections,Diameter in MM,32mm,Thickness in mm,1.5,piece,1,piece,1 piece,7.07,,,,,,,23-13 17 11 11,05 50 00,,,03.030,2ddd2401ff00b07c073ca4c0aa712a10533c5104b76f981cc006ff27ff213e55
710a753c-a55b-5a87-b3fa-41fd48c608ea,ProductVariant,master_canonical,wajenzi-master-catalogue-v1,15080,SSTL091,SSTL073,unique_parent_sku,6c25800b-1a92-550d-87c4-67fb4061fdd2,15062,Circular Hollow sections,Diameter in MM,32mm,Thickness in mm,2.0,piece,1,piece,1 piece,9.33,,,,,,,23-13 17 11 11,05 50 00,,,03.030,d756eccde9407067c877dbeb42d9452db662df517888fa90e5990ac52694d9e9
129160b1-950e-55a1-8635-41639738e21d,ProductVariant,master_canonical,wajenzi-master-catalogue-v1,15081,SSTL092,SSTL073,unique_parent_sku,6c25800b-1a92-550d-87c4-67fb4061fdd2,15062,Circular Hollow sections,Diameter in MM,38mm,Thickness in mm,1.0,piece,1,piece,1 piece,5.7,,,,,,,23-13 17 11 11,05 50 00,,,03.030,646e9e82a8803232684433efada08f08873bf21d757366db7094401fda6dffdf
c4b3de35-65cd-5acb-b76d-ea3bd5f1151e,ProductVariant,master_canonical,wajenzi-master-catalogue-v1,15082,SSTL093,SSTL073,unique_parent_sku,6c25800b-1a92-550d-87c4-67fb4061fdd2,15062,Circular Hollow sections,Diameter in MM,38mm,Thickness in mm,1.2,piece,1,piece,1 piece,6.78,,,,,,,23-13 17 11 11,05 50 00,,,03.030,9263c4ff9677ec65859c00e24f0699429fd395625735d520dad297718d181665
9e9b88d2-d187-51d6-a9d9-ac1268e7d9f8,ProductVariant,master_canonical,wajenzi-master-catalogue-v1,15083,SSTL094,SSTL073,unique_parent_sku,6c25800b-1a92-550d-87c4-67fb4061fdd2,15062,Circular Hollow sections,Diameter in MM,38mm,Thickness in mm,1.5,piece,1,piece,1 piece,8.41,,,,,,,23-13 17 11 11,05 50 00,,,03.030,d99b5a444b52e8962fb70661308a94b4def67a8f7d3b730857735776d15ee11b
ad3cb0c0-b62a-50fb-b993-45b3b57fc2fe,ProductVariant,master_canonical,wajenzi-master-catalogue-v1,15084,SSTL095,SSTL073,unique_parent_sku,6c25800b-1a92-550d-87c4-67fb4061fdd2,15062,Circular Hollow sections,Diameter in MM,38mm,Thickness in mm,2.0,piece,1,piece,1 piece,11.12,,,,,,,23-13 17 11 11,05 50 00,,,03.030,d3ec10a693f4c32580121f5f5b3a2b79ca92c9dbd8f02d2310b8605473e56b64
554a8433-6bb4-5ad7-85bc-6f3fdff3bf53,ProductVariant,master_canonical,wajenzi-master-catalogue-v1,15085,SSTL096,SSTL073,unique_parent_sku,6c25800b-1a92-550d-87c4-67fb4061fdd2,15062,Circular Hollow sections,Diameter in MM,42mm,Thickness in mm,1.0,piece,1,piece,1 piece,6.26,,,,,,,23-13 17 11 11,05 50 00,,,03.030,092aebdefe0b096402c8bb7ef77a574fcdb5abdabb6bf47bec5018e6edbafe5d
8afb6f7f-31c2-5b11-875d-aeb0caf580ec,ProductVariant,master_canonical,wajenzi-master-catalogue-v1,15086,SSTL097,SSTL073,unique_parent_sku,6c25800b-1a92-550d-87c4-67fb4061fdd2,15062,Circular Hollow sections,Diameter in MM,42mm,Thickness in mm,1.2,piece,1,piece,1 piece,7.46,,,,,,,23-13 17 11 11,05 50 00,,,03.030,23c3e75b862f80835600b90accd1757d116028a2db3f6eb9efe30143c455d810
1c3ef932-e6a6-5411-af33-7675683d43ed,ProductVariant,master_canonical,wajenzi-master-catalogue-v1,15087,SSTL098,SSTL073,unique_parent_sku,6c25800b-1a92-550d-87c4-67fb4061fdd2,15062,Circular Hollow sections,Diameter in MM,42mm,Thickness in mm,1.5,piece,1,piece,1 piece,9.33,,,,,,,23-13 17 11 11,05 50 00,,,03.030,e077dd36bc18f212bb62a985aa30ea3b1b53fe515d75a00c2a9b433f06e9d8e5
171824f6-841c-5a41-a7aa-df05aba10eba,ProductVariant,master_canonical,wajenzi-master-catalogue-v1,15088,SSTL099,SSTL073,unique_parent_sku,6c25800b-1a92-550d-87c4-67fb4061fdd2,15062,Circular Hollow sections,Diameter in MM,42mm,Thickness in mm,2.0,piece,1,piece,1 piece,12.34,,,,,,,23-13 17 11 11,05 50 00,,,03.030,7004d01905111b1d442beaea54dd2a7b08024d6a79277eacb41feb2135ad9c95
f9fd59ce-e156-56ad-b9f0-17a60dab035e,ProductVariant,master_canonical,wajenzi-master-catalogue-v1,15089,SSTL100,SSTL073,unique_parent_sku,6c25800b-1a92-550d-87c4-67fb4061fdd2,15062,Circular Hollow sections,Diameter in MM,48mm,Thickness in mm,1.0,piece,1,piece,1 piece,7.21,,,,,,,23-13 17 11 11,05 50 00,,,03.030,1a0e102e27a0393cfb8b0cb67a0d4ef3823d66451112586528f467cd5c82421e
5c2cf7b3-892e-5144-b4a6-1c4d1bb04c7d,ProductVariant,master_canonical,wajenzi-master-catalogue-v1,15090,SSTL101,SSTL073,unique_parent_sku,6c25800b-1a92-550d-87c4-67fb4061fdd2,15062,Circular Hollow sections,Diameter in MM,48mm,Thickness in mm,1.2,piece,1,piece,1 piece,8.59,,,,,,,23-13 17 11 11,05 50 00,,,03.030,1670445ed34c84ee6880f831d8490420ddf7cf88ec39b2a4781936b80fe96136
0edf4838-3fff-555f-be9a-c84c89abffcc,ProductVariant,master_canonical,wajenzi-master-catalogue-v1,15091,SSTL102,SSTL073,unique_parent_sku,6c25800b-1a92-550d-87c4-67fb4061fdd2,15062,Circular Hollow sections,Diameter in MM,48mm,Thickness in mm,1.5,piece,1,piece,1 piece,10.74,,,,,,,23-13 17 11 11,05 50 00,,,03.030,8961ce47d6a9d5ebf4d2067b50229b450ebc45b22d7ad3c2eafcb0c9e1fd4300
abd1ee84-4285-54e0-8a43-7ad694df102a,ProductVariant,master_canonical,wajenzi-master-catalogue-v1,15092,SSTL103,SSTL073,unique_parent_sku,6c25800b-1a92-550d-87c4-67fb4061fdd2,15062,Circular Hollow sections,Diameter in MM,48mm,Thickness in mm,2.0,piece,1,piece,1 piece,14.22,,,,,,,23-13 17 11 11,05 50 00,,,03.030,db45921932937a0b6561e2decbde6375c68f686dea21fa58ea99632ca588d50f
4d4a32d9-7c12-5072-8951-bdef38c44e09,ProductVariant,master_canonical,wajenzi-master-catalogue-v1,15093,SSTL104,SSTL073,unique_parent_sku,6c25800b-1a92-550d-87c4-67fb4061fdd2,15062,Circular Hollow sections,Diameter in MM,50mm,Thickness in mm,1.0,piece,1,piece,1 piece,7.49,,,,,,,23-13 17 11 11,05 50 00,,,03.030,3a42d7d9970ce18818cdf94e88d790f4a58873cf36c713a3047e3e579f0b6acd
f0da1fde-fcd3-5dc3-b066-f15eb7e13887,ProductVariant,master_canonical,wajenzi-master-catalogue-v1,15094,SSTL105,SSTL073,unique_parent_sku,6c25800b-1a92-550d-87c4-67fb4061fdd2,15062,Circular Hollow sections,Diameter in MM,50mm,Thickness in mm,1.2,piece,1,piece,1 piece,8.93,,,,,,,23-13 17 11 11,05 50 00,,,03.030,52e21579acbf5d47a60a4de1cf7f3dbfdd72e24308e622601c805ee75af45161
dae91326-2d34-57df-b208-946a4fa4bf19,ProductVariant,master_canonical,wajenzi-master-catalogue-v1,15095,SSTL106,SSTL073,unique_parent_sku,6c25800b-1a92-550d-87c4-67fb4061fdd2,15062,Circular Hollow sections,Diameter in MM,50mm,Thickness in mm,1.5,piece,1,piece,1 piece,11.09,,,,,,,23-13 17 11 11,05 50 00,,,03.030,033cb090b7333f42cb743e88c8243113bd90ad399558348965c5eae178d4a7cd
372aa13a-d761-5e24-94aa-766f0695a107,ProductVariant,master_canonical,wajenzi-master-catalogue-v1,15096,SSTL107,SSTL073,unique_parent_sku,6c25800b-1a92-550d-87c4-67fb4061fdd2,15062,Circular Hollow sections,Diameter in MM,50mm,Thickness in mm,2.0,piece,1,piece,1 piece,14.7,,,,,,,23-13 17 11 11,05 50 00,,,03.030,2c4f316f94a94521ec86e2afdd35bb245e10924aabafbd1b21eaa6f21b60d3af
bb6f3cca-eec6-56b8-8207-5bc831f0dbca,ProductVariant,master_canonical,wajenzi-master-catalogue-v1,15097,SSTL108,SSTL073,unique_parent_sku,6c25800b-1a92-550d-87c4-67fb4061fdd2,15062,Circular Hollow sections,Diameter in MM,60mm,Thickness in mm,1.2,piece,1,piece,1 piece,10.68,,,,,,,23-13 17 11 11,05 50 00,,,03.030,fc52a25c56182f5ed3b42d17ebb93d3b2272d994df0d3ab87645eafa2bc9c709
fb865660-436c-5898-b4f2-85f13357a42e,ProductVariant,master_canonical,wajenzi-master-catalogue-v1,15098,SSTL109,SSTL073,unique_parent_sku,6c25800b-1a92-550d-87c4-67fb4061fdd2,15062,Circular Hollow sections,Diameter in MM,60mm,Thickness in mm,1.5,piece,1,piece,1 piece,13.28,,,,,,,23-13 17 11 11,05 50 00,,,03.030,a35db726cf500b79bac30d2e06c77288dadbebec2a6e65ccd014b5fba063385c
4e413541-6173-5fd2-8acd-c416dbd6d817,ProductVariant,master_canonical,wajenzi-master-catalogue-v1,15099,SSTL110,SSTL073,unique_parent_sku,6c25800b-1a92-550d-87c4-67fb4061fdd2,15062,Circular Hollow sections,Diameter in MM,60mm,Thickness in mm,2.0,piece,1,piece,1 piece,17.62,,,,,,,23-13 17 11 11,05 50 00,,,03.030,d9190df41dae8c2a733fa249e1d710986fafdfe86ca8fef7e7296db1569123ff
02851b91-884e-58dd-b5b1-fd5c0ce50581,ProductVariant,master_canonical,wajenzi-master-catalogue-v1,15100,SSTL111,SSTL073,unique_parent_sku,6c25800b-1a92-550d-87c4-67fb4061fdd2,15062,Circular Hollow sections,Diameter in MM,76mm,Thickness in mm,1.5,piece,1,piece,1 piece,16.96,,,,,,,23-13 17 11 11,05 50 00,,,03.030,b07a3a9dbef9e08c05dea1fd4b53c7c2e575128599257160000f8e08ebbea530
be595caa-d7f9-5ec7-92ac-0490f0867dc8,ProductVariant,master_canonical,wajenzi-master-catalogue-v1,15101,SSTL112,SSTL073,unique_parent_sku,6c25800b-1a92-550d-87c4-67fb4061fdd2,15062,Circular Hollow sections,Diameter in MM,76mm,Thickness in mm,2.0,piece,1,piece,1 piece,22.51,,,,,,,23-13 17 11 11,05 50 00,,,03.030,ec72971264c9d72d6b18de6d8206cbcfda101d9b2d4cf56270fbae2d677a5af8
db74bec6-850c-54fa-8107-9aafb327ab62,ProductVariant,master_canonical,wajenzi-master-catalogue-v1,15103,SSTL114,SSTL113,unique_parent_sku,56454399-91a9-5afa-aa41-3e65b648e062,15102,Square Hollow Section,area of section,12.7 x 12.7mm,Thickness in mm,1.0,piece,1,piece,1 piece,2.36,,,,,,,23-13 17 11 11,05 50 00,,,03.030,09a3e4ccbf5949d55e31bbd919ccc345efb172c2e880b14657e90e2de753185d
c6ebbeaf-e546-52cb-b6bf-34c73fc52706,ProductVariant,master_canonical,wajenzi-master-catalogue-v1,15104,SSTL115,SSTL113,unique_parent_sku,56454399-91a9-5afa-aa41-3e65b648e062,15102,Square Hollow Section,area of section,12.7 x 12.7mm,Thickness in mm,1.2,piece,1,piece,1 piece,2.83,,,,,,,23-13 17 11 11,05 50 00,,,03.030,ad33cc88e3c7cf794b2074337f9d8a53fda615c41bf398ccdae2f2651106d3ad
c88d1dc9-da07-567f-a70f-b0cf1ac0c4da,ProductVariant,master_canonical,wajenzi-master-catalogue-v1,15105,SSTL116,SSTL113,unique_parent_sku,56454399-91a9-5afa-aa41-3e65b648e062,15102,Square Hollow Section,area of section,12.7 x 12.7mm,Thickness in mm,1.5,piece,1,piece,1 piece,3.46,,,,,,,23-13 17 11 11,05 50 00,,,03.030,bcafe38bdf3cf19e54a8e2b1d52260e7946ee845cdad99649cf4287a717af576
ebce0986-342c-5046-9ce0-675a6b0a92fc,ProductVariant,master_canonical,wajenzi-master-catalogue-v1,15106,SSTL117,SSTL113,unique_parent_sku,56454399-91a9-5afa-aa41-3e65b648e062,15102,Square Hollow Section,area of section,16 x 16mm,Thickness in mm,1.0,piece,1,piece,1 piece,3.06,,,,,,,23-13 17 11 11,05 50 00,,,03.030,0e37de965bcef285fadc9c1b4b547ede2bb10778c822c92b29a60935772b0ced
26c701fb-53e2-5723-8e1e-213978fcd18f,ProductVariant,master_canonical,wajenzi-master-catalogue-v1,15107,SSTL118,SSTL113,unique_parent_sku,56454399-91a9-5afa-aa41-3e65b648e062,15102,Square Hollow Section,area of section,16 x 16mm,Thickness in mm,1.2,piece,1,piece,1 piece,3.62,,,,,,,23-13 17 11 11,05 50 00,,,03.030,396007916f8b914a3536dac54f134093c4b5d7fc0473f5b25ddf5f8e482a2052
3e96a2db-387c-5c60-932c-e38e1e1d101b,ProductVariant,master_canonical,wajenzi-master-catalogue-v1,15108,SSTL119,SSTL113,unique_parent_sku,56454399-91a9-5afa-aa41-3e65b648e062,15102,Square Hollow Section,area of section,16 x 16mm,Thickness in mm,1.5,piece,1,piece,1 piece,4.45,,,,,,,23-13 17 11 11,05 50 00,,,03.030,0c8a4f41519e3fb0100963112590e8afaeefd5acdfb11a8c099b9003fccf3b00
6511459f-7755-5501-8cd3-c4b8c24c4226,ProductVariant,master_canonical,wajenzi-master-catalogue-v1,15109,SSTL120,SSTL113,unique_parent_sku,56454399-91a9-5afa-aa41-3e65b648e062,15102,Square Hollow Section,area of section,20 x 20mm,Thickness in mm,1.0,piece,1,piece,1 piece,3.72,,,,,,,23-13 17 11 11,05 50 00,,,03.030,cdc5475f98f107dafea1eec52766cee689d8f6d7906adf5700dd982c4a086269
2f821b4a-46f3-5d82-8b9b-596efea6b2ae,ProductVariant,master_canonical,wajenzi-master-catalogue-v1,15110,SSTL121,SSTL113,unique_parent_sku,56454399-91a9-5afa-aa41-3e65b648e062,15102,Square Hollow Section,area of section,20 x 20mm,Thickness in mm,1.2,piece,1,piece,1 piece,4.41,,,,,,,23-13 17 11 11,05 50 00,,,03.030,dffed1e2022aeeadb45021d3c803d9971c7bfdf28535debf47c41631147a5ea1
dfb95c70-2e53-5eac-9db3-a58f343d8d5f,ProductVariant,master_canonical,wajenzi-master-catalogue-v1,15111,SSTL122,SSTL113,unique_parent_sku,56454399-91a9-5afa-aa41-3e65b648e062,15102,Square Hollow Section,area of section,20 x 20mm,Thickness in mm,1.5,piece,1,piece,1 piece,5.44,,,,,,,23-13 17 11 11,05 50 00,,,03.030,7a3d4ca186ee40cc392e8265fba28552b1a5f9600c34c34560d21e6e50caa4d4
aa17f2b2-6cb0-55e9-a90a-43daf17cd49d,ProductVariant,master_canonical,wajenzi-master-catalogue-v1,15112,SSTL123,SSTL113,unique_parent_sku,56454399-91a9-5afa-aa41-3e65b648e062,15102,Square Hollow Section,area of section,20 x 20mm,Thickness in mm,2.0,piece,1,piece,1 piece,7.16,,,,,,,23-13 17 11 11,05 50 00,,,03.030,ebfabaa3db64a504aaacf4a308c42bb26caf56d9a1e447a739e8d0ba5b870f72
8fe48ba0-070c-5019-91c4-4c41bf8d21c6,ProductVariant,master_canonical,wajenzi-master-catalogue-v1,15113,SSTL124,SSTL113,unique_parent_sku,56454399-91a9-5afa-aa41-3e65b648e062,15102,Square Hollow Section,area of section,25 x 25mm,Thickness in mm,1.0,piece,1,piece,1 piece,4.66,,,,,,,23-13 17 11 11,05 50 00,,,03.030,e8c389d3e4bf3337f08ea1cb29765e3b091b1e82ff9fee59357466a184d196f4
aa3a6421-ff59-538e-9349-c78e6e27dfcb,ProductVariant,master_canonical,wajenzi-master-catalogue-v1,15114,SSTL125,SSTL113,unique_parent_sku,56454399-91a9-5afa-aa41-3e65b648e062,15102,Square Hollow Section,area of section,25 x 25mm,Thickness in mm,1.2,piece,1,piece,1 piece,5.54,,,,,,,23-13 17 11 11,05 50 00,,,03.030,b555d63b33ff01229ec87ccb4143cc2ec4b2c55b218697c3186eddbf04afe7e0
528df07f-6908-5af9-ae25-b0a59e1fc40f,ProductVariant,master_canonical,wajenzi-master-catalogue-v1,15115,SSTL126,SSTL113,unique_parent_sku,56454399-91a9-5afa-aa41-3e65b648e062,15102,Square Hollow Section,area of section,25 x 25mm,Thickness in mm,1.5,piece,1,piece,1 piece,6.85,,,,,,,23-13 17 11 11,05 50 00,,,03.030,137c196aea92a68001481b97c46ec6581de24e474af6be4113e3a5d20f7c7e19
c0f18c0a-d984-5140-8b6b-d0739964cf67,ProductVariant,master_canonical,wajenzi-master-catalogue-v1,15116,SSTL127,SSTL113,unique_parent_sku,56454399-91a9-5afa-aa41-3e65b648e062,15102,Square Hollow Section,area of section,25 x 25mm,Thickness in mm,2.0,piece,1,piece,1 piece,9.04,,,,,,,23-13 17 11 11,05 50 00,,,03.030,893453ef611fde58e390514fd090316ad6d6a266e89f58e25600c50a7847b179
0cd39b4d-ce61-5ae9-ab59-90e90dcf36e1,ProductVariant,master_canonical,wajenzi-master-catalogue-v1,15117,SSTL128,SSTL113,unique_parent_sku,56454399-91a9-5afa-aa41-3e65b648e062,15102,Square Hollow Section,area of section,25 x 25mm,Thickness in mm,3.0,piece,1,piece,1 piece,13.28,,,,,,,23-13 17 11 11,05 50 00,,,03.030,95f90500442b8cf16a0cd828d43f55be2716bdabce508132f403aa50b08f40ef
4f9a4a97-c4c9-5b12-81ba-f2e63b088568,ProductVariant,master_canonical,wajenzi-master-catalogue-v1,15118,SSTL129,SSTL113,unique_parent_sku,56454399-91a9-5afa-aa41-3e65b648e062,15102,Square Hollow Section,area of section,30 x 30mm,Thickness in mm,1.0,piece,1,piece,1 piece,5.6,,,,,,,23-13 17 11 11,05 50 00,,,03.030,acfe28ba52ca44065271f42d1143744401a5503f42aa2f6fe8014d93de630757
7bc17cf9-55ad-597a-b8f8-cbbb9a9d0530,ProductVariant,master_canonical,wajenzi-master-catalogue-v1,15119,SSTL130,SSTL113,unique_parent_sku,56454399-91a9-5afa-aa41-3e65b648e062,15102,Square Hollow Section,area of section,30 x 30mm,Thickness in mm,1.2,piece,1,piece,1 piece,6.67,,,,,,,23-13 17 11 11,05 50 00,,,03.030,09f9cacbc4a84cb05025b1aebe90b7d11edda45b98315236204ac3a7c09a945c
9fae0066-30f3-500f-bf99-354b5c20deb8,ProductVariant,master_canonical,wajenzi-master-catalogue-v1,15120,SSTL131,SSTL113,unique_parent_sku,56454399-91a9-5afa-aa41-3e65b648e062,15102,Square Hollow Section,area of section,30 x 30mm,Thickness in mm,1.5,piece,1,piece,1 piece,8.27,,,,,,,23-13 17 11 11,05 50 00,,,03.030,ebb3029979167089e59ef73feb486918ac5632215115f538b91f28aab4cd7081
55381a6d-8720-596b-b77d-90210ce910fb,ProductVariant,master_canonical,wajenzi-master-catalogue-v1,15121,SSTL132,SSTL113,unique_parent_sku,56454399-91a9-5afa-aa41-3e65b648e062,15102,Square Hollow Section,area of section,30 x 30mm,Thickness in mm,2.0,piece,1,piece,1 piece,10.93,,,,,,,23-13 17 11 11,05 50 00,,,03.030,8c05ef75bc5d82e5a9f66cb02ef8da7868e9ab799ab4cd6c671b7db3150ab4e8
ae0aacbf-a309-59fe-bca8-502e3d060105,ProductVariant,master_canonical,wajenzi-master-catalogue-v1,15122,SSTL133,SSTL113,unique_parent_sku,56454399-91a9-5afa-aa41-3e65b648e062,15102,Square Hollow Section,area of section,30 x 30mm,Thickness in mm,3.0,piece,1,piece,1 piece,16.11,,,,,,,23-13 17 11 11,05 50 00,,,03.030,f0f5f4cd94191a490d20e7afa8ea3c21c009fe495a53786cd1852e9c1733eb39
48daeba9-8de9-5066-87e0-45caa8f828c6,ProductVariant,master_canonical,wajenzi-master-catalogue-v1,15123,SSTL134,SSTL113,unique_parent_sku,56454399-91a9-5afa-aa41-3e65b648e062,15102,Square Hollow Section,area of section,40 x 40mm,Thickness in mm,1.0,piece,1,piece,1 piece,7.49,,,,,,,23-13 17 11 11,05 50 00,,,03.030,87c96106c7b0e4dff856e0aaaafd22c512adc24a7a46932a8e41ac56f3875420
93732a8b-836e-5c12-8c42-91a7e6c2938e,ProductVariant,master_canonical,wajenzi-master-catalogue-v1,15124,SSTL135,SSTL113,unique_parent_sku,56454399-91a9-5afa-aa41-3e65b648e062,15102,Square Hollow Section,area of section,40 x 40mm,Thickness in mm,1.2,piece,1,piece,1 piece,8.93,,,,,,,23-13 17 11 11,05 50 00,,,03.030,511e371dd9939b74f6148b889e2b3098120af714e40a5d340ddebaa33b36ecf0
6284a56c-6f03-573f-a826-301b274cadef,ProductVariant,master_canonical,wajenzi-master-catalogue-v1,15125,SSTL136,SSTL113,unique_parent_sku,56454399-91a9-5afa-aa41-3e65b648e062,15102,Square Hollow Section,area of section,40 x 40mm,Thickness in mm,1.5,piece,1,piece,1 piece,11.09,,,,,,,23-13 17 11 11,05 50 00,,,03.030,1f35666fed925a2854516d2f27196d36ea91d1a50a97cdbaca8718f93279a399
7ba5a425-8429-533f-8f23-db190b45dfc4,ProductVariant,master_canonical,wajenzi-master-catalogue-v1,15126,SSTL137,SSTL113,unique_parent_sku,56454399-91a9-5afa-aa41-3e65b648e062,15102,Square Hollow Section,area of section,40 x 40mm,Thickness in mm,2.0,piece,1,piece,1 piece,14.7,,,,,,,23-13 17 11 11,05 50 00,,,03.030,98f3652ef296e04a285308b2b055caf4db8c5d747cd2038794c67c1fb090a37b
f96e3cd4-3839-50b1-89e0-1089422737b0,ProductVariant,master_canonical,wajenzi-master-catalogue-v1,15127,SSTL138,SSTL113,unique_parent_sku,56454399-91a9-5afa-aa41-3e65b648e062,15102,Square Hollow Section,area of section,40 x 40mm,Thickness in mm,2.5,piece,1,piece,1 piece,18.25,,,,,,,23-13 17 11 11,05 50 00,,,03.030,c486913c1f42726a77ab108a440af049a6604062ff9bffc81d459eb8f5d192bb
660220c6-5d5a-5aa2-80c3-26e82c7d827a,ProductVariant,master_canonical,wajenzi-master-catalogue-v1,15128,SSTL139,SSTL113,unique_parent_sku,56454399-91a9-5afa-aa41-3e65b648e062,15102,Square Hollow Section,area of section,40 x 40mm,Thickness in mm,3.0,piece,1,piece,1 piece,21.76,,,,,,,23-13 17 11 11,05 50 00,,,03.030,023e7e136f24a29eeb7e4e33d23d09f34d44e5b935195672d6b6a251e4ba9f7c
f86cf2e1-de58-5f7c-8a2f-b82293b5ca6d,ProductVariant,master_canonical,wajenzi-master-catalogue-v1,15129,SSTL140,SSTL113,unique_parent_sku,56454399-91a9-5afa-aa41-3e65b648e062,15102,Square Hollow Section,area of section,40 x 40mm,Thickness in mm,4.0,piece,1,piece,1 piece,28.64,,,,,,,23-13 17 11 11,05 50 00,,,03.030,f92f3e73893115678ac76bbf5769bd2c41cad05724abda9f1e8fe055c27d92d0
e052989e-037b-5cca-9bd5-020769ae60f0,ProductVariant,master_canonical,wajenzi-master-catalogue-v1,15130,SSTL141,SSTL113,unique_parent_sku,56454399-91a9-5afa-aa41-3e65b648e062,15102,Square Hollow Section,area of section,50 x 50mm,Thickness in mm,1.2,piece,1,piece,1 piece,11.19,,,,,,,23-13 17 11 11,05 50 00,,,03.030,209e54576bb0ec85862220c3abd7ebec6eb4fd284dc22956608c94e9ce202330
4381a571-015f-5ad4-9e67-a298320a95b3,ProductVariant,master_canonical,wajenzi-master-catalogue-v1,15131,SSTL142,SSTL113,unique_parent_sku,56454399-91a9-5afa-aa41-3e65b648e062,15102,Square Hollow Section,area of section,50 x 50mm,Thickness in mm,1.5,piece,1,piece,1 piece,13.92,,,,,,,23-13 17 11 11,05 50 00,,,03.030,7c804d3669e8addbf570acd321c16f05b578e9074511f25e8d7940a5244588fa
7c9c61bd-406e-5a9d-8481-66eaac5522c0,ProductVariant,master_canonical,wajenzi-master-catalogue-v1,15132,SSTL143,SSTL113,unique_parent_sku,56454399-91a9-5afa-aa41-3e65b648e062,15102,Square Hollow Section,area of section,50 x 50mm,Thickness in mm,2.0,piece,1,piece,1 piece,18.46,,,,,,,23-13 17 11 11,05 50 00,,,03.030,3815af4be422cc10bb521de491bf379fa7c83b5408565012c8330ae42436b878
2a4347cc-f435-5275-bf24-04d757e44e2c,ProductVariant,master_canonical,wajenzi-master-catalogue-v1,15133,SSTL144,SSTL113,unique_parent_sku,56454399-91a9-5afa-aa41-3e65b648e062,15102,Square Hollow Section,area of section,50 x 50mm,Thickness in mm,2.5,piece,1,piece,1 piece,22.96,,,,,,,23-13 17 11 11,05 50 00,,,03.030,e98b636cbe95f0571b7a6dc509e25b0f019a0876f708be8820499aa926da44b3
1daca24b-4a67-5453-bec4-4e08aed03d18,ProductVariant,master_canonical,wajenzi-master-catalogue-v1,15134,SSTL145,SSTL113,unique_parent_sku,56454399-91a9-5afa-aa41-3e65b648e062,15102,Square Hollow Section,area of section,50 x 50mm,Thickness in mm,3.0,piece,1,piece,1 piece,27.41,,,,,,,23-13 17 11 11,05 50 00,,,03.030,530aac6d9f95ce1865702c6f2342a5d9cd7f12f82b50ceeaec6aa702c6726439
317bf862-8b4d-55fc-b2bb-bbf62c247fa0,ProductVariant,master_canonical,wajenzi-master-catalogue-v1,15135,SSTL146,SSTL113,unique_parent_sku,56454399-91a9-5afa-aa41-3e65b648e062,15102,Square Hollow Section,area of section,50 x 50mm,Thickness in mm,4.0,piece,1,piece,1 piece,36.17,,,,,,,23-13 17 11 11,05 50 00,,,03.030,74dcf395b568df9843226f11d94e5977bdc03743ba32269b29d7937df466b29b
0768ea49-f14f-58be-b377-811ad2ceb99d,ProductVariant,master_canonical,wajenzi-master-catalogue-v1,15136,SSTL147,SSTL113,unique_parent_sku,56454399-91a9-5afa-aa41-3e65b648e062,15102,Square Hollow Section,area of section,60 x 60mm,Thickness in mm,1.2,piece,1,piece,1 piece,13.45,,,,,,,23-13 17 11 11,05 50 00,,,03.030,6a206597747a03af09b9345767071c5edc386ecf1a4d6ac6ebbbbf7c98c257e9
2b22be10-75eb-5145-9d5a-3d4036f2ec26,ProductVariant,master_canonical,wajenzi-master-catalogue-v1,15137,SSTL148,SSTL113,unique_parent_sku,56454399-91a9-5afa-aa41-3e65b648e062,15102,Square Hollow Section,area of section,60 x 60mm,Thickness in mm,1.5,piece,1,piece,1 piece,16.74,,,,,,,23-13 17 11 11,05 50 00,,,03.030,e9403670c72d8f18182130c764cde002ec013d0bf511e4cb63bc130dcd41f7b7
7df0f514-adb5-5053-8aa7-bc785f3ca42d,ProductVariant,master_canonical,wajenzi-master-catalogue-v1,15138,SSTL149,SSTL113,unique_parent_sku,56454399-91a9-5afa-aa41-3e65b648e062,15102,Square Hollow Section,area of section,60 x 60mm,Thickness in mm,2.0,piece,1,piece,1 piece,22.23,,,,,,,23-13 17 11 11,05 50 00,,,03.030,8ef707e9341d88a2cbc8cae1bd13d1ff0d568ba3741e71230735977a22823999
c25b8c29-553e-5479-ae2b-486cdfcbae15,ProductVariant,master_canonical,wajenzi-master-catalogue-v1,15139,SSTL150,SSTL113,unique_parent_sku,56454399-91a9-5afa-aa41-3e65b648e062,15102,Square Hollow Section,area of section,60 x 60mm,Thickness in mm,3.0,piece,1,piece,1 piece,33.06,,,,,,,23-13 17 11 11,05 50 00,,,03.030,1ed2e992f17a428431aedbe139c0854cc55f086a047a6ee38772f355d74cd7e9
19c5aa73-3f20-5a91-98c6-2fa00c4ac25f,ProductVariant,master_canonical,wajenzi-master-catalogue-v1,15140,SSTL151,SSTL113,unique_parent_sku,56454399-91a9-5afa-aa41-3e65b648e062,15102,Square Hollow Section,area of section,60 x 60mm,Thickness in mm,4.0,piece,1,piece,1 piece,43.71,,,,,,,23-13 17 11 11,05 50 00,,,03.030,8d0d3ff2dbce4d32120ed81a80980b13410db85f551212369d639fa6717ac1b4
a87ecf7b-7a05-5d39-ac77-8c958880c30a,ProductVariant,master_canonical,wajenzi-master-catalogue-v1,15141,SSTL152,SSTL113,unique_parent_sku,56454399-91a9-5afa-aa41-3e65b648e062,15102,Square Hollow Section,area of section,75 x 75mm,Thickness in mm,2.5,piece,1,piece,1 piece,34.5,,,,,,,23-13 17 11 11,05 50 00,,,03.030,eca38d1325dee5c1ae38a733461a367ff997ff9c9c78445c38b7bcd5cef5aced
dc8bc8b9-0c8f-5f31-8d52-1070e5ea23a4,ProductVariant,master_canonical,wajenzi-master-catalogue-v1,15142,SSTL153,SSTL113,unique_parent_sku,56454399-91a9-5afa-aa41-3e65b648e062,15102,Square Hollow Section,area of section,75 x 75mm,Thickness in mm,3.0,piece,1,piece,1 piece,41.26,,,,,,,23-13 17 11 11,05 50 00,,,03.030,a3a4563b9053200fe9c90679fe55faddbc64a6c602c89ec0aee392eef9df2bfc
0aa0c488-c478-54dd-ab0f-12ec6358154a,ProductVariant,master_canonical,wajenzi-master-catalogue-v1,15143,SSTL154,SSTL113,unique_parent_sku,56454399-91a9-5afa-aa41-3e65b648e062,15102,Square Hollow Section,area of section,75 x 75mm,Thickness in mm,4.0,piece,1,piece,1 piece,54.26,,,,,,,23-13 17 11 11,05 50 00,,,03.030,ee1f536d947b80ec4bc73a0ebdea2dac6926c26712ac928e5f687da61ca8b76b
bbc68d87-5f09-5698-8e52-3780492f69bc,ProductVariant,master_canonical,wajenzi-master-catalogue-v1,15144,SSTL155,SSTL113,unique_parent_sku,56454399-91a9-5afa-aa41-3e65b648e062,15102,Square Hollow Section,area of section,75 x 75mm,Thickness in mm,5.0,piece,1,piece,1 piece,64.76,,,,,,,23-13 17 11 11,05 50 00,,,03.030,b459b4bcb6c5d7e8b3478946b77faef58116b151ab5c1ef6fb3cd1086b99568c
a897321b-e3df-51f8-97a6-06e9cca35be1,ProductVariant,master_canonical,wajenzi-master-catalogue-v1,15145,SSTL156,SSTL113,unique_parent_sku,56454399-91a9-5afa-aa41-3e65b648e062,15102,Square Hollow Section,area of section,75 x 75mm,Thickness in mm,6.0,piece,1,piece,1 piece,77.72,,,,,,,23-13 17 11 11,05 50 00,,,03.030,15137b5c677f5a8f75921df1cb9197631bfdfbbe2bacb0955193552c2a23ff24
cdfb46c6-8ffe-51ea-8de7-9ca2074e18ce,ProductVariant,master_canonical,wajenzi-master-catalogue-v1,15146,SSTL157,SSTL113,unique_parent_sku,56454399-91a9-5afa-aa41-3e65b648e062,15102,Square Hollow Section,area of section,100 x100mm,Thickness in mm,3.00,piece,1,piece,1 piece,55.39,,,,,,,23-13 17 11 11,05 50 00,,,03.030,ecde2ccea5dc573551a9d5ce320c5f27ee265c487acec4880b46bb26bf0f915b
457f4732-41c7-5893-b224-07129272146c,ProductVariant,master_canonical,wajenzi-master-catalogue-v1,15147,SSTL158,SSTL113,unique_parent_sku,56454399-91a9-5afa-aa41-3e65b648e062,15102,Square Hollow Section,area of section,100 x100mm,Thickness in mm,4.00,piece,1,piece,1 piece,73.1,,,,,,,23-13 17 11 11,05 50 00,,,03.030,e592940cd333ddc86df4451f74336aeaf89b0c47f4f5da895d6c5b75a984b87f
cdaccc57-4d85-5853-bd33-657401ecd2fb,ProductVariant,master_canonical,wajenzi-master-catalogue-v1,15148,SSTL159,SSTL113,unique_parent_sku,56454399-91a9-5afa-aa41-3e65b648e062,15102,Square Hollow Section,area of section,100 x100mm,Thickness in mm,5.00,piece,1,piece,1 piece,88.31,,,,,,,23-13 17 11 11,05 50 00,,,03.030,4e23533e6bb59c051ce579df91eb9c93adcf1eae2b514806019e75c508318be2
08f9e2a1-a341-5f30-b6d3-9b4156c8230d,ProductVariant,master_canonical,wajenzi-master-catalogue-v1,15149,SSTL160,SSTL113,unique_parent_sku,56454399-91a9-5afa-aa41-3e65b648e062,15102,Square Hollow Section,area of section,100 x100mm,Thickness in mm,6.00,piece,1,piece,1 piece,105.98,,,,,,,23-13 17 11 11,05 50 00,,,03.030,1c37ce8640843b92ca22da041b98f2bb6493117860c7d99a49667d1955e12692
8def7416-5c40-514a-860a-d7b7dc3773ba,ProductVariant,master_canonical,wajenzi-master-catalogue-v1,15150,SSTL161,SSTL113,unique_parent_sku,56454399-91a9-5afa-aa41-3e65b648e062,15102,Square Hollow Section,area of section,125 x125mm,Thickness in mm,3.00,piece,1,piece,1 piece,69.52,,,,,,,23-13 17 11 11,05 50 00,,,03.030,69f9b245c0695dba093198a566031187287c815a23cf767a0fa65111b4accdf3
2ce6ecd8-befe-5dce-ba35-421ddcfd51e3,ProductVariant,master_canonical,wajenzi-master-catalogue-v1,15151,SSTL162,SSTL113,unique_parent_sku,56454399-91a9-5afa-aa41-3e65b648e062,15102,Square Hollow Section,area of section,125 x125mm,Thickness in mm,4.00,piece,1,piece,1 piece,91.94,,,,,,,23-13 17 11 11,05 50 00,,,03.030,84e784fd776ee943ae6a0ddcd5fd6e00540355ee13efcd6a46904899c27ac1a6
3ceac81d-143d-530f-9cb7-744777dbb8cc,ProductVariant,master_canonical,wajenzi-master-catalogue-v1,15152,SSTL163,SSTL113,unique_parent_sku,56454399-91a9-5afa-aa41-3e65b648e062,15102,Square Hollow Section,area of section,125 x125mm,Thickness in mm,5.00,piece,1,piece,1 piece,111.86,,,,,,,23-13 17 11 11,05 50 00,,,03.030,c128f2879e97f603a4740794ff7bd2f9d37c870c6739016d51851b7d4a07b094
ddecea16-402c-58e6-9da9-69c664fba59d,ProductVariant,master_canonical,wajenzi-master-catalogue-v1,15153,SSTL164,SSTL113,unique_parent_sku,56454399-91a9-5afa-aa41-3e65b648e062,15102,Square Hollow Section,area of section,125 x125mm,Thickness in mm,6.00,piece,1,piece,1 piece,134.24,,,,,,,23-13 17 11 11,05 50 00,,,03.030,7b962d76e569a3336394f559d8d42b9911ff17c383784df79e324f2ea679ac5a
221e585b-c4c5-5db1-8f32-5b56ca6622f1,ProductVariant,master_canonical,wajenzi-master-catalogue-v1,15154,SSTL165,SSTL113,unique_parent_sku,56454399-91a9-5afa-aa41-3e65b648e062,15102,Square Hollow Section,area of section,150 x150mm,Thickness in mm,4.00,piece,1,piece,1 piece,110.78,,,,,,,23-13 17 11 11,05 50 00,,,03.030,d3b8157be4dbcab12e41d16fb01a7160afea9ffa154d2af2c9e5b391e15280be
d1b4b62b-6ca3-56ad-af65-c7dffb3b7047,ProductVariant,master_canonical,wajenzi-master-catalogue-v1,15155,SSTL166,SSTL113,unique_parent_sku,56454399-91a9-5afa-aa41-3e65b648e062,15102,Square Hollow Section,area of section,150 x150mm,Thickness in mm,5.00,piece,1,piece,1 piece,135.41,,,,,,,23-13 17 11 11,05 50 00,,,03.030,8e2999b98fbe1a7695ba087a78ff42fe448e915a7bea0a614da01176d1b93b09
e82c42d6-bdab-53af-992d-f8ab55cf4bab,ProductVariant,master_canonical,wajenzi-master-catalogue-v1,15156,SSTL167,SSTL113,unique_parent_sku,56454399-91a9-5afa-aa41-3e65b648e062,15102,Square Hollow Section,area of section,150 x150mm,Thickness in mm,6.00,piece,1,piece,1 piece,162.5,,,,,,,23-13 17 11 11,05 50 00,,,03.030,f0b14eb21bcdf8c05b1e42fd14ca3b399eb3ff30a6f13a42aa5800c813c4625c
5879ef95-24d8-506a-aa95-9526f22a49c0,ProductVariant,master_canonical,wajenzi-master-catalogue-v1,15158,SSTL169,SSTL168,unique_parent_sku,3b3c3d01-4acf-5152-9e48-6ba1655e89d5,15157,Rectangular Hollow Section,Area of Section,30 x 10mm,Thickness in mm,1.0,piece,1,piece,1 piece,3.72,,,,,,,23-13 17 11 11,05 50 00,,,03.030,6b96a28aaf3b5d05677d20aae907080d20b611f51898d28b62e821877d27f3f3
0f9a4c9b-61c9-5e07-bb0d-c7c87b7a9cf9,ProductVariant,master_canonical,wajenzi-master-catalogue-v1,15159,SSTL170,SSTL168,unique_parent_sku,3b3c3d01-4acf-5152-9e48-6ba1655e89d5,15157,Rectangular Hollow Section,Area of Section,30 x 10mm,Thickness in mm,1.2,piece,1,piece,1 piece,4.41,,,,,,,23-13 17 11 11,05 50 00,,,03.030,2fdb2893fabf9a1f64e3004663e95b36b427c4293413cf48ea39dada6a54c00b
d40b9416-3a18-55a0-b701-955ee4006c5b,ProductVariant,master_canonical,wajenzi-master-catalogue-v1,15160,SSTL171,SSTL168,unique_parent_sku,3b3c3d01-4acf-5152-9e48-6ba1655e89d5,15157,Rectangular Hollow Section,Area of Section,30 x 10mm,Thickness in mm,1.5,piece,1,piece,1 piece,5.44,,,,,,,23-13 17 11 11,05 50 00,,,03.030,ea18cc185d2c2df83375931d8c4420594c58560d8716c0e65889bb58133d16b0
2bffbc86-8422-59a1-b1d0-2ac2304c24b0,ProductVariant,master_canonical,wajenzi-master-catalogue-v1,15161,SSTL172,SSTL168,unique_parent_sku,3b3c3d01-4acf-5152-9e48-6ba1655e89d5,15157,Rectangular Hollow Section,Area of Section,30 x 20mm,Thickness in mm,1.0,piece,1,piece,1 piece,4.66,,,,,,,23-13 17 11 11,05 50 00,,,03.030,1ada3bca2d36c4f04554b49b585cb2763d0d66a2edeb947e8690b7807727c370
bb9b5936-be9b-5dbf-ae1d-922ac68e2af2,ProductVariant,master_canonical,wajenzi-master-catalogue-v1,15162,SSTL173,SSTL168,unique_parent_sku,3b3c3d01-4acf-5152-9e48-6ba1655e89d5,15157,Rectangular Hollow Section,Area of Section,30 x 20mm,Thickness in mm,1.2,piece,1,piece,1 piece,5.54,,,,,,,23-13 17 11 11,05 50 00,,,03.030,9232c9ec7a93b55c8c5a34f15488d243811f251a1d374913b0fd50e718d260d1
6a747f5b-21ce-5f13-b2ee-d727bd44fac8,ProductVariant,master_canonical,wajenzi-master-catalogue-v1,15163,SSTL174,SSTL168,unique_parent_sku,3b3c3d01-4acf-5152-9e48-6ba1655e89d5,15157,Rectangular Hollow Section,Area of Section,30 x 20mm,Thickness in mm,1.5,piece,1,piece,1 piece,6.85,,,,,,,23-13 17 11 11,05 50 00,,,03.030,b42e9f201ea3e979b8006c4d39487e7b44aad17863a87b949ba74bab39df6ca2
ea7e797b-48d7-588b-9e0d-e59042c46940,ProductVariant,master_canonical,wajenzi-master-catalogue-v1,15164,SSTL175,SSTL168,unique_parent_sku,3b3c3d01-4acf-5152-9e48-6ba1655e89d5,15157,Rectangular Hollow Section,Area of Section,40 x 10mm,Thickness in mm,1.0,piece,1,piece,1 piece,4.66,,,,,,,23-13 17 11 11,05 50 00,,,03.030,ede4aaf70bc0a1652ca6955dc9646f011d0c38660287408c02e550dd077de6b7
d3433d7c-ba01-55c0-bf40-f2c5ff6265d5,ProductVariant,master_canonical,wajenzi-master-catalogue-v1,15165,SSTL176,SSTL168,unique_parent_sku,3b3c3d01-4acf-5152-9e48-6ba1655e89d5,15157,Rectangular Hollow Section,Area of Section,40 x 10mm,Thickness in mm,1.2,piece,1,piece,1 piece,5.54,,,,,,,23-13 17 11 11,05 50 00,,,03.030,b8f7065f68ff56196b5855e94d3f8900963f7579e09f838ce26d4457f7bd5c3f
2feb0ba5-70aa-5cfd-a96e-c6c8e9e9fe69,ProductVariant,master_canonical,wajenzi-master-catalogue-v1,15166,SSTL177,SSTL168,unique_parent_sku,3b3c3d01-4acf-5152-9e48-6ba1655e89d5,15157,Rectangular Hollow Section,Area of Section,40 x 10mm,Thickness in mm,1.5,piece,1,piece,1 piece,6.85,,,,,,,23-13 17 11 11,05 50 00,,,03.030,c014573c2b7a9e4863b3afa6e5ed127c49769efa3c5bd39be46be661e62507e2
66dd0985-6a0f-50c6-aca4-ee031b82ae79,ProductVariant,master_canonical,wajenzi-master-catalogue-v1,15167,SSTL178,SSTL168,unique_parent_sku,3b3c3d01-4acf-5152-9e48-6ba1655e89d5,15157,Rectangular Hollow Section,Area of Section,40 x 20mm,Thickness in mm,1.0,piece,1,piece,1 piece,5.6,,,,,,,23-13 17 11 11,05 50 00,,,03.030,3e349b55e03e0eda67cedbb4d8560ce1eb826a1ddd9e62eba6be04a63ffdae62
429db972-deab-51d2-bfce-27b1c9c78145,ProductVariant,master_canonical,wajenzi-master-catalogue-v1,15168,SSTL179,SSTL168,unique_parent_sku,3b3c3d01-4acf-5152-9e48-6ba1655e89d5,15157,Rectangular Hollow Section,Area of Section,40 x 20mm,Thickness in mm,1.2,piece,1,piece,1 piece,6.67,,,,,,,23-13 17 11 11,05 50 00,,,03.030,c761fccd10b700482d9ae7eb8d07c478662af40f6d99197844635b07fa4b7ebb
5ea2e820-64f2-59d6-9d28-188003ae3620,ProductVariant,master_canonical,wajenzi-master-catalogue-v1,15169,SSTL180,SSTL168,unique_parent_sku,3b3c3d01-4acf-5152-9e48-6ba1655e89d5,15157,Rectangular Hollow Section,Area of Section,40 x 20mm,Thickness in mm,1.5,piece,1,piece,1 piece,8.27,,,,,,,23-13 17 11 11,05 50 00,,,03.030,d8cdd0e9d702ad6b41f4c1aecdd7c33fe30aec90589ba287436d9f5bbcc94ed6
94cde599-1f46-556b-90eb-b7a275a3ba8d,ProductVariant,master_canonical,wajenzi-master-catalogue-v1,15170,SSTL181,SSTL168,unique_parent_sku,3b3c3d01-4acf-5152-9e48-6ba1655e89d5,15157,Rectangular Hollow Section,Area of Section,40 x 20mm,Thickness in mm,2.0,piece,1,piece,1 piece,10.93,,,,,,,23-13 17 11 11,05 50 00,,,03.030,0167f4d2798daedfbaa0b1d6b91a0a3d3cfe85c35113acd0271d7b4f61a5cf99
ad86a265-2be9-5ffe-817c-5c69382772e7,ProductVariant,master_canonical,wajenzi-master-catalogue-v1,15171,SSTL182,SSTL168,unique_parent_sku,3b3c3d01-4acf-5152-9e48-6ba1655e89d5,15157,Rectangular Hollow Section,Area of Section,40 x 25mm,Thickness in mm,1.0,piece,1,piece,1 piece,6.08,,,,,,,23-13 17 11 11,05 50 00,,,03.030,e41ef37de827813f0f5b91473f291082a66088b1e541579aabc3e24c4988d593
f5e29448-19e7-500b-9910-f697a703cf27,ProductVariant,master_canonical,wajenzi-master-catalogue-v1,15172,SSTL183,SSTL168,unique_parent_sku,3b3c3d01-4acf-5152-9e48-6ba1655e89d5,15157,Rectangular Hollow Section,Area of Section,40 x 25mm,Thickness in mm,1.2,piece,1,piece,1 piece,7.23,,,,,,,23-13 17 11 11,05 50 00,,,03.030,e9e5da38096067412f23920da4fe057fd46d69b5f3936de9d4b2c137ebc51ebb
3142413d-949a-51ab-a697-73c5f9005711,ProductVariant,master_canonical,wajenzi-master-catalogue-v1,15173,SSTL184,SSTL168,unique_parent_sku,3b3c3d01-4acf-5152-9e48-6ba1655e89d5,15157,Rectangular Hollow Section,Area of Section,40 x 25mm,Thickness in mm,1.5,piece,1,piece,1 piece,8.97,,,,,,,23-13 17 11 11,05 50 00,,,03.030,417dfda11e3c64f26c51f5be6d64fac57872c7c8a4f833a7ea62f055ec367cc2
89801647-300c-590a-8e7b-87ade548c187,ProductVariant,master_canonical,wajenzi-master-catalogue-v1,15174,SSTL185,SSTL168,unique_parent_sku,3b3c3d01-4acf-5152-9e48-6ba1655e89d5,15157,Rectangular Hollow Section,Area of Section,40 x 25mm,Thickness in mm,2.0,piece,1,piece,1 piece,11.87,,,,,,,23-13 17 11 11,05 50 00,,,03.030,8513d314d1be7d03ed183246d58cf99608b73b8ed6f497188135b12e81ff70ec
3c9bfe7b-eb5b-5c6a-ac95-7adc844b86c5,ProductVariant,master_canonical,wajenzi-master-catalogue-v1,15175,SSTL186,SSTL168,unique_parent_sku,3b3c3d01-4acf-5152-9e48-6ba1655e89d5,15157,Rectangular Hollow Section,Area of Section,40 x 25mm,Thickness in mm,3.0,piece,1,piece,1 piece,17.52,,,,,,,23-13 17 11 11,05 50 00,,,03.030,864542eb7dab1410bd07e74c44ec9724b8ec590ee3e1eb952aca763a6a39df54
6beca725-b344-59ce-a735-bae50648f4ef,ProductVariant,master_canonical,wajenzi-master-catalogue-v1,15176,SSTL187,SSTL168,unique_parent_sku,3b3c3d01-4acf-5152-9e48-6ba1655e89d5,15157,Rectangular Hollow Section,Area of Section,50 x 10mm,Thickness in mm,1.0,piece,1,piece,1 piece,5.6,,,,,,,23-13 17 11 11,05 50 00,,,03.030,0ecc4ce75bc7d73f1a92a6a8cbf77c8b9b8125f98d57e9df20d44d71832a22ab
bf042445-3e3d-5c35-b5df-121b7df07f8e,ProductVariant,master_canonical,wajenzi-master-catalogue-v1,15177,SSTL188,SSTL168,unique_parent_sku,3b3c3d01-4acf-5152-9e48-6ba1655e89d5,15157,Rectangular Hollow Section,Area of Section,50 x 10mm,Thickness in mm,1.2,piece,1,piece,1 piece,6.67,,,,,,,23-13 17 11 11,05 50 00,,,03.030,59a3c3fcab24dc29b6ab47b12022a3b2d4db01ff887a8b592cc7b04923d71957
92fc8a3e-d69a-5b26-9824-bc84a2b0113f,ProductVariant,master_canonical,wajenzi-master-catalogue-v1,15178,SSTL189,SSTL168,unique_parent_sku,3b3c3d01-4acf-5152-9e48-6ba1655e89d5,15157,Rectangular Hollow Section,Area of Section,50 x 10mm,Thickness in mm,1.5,piece,1,piece,1 piece,8.27,,,,,,,23-13 17 11 11,05 50 00,,,03.030,34bd82533d5d11477e48ff8d7ec21db997a2ef3b01821c76153b61e92cbf2191
d95f3b75-23d8-5102-9bd5-1716b3aa5b40,ProductVariant,master_canonical,wajenzi-master-catalogue-v1,15179,SSTL190,SSTL168,unique_parent_sku,3b3c3d01-4acf-5152-9e48-6ba1655e89d5,15157,Rectangular Hollow Section,Area of Section,50 x 25mm,Thickness in mm,1.0,piece,1,piece,1 piece,7.02,,,,,,,23-13 17 11 11,05 50 00,,,03.030,c05ee301b5cd5b62b6f8f7f43b865de214ff751a6df683b376bf0e1bf55657bd
c60add94-6467-5011-9d59-801b0df7700d,ProductVariant,master_canonical,wajenzi-master-catalogue-v1,15180,SSTL191,SSTL168,unique_parent_sku,3b3c3d01-4acf-5152-9e48-6ba1655e89d5,15157,Rectangular Hollow Section,Area of Section,50 x 25mm,Thickness in mm,1.2,piece,1,piece,1 piece,8.36,,,,,,,23-13 17 11 11,05 50 00,,,03.030,4cc4087deee4289f6d6b7e7534fc49fbee9469ba973c688d09a8de836ff4ddcb
a6791a25-4ecb-5ad1-a73a-99cfd18144ea,ProductVariant,master_canonical,wajenzi-master-catalogue-v1,15181,SSTL192,SSTL168,unique_parent_sku,3b3c3d01-4acf-5152-9e48-6ba1655e89d5,15157,Rectangular Hollow Section,Area of Section,50 x 25mm,Thickness in mm,1.5,piece,1,piece,1 piece,10.39,,,,,,,23-13 17 11 11,05 50 00,,,03.030,b3ea17de4ac4f160a01f03083f58856ed4c77739663e687005c938fa81bc174a
3840278e-a171-5d00-b2e8-98d1a999455b,ProductVariant,master_canonical,wajenzi-master-catalogue-v1,15182,SSTL193,SSTL168,unique_parent_sku,3b3c3d01-4acf-5152-9e48-6ba1655e89d5,15157,Rectangular Hollow Section,Area of Section,50 x 25mm,Thickness in mm,2.0,piece,1,piece,1 piece,13.75,,,,,,,23-13 17 11 11,05 50 00,,,03.030,facb170f4ebf7e69829c95182c464124e65b158c619868022f1beb37f114cfd1
dc6bebf8-f39c-5cf4-899c-2974dcbe27cb,ProductVariant,master_canonical,wajenzi-master-catalogue-v1,15183,SSTL194,SSTL168,unique_parent_sku,3b3c3d01-4acf-5152-9e48-6ba1655e89d5,15157,Rectangular Hollow Section,Area of Section,50 x 25mm,Thickness in mm,3.0,piece,1,piece,1 piece,20.35,,,,,,,23-13 17 11 11,05 50 00,,,03.030,449532fdc9cf5fd6d37502fb4c39a7e233c28606b1e6faa3d4e6de40d32d1dd5
96d9255d-bc20-5840-b3a6-61582b22e9e8,ProductVariant,master_canonical,wajenzi-master-catalogue-v1,15184,SSTL195,SSTL168,unique_parent_sku,3b3c3d01-4acf-5152-9e48-6ba1655e89d5,15157,Rectangular Hollow Section,Area of Section,60 x 40mm,Thickness in mm,1.2,piece,1,piece,1 piece,11.19,,,,,,,23-13 17 11 11,05 50 00,,,03.030,f3774108d348a47afa9dc89fb5f8b58a72cb68f63f646ed7b30f357b4a209fe3
a48fa7e9-c057-5930-8354-6e901d24caa3,ProductVariant,master_canonical,wajenzi-master-catalogue-v1,15185,SSTL196,SSTL168,unique_parent_sku,3b3c3d01-4acf-5152-9e48-6ba1655e89d5,15157,Rectangular Hollow Section,Area of Section,60 x 40mm,Thickness in mm,1.5,piece,1,piece,1 piece,13.92,,,,,,,23-13 17 11 11,05 50 00,,,03.030,a7ee4674194b10b41a7dfa94e45f9daab8df219dac2d2bf420efe5725f3c4b52
c9c57eda-cc10-5169-b8dd-06fe0fb9ea38,ProductVariant,master_canonical,wajenzi-master-catalogue-v1,15186,SSTL197,SSTL168,unique_parent_sku,3b3c3d01-4acf-5152-9e48-6ba1655e89d5,15157,Rectangular Hollow Section,Area of Section,60 x 40mm,Thickness in mm,2.0,piece,1,piece,1 piece,18.46,,,,,,,23-13 17 11 11,05 50 00,,,03.030,753be77fbee5c34c1d7d28485475c5f19dd27f1fd424c44175724ba79c22f5f2
b6e6f22e-91b1-5f6d-9cad-327d624a8f71,ProductVariant,master_canonical,wajenzi-master-catalogue-v1,15187,SSTL198,SSTL168,unique_parent_sku,3b3c3d01-4acf-5152-9e48-6ba1655e89d5,15157,Rectangular Hollow Section,Area of Section,60 x 40mm,Thickness in mm,3.0,piece,1,piece,1 piece,27.41,,,,,,,23-13 17 11 11,05 50 00,,,03.030,1688430c5a2961ed584758ee3b1f5fdf0d096bb9894af32ae01afb074ad78b2f
62f7e4f1-17f1-587b-86ab-c88e76d5f044,ProductVariant,master_canonical,wajenzi-master-catalogue-v1,15188,SSTL199,SSTL168,unique_parent_sku,3b3c3d01-4acf-5152-9e48-6ba1655e89d5,15157,Rectangular Hollow Section,Area of Section,60 x 40mm,Thickness in mm,4.0,piece,1,piece,1 piece,36.17,,,,,,,23-13 17 11 11,05 50 00,,,03.030,91f61e12ed5a5e6ef95ebba386cd0812c1c6b2795b0b1c8e084f0ee1bcb7aa76
9aa76e0f-8a55-56dc-b672-0c194ec10570,ProductVariant,master_canonical,wajenzi-master-catalogue-v1,15189,SSTL200,SSTL168,unique_parent_sku,3b3c3d01-4acf-5152-9e48-6ba1655e89d5,15157,Rectangular Hollow Section,Area of Section,75 x 50mm,Thickness in mm,2.0,piece,1,piece,1 piece,23.17,,,,,,,23-13 17 11 11,05 50 00,,,03.030,1fcb6d6c0423a9447f2b484f7d3ea0d927db14e44cfff439375223b23f660381
7adf907b-c298-521b-86c5-fe294064c29e,ProductVariant,master_canonical,wajenzi-master-catalogue-v1,15190,SSTL201,SSTL168,unique_parent_sku,3b3c3d01-4acf-5152-9e48-6ba1655e89d5,15157,Rectangular Hollow Section,Area of Section,75 x 50mm,Thickness in mm,3.0,piece,1,piece,1 piece,34.48,,,,,,,23-13 17 11 11,05 50 00,,,03.030,9a6cfd9495ef1fc623d1b32f8cdd0f5321f7982f23ca3d131c50ae859cd311b5
98e33bd5-95eb-5c37-a2b2-ad47a673005e,ProductVariant,master_canonical,wajenzi-master-catalogue-v1,15191,SSTL202,SSTL168,unique_parent_sku,3b3c3d01-4acf-5152-9e48-6ba1655e89d5,15157,Rectangular Hollow Section,Area of Section,75 x 50mm,Thickness in mm,4.0,piece,1,piece,1 piece,45.59,,,,,,,23-13 17 11 11,05 50 00,,,03.030,12448db7849d540a7e32e0c5c7642235580b5b3857353d49aaa23a5f7d3708d3
4a488d8f-bcbd-5f04-85c8-315927a8cf12,ProductVariant,master_canonical,wajenzi-master-catalogue-v1,15192,SSTL203,SSTL168,unique_parent_sku,3b3c3d01-4acf-5152-9e48-6ba1655e89d5,15157,Rectangular Hollow Section,Area of Section,80 x 40mm,Thickness in mm,1.2,piece,1,piece,1 piece,13.45,,,,,,,23-13 17 11 11,05 50 00,,,03.030,df78d2308b09c4e20b31132a047ea328a0f308bdb514073b52be0bf4011ae1ad
d03dc924-60ac-5a57-b122-09ebd504f4ff,ProductVariant,master_canonical,wajenzi-master-catalogue-v1,15193,SSTL204,SSTL168,unique_parent_sku,3b3c3d01-4acf-5152-9e48-6ba1655e89d5,15157,Rectangular Hollow Section,Area of Section,80 x 40mm,Thickness in mm,1.5,piece,1,piece,1 piece,16.74,,,,,,,23-13 17 11 11,05 50 00,,,03.030,936b31d1f036475c1f4eb502b361e480e4f425fd4a3a242c0665877ffa25a902
502c47d2-5172-53f9-abe5-93b03f8b3163,ProductVariant,master_canonical,wajenzi-master-catalogue-v1,15194,SSTL205,SSTL168,unique_parent_sku,3b3c3d01-4acf-5152-9e48-6ba1655e89d5,15157,Rectangular Hollow Section,Area of Section,80 x 40mm,Thickness in mm,2.0,piece,1,piece,1 piece,22.23,,,,,,,23-13 17 11 11,05 50 00,,,03.030,7610518b9d39fc177e0d24f5cf360653d3cd674fde85b714ce8f9c5ec186510a
8d03ffb1-b3df-536e-b815-22be1186a9d6,ProductVariant,master_canonical,wajenzi-master-catalogue-v1,15195,SSTL206,SSTL168,unique_parent_sku,3b3c3d01-4acf-5152-9e48-6ba1655e89d5,15157,Rectangular Hollow Section,Area of Section,80 x 40mm,Thickness in mm,3.0,piece,1,piece,1 piece,33.06,,,,,,,23-13 17 11 11,05 50 00,,,03.030,25e293eadcc91c75c4c56d17a87344992e9ca286c34996533aad0ccce8323e7f
cd6bad0b-1cf0-5353-834b-a9437dcfac96,ProductVariant,master_canonical,wajenzi-master-catalogue-v1,15196,SSTL207,SSTL168,unique_parent_sku,3b3c3d01-4acf-5152-9e48-6ba1655e89d5,15157,Rectangular Hollow Section,Area of Section,80 x 40mm,Thickness in mm,4.0,piece,1,piece,1 piece,43.71,,,,,,,23-13 17 11 11,05 50 00,,,03.030,d75f1eb61e84f073af6617388fc75c0195835436119cc7cce6e097047c6ca4ba
54aaa192-6b42-500b-8abd-159e138646ce,ProductVariant,master_canonical,wajenzi-master-catalogue-v1,15197,SSTL208,SSTL168,unique_parent_sku,3b3c3d01-4acf-5152-9e48-6ba1655e89d5,15157,Rectangular Hollow Section,Area of Section,100 x 50mm,Thickness in mm,2.5,piece,1,piece,1 piece,34.5,,,,,,,23-13 17 11 11,05 50 00,,,03.030,999cd92c11139f57a58dac383a713126af1adb5fb2268671ae9ec5c32bc61db4
b2a75774-d474-58a2-827c-21d0b894aa62,ProductVariant,master_canonical,wajenzi-master-catalogue-v1,15198,SSTL209,SSTL168,unique_parent_sku,3b3c3d01-4acf-5152-9e48-6ba1655e89d5,15157,Rectangular Hollow Section,Area of Section,100 x 50mm,Thickness in mm,3.0,piece,1,piece,1 piece,41.26,,,,,,,23-13 17 11 11,05 50 00,,,03.030,b1e07713a0890d5f37ebda95c0320fc803900d2aad1a873696ee53c7c0a5e028
92a19202-786d-54e0-84cc-3c7e76158ad0,ProductVariant,master_canonical,wajenzi-master-catalogue-v1,15199,SSTL210,SSTL168,unique_parent_sku,3b3c3d01-4acf-5152-9e48-6ba1655e89d5,15157,Rectangular Hollow Section,Area of Section,100 x 50mm,Thickness in mm,4.0,piece,1,piece,1 piece,54.26,,,,,,,23-13 17 11 11,05 50 00,,,03.030,c3b5c3893a59a652ba10f7ba44626a4be64c019a92fcfb5fb84bbd752364d07c
3525ea09-d319-52fe-adba-9c92275fcfb7,ProductVariant,master_canonical,wajenzi-master-catalogue-v1,15200,SSTL211,SSTL168,unique_parent_sku,3b3c3d01-4acf-5152-9e48-6ba1655e89d5,15157,Rectangular Hollow Section,Area of Section,100 x 50mm,Thickness in mm,5.0,piece,1,piece,1 piece,64.76,,,,,,,23-13 17 11 11,05 50 00,,,03.030,9b4496009e8213c8eeee939747bc51bb9bed84be93826d0e8259aa0f94ba4dab
b2b1780f-6da8-50d9-b7e4-d82155119e8d,ProductVariant,master_canonical,wajenzi-master-catalogue-v1,15201,SSTL212,SSTL168,unique_parent_sku,3b3c3d01-4acf-5152-9e48-6ba1655e89d5,15157,Rectangular Hollow Section,Area of Section,100 x 50mm,Thickness in mm,6.0,piece,1,piece,1 piece,77.72,,,,,,,23-13 17 11 11,05 50 00,,,03.030,d6ff2e21d64dce3aba08662f625f9b0d7a2ed89f37222f200a4eb1b573121535
9454de4e-a1cf-591e-99fe-65a7a79abf93,ProductVariant,master_canonical,wajenzi-master-catalogue-v1,15202,SSTL213,SSTL168,unique_parent_sku,3b3c3d01-4acf-5152-9e48-6ba1655e89d5,15157,Rectangular Hollow Section,Area of Section,125 x 75mm,Thickness in mm,3.0,piece,1,piece,1 piece,55.39,,,,,,,23-13 17 11 11,05 50 00,,,03.030,3c5271a9f3cbc55915ab3d65334f04740e8cf0a7911bb7fcd1ae843e4cdef096
363f12f7-a107-5030-a636-e82b62895176,ProductVariant,master_canonical,wajenzi-master-catalogue-v1,15203,SSTL214,SSTL168,unique_parent_sku,3b3c3d01-4acf-5152-9e48-6ba1655e89d5,15157,Rectangular Hollow Section,Area of Section,125 x 75mm,Thickness in mm,4.0,piece,1,piece,1 piece,73.1,,,,,,,23-13 17 11 11,05 50 00,,,03.030,233f7c8ce3c7e3ce00e934d920a2b6ba5b7e3f645a4d8e532defc498e2d14e6f
20397877-b960-57f7-bee1-0613acc1df68,ProductVariant,master_canonical,wajenzi-master-catalogue-v1,15204,SSTL215,SSTL168,unique_parent_sku,3b3c3d01-4acf-5152-9e48-6ba1655e89d5,15157,Rectangular Hollow Section,Area of Section,125 x 75mm,Thickness in mm,5.0,piece,1,piece,1 piece,88.31,,,,,,,23-13 17 11 11,05 50 00,,,03.030,b0e5dbd7a3ace29bb1261c55302ae9d04733932671c27ad9054222fc57122cd3
8e101fd4-defe-56ab-94f7-7fb19caef9fc,ProductVariant,master_canonical,wajenzi-master-catalogue-v1,15205,SSTL216,SSTL168,unique_parent_sku,3b3c3d01-4acf-5152-9e48-6ba1655e89d5,15157,Rectangular Hollow Section,Area of Section,125 x 75mm,Thickness in mm,6.0,piece,1,piece,1 piece,105.98,,,,,,,23-13 17 11 11,05 50 00,,,03.030,5465f8475432a0d3ff925257fba5270778e9f42faeb865daf355c791272495d2
4ca2cb58-dedf-599c-9418-348c2520a943,ProductVariant,master_canonical,wajenzi-master-catalogue-v1,15206,SSTL217,SSTL168,unique_parent_sku,3b3c3d01-4acf-5152-9e48-6ba1655e89d5,15157,Rectangular Hollow Section,Area of Section,150 x 50mm,Thickness in mm,3.0,piece,1,piece,1 piece,55.39,,,,,,,23-13 17 11 11,05 50 00,,,03.030,ea5fc6cbc5b6076aef46aaf5029109f5f8d660b36d55b09cf17461bf4b89c7e9
4c2d73d6-ea6a-5d99-bbe1-2462e6c77db9,ProductVariant,master_canonical,wajenzi-master-catalogue-v1,15207,SSTL218,SSTL168,unique_parent_sku,3b3c3d01-4acf-5152-9e48-6ba1655e89d5,15157,Rectangular Hollow Section,Area of Section,150 x 50mm,Thickness in mm,4.0,piece,1,piece,1 piece,73.1,,,,,,,23-13 17 11 11,05 50 00,,,03.030,83d560845f175f200e96de7859f7a1f0f729478ee6e39520ad5c4868c9141f2c
abce39f8-d817-564e-b041-f7cb181842b6,ProductVariant,master_canonical,wajenzi-master-catalogue-v1,15208,SSTL219,SSTL168,unique_parent_sku,3b3c3d01-4acf-5152-9e48-6ba1655e89d5,15157,Rectangular Hollow Section,Area of Section,150 x 75mm,Thickness in mm,3.0,piece,1,piece,1 piece,62.45,,,,,,,23-13 17 11 11,05 50 00,,,03.030,1b1205bd45678d26d95b63e3d6990617365edda60eb2efa09ac2fe2c1bc573b6
418e6b10-2a43-5d87-b404-0cdc84d099cf,ProductVariant,master_canonical,wajenzi-master-catalogue-v1,15209,SSTL220,SSTL168,unique_parent_sku,3b3c3d01-4acf-5152-9e48-6ba1655e89d5,15157,Rectangular Hollow Section,Area of Section,150 x 75mm,Thickness in mm,4.0,piece,1,piece,1 piece,82.52,,,,,,,23-13 17 11 11,05 50 00,,,03.030,4ec96059d63b7dc17760703445e6c938677f932c0ba5a9d55ca493aff17ae886
6146c65f-dc8f-516c-9b11-3f1ae397e239,ProductVariant,master_canonical,wajenzi-master-catalogue-v1,15210,SSTL221,SSTL168,unique_parent_sku,3b3c3d01-4acf-5152-9e48-6ba1655e89d5,15157,Rectangular Hollow Section,Area of Section,150 x 75mm,Thickness in mm,5.0,piece,1,piece,1 piece,100.09,,,,,,,23-13 17 11 11,05 50 00,,,03.030,682d58ff42693d47eb15c1680f95d980b22e8833e23fadbe1db3ddc46bef25d8
3199ffe9-3b9a-5aa9-9ff3-96141af83f8e,ProductVariant,master_canonical,wajenzi-master-catalogue-v1,15211,SSTL222,SSTL168,unique_parent_sku,3b3c3d01-4acf-5152-9e48-6ba1655e89d5,15157,Rectangular Hollow Section,Area of Section,150 x 75mm,Thickness in mm,6.0,piece,1,piece,1 piece,120.11,,,,,,,23-13 17 11 11,05 50 00,,,03.030,b8b58b88216261ba9e4327c9e6fb4083525e3fb220fa0adf6d4b13ef3acc93cf
5aead517-de6b-5902-9766-a3ac7e90a220,ProductVariant,master_canonical,wajenzi-master-catalogue-v1,15212,SSTL223,SSTL168,unique_parent_sku,3b3c3d01-4acf-5152-9e48-6ba1655e89d5,15157,Rectangular Hollow Section,Area of Section,150 x 100mm,Thickness in mm,3.0,piece,1,piece,1 piece,69.52,,,,,,,23-13 17 11 11,05 50 00,,,03.030,d29ae9b525fc3569bd2b383c825f90eae943c848df55d41b2513498f1902ad37
9b1a208d-3462-5ab7-b92e-44f89f082b97,ProductVariant,master_canonical,wajenzi-master-catalogue-v1,15213,SSTL224,SSTL168,unique_parent_sku,3b3c3d01-4acf-5152-9e48-6ba1655e89d5,15157,Rectangular Hollow Section,Area of Section,150 x 100mm,Thickness in mm,4.0,piece,1,piece,1 piece,91.94,,,,,,,23-13 17 11 11,05 50 00,,,03.030,a9e4838fe813f97a19da7fc060d4da5886aa909ebf64bb78e475181359588df9
5854c689-7f4a-5310-bd77-64cee64c51f1,ProductVariant,master_canonical,wajenzi-master-catalogue-v1,15214,SSTL225,SSTL168,unique_parent_sku,3b3c3d01-4acf-5152-9e48-6ba1655e89d5,15157,Rectangular Hollow Section,Area of Section,150 x 100mm,Thickness in mm,5.0,piece,1,piece,1 piece,111.86,,,,,,,23-13 17 11 11,05 50 00,,,03.030,7cd86b69adffdc2ce0783d1470332dc6384fde057a3031a3245b3192ab9468c3
e75e1794-d890-5c53-b773-25962fbbc6ec,ProductVariant,master_canonical,wajenzi-master-catalogue-v1,15215,SSTL226,SSTL168,unique_parent_sku,3b3c3d01-4acf-5152-9e48-6ba1655e89d5,15157,Rectangular Hollow Section,Area of Section,150 x 100mm,Thickness in mm,6.0,piece,1,piece,1 piece,134.24,,,,,,,23-13 17 11 11,05 50 00,,,03.030,41a36fe32f6d11058e85c46d8080c81e6a306b6db4d2438efceca753e99b571c
aafea685-6d50-5d29-8051-69d5f5e121e1,ProductVariant,master_canonical,wajenzi-master-catalogue-v1,15216,SSTL227,SSTL168,unique_parent_sku,3b3c3d01-4acf-5152-9e48-6ba1655e89d5,15157,Rectangular Hollow Section,Area of Section,200 x 50mm,Thickness in mm,3.0,piece,1,piece,1 piece,69.52,,,,,,,23-13 17 11 11,05 50 00,,,03.030,cae7f58db44e4b7980f03a09be2be2e475ef5ff8215b750770bc619408d96ec6
0cb37182-d9d9-50e3-8b2d-fa1eae7e89a1,ProductVariant,master_canonical,wajenzi-master-catalogue-v1,15217,SSTL228,SSTL168,unique_parent_sku,3b3c3d01-4acf-5152-9e48-6ba1655e89d5,15157,Rectangular Hollow Section,Area of Section,200 x 50mm,Thickness in mm,4.0,piece,1,piece,1 piece,91.94,,,,,,,23-13 17 11 11,05 50 00,,,03.030,392c9ce2b3512e24aa72aaeaefbd40c87cb3fc411e5a237a53c4e5884cf14891
6ff69cee-c8d7-549c-9064-28757f1d1eda,ProductVariant,master_canonical,wajenzi-master-catalogue-v1,15218,SSTL229,SSTL168,unique_parent_sku,3b3c3d01-4acf-5152-9e48-6ba1655e89d5,15157,Rectangular Hollow Section,Area of Section,200 x 100mm,Thickness in mm,4.0,piece,1,piece,1 piece,110.78,,,,,,,23-13 17 11 11,05 50 00,,,03.030,f01a79a7a1c6d49cde3f625549313b2b88cdc23a2a55456c7b56853787e38517
9fc028a8-4119-599c-b16a-bf5ae1c17112,ProductVariant,master_canonical,wajenzi-master-catalogue-v1,15219,SSTL230,SSTL168,unique_parent_sku,3b3c3d01-4acf-5152-9e48-6ba1655e89d5,15157,Rectangular Hollow Section,Area of Section,200 x 100mm,Thickness in mm,5.0,piece,1,piece,1 piece,135.41,,,,,,,23-13 17 11 11,05 50 00,,,03.030,fc9e814dd5d4a3bcf1bc9f3e15d8d2c21be08d0d5d71c66f302a9130172e0a54
8859d72c-02e0-59e7-92b7-d375e8cd945c,ProductVariant,master_canonical,wajenzi-master-catalogue-v1,15220,SSTL231,SSTL168,unique_parent_sku,3b3c3d01-4acf-5152-9e48-6ba1655e89d5,15157,Rectangular Hollow Section,Area of Section,200 x 100mm,Thickness in mm,6.0,piece,1,piece,1 piece,162.5,,,,,,,23-13 17 11 11,05 50 00,,,03.030,51256c1cdbac6636454d743bb849a64f545aaa5e62ebab4da3a9600e1acc1e0b
01e09c2e-7093-57ea-91c9-6237df0e9cc2,ProductVariant,master_canonical,wajenzi-master-catalogue-v1,20694,PPR002,PPR001,unique_parent_sku,4a3ec1fd-1adf-520e-9d65-875d9cc9550d,20691,Ppr Pipes - 20,Diameter in mm,20,,,piece,1,piece,1 piece,,,,,,,,23-31 35 00,22 10 00,,EC010882,05.050,1ebc645ca6e0b44ab1b63387793b307973befa2d8a5982b384c6a9d4a3750fc3
87a8b160-cb9f-5b38-9b0e-a4aa67c9706d,ProductVariant,master_canonical,wajenzi-master-catalogue-v1,20695,PPR003,PPR001,unique_parent_sku,4a3ec1fd-1adf-520e-9d65-875d9cc9550d,20691,Ppr Pipes - 25,Diameter in mm,25,,,piece,1,piece,1 piece,,,,,,,,23-31 35 00,22 10 00,,EC010882,05.050,93926ccb190475e2383045201bf640c3da54bcab96995a0c0b89723a90783a04
3a4a2980-d1f4-5424-b88a-416d97c63c45,ProductVariant,master_canonical,wajenzi-master-catalogue-v1,20696,PPR004,PPR001,unique_parent_sku,4a3ec1fd-1adf-520e-9d65-875d9cc9550d,20691,Ppr Pipes - 32,Diameter in mm,32,,,piece,1,piece,1 piece,,,,,,,,23-31 35 00,22 10 00,,EC010882,05.050,673d2cb1b0a79c5aebe782f503aa3329fcc6420774fb6514f0705d4c3268188c
bc4d7372-f5a5-5401-a08e-fbe4565356ee,ProductVariant,master_canonical,wajenzi-master-catalogue-v1,20697,PPR005,PPR001,unique_parent_sku,4a3ec1fd-1adf-520e-9d65-875d9cc9550d,20691,Ppr Pipes - 40,Diameter in mm,40,,,piece,1,piece,1 piece,,,,,,,,23-31 35 00,22 10 00,,EC010882,05.050,59dcd04a64770e48f743110e246730c618bbf7d1ecf463bc266f2700064aa126
82052c62-1cf8-5adf-a276-2fdaf51eb048,ProductVariant,master_canonical,wajenzi-master-catalogue-v1,20698,PPR006,PPR001,unique_parent_sku,4a3ec1fd-1adf-520e-9d65-875d9cc9550d,20691,Ppr Pipes - 50,Diameter in mm,50,,,piece,1,piece,1 piece,,,,,,,,23-31 35 00,22 10 00,,EC010882,05.050,12cde8fc489f779f1e8f192f03cdc92d911a2279343a2ece9a14785b6e8a2281
f8301666-7890-5e4a-8f3d-cfee24b81d14,ProductVariant,master_canonical,wajenzi-master-catalogue-v1,20699,PPR007,PPR001,unique_parent_sku,4a3ec1fd-1adf-520e-9d65-875d9cc9550d,20691,Ppr Pipes - 63,Diameter in mm,63,,,piece,1,piece,1 piece,,,,,,,,23-31 35 00,22 10 00,,EC010882,05.050,8306e336d2ea5459c654acc3362ff5d1b5d44faeb283dd7c635121e3d865f252
120e8ce8-537a-50ef-8142-e65f622debfc,ProductVariant,master_canonical,wajenzi-master-catalogue-v1,20700,PPR008,PPR001,unique_parent_sku,4a3ec1fd-1adf-520e-9d65-875d9cc9550d,20691,Ppr Pipes - 75,Diameter in mm,75,,,piece,1,piece,1 piece,,,,,,,,23-31 35 00,22 10 00,,EC010882,05.050,0ec7fd968984edc7fca6edf7f9ef0330f4dc528d56efcab4994240064a9ba43a
53fbf265-8221-5670-a84d-22895bd0768c,ProductVariant,master_canonical,wajenzi-master-catalogue-v1,20701,PPR009,PPR001,unique_parent_sku,4a3ec1fd-1adf-520e-9d65-875d9cc9550d,20691,Ppr Pipes - 90,Diameter in mm,90,,,piece,1,piece,1 piece,,,,,,,,23-31 35 00,22 10 00,,EC010882,05.050,8ae8535e8979e6a1098549533ea326596637f978ea8fd2fca3d432059736ed9f
3a3e222b-b63f-50e2-976a-70fbb0d6f0ce,ProductVariant,master_canonical,wajenzi-master-catalogue-v1,20702,PPR010,PPR001,unique_parent_sku,4a3ec1fd-1adf-520e-9d65-875d9cc9550d,20691,Ppr Pipes - 110,Diameter in mm,110,,,piece,1,piece,1 piece,,,,,,,,23-31 35 00,22 10 00,,EC010882,05.050,0f2be01bec1e9df8b7ac7bc353f2e3cc2b5c6751e5b49ecf3d9a19825325d800
7f12efd2-358b-57d3-81a4-88e5f7362d28,ProductVariant,master_canonical,wajenzi-master-catalogue-v1,20733,PPR042,PPR041,unique_parent_sku,42b888e1-c616-5f56-a05d-794c56742e4a,20721,Tee - 20,size in mm,20,,,piece,1,piece,1 piece,,,,,,,,,,,,,64a505615d5cb3eeca06a82bfea69ce43616b209ff413c530aeeb3cc814e5fec
e3ba3d66-c9d3-5585-8116-2b38f32f4bed,ProductVariant,master_canonical,wajenzi-master-catalogue-v1,20734,PPR043,PPR041,unique_parent_sku,42b888e1-c616-5f56-a05d-794c56742e4a,20721,Tee - 25,size in mm,25,,,piece,1,piece,1 piece,,,,,,,,,,,,,9ceabb57e22f9cb2b511dc867974b0c2e3a28ec24776930a95a5e3b36397cd92
c0843744-c2ce-50d5-a077-263158121f23,ProductVariant,master_canonical,wajenzi-master-catalogue-v1,20735,PPR044,PPR041,unique_parent_sku,42b888e1-c616-5f56-a05d-794c56742e4a,20721,Tee - 32,size in mm,32,,,piece,1,piece,1 piece,,,,,,,,,,,,,ba0105dd83bf6a0684cf80763ae97d087f1af5ade418049eea9bd736757f4532
58bcc619-e8d3-5a2d-b22b-ed8bf9f579f1,ProductVariant,master_canonical,wajenzi-master-catalogue-v1,20736,PPR045,PPR041,unique_parent_sku,42b888e1-c616-5f56-a05d-794c56742e4a,20721,Tee - 40,size in mm,40,,,piece,1,piece,1 piece,,,,,,,,,,,,,fc95f4ae5d30ea1df027c93da0e3945c6c8eb88449f93cf43c9cc1d0c07f031f
6ff1d6a6-4186-5a8d-a5e7-048812afb0b8,ProductVariant,master_canonical,wajenzi-master-catalogue-v1,20737,PPR046,PPR041,unique_parent_sku,42b888e1-c616-5f56-a05d-794c56742e4a,20721,Tee - 50,size in mm,50,,,piece,1,piece,1 piece,,,,,,,,,,,,,ac35585f186db51ec74f696a5fc3af8d392adecdcf1f22f72d3c6e3d9686e9cc
5de15bc8-3af9-5cda-a8ef-e4347b67c22e,ProductVariant,master_canonical,wajenzi-master-catalogue-v1,20738,PPR047,PPR041,unique_parent_sku,42b888e1-c616-5f56-a05d-794c56742e4a,20721,Tee - 63,size in mm,63,,,piece,1,piece,1 piece,,,,,,,,,,,,,e2397939faaae27b73380b64aef1823566d4a7c85cce3cc70b1b0b171c591a08
9af6973b-079d-5d2c-8ad2-a9af0a02b0d5,ProductVariant,master_canonical,wajenzi-master-catalogue-v1,20739,PPR048,PPR041,unique_parent_sku,42b888e1-c616-5f56-a05d-794c56742e4a,20721,Tee - 75,size in mm,75,,,piece,1,piece,1 piece,,,,,,,,,,,,,9164e23d17e4e7e15725daa457b08d63feb2e12e6f37fdcde44648ff578ddda9
3372b06f-cb69-54fa-af90-019c3e493db8,ProductVariant,master_canonical,wajenzi-master-catalogue-v1,20740,PPR049,PPR041,unique_parent_sku,42b888e1-c616-5f56-a05d-794c56742e4a,20721,Tee - 90,size in mm,90,,,piece,1,piece,1 piece,,,,,,,,,,,,,17b2d56ca2b0190f547bf2e9a6b894c96f44443285588ec295a9b4fd61e67b77
29744837-74cf-5197-ace5-928af8214d5c,ProductVariant,master_canonical,wajenzi-master-catalogue-v1,20741,PPR050,PPR041,unique_parent_sku,42b888e1-c616-5f56-a05d-794c56742e4a,20721,Tee - 110,size in mm,110,,,piece,1,piece,1 piece,,,,,,,,,,,,,52ba7de2df25da2c85e61a433555a6bf2f4a38e7c0800433221b08791084aca3
c267cddd-796a-58a7-9722-a881b4a08fe8,ProductVariant,master_canonical,wajenzi-master-catalogue-v1,20742,PPR052,PPR051,unique_parent_sku,ec4e2dfe-f077-56f3-a2e1-33a24e0ff47b,20722,Male Pp-R Tee - 20*½,Size,20*½,,,piece,1,piece,1 piece,,,,,,,,,,,,,b77a789d9f50dbdfdb05065c5f244f0238db2d8a3d9a4fb7d2a449b3db6c83e6
9a7f1433-4b05-51ce-8c9a-9e92b4a1f36a,ProductVariant,master_canonical,wajenzi-master-catalogue-v1,20743,PPR053,PPR051,unique_parent_sku,ec4e2dfe-f077-56f3-a2e1-33a24e0ff47b,20722,Male Pp-R Tee - 25*½,Size,25*½,,,piece,1,piece,1 piece,,,,,,,,,,,,,91ab57188830ac075a2c93b50f9ebfed4c8a84fcd163c19d831a4bca648b43ca
2e061c42-1d75-5537-a471-b5490cb24f02,ProductVariant,master_canonical,wajenzi-master-catalogue-v1,20744,PPR054,PPR051,unique_parent_sku,ec4e2dfe-f077-56f3-a2e1-33a24e0ff47b,20722,Male Pp-R Tee - 25*¾,Size,25*¾,,,piece,1,piece,1 piece,,,,,,,,,,,,,ec9770b1f735ae5916b3815a4be9cc730a892d8e9fc4a34c3a6045ee3a809c57
6b7abf15-ea2b-5051-aa9c-6bce9d6c6e92,ProductVariant,master_canonical,wajenzi-master-catalogue-v1,20745,PPR055,PPR051,unique_parent_sku,ec4e2dfe-f077-56f3-a2e1-33a24e0ff47b,20722,Male Pp-R Tee - 32*¾,Size,32*¾,,,piece,1,piece,1 piece,,,,,,,,,,,,,8c4065821451bd912c946ee3b70ca43278f3912b792e3a54ccbf9fb3a619346e
a5239122-211a-527a-9127-48820a0f8243,ProductVariant,master_canonical,wajenzi-master-catalogue-v1,20746,PPR056,PPR051,unique_parent_sku,ec4e2dfe-f077-56f3-a2e1-33a24e0ff47b,20722,Male Pp-R Tee - 32*½,Size,32*½,,,piece,1,piece,1 piece,,,,,,,,,,,,,83d0e34c0d4f6645c1e921ae13a4e922a9aa54795028466e4172da93d9e75633
36536dab-e60c-59b7-bf67-1fc95a5073cb,ProductVariant,master_canonical,wajenzi-master-catalogue-v1,20747,PPR057,PPR051,unique_parent_sku,ec4e2dfe-f077-56f3-a2e1-33a24e0ff47b,20722,Male Pp-R Tee - 32*1,Size,32*1,,,piece,1,piece,1 piece,,,,,,,,,,,,,96c269d9034964c151b421cdcd1960abe61896c58f8253bc22d39262aa6bb736
a9a078e4-8418-5790-9f02-f0162c0159c4,ProductVariant,master_canonical,wajenzi-master-catalogue-v1,20748,PPR058,PPR051,unique_parent_sku,ec4e2dfe-f077-56f3-a2e1-33a24e0ff47b,20722,Male Pp-R Tee - 40*1,Size,40*1,,,piece,1,piece,1 piece,,,,,,,,,,,,,c131318a6e8833dd25c761a9348893df57377b44027f8ad86edc40a33c3354f8
43556957-a659-5acb-b4ee-5332e72ea707,ProductVariant,master_canonical,wajenzi-master-catalogue-v1,20749,PPR059,PPR051,unique_parent_sku,ec4e2dfe-f077-56f3-a2e1-33a24e0ff47b,20722,Male Pp-R Tee - 40 *1¼,Size,40 *1¼,,,piece,1,piece,1 piece,,,,,,,,,,,,,d20d962c05db382826d9fe239658d10519ce4de560cdc5e2c37cdb183532bd03
c29de47d-c0a9-58ef-ae24-a786394f5d8c,ProductVariant,master_canonical,wajenzi-master-catalogue-v1,20750,PPR060,PPR051,unique_parent_sku,ec4e2dfe-f077-56f3-a2e1-33a24e0ff47b,20722,Male Pp-R Tee - 50*1,Size,50*1,,,piece,1,piece,1 piece,,,,,,,,,,,,,79f4f04e40cec27009c65f15d35eca15e26f334e2c2a10343f5e3ef2e1c6bef5
29d3ddef-b461-5a1c-94cd-c6a9b381cf5c,ProductVariant,master_canonical,wajenzi-master-catalogue-v1,20754,PPR061,PPR051,unique_parent_sku,ec4e2dfe-f077-56f3-a2e1-33a24e0ff47b,20722,Male Pp-R Tee - 50*1½,Size,50*1½,,,piece,1,piece,1 piece,,,,,,,,,,,,,844803fb51a1f00e04cc0f78f6a8505a5cf232b3e88d6661def91241cba61cd8
cb9da820-49b6-5457-afff-167adb512ccd,ProductVariant,master_canonical,wajenzi-master-catalogue-v1,20755,PPR062,PPR051,unique_parent_sku,ec4e2dfe-f077-56f3-a2e1-33a24e0ff47b,20722,Male Pp-R Tee - 63*2,Size,63*2,,,piece,1,piece,1 piece,,,,,,,,,,,,,a6c69f9c4fbf13a3bde510c3c220e5f0ec2b08a095b3796fca6d55efdc6ed788
c3e5dbf2-8ab3-563b-ac48-66a6e858228e,ProductVariant,master_canonical,wajenzi-master-catalogue-v1,20756,PPR064,PPR063,unique_parent_sku,c0b6ab9c-0644-50a8-ae38-858191af58b0,20751,Female Pp-R Tee - 20*½,Size,20*½,,,piece,1,piece,1 piece,,,,,,,,,,,,,ffdb4f6ef493bfa148762d65746cfd25a550297397ec04c2c5590d59f9b68371
189ec3b8-a927-50a3-ad16-958b2c191047,ProductVariant,master_canonical,wajenzi-master-catalogue-v1,20757,PPR065,PPR063,unique_parent_sku,c0b6ab9c-0644-50a8-ae38-858191af58b0,20751,Female Pp-R Tee - 25*½,Size,25*½,,,piece,1,piece,1 piece,,,,,,,,,,,,,38fe7ae81408c56b2725c7fd51cd789db9357c079fce207300612727467c3e16
b6a8a8ad-f245-59a0-beb8-7f43b9e0b004,ProductVariant,master_canonical,wajenzi-master-catalogue-v1,20758,PPR066,PPR063,unique_parent_sku,c0b6ab9c-0644-50a8-ae38-858191af58b0,20751,Female Pp-R Tee - 25*¾,Size,25*¾,,,piece,1,piece,1 piece,,,,,,,,,,,,,95200aa96d42a9743e256b6c9442a80313a0156471461fad8169ee8fd49216e9
cc0e70fa-6688-52eb-971a-520763f7e0f2,ProductVariant,master_canonical,wajenzi-master-catalogue-v1,20759,PPR067,PPR063,unique_parent_sku,c0b6ab9c-0644-50a8-ae38-858191af58b0,20751,Female Pp-R Tee - 32*¾,Size,32*¾,,,piece,1,piece,1 piece,,,,,,,,,,,,,cda9f35848b43038007dd000d73cbeecf06e817dd2412ff66185af7e5bbbc0dc
d199e245-7dac-53d4-ad13-242305b42723,ProductVariant,master_canonical,wajenzi-master-catalogue-v1,20760,PPR068,PPR063,unique_parent_sku,c0b6ab9c-0644-50a8-ae38-858191af58b0,20751,Female Pp-R Tee - 32*½,Size,32*½,,,piece,1,piece,1 piece,,,,,,,,,,,,,6c427c5ad30f281e49ce73482611fc1a2643211fe6408bf2ed7d59054402d475
8b584a23-bb75-5a34-9491-5561faa2538d,ProductVariant,master_canonical,wajenzi-master-catalogue-v1,20761,PPR069,PPR063,unique_parent_sku,c0b6ab9c-0644-50a8-ae38-858191af58b0,20751,Female Pp-R Tee - 32*1,Size,32*1,,,piece,1,piece,1 piece,,,,,,,,,,,,,9d8f6aadec245336c578b03224a35830944ba235fe2b8bcbf0692fa3e0cd29de
e8dc108c-1bf1-599a-83a3-36e5e2c01f58,ProductVariant,master_canonical,wajenzi-master-catalogue-v1,20762,PPR070,PPR063,unique_parent_sku,c0b6ab9c-0644-50a8-ae38-858191af58b0,20751,Female Pp-R Tee - 40*1,Size,40*1,,,piece,1,piece,1 piece,,,,,,,,,,,,,b817154927bdedcb1dbdbc3ca3f86f868583245a080f182c1b72c57880fe3c98
992f4989-40ff-56a0-b058-8c0704bd8001,ProductVariant,master_canonical,wajenzi-master-catalogue-v1,20763,PPR071,PPR063,unique_parent_sku,c0b6ab9c-0644-50a8-ae38-858191af58b0,20751,Female Pp-R Tee - 40 *1¼,Size,40 *1¼,,,piece,1,piece,1 piece,,,,,,,,,,,,,f502f7e1b5ecc4d4381d233d8a20383cc6d3f7919a4c8219a8d746d42cbfa06d
2ea4bc55-38a7-52f7-8d49-96183a359a3a,ProductVariant,master_canonical,wajenzi-master-catalogue-v1,20764,PPR072,PPR063,unique_parent_sku,c0b6ab9c-0644-50a8-ae38-858191af58b0,20751,Female Pp-R Tee - 50*1,Size,50*1,,,piece,1,piece,1 piece,,,,,,,,,,,,,b40d4269ecee3cb28b2dc0a2be4e2dd9d720876418fdc54ac9211c3daa3e1e24
4619bfea-16b0-5246-b37c-ddb182cb1fa6,ProductVariant,master_canonical,wajenzi-master-catalogue-v1,20765,PPR073,PPR063,unique_parent_sku,c0b6ab9c-0644-50a8-ae38-858191af58b0,20751,Female Pp-R Tee - 50*1½,Size,50*1½,,,piece,1,piece,1 piece,,,,,,,,,,,,,9e422ff44db2bae1d54746c30d1e892ca39c550ebf3f173d95e72f6ea1114293
72486298-dcfd-5c06-bba7-e1ccfd3c5a0f,ProductVariant,master_canonical,wajenzi-master-catalogue-v1,20766,PPR074,PPR063,unique_parent_sku,c0b6ab9c-0644-50a8-ae38-858191af58b0,20751,Female Pp-R Tee - 63*2,Size,63*2,,,piece,1,piece,1 piece,,,,,,,,,,,,,9a6f4680ded22226c7b3bab03414f5cf910e9792e62351ab1ab5ca82c4a63b72
04f30802-93c9-53c7-b3dc-da7fb9fdc545,ProductVariant,master_canonical,wajenzi-master-catalogue-v1,20776,PPR086,PPR085,unique_parent_sku,9ae48b32-0724-539f-a81d-8dce743f52f5,20753,Female Union - 20*½,Size,20*½,,,piece,1,piece,1 piece,,,,,,,,,,,,,406930bde49744c239b13d50442394d6d672f3c4ea53d725e50bc033dfbcbdcc
da4a9410-1e6d-5556-a77c-89e93402d059,ProductVariant,master_canonical,wajenzi-master-catalogue-v1,20777,PPR087,PPR085,unique_parent_sku,9ae48b32-0724-539f-a81d-8dce743f52f5,20753,Female Union - 20* ¾,Size,20* ¾,,,piece,1,piece,1 piece,,,,,,,,,,,,,0aeb7caba590f5cdd40c5f60c6dbef897deb44d9c78e1c4bcabbfd4054bd0906
67fd0ee6-4dfb-58dd-a1e5-b390fbc4c6c6,ProductVariant,master_canonical,wajenzi-master-catalogue-v1,20778,PPR088,PPR085,unique_parent_sku,9ae48b32-0724-539f-a81d-8dce743f52f5,20753,Female Union - 25*½,Size,25*½,,,piece,1,piece,1 piece,,,,,,,,,,,,,fcd213f3c91d1fc0983af1ec029dd1f53126cf47e69d61f86bd5348af6f6a2c3
7377c9b2-cde3-5813-84f3-40c320918786,ProductVariant,master_canonical,wajenzi-master-catalogue-v1,20779,PPR089,PPR085,unique_parent_sku,9ae48b32-0724-539f-a81d-8dce743f52f5,20753,Female Union - 25*¾,Size,25*¾,,,piece,1,piece,1 piece,,,,,,,,,,,,,6825cde8a15e59afbffcb87b3e1eb15a8ea50a515bcc254921130db9c76ad93c
0a877bb7-9d27-57b7-82a0-6e47ee1f6d4b,ProductVariant,master_canonical,wajenzi-master-catalogue-v1,20780,PPR090,PPR085,unique_parent_sku,9ae48b32-0724-539f-a81d-8dce743f52f5,20753,Female Union - 32*¾,Size,32*¾,,,piece,1,piece,1 piece,,,,,,,,,,,,,40e63974361776796137a2ae47716f04ff63f453713742466eee344dcea8a7db
8a6ef68c-a060-5435-ac6e-c6ad071438f3,ProductVariant,master_canonical,wajenzi-master-catalogue-v1,20783,PPR091,PPR085,unique_parent_sku,9ae48b32-0724-539f-a81d-8dce743f52f5,20753,Female Union - 32*½,Size,32*½,,,piece,1,piece,1 piece,,,,,,,,,,,,,4eb53bcd5c6da78937ed402c2ecc33daa243ed472e5f0caae043b9fff05fbfc0
3f16e270-72a2-5d0d-9e32-130ab28414dd,ProductVariant,master_canonical,wajenzi-master-catalogue-v1,20784,PPR092,PPR085,unique_parent_sku,9ae48b32-0724-539f-a81d-8dce743f52f5,20753,Female Union - 32*1,Size,32*1,,,piece,1,piece,1 piece,,,,,,,,,,,,,6b2daa41a829538583626c6ea8d75c71f6cc1ea6421ccbc88d8ac29bf12140f7
147fc028-7871-50cb-9e19-98a7bf89a391,ProductVariant,master_canonical,wajenzi-master-catalogue-v1,20785,PPR093,PPR085,unique_parent_sku,9ae48b32-0724-539f-a81d-8dce743f52f5,20753,Female Union - 40*1,Size,40*1,,,piece,1,piece,1 piece,,,,,,,,,,,,,3e6ac1911a5bd91bee416f846c851cde6a6d6340bf2859d6590d7fd01b382ada
413603d9-880d-50e5-a231-149de0151cc6,ProductVariant,master_canonical,wajenzi-master-catalogue-v1,20786,PPR094,PPR085,unique_parent_sku,9ae48b32-0724-539f-a81d-8dce743f52f5,20753,Female Union - 40 *1¼,Size,40 *1¼,,,piece,1,piece,1 piece,,,,,,,,,,,,,7c7a63123fc00e71623c0d668af34f51f092823a6836a0c893fdefa5ee8bcca8
1df65109-afcd-5034-a3af-c269e0f0002d,ProductVariant,master_canonical,wajenzi-master-catalogue-v1,20787,PPR095,PPR085,unique_parent_sku,9ae48b32-0724-539f-a81d-8dce743f52f5,20753,Female Union - 50*1,Size,50*1,,,piece,1,piece,1 piece,,,,,,,,,,,,,0dca308d5339d9ab85758c5dc229971551011e08d345d040159e468b380b56e2
9b864fa0-9de1-5fbb-b8b8-35180f2b7893,ProductVariant,master_canonical,wajenzi-master-catalogue-v1,20788,PPR096,PPR085,unique_parent_sku,9ae48b32-0724-539f-a81d-8dce743f52f5,20753,Female Union - 50*1½,Size,50*1½,,,piece,1,piece,1 piece,,,,,,,,,,,,,553385aa6393cf5a9af4806e0a7dc522cff069b6839d8566f1fc13a919eeea14
e5e6ca9e-0e34-5d51-932b-5d0910468d6a,ProductVariant,master_canonical,wajenzi-master-catalogue-v1,20789,PPR097,PPR085,unique_parent_sku,9ae48b32-0724-539f-a81d-8dce743f52f5,20753,Female Union - 63*2,Size,63*2,,,piece,1,piece,1 piece,,,,,,,,,,,,,5d994f005c8697a4ecb0a4b329c44564cc424b96dc0a5a995c21efbfb8100208
9d6dc22d-7ef5-5b41-89d5-8dabedb2219e,ProductVariant,master_canonical,wajenzi-master-catalogue-v1,20790,PPR099,PPR098,unique_parent_sku,03208183-f4d3-5b61-9bcc-b10899935dfd,20781,Male Union - 20*½,Size,20*½,,,piece,1,piece,1 piece,,,,,,,,,,,,,e57836ef5efd0f1cde6b603e517a582539ce224eb968ca34a2310e257f920006
ac539b87-b9a1-5d84-91c4-e0cf46256dc2,ProductVariant,master_canonical,wajenzi-master-catalogue-v1,20791,PPR100,PPR098,unique_parent_sku,03208183-f4d3-5b61-9bcc-b10899935dfd,20781,Male Union - 20* ¾,Size,20* ¾,,,piece,1,piece,1 piece,,,,,,,,,,,,,aad4ae0af2ed0e2b392dc2c2546b936670b78dd81b5683ea10402618921b6d8d
fed12da0-1cf2-5370-bc8d-596477535ffb,ProductVariant,master_canonical,wajenzi-master-catalogue-v1,20792,PPR101,PPR098,unique_parent_sku,03208183-f4d3-5b61-9bcc-b10899935dfd,20781,Male Union - 25*½,Size,25*½,,,piece,1,piece,1 piece,,,,,,,,,,,,,91107c6a1b326a074ea0e13db4545316f2db41f237dedc7d97a6718c1d73432a
fd829a83-6125-5336-a489-318cf462c3a7,ProductVariant,master_canonical,wajenzi-master-catalogue-v1,20793,PPR102,PPR098,unique_parent_sku,03208183-f4d3-5b61-9bcc-b10899935dfd,20781,Male Union - 25*¾,Size,25*¾,,,piece,1,piece,1 piece,,,,,,,,,,,,,7d7af0b9f39e68c4868a14452ed68cc1efedf29c1cea0c34c8427dbd9e7c7eb7
4d881c7e-9f32-5f4c-8441-736d94e98f97,ProductVariant,master_canonical,wajenzi-master-catalogue-v1,20794,PPR103,PPR098,unique_parent_sku,03208183-f4d3-5b61-9bcc-b10899935dfd,20781,Male Union - 32*¾,Size,32*¾,,,piece,1,piece,1 piece,,,,,,,,,,,,,215f0728aac78118a6ba523e80e611a70f50ce050f4136719780912f9692a6ea
1304b077-0c7c-596f-92a0-6f7953484055,ProductVariant,master_canonical,wajenzi-master-catalogue-v1,20795,PPR104,PPR098,unique_parent_sku,03208183-f4d3-5b61-9bcc-b10899935dfd,20781,Male Union - 32*½,Size,32*½,,,piece,1,piece,1 piece,,,,,,,,,,,,,156a4d7a29e6e260812cb40f3477a7cd98d96944369a70ee719210d94da47d24
33071bef-d605-5f93-96bd-0029eb6cbcb2,ProductVariant,master_canonical,wajenzi-master-catalogue-v1,20796,PPR105,PPR098,unique_parent_sku,03208183-f4d3-5b61-9bcc-b10899935dfd,20781,Male Union - 32*1,Size,32*1,,,piece,1,piece,1 piece,,,,,,,,,,,,,9ac15836c39ee767041f72cebb8040f42c9d7f97318f189692d42aff5197a088
7a648e51-f493-5fbc-a1ac-b3143b5281a5,ProductVariant,master_canonical,wajenzi-master-catalogue-v1,20797,PPR106,PPR098,unique_parent_sku,03208183-f4d3-5b61-9bcc-b10899935dfd,20781,Male Union - 40*1,Size,40*1,,,piece,1,piece,1 piece,,,,,,,,,,,,,65ca528b40fbc7fb2f415843280e5d894b58c363158857764081830114b9cea0
666ac829-f7cc-5a08-a206-3891d9b7784d,ProductVariant,master_canonical,wajenzi-master-catalogue-v1,20798,PPR107,PPR098,unique_parent_sku,03208183-f4d3-5b61-9bcc-b10899935dfd,20781,Male Union - 40 *1¼,Size,40 *1¼,,,piece,1,piece,1 piece,,,,,,,,,,,,,a624b11f8e249c0ad8de096109c79496be031f6647f117980cc40743c77ff49a
3b01a007-22d2-596b-8167-7abe9aa9d82d,ProductVariant,master_canonical,wajenzi-master-catalogue-v1,20799,PPR108,PPR098,unique_parent_sku,03208183-f4d3-5b61-9bcc-b10899935dfd,20781,Male Union - 50*1,Size,50*1,,,piece,1,piece,1 piece,,,,,,,,,,,,,b6e5cc7bb3b83e3cc7b3af108029ba325672733525dce1dcc70cceaf7eecaa02
43ae0a55-1199-5b47-90b7-242627647218,ProductVariant,master_canonical,wajenzi-master-catalogue-v1,20800,PPR109,PPR098,unique_parent_sku,03208183-f4d3-5b61-9bcc-b10899935dfd,20781,Male Union - 50*1½,Size,50*1½,,,piece,1,piece,1 piece,,,,,,,,,,,,,6d823b19e6035eda00813f3b34aa3b29897c6f36d6b2063a7b98f172568e6aee
779aafd1-a6e6-59a3-abd1-554d63390e79,ProductVariant,master_canonical,wajenzi-master-catalogue-v1,20801,PPR110,PPR098,unique_parent_sku,03208183-f4d3-5b61-9bcc-b10899935dfd,20781,Male Union - 63*2,Size,63*2,,,piece,1,piece,1 piece,,,,,,,,,,,,,8758cc6e7ac76c612bab63669fc96fcf7891263637e021f822adf69292c24de6
0ae8cca9-1905-56a0-b848-d1f1821e426a,ProductVariant,master_canonical,wajenzi-master-catalogue-v1,20802,PPR112,PPR111,unique_parent_sku,a138e65b-a8df-51d4-b2d6-529fe1886b24,20782,Ppr Ball Valve - 20,Size,20,,,piece,1,piece,1 piece,,,,,,,,23-27 31 15,22 10 00,,EC010102,05.050,0a49a64ec853538022f4ac3f9c9b2877e14a277ec9bf6cbd213306755d730b28
2c6c683f-db6e-537c-ac4b-12fab6c6bcbc,ProductVariant,master_canonical,wajenzi-master-catalogue-v1,20803,PPR113,PPR111,unique_parent_sku,a138e65b-a8df-51d4-b2d6-529fe1886b24,20782,Ppr Ball Valve - 25,Size,25,,,piece,1,piece,1 piece,,,,,,,,23-27 31 15,22 10 00,,EC010102,05.050,6d11fae55fc171e7feef0df624453708754bf3df49ae63b666affb16638f7314
fbab8113-e78e-50bd-98e6-4730f500112f,ProductVariant,master_canonical,wajenzi-master-catalogue-v1,20804,PPR114,PPR111,unique_parent_sku,a138e65b-a8df-51d4-b2d6-529fe1886b24,20782,Ppr Ball Valve - 32,Size,32,,,piece,1,piece,1 piece,,,,,,,,23-27 31 15,22 10 00,,EC010102,05.050,b770ad26581d41a068dd2827fe2cc11892e8890045114e466aed2c7e7e2f94f0
0b6c124b-6b53-5ee7-b391-95df4eec6d26,ProductVariant,master_canonical,wajenzi-master-catalogue-v1,20805,PPR115,PPR111,unique_parent_sku,a138e65b-a8df-51d4-b2d6-529fe1886b24,20782,Ppr Ball Valve - 40,Size,40,,,piece,1,piece,1 piece,,,,,,,,23-27 31 15,22 10 00,,EC010102,05.050,d317680094b4d4b7d528b2aa1f540b7098e5801b4f94f906dbc57d37a7d1299c
954087f4-5f17-576e-9c55-871bf14ba64e,ProductVariant,master_canonical,wajenzi-master-catalogue-v1,20806,PPR116,PPR111,unique_parent_sku,a138e65b-a8df-51d4-b2d6-529fe1886b24,20782,Ppr Ball Valve - 50,Size,50,,,piece,1,piece,1 piece,,,,,,,,23-27 31 15,22 10 00,,EC010102,05.050,0fc534598fe56c586b1ac46c986f4af17341ac1dc9cc1fe400798993cdadcfbd
68e2e1a3-d42d-5971-a39e-00ed9e25ec84,ProductVariant,master_canonical,wajenzi-master-catalogue-v1,20807,PPR117,PPR111,unique_parent_sku,a138e65b-a8df-51d4-b2d6-529fe1886b24,20782,Ppr Ball Valve - 63,Size,63,,,piece,1,piece,1 piece,,,,,,,,23-27 31 15,22 10 00,,EC010102,05.050,fa9098948b230de73f733b101f319f0537edbea03f8fb67bcc92b7a21a9e9bbd
965f792d-4ddb-5f20-b2e9-130d30934660,ProductVariant,master_canonical,wajenzi-master-catalogue-v1,20808,PPR118,PPR111,unique_parent_sku,a138e65b-a8df-51d4-b2d6-529fe1886b24,20782,Ppr Ball Valve - 75,Size,75,,,piece,1,piece,1 piece,,,,,,,,23-27 31 15,22 10 00,,EC010102,05.050,8d14fd6711a18320bee0add66499b778dae182a30602f7fcf0964af5a5993e8f
a65e3c29-2e3a-5ee4-bc45-51fd9502b749,ProductVariant,master_canonical,wajenzi-master-catalogue-v1,20809,PPR119,PPR111,unique_parent_sku,a138e65b-a8df-51d4-b2d6-529fe1886b24,20782,Ppr Ball Valve - 90,Size,90,,,piece,1,piece,1 piece,,,,,,,,23-27 31 15,22 10 00,,EC010102,05.050,b7bfd7ea36e85bf7e0f65677029417ea503d01b029aac438dee2064516f16316
3e6b6f3f-af99-5ef9-a014-76f986957a9b,ProductVariant,master_canonical,wajenzi-master-catalogue-v1,20810,PPR120,PPR111,unique_parent_sku,a138e65b-a8df-51d4-b2d6-529fe1886b24,20782,Ppr Ball Valve - 110,Size,110,,,piece,1,piece,1 piece,,,,,,,,23-27 31 15,22 10 00,,EC010102,05.050,9b678296b5fea86f71777acb7b18f5f3daccd1cdbcce9b01b5c0c93cdefa7184
9058a03a-0fd3-51bb-873d-01fce38e3121,ProductVariant,master_canonical,wajenzi-master-catalogue-v1,20823,PPR132,PPR131,unique_parent_sku,e2869d75-a852-5ee4-823f-6afefe3b2d49,20812,Ppr Clips - 20,Size,20,,,piece,1,piece,1 piece,,,,,,,,23-31 35 00,22 10 00,,,05.050,f162e2d3d7ff36d9160974471feffeae8fe1a8ee6cc7fccb45ea74bb9058e8a3
3c5eccfb-c883-57aa-a4ff-e0eb92fd3d24,ProductVariant,master_canonical,wajenzi-master-catalogue-v1,20824,PPR133,PPR131,unique_parent_sku,e2869d75-a852-5ee4-823f-6afefe3b2d49,20812,Ppr Clips - 25,Size,25,,,piece,1,piece,1 piece,,,,,,,,23-31 35 00,22 10 00,,,05.050,d6874e979e101efe6faf5a00487b7b69602830d831336e92d29704b4687c4e1b
4b37bab3-86b6-5396-932b-e6eb3e8d7034,ProductVariant,master_canonical,wajenzi-master-catalogue-v1,20825,PPR134,PPR131,unique_parent_sku,e2869d75-a852-5ee4-823f-6afefe3b2d49,20812,Ppr Clips - 32,Size,32,,,piece,1,piece,1 piece,,,,,,,,23-31 35 00,22 10 00,,,05.050,87536ca911bd30a7800780d9aa44492f2417da4614e750b21a77f2accee2c408
039b00d1-8902-5756-b96c-e5cca741fde3,ProductVariant,master_canonical,wajenzi-master-catalogue-v1,20826,PPR135,PPR131,unique_parent_sku,e2869d75-a852-5ee4-823f-6afefe3b2d49,20812,Ppr Clips - 40,Size,40,,,piece,1,piece,1 piece,,,,,,,,23-31 35 00,22 10 00,,,05.050,eb614069d2f136931844845c8a69a2989f27d5fd989e541e4d7e5f1d817c5166
47b01d9b-0ad3-54ec-b82c-7c23bf6aa271,ProductVariant,master_canonical,wajenzi-master-catalogue-v1,20827,PPR136,PPR131,unique_parent_sku,e2869d75-a852-5ee4-823f-6afefe3b2d49,20812,Ppr Clips - 50,Size,50,,,piece,1,piece,1 piece,,,,,,,,23-31 35 00,22 10 00,,,05.050,122815666c8405e37fbaa2cff3d0ea0d13d5f9f9689da09a22ff93f87d85e9ca
db50c09d-42ac-52c8-ac62-15d6b1040a12,ProductVariant,master_canonical,wajenzi-master-catalogue-v1,20828,PPR137,PPR131,unique_parent_sku,e2869d75-a852-5ee4-823f-6afefe3b2d49,20812,Ppr Clips - 63,Size,63,,,piece,1,piece,1 piece,,,,,,,,23-31 35 00,22 10 00,,,05.050,064aa333e2910b2778d21057ea4c2f881effb095b5662cabfd306ce61b757b8d
9dd5b3a5-d0ec-57cb-a3c5-4c1cffb01850,ProductVariant,master_canonical,wajenzi-master-catalogue-v1,20829,PPR138,PPR131,unique_parent_sku,e2869d75-a852-5ee4-823f-6afefe3b2d49,20812,Ppr Clips - 75,Size,75,,,piece,1,piece,1 piece,,,,,,,,23-31 35 00,22 10 00,,,05.050,20b2ab1092a0cee06b1676eee3f5ca242748c8edecde16588fc652cf9ceea8d9
e9a63d35-53f6-5a2f-92ec-3b2f539cf68d,ProductVariant,master_canonical,wajenzi-master-catalogue-v1,20830,PPR139,PPR131,unique_parent_sku,e2869d75-a852-5ee4-823f-6afefe3b2d49,20812,Ppr Clips - 90,Size,90,,,piece,1,piece,1 piece,,,,,,,,23-31 35 00,22 10 00,,,05.050,a0f902fcdf48d19adb149c2286b581c7a5a6b51c25e7771a2891db9e4bb73f79
b9dc979d-3ceb-5234-ad21-87809014d9b6,ProductVariant,master_canonical,wajenzi-master-catalogue-v1,20831,PPR140,PPR131,unique_parent_sku,e2869d75-a852-5ee4-823f-6afefe3b2d49,20812,Ppr Clips - 110,Size,110,,,piece,1,piece,1 piece,,,,,,,,23-31 35 00,22 10 00,,,05.050,14961509aa93ae827b7c777d12ccaa8a320db2d9d57fa99f8d159c036a2d8855
211f9726-9b69-5fea-8e46-c2b287c922ad,ProductVariant,master_canonical,wajenzi-master-catalogue-v1,20832,PPR142,PPR141,unique_parent_sku,e1517447-3c63-5b8b-8a66-4c03b53ab59d,20813,Reducing Bush - Female - 20*½,Size mm by inches,20*½,,,piece,1,piece,1 piece,,,,,,,,,,,EC004397,,3333e99efa71cf0f268fbc522b6eaf5568d11c3f51820d4275c8bd623d547337
c51c5ab5-eb43-52fc-9de1-ebf0887e57ff,ProductVariant,master_canonical,wajenzi-master-catalogue-v1,20833,PPR143,PPR141,unique_parent_sku,e1517447-3c63-5b8b-8a66-4c03b53ab59d,20813,Reducing Bush - Female - 20* ¾,Size mm by inches,20* ¾,,,piece,1,piece,1 piece,,,,,,,,,,,EC004397,,57fc3a4a9a4b8703716c6358e5ca53e00eb70bdc6b31331b0a873a4a73c9f547
32bb5bc5-b34c-57ab-a2dc-0c7694cc1237,ProductVariant,master_canonical,wajenzi-master-catalogue-v1,20834,PPR144,PPR141,unique_parent_sku,e1517447-3c63-5b8b-8a66-4c03b53ab59d,20813,Reducing Bush - Female - 25*½,Size mm by inches,25*½,,,piece,1,piece,1 piece,,,,,,,,,,,EC004397,,ec497d724a125eefc110bafcd71e92f689a76d9bbf3d137210990c1b80caaed5
e3714283-a667-57d5-867b-1cfacfc5de55,ProductVariant,master_canonical,wajenzi-master-catalogue-v1,20835,PPR145,PPR141,unique_parent_sku,e1517447-3c63-5b8b-8a66-4c03b53ab59d,20813,Reducing Bush - Female - 25*¾,Size mm by inches,25*¾,,,piece,1,piece,1 piece,,,,,,,,,,,EC004397,,1b3d021e230119c34335b6f885c94483f776206efcd69a7293ac77ab409d6cf0
54d80404-542a-52fb-b177-57907599409c,ProductVariant,master_canonical,wajenzi-master-catalogue-v1,20836,PPR146,PPR141,unique_parent_sku,e1517447-3c63-5b8b-8a66-4c03b53ab59d,20813,Reducing Bush - Female - 32*¾,Size mm by inches,32*¾,,,piece,1,piece,1 piece,,,,,,,,,,,EC004397,,be3a81bebc67e83c63e82cd168c782a5e0d19a7f58fad0cdc05eb10eaca2397b
9269f104-dd08-53a0-814b-244bd5285065,ProductVariant,master_canonical,wajenzi-master-catalogue-v1,20837,PPR147,PPR141,unique_parent_sku,e1517447-3c63-5b8b-8a66-4c03b53ab59d,20813,Reducing Bush - Female - 32*½,Size mm by inches,32*½,,,piece,1,piece,1 piece,,,,,,,,,,,EC004397,,c865155ad299c73b782f385adb24f6292af049c66e4056b4031f2ba619b38cee
05bc7726-059d-5804-b9fd-5759b067d4ac,ProductVariant,master_canonical,wajenzi-master-catalogue-v1,20838,PPR148,PPR141,unique_parent_sku,e1517447-3c63-5b8b-8a66-4c03b53ab59d,20813,Reducing Bush - Female - 32*1,Size mm by inches,32*1,,,piece,1,piece,1 piece,,,,,,,,,,,EC004397,,b5edcd17c6afe4bf0eb89f3443d08ed559db67228caf5a5c3c6652b3f3538666
cad18b79-64d0-53a4-8ef8-4a21c8d5cc63,ProductVariant,master_canonical,wajenzi-master-catalogue-v1,20839,PPR149,PPR141,unique_parent_sku,e1517447-3c63-5b8b-8a66-4c03b53ab59d,20813,Reducing Bush - Female - 40*1,Size mm by inches,40*1,,,piece,1,piece,1 piece,,,,,,,,,,,EC004397,,a457571797313527cd593a6941b3bf6bee23e4fcf1cf3f0a8f58e0d4325ebecf
b24201d1-c825-5ea5-a441-948ae8a905ba,ProductVariant,master_canonical,wajenzi-master-catalogue-v1,20840,PPR150,PPR141,unique_parent_sku,e1517447-3c63-5b8b-8a66-4c03b53ab59d,20813,Reducing Bush - Female - 40 *1¼,Size mm by inches,40 *1¼,,,piece,1,piece,1 piece,,,,,,,,,,,EC004397,,977502370969ec216afa43112604be85ca5d9d8bbb5aab8fb472f017504c965f
0b36a16d-e236-5018-ae7c-56bebd12c159,ProductVariant,master_canonical,wajenzi-master-catalogue-v1,20843,PPR151,PPR141,unique_parent_sku,e1517447-3c63-5b8b-8a66-4c03b53ab59d,20813,Reducing Bush - Female - 50*1,Size mm by inches,50*1,,,piece,1,piece,1 piece,,,,,,,,,,,EC004397,,416ce9260ad5d3ba8032e3e437f7ca5329cea17f5d15289b9c79a6e8e88877a3
b671371f-88ca-569f-adf3-6925a6dc6db2,ProductVariant,master_canonical,wajenzi-master-catalogue-v1,20844,PPR152,PPR141,unique_parent_sku,e1517447-3c63-5b8b-8a66-4c03b53ab59d,20813,Reducing Bush - Female - 50*1½,Size mm by inches,50*1½,,,piece,1,piece,1 piece,,,,,,,,,,,EC004397,,b6483f0074e3b7c48467adb1ff086fe18dd0ab5498907c946344cb8b4ce28445
971ab13a-9916-5faf-86b8-14f2407dffbf,ProductVariant,master_canonical,wajenzi-master-catalogue-v1,20845,PPR153,PPR141,unique_parent_sku,e1517447-3c63-5b8b-8a66-4c03b53ab59d,20813,Reducing Bush - Female - 63*2,Size mm by inches,63*2,,,piece,1,piece,1 piece,,,,,,,,,,,EC004397,,f06fc38d7d6307da1454b4c74d781c1b15483a9bc2ff43a278779a1253b9e8de
b40ef40d-deff-5a9d-9d97-47fbfdb1bb59,ProductVariant,master_canonical,wajenzi-master-catalogue-v1,20846,PPR154,PPR141,unique_parent_sku,e1517447-3c63-5b8b-8a66-4c03b53ab59d,20813,Reducing Bush - Female - 75*2½,Size mm by inches,75*2½,,,piece,1,piece,1 piece,,,,,,,,,,,EC004397,,5478d7f4f0c56dca3bcfbc75058f891a348f27a8648a1286d6bb22e77a3c6198
0a52b788-a10f-5d56-89f2-60e0c791621a,ProductVariant,master_canonical,wajenzi-master-catalogue-v1,20847,PPR155,PPR141,unique_parent_sku,e1517447-3c63-5b8b-8a66-4c03b53ab59d,20813,Reducing Bush - Female - 90*3,Size mm by inches,90*3,,,piece,1,piece,1 piece,,,,,,,,,,,EC004397,,45c8602f2ccec0a5a43ed21cb6a8147c21d734e53bd1ad89d0111e72779a6736
8212eea5-8aaf-5686-8461-f6025da06d41,ProductVariant,master_canonical,wajenzi-master-catalogue-v1,20848,PPR156,PPR141,unique_parent_sku,e1517447-3c63-5b8b-8a66-4c03b53ab59d,20813,Reducing Bush - Female - 110*4,Size mm by inches,110*4,,,piece,1,piece,1 piece,,,,,,,,,,,EC004397,,3770151a78571dc1cf1a49c35aef3419eaade07d023dc8145b44f9981609d476
3f5ec2db-2f18-5cd9-aa27-ae83a76b17e1,ProductVariant,master_canonical,wajenzi-master-catalogue-v1,20849,PPR158,PPR157,unique_parent_sku,0bd624b2-bad4-52bd-ad3d-1ee6fd561f0d,20841,Male Reducing Bush - 20*½,Size mm by inches,20*½,,,piece,1,piece,1 piece,,,,,,,,,,,EC004397,,cb4ad45163f72f2eb2c463443de00768888041775a33c0dc8da6f8b9ec762be8
da026c58-5811-5ca7-abcd-44b1349d0bb6,ProductVariant,master_canonical,wajenzi-master-catalogue-v1,20850,PPR159,PPR157,unique_parent_sku,0bd624b2-bad4-52bd-ad3d-1ee6fd561f0d,20841,Male Reducing Bush - 20* ¾,Size mm by inches,20* ¾,,,piece,1,piece,1 piece,,,,,,,,,,,EC004397,,462702fbae82e8695f8c84f3e442add3246b31650aa11afedf7fe25b1f1df2a7
47ef3de8-1ebc-5922-adcc-550ab1378cdc,ProductVariant,master_canonical,wajenzi-master-catalogue-v1,20851,PPR160,PPR157,unique_parent_sku,0bd624b2-bad4-52bd-ad3d-1ee6fd561f0d,20841,Male Reducing Bush - 25*½,Size mm by inches,25*½,,,piece,1,piece,1 piece,,,,,,,,,,,EC004397,,1349573ff0e0b7fd8d843f4fbd8889c15a44e7bd19ba9d23c88294423415a51f
46c25b0c-62a8-550a-a5f6-2e2d874eb211,ProductVariant,master_canonical,wajenzi-master-catalogue-v1,20852,PPR161,PPR157,unique_parent_sku,0bd624b2-bad4-52bd-ad3d-1ee6fd561f0d,20841,Male Reducing Bush - 25*¾,Size mm by inches,25*¾,,,piece,1,piece,1 piece,,,,,,,,,,,EC004397,,19b73988599225fac7acaeb952883612ed151eee799e4deef5600d71e2035adb
f7b7d178-f7dc-5b87-ba89-53b06cace476,ProductVariant,master_canonical,wajenzi-master-catalogue-v1,20853,PPR162,PPR157,unique_parent_sku,0bd624b2-bad4-52bd-ad3d-1ee6fd561f0d,20841,Male Reducing Bush - 32*¾,Size mm by inches,32*¾,,,piece,1,piece,1 piece,,,,,,,,,,,EC004397,,b52cdff5cbc511ab796ee714bfac006cd85e5bc47565c2c2909c0db9dd75d761
ab632eaf-8278-52c9-863f-b8d06a72be58,ProductVariant,master_canonical,wajenzi-master-catalogue-v1,20854,PPR163,PPR157,unique_parent_sku,0bd624b2-bad4-52bd-ad3d-1ee6fd561f0d,20841,Male Reducing Bush - 32*½,Size mm by inches,32*½,,,piece,1,piece,1 piece,,,,,,,,,,,EC004397,,e0115b85c5eea8957cf0701a76acf2a0fd48a3aee729733ea794514a8ac9f0d0
c641d361-4f88-5ce6-a5ad-e75f96d1acac,ProductVariant,master_canonical,wajenzi-master-catalogue-v1,20855,PPR164,PPR157,unique_parent_sku,0bd624b2-bad4-52bd-ad3d-1ee6fd561f0d,20841,Male Reducing Bush - 32*1,Size mm by inches,32*1,,,piece,1,piece,1 piece,,,,,,,,,,,EC004397,,df8aed434489e547871f89fbebcf574b0355f6944d8efca00a0fee195dfc87ff
b80a376c-a0c2-5ffb-8fd1-37265d91bddd,ProductVariant,master_canonical,wajenzi-master-catalogue-v1,20856,PPR165,PPR157,unique_parent_sku,0bd624b2-bad4-52bd-ad3d-1ee6fd561f0d,20841,Male Reducing Bush - 40*1,Size mm by inches,40*1,,,piece,1,piece,1 piece,,,,,,,,,,,EC004397,,68317710c4e773af004821e9c566823151b2140a6f8c6eeb0e9fafa6b8afdc12
3e91a0f2-cf12-51c8-9438-47608b9cae98,ProductVariant,master_canonical,wajenzi-master-catalogue-v1,20857,PPR166,PPR157,unique_parent_sku,0bd624b2-bad4-52bd-ad3d-1ee6fd561f0d,20841,Male Reducing Bush - 40 *1¼,Size mm by inches,40 *1¼,,,piece,1,piece,1 piece,,,,,,,,,,,EC004397,,5e979f4c722ffdc3a50c1878a7d0e94be2158fdfed9477eee4c1fb3cd1065989
5cf9b995-3d7c-5257-96c4-d8250dc9d2df,ProductVariant,master_canonical,wajenzi-master-catalogue-v1,20858,PPR167,PPR157,unique_parent_sku,0bd624b2-bad4-52bd-ad3d-1ee6fd561f0d,20841,Male Reducing Bush - 50*1,Size mm by inches,50*1,,,piece,1,piece,1 piece,,,,,,,,,,,EC004397,,ca915da7edbbea61b55318421a5a4b971a32e3d8d139672e09f9a53c0270b0db
54b28704-21d6-5e3a-a57e-88c8e65375b4,ProductVariant,master_canonical,wajenzi-master-catalogue-v1,20859,PPR168,PPR157,unique_parent_sku,0bd624b2-bad4-52bd-ad3d-1ee6fd561f0d,20841,Male Reducing Bush - 50*1½,Size mm by inches,50*1½,,,piece,1,piece,1 piece,,,,,,,,,,,EC004397,,1a0738a8e944c9091516d04f9eb158bc59432826c8b4ba824c5ac3246ddf844f
b29539b7-bec9-5f5b-bc61-f047be790fde,ProductVariant,master_canonical,wajenzi-master-catalogue-v1,20860,PPR169,PPR157,unique_parent_sku,0bd624b2-bad4-52bd-ad3d-1ee6fd561f0d,20841,Male Reducing Bush - 63*2,Size mm by inches,63*2,,,piece,1,piece,1 piece,,,,,,,,,,,EC004397,,a9bed95e9454275a1fdfe6a29885c95d5f6aa2cd3c5689a35d787dbefd15a09b
235e2755-c03c-53bb-b32f-dd7f0a2aed60,ProductVariant,master_canonical,wajenzi-master-catalogue-v1,20861,PPR170,PPR157,unique_parent_sku,0bd624b2-bad4-52bd-ad3d-1ee6fd561f0d,20841,Male Reducing Bush - 75*2½,Size mm by inches,75*2½,,,piece,1,piece,1 piece,,,,,,,,,,,EC004397,,bdcbf35a830f644dd1b1022e513e018538b736e2bcb38ca6e4a619684d740e04
cc13e8d4-e96c-5692-9323-695b4410e24a,ProductVariant,master_canonical,wajenzi-master-catalogue-v1,20862,PPR171,PPR157,unique_parent_sku,0bd624b2-bad4-52bd-ad3d-1ee6fd561f0d,20841,Male Reducing Bush - 90*3,Size mm by inches,90*3,,,piece,1,piece,1 piece,,,,,,,,,,,EC004397,,4dc2c89e2cbf4510163f0985598bfdfec5e576fae63ffd07a213bd798af9e799
21f7e234-ae7c-59d7-b334-1b1012b4ed9c,ProductVariant,master_canonical,wajenzi-master-catalogue-v1,20863,PPR172,PPR157,unique_parent_sku,0bd624b2-bad4-52bd-ad3d-1ee6fd561f0d,20841,Male Reducing Bush - 110*4,Size mm by inches,110*4,,,piece,1,piece,1 piece,,,,,,,,,,,EC004397,,956fb391ffe2c9f8b99624f5d30b1522dcef1f5fa8b78df755a97861e1222ab7
efb33372-b684-54ea-ba84-9d43059749f9,ProductVariant,master_canonical,wajenzi-master-catalogue-v1,20864,PPR174,PPR173,unique_parent_sku,b74ac81c-0fbc-589b-8df2-ce7a06764aa2,20842,Cross Tee - 20,size in mm,20,,,piece,1,piece,1 piece,,,,,,,,,,,,,f83b049b89f70f5d8ce8314eeea8ebd155e01dec2997fa9818837686146227bb
a8656649-77e7-5d82-9750-f2bf73cf29ff,ProductVariant,master_canonical,wajenzi-master-catalogue-v1,20865,PPR175,PPR173,unique_parent_sku,b74ac81c-0fbc-589b-8df2-ce7a06764aa2,20842,Cross Tee - 25,size in mm,25,,,piece,1,piece,1 piece,,,,,,,,,,,,,d28f4f735b71b1f7dde877083c17f375f5e741d42cd70fb5131c9df325fae2da
3eb41974-abca-5d54-8411-b57b49c57621,ProductVariant,master_canonical,wajenzi-master-catalogue-v1,20866,PPR176,PPR173,unique_parent_sku,b74ac81c-0fbc-589b-8df2-ce7a06764aa2,20842,Cross Tee - 32,size in mm,32,,,piece,1,piece,1 piece,,,,,,,,,,,,,2cba9861ed42d742c61535d6e6aa279bed38d7aaae25a3a2ca505245318e15cf
0e402c42-6253-5516-b4d5-dbc30be19841,ProductVariant,master_canonical,wajenzi-master-catalogue-v1,20867,PPR177,PPR173,unique_parent_sku,b74ac81c-0fbc-589b-8df2-ce7a06764aa2,20842,Cross Tee - 40,size in mm,40,,,piece,1,piece,1 piece,,,,,,,,,,,,,b793f0335d891c7114a9ad037f81f8506256f6f19e714b03b3c73e3123cfd480
46eca5d9-21ae-56a8-9016-453652ef95b8,ProductVariant,master_canonical,wajenzi-master-catalogue-v1,20868,PPR178,PPR173,unique_parent_sku,b74ac81c-0fbc-589b-8df2-ce7a06764aa2,20842,Cross Tee - 50,size in mm,50,,,piece,1,piece,1 piece,,,,,,,,,,,,,15692f8e6d96004e1d0c9d70c1d615478c9e4064c6f44cde3ae095c7b538094a
3865ca10-0b58-5349-ac9d-c912970016a8,ProductVariant,master_canonical,wajenzi-master-catalogue-v1,20869,PPR179,PPR173,unique_parent_sku,b74ac81c-0fbc-589b-8df2-ce7a06764aa2,20842,Cross Tee - 63,size in mm,63,,,piece,1,piece,1 piece,,,,,,,,,,,,,fb788465c0fa45ab3ffaa5ac1c1a555886318381b3eceaf5d9b3bbb86e44d89b
c0f5c7fe-8bcc-56b7-a0ab-16c9c596363b,ProductVariant,master_canonical,wajenzi-master-catalogue-v1,20870,PPR180,PPR173,unique_parent_sku,b74ac81c-0fbc-589b-8df2-ce7a06764aa2,20842,Cross Tee - 75,size in mm,75,,,piece,1,piece,1 piece,,,,,,,,,,,,,bcd4cdb47bad9496fb5260e9d45a7946df9fb3e2763493c0572801c2ef6dadbc
d2e7f887-1a24-5eff-bf7c-20cffbc5b51b,ProductVariant,master_canonical,wajenzi-master-catalogue-v1,20874,PPR181,PPR173,unique_parent_sku,b74ac81c-0fbc-589b-8df2-ce7a06764aa2,20842,Cross Tee - 90,size in mm,90,,,piece,1,piece,1 piece,,,,,,,,,,,,,0e21aa8cb6a2fa31644aca8a854f213cdf2074fc115a828a843a8f8dd84428f2
92908f98-4166-5605-8fea-2d68c80f3d28,ProductVariant,master_canonical,wajenzi-master-catalogue-v1,20875,PPR182,PPR173,unique_parent_sku,b74ac81c-0fbc-589b-8df2-ce7a06764aa2,20842,Cross Tee - 110,size in mm,110,,,piece,1,piece,1 piece,,,,,,,,,,,,,04ea1c4d482efa5544181e104928ac3f916c3aef84e5a30d042affd474fbc01f
1e6e43f4-d560-56cb-9ae3-02eaed1d9d50,ProductVariant,master_canonical,wajenzi-master-catalogue-v1,20876,PPR184,PPR183,unique_parent_sku,a7f6ca44-984f-5919-aeda-f67394297061,20871,Reducing Bush - 40MM X 20MM,Size,40MM X 20MM,,,piece,1,piece,1 piece,,4,2,,,,,,,,EC004397,,215e3c69eb11ff0f361a22f01e042add02185b6a23c1816d0b0d0d6ec5c61159
041a4ed8-36c6-592f-8b2e-090b345d3173,ProductVariant,master_canonical,wajenzi-master-catalogue-v1,20877,PPR185,PPR183,unique_parent_sku,a7f6ca44-984f-5919-aeda-f67394297061,20871,Reducing Bush - 40MM X 20MM,Size,40MM X 20MM,,,piece,1,piece,1 piece,,4,2,,,,,,,,EC004397,,65e4ce411479394dfcc76a03a505954aee50d59e1fc3045d8d156e220791aef1
ef7e712c-e208-5edf-b92e-087f6442d598,ProductVariant,master_canonical,wajenzi-master-catalogue-v1,20878,PPR186,PPR183,unique_parent_sku,a7f6ca44-984f-5919-aeda-f67394297061,20871,Reducing Bush - 40MM X 25MM,Size,40MM X 25MM,,,piece,1,piece,1 piece,,4,2.5,,,,,,,,EC004397,,bd848a906f38151c9a340dacf84c3373c160b7c1c07768813108ca4b05caa842
0352b6fa-707c-57dd-8361-514d2c5e00ab,ProductVariant,master_canonical,wajenzi-master-catalogue-v1,20879,PPR187,PPR183,unique_parent_sku,a7f6ca44-984f-5919-aeda-f67394297061,20871,Reducing Bush - 40MM x 32MM,Size,40MM x 32MM,,,piece,1,piece,1 piece,,4,3.2,,,,,,,,EC004397,,bb62eeaa48da20706b0c4caadc09d8c078e2892c21cca72a6671df64d5e10ab4
6688aeb5-578e-567e-b1ca-775505bb1b49,ProductVariant,master_canonical,wajenzi-master-catalogue-v1,20880,PPR188,PPR183,unique_parent_sku,a7f6ca44-984f-5919-aeda-f67394297061,20871,Reducing Bush - 50MM X 20MM,Size,50MM X 20MM,,,piece,1,piece,1 piece,,5,2,,,,,,,,EC004397,,26fe525e59c713874f36d811194ce123501f4648f98980632364e7f4bb6f5df7
fb6b9e90-4101-505c-8d24-952a49b227d0,ProductVariant,master_canonical,wajenzi-master-catalogue-v1,20881,PPR189,PPR183,unique_parent_sku,a7f6ca44-984f-5919-aeda-f67394297061,20871,Reducing Bush - 50MM X 40MM,Size,50MM X 40MM,,,piece,1,piece,1 piece,,5,4,,,,,,,,EC004397,,b10a12cd174c0f14caabcf8a5f0707e79d10e28eb88f7aec0b461634adf66e33
856fe4fa-1eb0-519b-bb8a-04297002605e,ProductVariant,master_canonical,wajenzi-master-catalogue-v1,20882,PPR190,PPR183,unique_parent_sku,a7f6ca44-984f-5919-aeda-f67394297061,20871,Reducing Bush - 50MM X 32MM,Size,50MM X 32MM,,,piece,1,piece,1 piece,,5,3.2,,,,,,,,EC004397,,1e396aca4c896b2fd3e6286c2663c1300f9efd27864e3fa98578e8b360ebbb81
9e1e2991-87b9-57ad-ae9f-597c4f5f79a8,ProductVariant,master_canonical,wajenzi-master-catalogue-v1,20883,PPR191,PPR183,unique_parent_sku,a7f6ca44-984f-5919-aeda-f67394297061,20871,Reducing Bush - 63MM X 20MM,Size,63MM X 20MM,,,piece,1,piece,1 piece,,6.3,2,,,,,,,,EC004397,,152b3db3d2611c2840bf628ac231eb6fbd4326191c8d7f47a433ad8ece63b492
31e83143-ff4b-5b99-9028-5b90d3fdb79f,ProductVariant,master_canonical,wajenzi-master-catalogue-v1,20884,PPR192,PPR183,unique_parent_sku,a7f6ca44-984f-5919-aeda-f67394297061,20871,Reducing Bush - 63MM X 25MM,Size,63MM X 25MM,,,piece,1,piece,1 piece,,6.3,2.5,,,,,,,,EC004397,,c4054bd043e70d67135f1dc8f9f4417f017f464aaa1b5ad71cc6c2d275142b51
9a28815d-07d1-5aee-a0d7-8d1bbc24a80f,ProductVariant,master_canonical,wajenzi-master-catalogue-v1,20885,PPR193,PPR183,unique_parent_sku,a7f6ca44-984f-5919-aeda-f67394297061,20871,Reducing Bush - 63MM X 32MM,Size,63MM X 32MM,,,piece,1,piece,1 piece,,6.3,3.2,,,,,,,,EC004397,,902325d5e95d77c0d511ced17b39e6ef6042736729b3abeaf92eb1a00246d6af
7ee8e8c6-6cef-58ed-b70e-1011c6286dfc,ProductVariant,master_canonical,wajenzi-master-catalogue-v1,20886,PPR194,PPR183,unique_parent_sku,a7f6ca44-984f-5919-aeda-f67394297061,20871,Reducing Bush - 63MM x 40MM,Size,63MM x 40MM,,,piece,1,piece,1 piece,,6.3,4,,,,,,,,EC004397,,f31223e55ffe61a481ec26e2bdb1631033ae2d9fc4c728bb4fed99204ab75870
9b02596b-1373-5f82-8977-4eab82159387,ProductVariant,master_canonical,wajenzi-master-catalogue-v1,20887,PPR195,PPR183,unique_parent_sku,a7f6ca44-984f-5919-aeda-f67394297061,20871,Reducing Bush - 63MM X 50MM,Size,63MM X 50MM,,,piece,1,piece,1 piece,,6.3,5,,,,,,,,EC004397,,dc483545d157d41b42cb9b038d5a9fc28da7120f522aefa94827c5002c0ee25d
4147a314-b717-5abc-9181-0ef3e9c9c56f,ProductVariant,master_canonical,wajenzi-master-catalogue-v1,20888,PPR196,PPR183,unique_parent_sku,a7f6ca44-984f-5919-aeda-f67394297061,20871,Reducing Bush - 75MM X 40MM,Size,75MM X 40MM,,,piece,1,piece,1 piece,,7.5,4,,,,,,,,EC004397,,a6e75135a87f8363611b84e97ff16c60339953d7c3ed33632833e765ea472c88
97194c51-04b2-5f5b-9c25-9aeafb98598a,ProductVariant,master_canonical,wajenzi-master-catalogue-v1,20889,PPR197,PPR183,unique_parent_sku,a7f6ca44-984f-5919-aeda-f67394297061,20871,Reducing Bush - 75MM X 50MM,Size,75MM X 50MM,,,piece,1,piece,1 piece,,7.5,5,,,,,,,,EC004397,,12d01bca4bdead95f2dcf4c46db7891d34f6693a8904207cb650fcee7206a33e
da2ce86e-0293-59f3-9b65-25acf0fbb61b,ProductVariant,master_canonical,wajenzi-master-catalogue-v1,20890,PPR198,PPR183,unique_parent_sku,a7f6ca44-984f-5919-aeda-f67394297061,20871,Reducing Bush - 75MM X 63MM,Size,75MM X 63MM,,,piece,1,piece,1 piece,,7.5,6.3,,,,,,,,EC004397,,0ac0f71847d855ce64b38f851c19be2e00d284fbcdeb245336fefaa556c0cbd4
7a65ec78-ba42-5767-b83a-9719f9386143,ProductVariant,master_canonical,wajenzi-master-catalogue-v1,20891,PPR199,PPR183,unique_parent_sku,a7f6ca44-984f-5919-aeda-f67394297061,20871,Reducing Bush - 90MM X 63MM,Size,90MM X 63MM,,,piece,1,piece,1 piece,,9,6.3,,,,,,,,EC004397,,8b5fa1259db898e4e7d12ed1da092585c28878b910ae00e6d8736afb992b3fe1
ae1e6ced-6a22-5793-86b2-a522f9e3f085,ProductVariant,master_canonical,wajenzi-master-catalogue-v1,20892,PPR200,PPR183,unique_parent_sku,a7f6ca44-984f-5919-aeda-f67394297061,20871,Reducing Bush - 90MM X 75M,Size,90MM X 75M,,,piece,1,piece,1 piece,,9,7.5,,,,,,,,EC004397,,049bf53ce9b43d9ccd2a6678170c0ff50b4d5c9cfa71e21a18d9b5f4d07e4f46
4dad7d18-d861-54db-888a-5f0961340976,ProductVariant,master_canonical,wajenzi-master-catalogue-v1,20893,PPR201,PPR183,unique_parent_sku,a7f6ca44-984f-5919-aeda-f67394297061,20871,Reducing Bush - 110MM X 75MM,Size,110MM X 75MM,,,piece,1,piece,1 piece,,11,7.5,,,,,,,,EC004397,,414a9e2285c7a73cc1935ef3423eef48f2af72cb36019e179628a0a338b5f57d
047dd348-596a-5f7a-a125-62708104d41e,ProductVariant,master_canonical,wajenzi-master-catalogue-v1,20894,PPR202,PPR183,unique_parent_sku,a7f6ca44-984f-5919-aeda-f67394297061,20871,Reducing Bush - 10MM X 90MM,Size,10MM X 90MM,,,piece,1,piece,1 piece,,1,9,,,,,,,,EC004397,,c821b55f32d90a3a996ed84209a83a24430e161e9d7ebbc03e3f2f985034f1f4
b4999c63-c66f-52b0-af78-59f141fd1ae1,ProductVariant,master_canonical,wajenzi-master-catalogue-v1,20895,PPR203,PPR183,unique_parent_sku,a7f6ca44-984f-5919-aeda-f67394297061,20871,Reducing Bush,Size,,,,piece,1,piece,1 piece,,,,,,,,,,,EC004397,,95b50fa23bfe2f005daa267186f4b8014c4d28d5792063d0c4d512bc1eff7ff9
12ab70ef-b6ec-592e-9593-975de125cfe8,ProductVariant,master_canonical,wajenzi-master-catalogue-v1,20896,PPR204,PPR183,unique_parent_sku,a7f6ca44-984f-5919-aeda-f67394297061,20871,Reducing Bush,Size,,,,piece,1,piece,1 piece,,,,,,,,,,,EC004397,,6125f79855d1ee3717435ad0ff3df7e9baca5633a7f8c26bb9d10a75d5c22c93
03b11819-16b7-5534-981f-5859cbb6bd96,ProductVariant,master_canonical,wajenzi-master-catalogue-v1,20900,PPR210,PPR209,unique_parent_sku,d4124fe9-215c-5b50-ac57-a586a54496b2,20873,Male Elbow - 20*½,Size,20*½,,,piece,1,piece,1 piece,,,,,,,,,,,,,3260b4c8c2833c587fde969bacd6460d0fba173c58ec03ff86d781d074cda109
21d5e9ca-28c1-552e-ad65-a6d43ce37a96,ProductVariant,master_canonical,wajenzi-master-catalogue-v1,20903,PPR211,PPR209,unique_parent_sku,d4124fe9-215c-5b50-ac57-a586a54496b2,20873,Male Elbow - 20* ¾,Size,20* ¾,,,piece,1,piece,1 piece,,,,,,,,,,,,,e7c8c496c092d6b1bcd3c2bb7c26b15eadd91830d490597d4a6c4e7598278540
ff4009b7-aaac-5fb8-beaf-0c0715a1556a,ProductVariant,master_canonical,wajenzi-master-catalogue-v1,20904,PPR212,PPR209,unique_parent_sku,d4124fe9-215c-5b50-ac57-a586a54496b2,20873,Male Elbow - 25*½,Size,25*½,,,piece,1,piece,1 piece,,,,,,,,,,,,,049447909cdf0839b2937967e83234f290c74756ff7fb9765a01a70497178fce
5dddda04-aa03-5971-8138-901dde761239,ProductVariant,master_canonical,wajenzi-master-catalogue-v1,20905,PPR213,PPR209,unique_parent_sku,d4124fe9-215c-5b50-ac57-a586a54496b2,20873,Male Elbow - 25*¾,Size,25*¾,,,piece,1,piece,1 piece,,,,,,,,,,,,,0ac026404869b65626c4b2dc405f43bc5865e3931a5d0f74412914d3d209dfaf
22e6e811-968c-5a21-9d8a-7b32c1147d70,ProductVariant,master_canonical,wajenzi-master-catalogue-v1,20906,PPR214,PPR209,unique_parent_sku,d4124fe9-215c-5b50-ac57-a586a54496b2,20873,Male Elbow - 32*¾,Size,32*¾,,,piece,1,piece,1 piece,,,,,,,,,,,,,4fc9e9a09496698e248113dc2ad2319674d6fbe5972eaa9d76ea91dfff6f5bdb
8ab2aad0-6e61-5a95-b4fd-e8042638cc6a,ProductVariant,master_canonical,wajenzi-master-catalogue-v1,20907,PPR215,PPR209,unique_parent_sku,d4124fe9-215c-5b50-ac57-a586a54496b2,20873,Male Elbow - 32*½,Size,32*½,,,piece,1,piece,1 piece,,,,,,,,,,,,,146410f49e02e280c37cd0dd9cb699f49603e8acc997d5fe8ff10cd75a547a35
0e392890-a79a-5cf8-b788-3ab2941da989,ProductVariant,master_canonical,wajenzi-master-catalogue-v1,20908,PPR216,PPR209,unique_parent_sku,d4124fe9-215c-5b50-ac57-a586a54496b2,20873,Male Elbow - 32*1,Size,32*1,,,piece,1,piece,1 piece,,,,,,,,,,,,,354d8d55c9e4e3274d0b41284c8165781a75533398f96a35ea8d5782151b877b
0eae0379-7660-573a-8627-4d0bb15c8403,ProductVariant,master_canonical,wajenzi-master-catalogue-v1,20909,PPR217,PPR209,unique_parent_sku,d4124fe9-215c-5b50-ac57-a586a54496b2,20873,Male Elbow - 40*1,Size,40*1,,,piece,1,piece,1 piece,,,,,,,,,,,,,7c27a2cd199bb4a028e481ce4bbe1320577ab7bc14d91160d3fd88882f82ebaf
c7a323d2-a8ce-5b83-81b1-bcb14fc26e97,ProductVariant,master_canonical,wajenzi-master-catalogue-v1,20910,PPR218,PPR209,unique_parent_sku,d4124fe9-215c-5b50-ac57-a586a54496b2,20873,Male Elbow - 40 *1¼,Size,40 *1¼,,,piece,1,piece,1 piece,,,,,,,,,,,,,be108b7e10fb866c08184b2c5c1db1c029b2ff46b3054cc0bede356ddca50591
15b39dfd-e9a1-5dba-b025-936a33f0a951,ProductVariant,master_canonical,wajenzi-master-catalogue-v1,20911,PPR219,PPR209,unique_parent_sku,d4124fe9-215c-5b50-ac57-a586a54496b2,20873,Male Elbow - 50*1,Size,50*1,,,piece,1,piece,1 piece,,,,,,,,,,,,,8a2d9379d816dd90912ee850ddb2369dd333f16870505ddc3be495d1efccb26a
30754582-1752-50d9-ab65-084361b4ffe8,ProductVariant,master_canonical,wajenzi-master-catalogue-v1,20912,PPR220,PPR209,unique_parent_sku,d4124fe9-215c-5b50-ac57-a586a54496b2,20873,Male Elbow - 50*1½,Size,50*1½,,,piece,1,piece,1 piece,,,,,,,,,,,,,058fa51fd5cd019067959f2b53afa233b98b3b775f0229b257eba588fdc07ffe
8a99b03b-511d-516e-af1e-83a5d4333b33,ProductVariant,master_canonical,wajenzi-master-catalogue-v1,20913,PPR221,PPR209,unique_parent_sku,d4124fe9-215c-5b50-ac57-a586a54496b2,20873,Male Elbow - 63*2,Size,63*2,,,piece,1,piece,1 piece,,,,,,,,,,,,,537271b716de341041d2cda9c6ad81e850d8d3df547df8220d569ee7b5cc21b2
c5adb54b-da7f-5850-8173-c9ab0407bf06,ProductVariant,master_canonical,wajenzi-master-catalogue-v1,20923,PPR233,PPR232,unique_parent_sku,ab32107d-e46e-5f5b-894b-99dde4607bbf,20902,Gate Valve - 20,size in mm,20,,,piece,1,piece,1 piece,,,,,,,,23-27 31 00,22 10 00,,EC010163,05.050,309ee0e9bca52a931a376f007b1f3f43e1425a1220346ec80b563d6dd8afb98f
092a1d4d-d87d-5765-b074-7f9236eabb59,ProductVariant,master_canonical,wajenzi-master-catalogue-v1,20924,PPR234,PPR232,unique_parent_sku,ab32107d-e46e-5f5b-894b-99dde4607bbf,20902,Gate Valve - 25,size in mm,25,,,piece,1,piece,1 piece,,,,,,,,23-27 31 00,22 10 00,,EC010163,05.050,c3b6693152daf728e7fef32799b5ca6f05c1ea4a1ae3bf9ca4d4607bf0a5c320
2835523d-6bb5-5e85-ae71-ab213affa758,ProductVariant,master_canonical,wajenzi-master-catalogue-v1,20925,PPR235,PPR232,unique_parent_sku,ab32107d-e46e-5f5b-894b-99dde4607bbf,20902,Gate Valve - 32,size in mm,32,,,piece,1,piece,1 piece,,,,,,,,23-27 31 00,22 10 00,,EC010163,05.050,e79f6648e48aceb365e5606e590309c704fb1ac81328803b1d6d79d5b2ba4bd9
396fb5f3-7dda-53cb-be74-4dd334d7eba6,ProductVariant,master_canonical,wajenzi-master-catalogue-v1,20926,PPR236,PPR232,unique_parent_sku,ab32107d-e46e-5f5b-894b-99dde4607bbf,20902,Gate Valve - 40,size in mm,40,,,piece,1,piece,1 piece,,,,,,,,23-27 31 00,22 10 00,,EC010163,05.050,c20f3f77cb3d820f70de8e54d3cd038a448d8a2e20b3ac88f80ea41c3f987a67
402a2a9c-78b6-549e-b065-6a28b8507a4c,ProductVariant,master_canonical,wajenzi-master-catalogue-v1,20927,PPR237,PPR232,unique_parent_sku,ab32107d-e46e-5f5b-894b-99dde4607bbf,20902,Gate Valve - 50,size in mm,50,,,piece,1,piece,1 piece,,,,,,,,23-27 31 00,22 10 00,,EC010163,05.050,064d40d11741a8a1f4020ba0a7369f90836800a56689878774cfb87a69d85aa2
f7a546f9-6210-5a2c-bc9d-dd8b54658c83,ProductVariant,master_canonical,wajenzi-master-catalogue-v1,20928,PPR238,PPR232,unique_parent_sku,ab32107d-e46e-5f5b-894b-99dde4607bbf,20902,Gate Valve - 63,size in mm,63,,,piece,1,piece,1 piece,,,,,,,,23-27 31 00,22 10 00,,EC010163,05.050,50ef835faef87faee5973b28ba75d410f5ebf7d029be6210c96985c80ee339ac
04cfdddf-6ceb-5ffc-b715-773e76981c67,ProductVariant,master_canonical,wajenzi-master-catalogue-v1,20929,PPR239,PPR232,unique_parent_sku,ab32107d-e46e-5f5b-894b-99dde4607bbf,20902,Gate Valve - 75,size in mm,75,,,piece,1,piece,1 piece,,,,,,,,23-27 31 00,22 10 00,,EC010163,05.050,182b2e8aaab233639bfb6dbe53db6b449313cbc1834298b4544318301e0eed7c
a8795976-26f4-5aec-a2c5-81b09c21a65d,ProductVariant,master_canonical,wajenzi-master-catalogue-v1,20930,PPR240,PPR232,unique_parent_sku,ab32107d-e46e-5f5b-894b-99dde4607bbf,20902,Gate Valve - 90,size in mm,90,,,piece,1,piece,1 piece,,,,,,,,23-27 31 00,22 10 00,,EC010163,05.050,4724170d3939f5c20a7b3e963a0f9d2c179f2e17c4369c27dd27b20cd9863f36
49e5aac4-964c-5b3f-9dca-90050818b872,ProductVariant,master_canonical,wajenzi-master-catalogue-v1,20933,PPR241,PPR232,unique_parent_sku,ab32107d-e46e-5f5b-894b-99dde4607bbf,20902,Gate Valve - 110,size in mm,110,,,piece,1,piece,1 piece,,,,,,,,23-27 31 00,22 10 00,,EC010163,05.050,201658e5b87155ab4749ef21b15a8e102bf4c2f58d2df2ca598df2f14ad5983d
fe152df5-f757-57aa-bb35-31cf4ad77188,ProductVariant,master_canonical,wajenzi-master-catalogue-v1,20942,PPR251,PPR250,unique_parent_sku,a788acbd-74cb-52dd-95a9-0fb280cb24c6,20932,Ppr Flange - 40,size,40,,,piece,1,piece,1 piece,,,,,,,,23-31 35 00,22 10 00,,,05.050,4e3c23e640c0c440f89c64bfe3dfb2863fb068f6e2fe44e9b60d4dcb54e3e57d
f7b2239c-9135-584b-afee-aabee1511d36,ProductVariant,master_canonical,wajenzi-master-catalogue-v1,20943,PPR252,PPR250,unique_parent_sku,a788acbd-74cb-52dd-95a9-0fb280cb24c6,20932,Ppr Flange - 50,size,50,,,piece,1,piece,1 piece,,,,,,,,23-31 35 00,22 10 00,,,05.050,0253b4984855bc54990b2160dc4980909c03cc03916cf5449d429146d73d4dbc
e15884a6-0c68-5a62-ac6a-7705759b0bfd,ProductVariant,master_canonical,wajenzi-master-catalogue-v1,20944,PPR253,PPR250,unique_parent_sku,a788acbd-74cb-52dd-95a9-0fb280cb24c6,20932,Ppr Flange - 63,size,63,,,piece,1,piece,1 piece,,,,,,,,23-31 35 00,22 10 00,,,05.050,80bb4c2da5b7332da3c9b2e9912731ed9b125a39002f35cd70deb8dde2f4c844
6bf6d02b-8541-56b8-8f38-3017b6a2172a,ProductVariant,master_canonical,wajenzi-master-catalogue-v1,20945,PPR254,PPR250,unique_parent_sku,a788acbd-74cb-52dd-95a9-0fb280cb24c6,20932,Ppr Flange - 75,size,75,,,piece,1,piece,1 piece,,,,,,,,23-31 35 00,22 10 00,,,05.050,bf3c49bf57d1b464decfed9baa987a5d235205f1c4c12079c8dad39909f15897
bfe9b498-920d-5837-beec-0d1fb7a7b446,ProductVariant,master_canonical,wajenzi-master-catalogue-v1,20946,PPR255,PPR250,unique_parent_sku,a788acbd-74cb-52dd-95a9-0fb280cb24c6,20932,Ppr Flange - 90,size,90,,,piece,1,piece,1 piece,,,,,,,,23-31 35 00,22 10 00,,,05.050,fb684b317d81c84062983ab59cba1861125fb68f1faf75cc1a07326db06a98b7
3a097b97-ab5f-51f1-aae3-20d66a1d334b,ProductVariant,master_canonical,wajenzi-master-catalogue-v1,20947,PPR256,PPR250,unique_parent_sku,a788acbd-74cb-52dd-95a9-0fb280cb24c6,20932,Ppr Flange - 110,size,110,,,piece,1,piece,1 piece,,,,,,,,23-31 35 00,22 10 00,,,05.050,95b460c5e9aa1addf4a33d8dfa1d24e97f7f706f30c8f4096d27d5fec5aa1185
800f7ae0-81af-5f05-9324-8e9fa9323f38,ProductVariant,master_canonical,wajenzi-master-catalogue-v1,21056,WWEL58,WWEL57,unique_parent_sku,b3adc262-b9f2-5c3d-b69a-1c76dc56ec5a,21031,Twin flat - 1.0,Size in MM,1.0,,,piece,1,piece,1 piece,,,,,,,,,,,,,297aa33dc4886b6e40b88e09b0c66008625005f19ddcc9df992e536b4a1f4a40
fb0811f3-9622-5f16-a269-c4e11602c911,ProductVariant,master_canonical,wajenzi-master-catalogue-v1,21057,WWEL59,WWEL57,unique_parent_sku,b3adc262-b9f2-5c3d-b69a-1c76dc56ec5a,21031,Twin flat - 1.50,Size in MM,1.50,,,piece,1,piece,1 piece,,,,,,,,,,,,,91456041f3b800498e0fe930cd6dfcd6b3777366b8ec6fd51927e222cfe29a80
3025844e-1995-549d-a717-361f85ee436d,ProductVariant,master_canonical,wajenzi-master-catalogue-v1,21058,WWEL60,WWEL57,unique_parent_sku,b3adc262-b9f2-5c3d-b69a-1c76dc56ec5a,21031,Twin flat - 2.5 Stranded,Size in MM,2.5 Stranded,,,piece,1,piece,1 piece,,,,,,,,,,,,,2bca0057b935092b9873091298e7e99006e6a4fb25ac81783cb187a688c59fa3
91bd0f39-1cd3-5c44-9586-ed0f8d0071aa,ProductVariant,master_canonical,wajenzi-master-catalogue-v1,21060,WWEL61,WWEL57,unique_parent_sku,b3adc262-b9f2-5c3d-b69a-1c76dc56ec5a,21031,Twin flat - 2.5 Solid,Size in MM,2.5 Solid,,,piece,1,piece,1 piece,,,,,,,,,,,,,3871fcd709e0eac547022b4d265a586b7256cff5ac35095bdb50c36ab3f2522c
ab61405a-3622-5146-9e1b-8fab7624599c,ProductVariant,master_canonical,wajenzi-master-catalogue-v1,21061,WWEL62,WWEL57,unique_parent_sku,b3adc262-b9f2-5c3d-b69a-1c76dc56ec5a,21031,Twin flat - 4.0 Stranded,Size in MM,4.0 Stranded,,,piece,1,piece,1 piece,,,,,,,,,,,,,511254ebb1b83fc5c08850c4bac2a9bce237bf3e52b2dd12660aa50b53459965
ad8851a2-8d3f-56f3-8069-deb0b682b684,ProductVariant,master_canonical,wajenzi-master-catalogue-v1,21062,WWEL63,WWEL57,unique_parent_sku,b3adc262-b9f2-5c3d-b69a-1c76dc56ec5a,21031,Twin flat - 4.0 Solid,Size in MM,4.0 Solid,,,piece,1,piece,1 piece,,,,,,,,,,,,,bfd460a42760b8f089155432070acc68b3f0160c63ea26b49bc30bb59403527c
440f7b2f-69b9-51d0-8878-f34240fff6f9,ProductVariant,master_canonical,wajenzi-master-catalogue-v1,21063,WWEL64,WWEL57,unique_parent_sku,b3adc262-b9f2-5c3d-b69a-1c76dc56ec5a,21031,Twin flat - 6.0,Size in MM,6.0,,,piece,1,piece,1 piece,,,,,,,,,,,,,80c5c872eb3d970b97f53f03bbc846b9004f6e59a229fb06c8a117d02fd23a5b
43d87aba-f849-5b00-aa37-48ec52217c80,ProductVariant,master_canonical,wajenzi-master-catalogue-v1,21064,WWEL65,WWEL57,unique_parent_sku,b3adc262-b9f2-5c3d-b69a-1c76dc56ec5a,21031,Twin flat,Size in MM,,,,piece,1,piece,1 piece,,,,,,,,,,,,,fbf79df664f56f3175d3dc6bb562789773e188a005f089e65678d00d1ca488e4
a732b694-6e03-5c35-ad6d-8a0587395c03,ProductVariant,master_canonical,wajenzi-master-catalogue-v1,21065,WWEL66,WWEL57,unique_parent_sku,b3adc262-b9f2-5c3d-b69a-1c76dc56ec5a,21031,Twin flat - 1.0,Size in MM,1.0,,,piece,1,piece,1 piece,,,,,,,,,,,,,54424b5d030d8dd7291971223e7b4af66a134c63840d2753f1911843c2345ab2
2a88605b-c2e1-575c-917c-238bda76cfa7,ProductVariant,master_canonical,wajenzi-master-catalogue-v1,21066,WWEL67,WWEL57,unique_parent_sku,b3adc262-b9f2-5c3d-b69a-1c76dc56ec5a,21031,Twin flat - 1.50,Size in MM,1.50,,,piece,1,piece,1 piece,,,,,,,,,,,,,171b0c100184cc367306969998e52d40d363482677918064c7088a43c25837b7
f22d7723-b67e-5032-a45e-1236a4c29bcb,ProductVariant,master_canonical,wajenzi-master-catalogue-v1,21067,WWEL68,WWEL57,unique_parent_sku,b3adc262-b9f2-5c3d-b69a-1c76dc56ec5a,21031,Twin flat - 2.5 Stranded,Size in MM,2.5 Stranded,,,piece,1,piece,1 piece,,,,,,,,,,,,,65746adf62cb871fe1d8c9bf0de147245dd5d99897a478d5b252cf658c706985
229ab636-d7a5-5011-9cd9-5e20612370de,ProductVariant,master_canonical,wajenzi-master-catalogue-v1,21068,WWEL69,WWEL57,unique_parent_sku,b3adc262-b9f2-5c3d-b69a-1c76dc56ec5a,21031,Twin flat - 2.5 Solid,Size in MM,2.5 Solid,,,piece,1,piece,1 piece,,,,,,,,,,,,,06c97caba7fe9937a9c0934e4356ab68b3a329765cfdb52caf5a053c74b324e0
64b32cf4-166c-5ec5-8eb9-6d3af384fc05,ProductVariant,master_canonical,wajenzi-master-catalogue-v1,21069,WWEL70,WWEL57,unique_parent_sku,b3adc262-b9f2-5c3d-b69a-1c76dc56ec5a,21031,Twin flat - 4.0 Stranded,Size in MM,4.0 Stranded,,,piece,1,piece,1 piece,,,,,,,,,,,,,4dc482055ae038020fc091414ae47402eef0b1e7960cc4a787614c9be5601e00
3a7716aa-5500-5c7a-9a6e-86c4fcbddcda,ProductVariant,master_canonical,wajenzi-master-catalogue-v1,21070,WWEL71,WWEL57,unique_parent_sku,b3adc262-b9f2-5c3d-b69a-1c76dc56ec5a,21031,Twin flat - 4.0 Solid,Size in MM,4.0 Solid,,,piece,1,piece,1 piece,,,,,,,,,,,,,6b35d1ccb95adc791270858edbe2a2aab86241f54b08b664b3bdb80d48fa2450
7dd8184d-8250-5a73-8b7b-d16d037bc526,ProductVariant,master_canonical,wajenzi-master-catalogue-v1,21285,WWEL286,WWEL285,unique_parent_sku,9ef2ab43-2265-51b2-9950-ef94d820f4a0,21269,Double sheathed round submersible cable,Size in MM,1.5mm,Number of Cores,3,piece,1,piece,1 piece,,,,,,,,23-13 23 21 15,26 05 19,,,05.020,ac5a25da5087be7367a896df5e12e134d3b7e0a50d45552cb00614a57ba39cec
3a04884f-2203-529f-90c8-d3454f88f707,ProductVariant,master_canonical,wajenzi-master-catalogue-v1,21286,WWEL287,WWEL285,unique_parent_sku,9ef2ab43-2265-51b2-9950-ef94d820f4a0,21269,Double sheathed round submersible cable,Size in MM,2.5mm2,Number of Cores,3,piece,1,piece,1 piece,,,,,,,,23-13 23 21 15,26 05 19,,,05.020,3a26b9f69330c976c7657b9b3547feb35cf006faafbab6c0421609142f79ab61
5b7e8524-87f6-5862-878f-c26c91eaa55f,ProductVariant,master_canonical,wajenzi-master-catalogue-v1,21287,WWEL288,WWEL285,unique_parent_sku,9ef2ab43-2265-51b2-9950-ef94d820f4a0,21269,Double sheathed round submersible cable,Size in MM,4.0mm2,Number of Cores,3,piece,1,piece,1 piece,,,,,,,,23-13 23 21 15,26 05 19,,,05.020,a787ce9884f1d694655c75c2e519a65e2d6969759e9662144a014c72ec99d644
5bb39ed6-9e28-5ed8-afce-4f4f206b852d,ProductVariant,master_canonical,wajenzi-master-catalogue-v1,21288,WWEL289,WWEL285,unique_parent_sku,9ef2ab43-2265-51b2-9950-ef94d820f4a0,21269,Double sheathed round submersible cable,Size in MM,6.0mm2,Number of Cores,3,piece,1,piece,1 piece,,,,,,,,23-13 23 21 15,26 05 19,,,05.020,653f5017898768b7f77e95a7a80c945808eb984e762ea8398ffcd617d2486eb6
04c68a65-c7d3-5bc1-8db6-5e62c20ee37f,ProductVariant,master_canonical,wajenzi-master-catalogue-v1,21289,WWEL290,WWEL285,unique_parent_sku,9ef2ab43-2265-51b2-9950-ef94d820f4a0,21269,Double sheathed round submersible cable,Size in MM,10mm2,Number of Cores,3,piece,1,piece,1 piece,,,,,,,,23-13 23 21 15,26 05 19,,,05.020,352f88015b4b26b13e9d7da0399a61b5cd028ec4cb54c5991a6be8b4d8a9e40c
5e84f939-46c4-5ec2-9e8c-3b03c81993b6,ProductVariant,master_canonical,wajenzi-master-catalogue-v1,21290,WWEL291,WWEL285,unique_parent_sku,9ef2ab43-2265-51b2-9950-ef94d820f4a0,21269,Double sheathed round submersible cable,Size in MM,16mm2,Number of Cores,3,piece,1,piece,1 piece,,,,,,,,23-13 23 21 15,26 05 19,,,05.020,5534fa1b3bf0565dca38fff33cecda7e798796912c176faf0bf9f2556157899f
1a4bc184-5efa-5d02-8529-7101c6980bb9,ProductVariant,master_canonical,wajenzi-master-catalogue-v1,21291,WWEL292,WWEL285,unique_parent_sku,9ef2ab43-2265-51b2-9950-ef94d820f4a0,21269,Double sheathed round submersible cable,Size in MM,25mm2,Number of Cores,3,piece,1,piece,1 piece,,,,,,,,23-13 23 21 15,26 05 19,,,05.020,35d59d11e3d08836699f7076dbb5c4939b193032b94dbbbee032792e32cb54c6
c21415bd-e795-5628-937c-ab109c70b5bd,ProductVariant,master_canonical,wajenzi-master-catalogue-v1,21292,WWEL293,WWEL285,unique_parent_sku,9ef2ab43-2265-51b2-9950-ef94d820f4a0,21269,Double sheathed round submersible cable,Size in MM,1.5mm,Number of Cores,4,piece,1,piece,1 piece,,,,,,,,23-13 23 21 15,26 05 19,,,05.020,d3543ac5d0f6a956299d477e4413e3bda34b384f2a83630b40b9d2908442e659
e2b49c57-51a0-5334-9f21-8d732ff30b0e,ProductVariant,master_canonical,wajenzi-master-catalogue-v1,21293,WWEL294,WWEL285,unique_parent_sku,9ef2ab43-2265-51b2-9950-ef94d820f4a0,21269,Double sheathed round submersible cable,Size in MM,2.5mm2,Number of Cores,4,piece,1,piece,1 piece,,,,,,,,23-13 23 21 15,26 05 19,,,05.020,712ba9e88db6bc65063fc8a3ecb398f36de3ac216cc7d9477e582bf89ecd6bf8
4239f4c2-7a5f-5d01-b3ee-d05cc220e4d5,ProductVariant,master_canonical,wajenzi-master-catalogue-v1,21294,WWEL295,WWEL285,unique_parent_sku,9ef2ab43-2265-51b2-9950-ef94d820f4a0,21269,Double sheathed round submersible cable,Size in MM,4.0mm2,Number of Cores,4,piece,1,piece,1 piece,,,,,,,,23-13 23 21 15,26 05 19,,,05.020,3aa8e2736e0846541df6f3d06cf8fe824f4d53711b8bc58d000b1a06b0e17c2d
11cb9c97-5d95-5ae1-87b3-22d7aac9ced7,ProductVariant,master_canonical,wajenzi-master-catalogue-v1,21295,WWEL296,WWEL285,unique_parent_sku,9ef2ab43-2265-51b2-9950-ef94d820f4a0,21269,Double sheathed round submersible cable,Size in MM,6.0mm2,Number of Cores,4,piece,1,piece,1 piece,,,,,,,,23-13 23 21 15,26 05 19,,,05.020,09a720ececc3f88146988f5b4a7461198b9532bf0a61e647d576a886217df62b
5f3980bd-a364-5565-801d-d478514ca09a,ProductVariant,master_canonical,wajenzi-master-catalogue-v1,21296,WWEL297,WWEL285,unique_parent_sku,9ef2ab43-2265-51b2-9950-ef94d820f4a0,21269,Double sheathed round submersible cable,Size in MM,10mm2,Number of Cores,4,piece,1,piece,1 piece,,,,,,,,23-13 23 21 15,26 05 19,,,05.020,33e0a1991b4a982046a59ab78f5e66e94e53ccbfb2c707c08d3474e7445af053
bb31a7db-adb0-556e-a78e-79999f925cb4,ProductVariant,master_canonical,wajenzi-master-catalogue-v1,21297,WWEL298,WWEL285,unique_parent_sku,9ef2ab43-2265-51b2-9950-ef94d820f4a0,21269,Double sheathed round submersible cable,Size in MM,16mm2,Number of Cores,4,piece,1,piece,1 piece,,,,,,,,23-13 23 21 15,26 05 19,,,05.020,8ab777ecfea99ebffcd0da693b3a5a22453ed87551b3d7c66bf81fbd37ab6fc6
b6f7f15d-9735-5d1f-9b72-bf9a510a92a2,ProductVariant,master_canonical,wajenzi-master-catalogue-v1,21298,WWEL299,WWEL285,unique_parent_sku,9ef2ab43-2265-51b2-9950-ef94d820f4a0,21269,Double sheathed round submersible cable,Size in MM,25mm2,Number of Cores,4,piece,1,piece,1 piece,,,,,,,,23-13 23 21 15,26 05 19,,,05.020,d713b775a06d916a178d7f0ea46a4b335446721292ad7c7fd5f79b9ad930bf52
2db9af14-29f9-5e57-87ed-b13e7148ab77,ProductVariant,master_canonical,wajenzi-master-catalogue-v1,21378,WWEL378,WWEL377,unique_parent_sku,922d83c1-7038-5d20-ae62-abe1484d9e02,21361,HALF ROUND/U-CLIP SADDLE,Size in MM,20,colour,black,piece,1,piece,1 piece,,,,,,,,,,,,,be44253fc77a2808635a50c302facc62c7a19041e377c82a650a699ecd51812e
c1cfeb0b-55bc-5d65-8811-e27c8592b4d3,ProductVariant,master_canonical,wajenzi-master-catalogue-v1,21379,WWEL379,WWEL377,unique_parent_sku,922d83c1-7038-5d20-ae62-abe1484d9e02,21361,HALF ROUND/U-CLIP SADDLE,Size in MM,25,colour,black,piece,1,piece,1 piece,,,,,,,,,,,,,9b4518522017aa5429aca9b52c3ec529db511b17e908be606d38caaf8e062c50
553ddabb-e9f2-57d0-aaed-d135d83fee3f,ProductVariant,master_canonical,wajenzi-master-catalogue-v1,21380,WWEL380,WWEL377,unique_parent_sku,922d83c1-7038-5d20-ae62-abe1484d9e02,21361,HALF ROUND/U-CLIP SADDLE,Size in MM,20,colour,white,piece,1,piece,1 piece,,,,,,,,,,,,,2c57e47c600f87c326776cd8957dd02f31a0ab69c584fbf009848b97c3970155
1029020b-21bc-53a3-872f-edfa43769035,ProductVariant,master_canonical,wajenzi-master-catalogue-v1,21381,WWEL381,WWEL377,unique_parent_sku,922d83c1-7038-5d20-ae62-abe1484d9e02,21361,HALF ROUND/U-CLIP SADDLE,Size in MM,25,colour,white,piece,1,piece,1 piece,,,,,,,,,,,,,0c0979a08d534ceb047ab6483e9760a358e3a9d12e45fc6f3ba484d2fd43ecf1
60499b71-93b7-5991-908d-f4f265830c30,ProductVariant,master_canonical,wajenzi-master-catalogue-v1,21382,WWEL382,WWEL377,unique_parent_sku,922d83c1-7038-5d20-ae62-abe1484d9e02,21361,HALF ROUND/U-CLIP SADDLE,Size in MM,20,colour,green,piece,1,piece,1 piece,,,,,,,,,,,,,ac6375cf13b9aa7a9bae3219fd3467618bc857fffbcd9dd3e35e2915f50867d7
06b488d3-06f7-5960-b4a6-5896b96a2c68,ProductVariant,master_canonical,wajenzi-master-catalogue-v1,21383,WWEL383,WWEL377,unique_parent_sku,922d83c1-7038-5d20-ae62-abe1484d9e02,21361,HALF ROUND/U-CLIP SADDLE,Size in MM,25,colour,green,piece,1,piece,1 piece,,,,,,,,,,,,,42da2edf70caf20d464c714b1545bf4fddfe52e1940191a06dd56731c7172c20
7c597c80-35b3-5b2c-8e7f-bea1dbfaac24,ProductVariant,master_canonical,wajenzi-master-catalogue-v1,21406,WWEL406,WWEL405,unique_parent_sku,9a393210-725e-5f27-bb28-8135c068ef21,21390,Patress - shallow,Size in MM,shallow,,,piece,1,piece,1 piece,,,,,,,,,,,,,84257b3b7a4f83e2dd780b0d8b5db95f3e8cbb84cb0565fdf6f8a6eeebf4e149
7dd14689-7464-5e56-97b3-ed7086ffe534,ProductVariant,master_canonical,wajenzi-master-catalogue-v1,21407,WWEL407,WWEL405,unique_parent_sku,9a393210-725e-5f27-bb28-8135c068ef21,21390,Patress - deep,Size in MM,deep,,,piece,1,piece,1 piece,,,,,,,,,,,,,f04e5475a04c32fe4f273bee45528f6eaf389a23213ac377191f8292d5a64e90
c881a285-dc64-5682-8dc3-188b1ec0707b,ProductVariant,master_canonical,wajenzi-master-catalogue-v1,21408,WWEL408,WWEL405,unique_parent_sku,9a393210-725e-5f27-bb28-8135c068ef21,21390,Patress - twin,Size in MM,twin,,,piece,1,piece,1 piece,,,,,,,,,,,,,987e32cf96ba88128d1ab9c0d94acdfa956b893a1741cb4e2fcf60db0f417fd5
ab59dc44-9cf0-5fc8-91be-a28b8905b2e2,ProductVariant,master_canonical,wajenzi-master-catalogue-v1,21497,WWEL498,WWEL497,unique_parent_sku,32d64353-6b34-5644-8c70-046b0bdc7b06,21481,Cable clips Twin - 1mm,size in mm,1mm,,,piece,1,piece,1 piece,,,,,,,,23-13 23 21 15,26 05 19,,EC000363,05.020,37e1f929430b90a058194046c55ef8d4592b7c3a3a45feff743ee7dac4bdcd60
9804bb08-20df-5161-b282-e8436b375d7a,ProductVariant,master_canonical,wajenzi-master-catalogue-v1,21498,WWEL499,WWEL497,unique_parent_sku,32d64353-6b34-5644-8c70-046b0bdc7b06,21481,Cable clips Twin - 1.5mm,size in mm,1.5mm,,,piece,1,piece,1 piece,,,,,,,,23-13 23 21 15,26 05 19,,EC000363,05.020,408ded5b939468bc1d10cb9cd161d75b550027da3f878fca62a7972f5ae6136b
1e74f6e2-53e1-562a-9d98-127e83c015c4,ProductVariant,master_canonical,wajenzi-master-catalogue-v1,21499,WWEL500,WWEL497,unique_parent_sku,32d64353-6b34-5644-8c70-046b0bdc7b06,21481,Cable clips Twin - 2.5mm,size in mm,2.5mm,,,piece,1,piece,1 piece,,,,,,,,23-13 23 21 15,26 05 19,,EC000363,05.020,2367c8e22cf880171b3c6bd2d888113a4a05e3440f73853ce67330b1d95fdbea
8ca3fcca-b580-5b80-97f0-683405380da6,ProductVariant,master_canonical,wajenzi-master-catalogue-v1,21500,WWEL501,WWEL497,unique_parent_sku,32d64353-6b34-5644-8c70-046b0bdc7b06,21481,Cable clips Twin - 4mm,size in mm,4mm,,,piece,1,piece,1 piece,,,,,,,,23-13 23 21 15,26 05 19,,EC000363,05.020,1b59b36d454319ed4d02152171eba0b53a59d46b27282cadb864b9c30ca9bf8b
298312cc-8f4e-5521-90e3-9c3331b41a2e,ProductVariant,master_canonical,wajenzi-master-catalogue-v1,21501,WWEL502,WWEL497,unique_parent_sku,32d64353-6b34-5644-8c70-046b0bdc7b06,21481,Cable clips Twin - 6mm,size in mm,6mm,,,piece,1,piece,1 piece,,,,,,,,23-13 23 21 15,26 05 19,,EC000363,05.020,f8eada3adbd6034d7441f920e7da248fad94f3c12a8b7c19ad3723e8a362c661
3cc0e883-309f-53e0-8763-841f4665ff96,ProductVariant,master_canonical,wajenzi-master-catalogue-v1,21502,WWEL503,WWEL497,unique_parent_sku,32d64353-6b34-5644-8c70-046b0bdc7b06,21481,Cable clips Twin - 10mm,size in mm,10mm,,,piece,1,piece,1 piece,,,,,,,,23-13 23 21 15,26 05 19,,EC000363,05.020,f97dba41399e165b2e9e949869fdf0263dabfd15fb25b42e85758ca7b5df2480
930db82b-0a12-5ef1-96f4-d12180f8b2a1,ProductVariant,master_canonical,wajenzi-master-catalogue-v1,21526,WWEL527,WWEL526,unique_parent_sku,8d78b36a-4ac0-529a-a5fd-a21b1149cabf,21510,Cable ties - 4in,size in inches,4in,,,piece,1,piece,1 piece,,,,,,,,23-13 23 21 15,26 05 19,,EC000046,05.020,a07c847341d7612c82d914bb2d5e3216727f275b97a51e55c43f0211f4e4b1ec
57e62fb4-282e-5184-8e39-cb01be7ee212,ProductVariant,master_canonical,wajenzi-master-catalogue-v1,21527,WWEL528,WWEL526,unique_parent_sku,8d78b36a-4ac0-529a-a5fd-a21b1149cabf,21510,Cable ties - 6in,size in inches,6in,,,piece,1,piece,1 piece,,,,,,,,23-13 23 21 15,26 05 19,,EC000046,05.020,7beaa7ae702a21d4454d838b37d5c08f5da996ab07bec4e6b8920e04396ec9f9
aeddbd17-c1b3-5672-a16e-e17e0fa494ce,ProductVariant,master_canonical,wajenzi-master-catalogue-v1,21528,WWEL529,WWEL526,unique_parent_sku,8d78b36a-4ac0-529a-a5fd-a21b1149cabf,21510,Cable ties - 8in,size in inches,8in,,,piece,1,piece,1 piece,,,,,,,,23-13 23 21 15,26 05 19,,EC000046,05.020,8c0c7189e42d16a952aa61a4bfa47d5d21f7bccc36072d7c32f292ca8f4d08a4
381a7e63-746f-5dc4-b624-05bc2712b8f2,ProductVariant,master_canonical,wajenzi-master-catalogue-v1,21529,WWEL530,WWEL526,unique_parent_sku,8d78b36a-4ac0-529a-a5fd-a21b1149cabf,21510,Cable ties - 10in,size in inches,10in,,,piece,1,piece,1 piece,,,,,,,,23-13 23 21 15,26 05 19,,EC000046,05.020,08f0ba82bb7c9c3d5bcb78abc2c23bcd507732e4d233d0cfb5cb742e2d484b7c
f92e18a0-028c-5e40-bdac-a53308ed93b2,ProductVariant,master_canonical,wajenzi-master-catalogue-v1,21530,WWEL531,WWEL526,unique_parent_sku,8d78b36a-4ac0-529a-a5fd-a21b1149cabf,21510,Cable ties - 12in,size in inches,12in,,,piece,1,piece,1 piece,,,,,,,,23-13 23 21 15,26 05 19,,EC000046,05.020,bc1c0f6f09961eb10b20392beaae385ebf25472cd89d03bd45c99f05ede310b0
af5eda3f-d94a-5f2d-8faf-2031c5fedfcd,ProductVariant,master_canonical,wajenzi-master-catalogue-v1,21531,WWEL532,WWEL526,unique_parent_sku,8d78b36a-4ac0-529a-a5fd-a21b1149cabf,21510,Cable ties - 8in W/Rivet,size in inches,8in W/Rivet,,,piece,1,piece,1 piece,,,,,,,,23-13 23 21 15,26 05 19,,EC000046,05.020,6cb8e01d3249ffac3fd8f0ed028dde7e5fde012261177d0cb43e2030f9f43440
9e9ecbd2-fdad-536c-9462-89ea222cd2a7,ProductVariant,master_canonical,wajenzi-master-catalogue-v1,21532,WWEL533,WWEL526,unique_parent_sku,8d78b36a-4ac0-529a-a5fd-a21b1149cabf,21510,Cable ties - 12in x 7.5,size in inches,12in x 7.5,,,piece,1,piece,1 piece,,,,,,,,23-13 23 21 15,26 05 19,,EC000046,05.020,624291f9d4d3a02910c348ede9909ace7c855b6022d01361ceb0bd83eac44366
0d8a3a34-f48b-5f77-93eb-7e5931c8391f,ProductVariant,master_canonical,wajenzi-master-catalogue-v1,21533,WWEL534,WWEL526,unique_parent_sku,8d78b36a-4ac0-529a-a5fd-a21b1149cabf,21510,Cable ties - 14in,size in inches,14in,,,piece,1,piece,1 piece,,,,,,,,23-13 23 21 15,26 05 19,,EC000046,05.020,78766829e4bcd51d41138038dec62274a8afd992c26fd68a4a7afb32288023d9
512645e2-37c8-5319-a3fe-23d1648e09fe,ProductVariant,master_canonical,wajenzi-master-catalogue-v1,22173,,id:22172,source_row_id_fallback,ea83a321-de02-51e4-83dd-fb40c69d8b0b,22172,Crown Medicryl Vinyl Matt Emulsion - 1,Group,1,,,tin,1,tin,1 tin,,,,,,,,23-15 21 11,09 91 00,,,04.060,2b9a3eee0335bdfe13c5372e2a045b9e8e5112928c41b3c9e85a9c13654bea10
af54a253-765d-5a24-942c-39b8c25e3d4f,ProductVariant,master_canonical,wajenzi-master-catalogue-v1,22174,,id:22172,source_row_id_fallback,ea83a321-de02-51e4-83dd-fb40c69d8b0b,22172,Crown Medicryl Vinyl Matt Emulsion - 1,Group,1,,,tin,1,tin,1 tin,,,,,,,,23-15 21 11,09 91 00,,,04.060,a125b45cc81b339fa6ab6d7939cc401d99023818905922398b73e51656e394e0
03acf0c2-37fc-5ca4-a91d-b7fbe1184e12,ProductVariant,master_canonical,wajenzi-master-catalogue-v1,22175,,id:22172,source_row_id_fallback,ea83a321-de02-51e4-83dd-fb40c69d8b0b,22172,Crown Medicryl Vinyl Matt Emulsion - 1,Group,1,,,tin,1,tin,1 tin,,,,,,,,23-15 21 11,09 91 00,,,04.060,414f5284d17514a4db9ce81042cfbbe823ef832d84d4e38fea9d0a39519556bc
a52e79d8-7946-52ae-aaaa-1419798923fe,ProductVariant,master_canonical,wajenzi-master-catalogue-v1,22176,,id:22172,source_row_id_fallback,ea83a321-de02-51e4-83dd-fb40c69d8b0b,22172,Crown Medicryl Vinyl Matt Emulsion - 2,Group,2,,,tin,1,tin,1 tin,,,,,,,,23-15 21 11,09 91 00,,,04.060,26f4c991d63d23312c998ff24db927cac7e458f45af94fd25c68b21cf49ad37d
669334bb-2ef7-545b-bd8f-ab79468fc31f,ProductVariant,master_canonical,wajenzi-master-catalogue-v1,22177,,id:22172,source_row_id_fallback,ea83a321-de02-51e4-83dd-fb40c69d8b0b,22172,Crown Medicryl Vinyl Matt Emulsion - 2,Group,2,,,tin,1,tin,1 tin,,,,,,,,23-15 21 11,09 91 00,,,04.060,10933992b598199d45aefd27547560c02ba6fc5bc4fc6a0840f9d8f9fc507eca
7ddf488d-aba8-5e49-9a73-33edeeee997f,ProductVariant,master_canonical,wajenzi-master-catalogue-v1,22178,,id:22172,source_row_id_fallback,ea83a321-de02-51e4-83dd-fb40c69d8b0b,22172,Crown Medicryl Vinyl Matt Emulsion - 2,Group,2,,,tin,1,tin,1 tin,,,,,,,,23-15 21 11,09 91 00,,,04.060,d3aa460ec5785fe3336045f4ae6723962ae54b93d46d4aa37a97c5e051dba419
00774d45-0542-5fd9-af7b-a1238eea5bc9,ProductVariant,master_canonical,wajenzi-master-catalogue-v1,22180,,id:22179,source_row_id_fallback,29caa3a7-2346-55f6-bc4f-6444a0af113c,22179,Crown Medicryl Silk Vinyl Emulsion  APS Shades - 1,Group,1,,,tin,1,tin,1 tin,,,,,,,,23-15 21 11,09 91 00,,,04.060,006d3d733082a781d98e001577358efbbc83e67802f071ebb7e986edd49bb4d9
12ca76fe-a824-5bf1-a89f-46901e3b9966,ProductVariant,master_canonical,wajenzi-master-catalogue-v1,22181,,id:22179,source_row_id_fallback,29caa3a7-2346-55f6-bc4f-6444a0af113c,22179,Crown Medicryl Silk Vinyl Emulsion  APS Shades - 1,Group,1,,,tin,1,tin,1 tin,,,,,,,,23-15 21 11,09 91 00,,,04.060,2c1433834824477e3292cf8e718acc4c622718daf970b293c1d7bd9a2e87338a
c74ae666-ff07-55e1-adec-9b07aa08934b,ProductVariant,master_canonical,wajenzi-master-catalogue-v1,22182,,id:22179,source_row_id_fallback,29caa3a7-2346-55f6-bc4f-6444a0af113c,22179,Crown Medicryl Silk Vinyl Emulsion  APS Shades - 1,Group,1,,,tin,1,tin,1 tin,,,,,,,,23-15 21 11,09 91 00,,,04.060,6ce95f86745c71fcf0ee09afb6250ac7c7377c8ff5f1b39802f941d52802069d
9db24a83-f681-525a-a9c4-861237b7973f,ProductVariant,master_canonical,wajenzi-master-catalogue-v1,22183,,id:22179,source_row_id_fallback,29caa3a7-2346-55f6-bc4f-6444a0af113c,22179,Crown Medicryl Silk Vinyl Emulsion  APS Shades - 2,Group,2,,,tin,1,tin,1 tin,,,,,,,,23-15 21 11,09 91 00,,,04.060,5e9fe1db7c7be5ad1319aa556d1aa0ca32c445a9a275063bb5a67a05ad67fd8f
3767d30b-869c-5430-9bf1-57123461e7a5,ProductVariant,master_canonical,wajenzi-master-catalogue-v1,22184,,id:22179,source_row_id_fallback,29caa3a7-2346-55f6-bc4f-6444a0af113c,22179,Crown Medicryl Silk Vinyl Emulsion  APS Shades - 2,Group,2,,,tin,1,tin,1 tin,,,,,,,,23-15 21 11,09 91 00,,,04.060,bddc2ec9da4b8b341564c571ab4dcccb9ec79ce7c36bf521cfcbb3549aa58afa
e7399355-eb0a-5688-a778-c04e13b0e4db,ProductVariant,master_canonical,wajenzi-master-catalogue-v1,22185,,id:22179,source_row_id_fallback,29caa3a7-2346-55f6-bc4f-6444a0af113c,22179,Crown Medicryl Silk Vinyl Emulsion  APS Shades - 2,Group,2,,,tin,1,tin,1 tin,,,,,,,,23-15 21 11,09 91 00,,,04.060,fa1cf11758905f455423ba3aaf3462f78b203bc97f7afc0c911170f28b034de2
464f1ed5-d424-54ea-8476-405590fa4e18,ProductVariant,master_canonical,wajenzi-master-catalogue-v1,22259,,id:22258,source_row_id_fallback,0cc61974-0906-57f5-9a57-f29c4f236a1e,22258,Ngao Emulsion,,,,,tin,1,tin,1 tin,,,,,,,,23-15 21 11,09 91 00,,,04.060,7738d2815df6d2eadf383e8ab3493768c4264ee40a403233d545b0843f7a4594
ad418f43-deb8-5dad-96df-76dd92a7e449,ProductVariant,master_canonical,wajenzi-master-catalogue-v1,22260,,id:22258,source_row_id_fallback,0cc61974-0906-57f5-9a57-f29c4f236a1e,22258,Ngao Emulsion,,,,,tin,1,tin,1 tin,,,,,,,,23-15 21 11,09 91 00,,,04.060,4268910114e6fa6c89db18303b7f32c9d32bd01b3051a60ba48196f735f177a1
f23b0127-4e16-5a34-b809-4107540c84e4,ProductVariant,master_canonical,wajenzi-master-catalogue-v1,22261,,id:22258,source_row_id_fallback,0cc61974-0906-57f5-9a57-f29c4f236a1e,22258,Ngao Emulsion,,,,,tin,1,tin,1 tin,,,,,,,,23-15 21 11,09 91 00,,,04.060,65a2aae2289bbe0ee622dfcfd1203831693ea1fb61d67beafa8e1347b5764c85
4f9a6eba-2138-5773-8ee1-d0fd61197bda,ProductVariant,master_canonical,wajenzi-master-catalogue-v1,22262,,id:22258,source_row_id_fallback,0cc61974-0906-57f5-9a57-f29c4f236a1e,22258,Ngao Emulsion,,,,,tin,1,tin,1 tin,,,,,,,,23-15 21 11,09 91 00,,,04.060,484a8241cef2fbcd211b74768db48fb47c23d3f6ad8e4cd5dde8e083bc04f720
08fab5c1-420c-5154-9742-46ceb5796c71,ProductVariant,master_canonical,wajenzi-master-catalogue-v1,22264,,id:22263,source_row_id_fallback,ac7a9b4d-6eef-5352-a2a2-0b6de40e5a48,22263,Ngao Gloss Enamel,,,,,tin,1,tin,1 tin,,,,,,,,23-15 21 11,09 91 00,,,04.060,61ac4306ddb3c2803c9964ca847a28dc22f7254f368932cbc270171c11736be3
5298012f-b244-5955-94eb-162bc021dcd5,ProductVariant,master_canonical,wajenzi-master-catalogue-v1,22265,,id:22263,source_row_id_fallback,ac7a9b4d-6eef-5352-a2a2-0b6de40e5a48,22263,Ngao Gloss Enamel,,,,,tin,1,tin,1 tin,,,,,,,,23-15 21 11,09 91 00,,,04.060,e51783554b34ac99966230c999749401f4599df9eedc4617404704fb2a5135a8
1557ae39-1f93-5f3f-b81e-1e0a086c8785,ProductVariant,master_canonical,wajenzi-master-catalogue-v1,22266,,id:22263,source_row_id_fallback,ac7a9b4d-6eef-5352-a2a2-0b6de40e5a48,22263,Ngao Gloss Enamel,,,,,tin,1,tin,1 tin,,,,,,,,23-15 21 11,09 91 00,,,04.060,0dae9c1aa7a5e20cc095f328928a8607839eff40217263cd53186b99970d91f0
c9edb5fb-ca27-5dac-8c6f-ac564bed12a5,ProductVariant,master_canonical,wajenzi-master-catalogue-v1,22267,,id:22263,source_row_id_fallback,ac7a9b4d-6eef-5352-a2a2-0b6de40e5a48,22263,Ngao Gloss Enamel,,,,,tin,1,tin,1 tin,,,,,,,,23-15 21 11,09 91 00,,,04.060,dbd96e25f05bd82920e7181ca8be402ed1207fedbfa944472724c7cfee581ac0
45a24437-c15c-5d4e-bc61-f4b6fc4dc307,ProductVariant,master_canonical,wajenzi-master-catalogue-v1,22268,,id:22263,source_row_id_fallback,ac7a9b4d-6eef-5352-a2a2-0b6de40e5a48,22263,Ngao Gloss Enamel,,,,,tin,1,tin,1 tin,,,,,,,,23-15 21 11,09 91 00,,,04.060,1de159a0d153ff1ed4eb0b0f0f0eabadb1f838c6efc560b477f7cfdddec16a6d
7f73d408-56f3-5232-818d-11f24ce179c9,ProductVariant,master_canonical,wajenzi-master-catalogue-v1,22270,,id:22269,source_row_id_fallback,38cd6445-2064-5d3d-92de-edadd6e22afa,22269,Ngao Varnish,,,,,tin,1,tin,1 tin,,,,,,,,23-15 21 11,09 91 00,,,04.060,eab44fabbac2abf23349f6245a94c8527f7fcf495680e75b1e066c58292a640f
25bf9019-aa89-5353-8154-40fa49c0929e,ProductVariant,master_canonical,wajenzi-master-catalogue-v1,22271,,id:22269,source_row_id_fallback,38cd6445-2064-5d3d-92de-edadd6e22afa,22269,Ngao Varnish,,,,,tin,1,tin,1 tin,,,,,,,,23-15 21 11,09 91 00,,,04.060,cb34cc35ced1e9711200ba9610786de6c25adc9138e5475f2f0108f741ea1b1e
c97a52f4-e17f-539e-952c-95b38045c25e,ProductVariant,master_canonical,wajenzi-master-catalogue-v1,22272,,id:22269,source_row_id_fallback,38cd6445-2064-5d3d-92de-edadd6e22afa,22269,Ngao Varnish,,,,,tin,1,tin,1 tin,,,,,,,,23-15 21 11,09 91 00,,,04.060,03e05afaf918b706ad3ccac81f0a28b3d1fe6c57e66e8bfa5900e57e8bc69fac
6a117a77-aca2-5d13-8560-3c48b4533fe5,ProductVariant,master_canonical,wajenzi-master-catalogue-v1,22273,,id:22269,source_row_id_fallback,38cd6445-2064-5d3d-92de-edadd6e22afa,22269,Ngao Varnish,,,,,tin,1,tin,1 tin,,,,,,,,23-15 21 11,09 91 00,,,04.060,9f940eddc3ce6d44c9eaffa22bf2c306a339578754c67a29f2fa88c555eb2bdf
098687f5-0faa-5101-b4bc-b58c9e14bb6d,ProductVariant,master_canonical,wajenzi-master-catalogue-v1,22312,,id:22311,source_row_id_fallback,58c2dd2f-8153-5815-a4b9-28c541598eb3,22311,Crown Metallica A.P.S.,,,,,piece,1,piece,1 piece,,,,,,,,,,,,,32429ea44f66372e58467dd81625a5290f703093f1cdeb403ddff9aa0a993030
c27d2c5f-f20d-5aae-8948-8dac67feebd1,ProductVariant,master_canonical,wajenzi-master-catalogue-v1,22313,,id:22311,source_row_id_fallback,58c2dd2f-8153-5815-a4b9-28c541598eb3,22311,Crown Metallica A.P.S.,,,,,piece,1,piece,1 piece,,,,,,,,,,,,,f715ee184c7afa61bab41ccd776916d183f5a6d41e89c127df798efa978c4dea
c23ada53-17ad-57bf-b46d-47ee2c5bcccb,ProductVariant,master_canonical,wajenzi-master-catalogue-v1,22314,,id:22311,source_row_id_fallback,58c2dd2f-8153-5815-a4b9-28c541598eb3,22311,Crown Metallica A.P.S.,,,,,piece,1,piece,1 piece,,,,,,,,,,,,,92da7041905608f086f5af567071551d1f103ee530f17026c9c3209a1889413e
8a2e2270-cc92-52af-933f-54467a80732a,ProductVariant,master_canonical,wajenzi-master-catalogue-v1,22316,,id:22315,source_row_id_fallback,0f8306c6-ff97-52f9-bec0-72847f8f6f59,22315,Crown Timber Master,,,,,piece,1,piece,1 piece,,,,,,,,,,,,,7a0e6c5708b687b7099aedcd25994006f6f15b5f904198b06c77f479495f53d2
5119b221-257e-5bb9-a822-7d21d8462485,ProductVariant,master_canonical,wajenzi-master-catalogue-v1,22317,,id:22315,source_row_id_fallback,0f8306c6-ff97-52f9-bec0-72847f8f6f59,22315,Crown Timber Master,,,,,piece,1,piece,1 piece,,,,,,,,,,,,,454e70400f83d4a449c9fc53916ade9e053e6174798e359a7e13448a606446cd
e6186e21-5095-59b5-ab52-e261080a4728,ProductVariant,master_canonical,wajenzi-master-catalogue-v1,22680,,id:22679,source_row_id_fallback,a924db48-ec59-5580-8b6d-ec632cb2a040,22679,Crown Permaplast Long Life Exterior Emulsion - 1,Group,1,,,tin,1,tin,1 tin,,,,,,,,23-15 21 11,09 91 00,,,04.060,ebef316d611ac8e1327e887fffbbf50d98857277ab9659aad23390e4eeca2563
0574284e-e1cf-5dda-90f1-41e95f924f87,ProductVariant,master_canonical,wajenzi-master-catalogue-v1,22681,,id:22679,source_row_id_fallback,a924db48-ec59-5580-8b6d-ec632cb2a040,22679,Crown Permaplast Long Life Exterior Emulsion - 1,Group,1,,,tin,1,tin,1 tin,,,,,,,,23-15 21 11,09 91 00,,,04.060,d6b29d680d3fddcb5b2b6521a0a665456a1bb87bc3d937b5e047d15408b43f47
e2c44ca0-6713-5c0c-98b8-1ba766ceccca,ProductVariant,master_canonical,wajenzi-master-catalogue-v1,22682,,id:22679,source_row_id_fallback,a924db48-ec59-5580-8b6d-ec632cb2a040,22679,Crown Permaplast Long Life Exterior Emulsion - 1,Group,1,,,tin,1,tin,1 tin,,,,,,,,23-15 21 11,09 91 00,,,04.060,5e4f8c267e46b4aff24a3b59cd7d2cbe2aeeafd4ef69e32ebe655528f28e8880
1a591688-cf22-5e49-b489-65374e2afcae,ProductVariant,master_canonical,wajenzi-master-catalogue-v1,22683,,id:22679,source_row_id_fallback,a924db48-ec59-5580-8b6d-ec632cb2a040,22679,Crown Permaplast Long Life Exterior Emulsion - 2,Group,2,,,tin,1,tin,1 tin,,,,,,,,23-15 21 11,09 91 00,,,04.060,cbe7410fe969948eff7c1d5f08d5230ce6d1e0f4ec649bf8022d31f50806b469
728852d8-041d-53ba-9312-d06985dd9546,ProductVariant,master_canonical,wajenzi-master-catalogue-v1,22684,,id:22679,source_row_id_fallback,a924db48-ec59-5580-8b6d-ec632cb2a040,22679,Crown Permaplast Long Life Exterior Emulsion - 2,Group,2,,,tin,1,tin,1 tin,,,,,,,,23-15 21 11,09 91 00,,,04.060,09c1210b191bae7dc7062bd3b6f8598d4d733a1d30835cf26c0dcb27a441c083
e59c4aae-071e-5fff-9000-76ea17e868e1,ProductVariant,master_canonical,wajenzi-master-catalogue-v1,22685,,id:22679,source_row_id_fallback,a924db48-ec59-5580-8b6d-ec632cb2a040,22679,Crown Permaplast Long Life Exterior Emulsion - 2,Group,2,,,tin,1,tin,1 tin,,,,,,,,23-15 21 11,09 91 00,,,04.060,48530b4952685eb4c75868f5fdf41313766efccf951d5a405df012f59e01e51c
86de92bc-72c0-5647-a3a7-da365e92e116,ProductVariant,master_canonical,wajenzi-master-catalogue-v1,22708,,id:22707,source_row_id_fallback,d6100dc3-a976-591d-b227-6dbf1afebf5f,22707,Crown Medicryl Vinyl Matt Emulsion - 1,Group,1,,,tin,1,tin,1 tin,,,,,,,,23-15 21 11,09 91 00,,,04.060,6fa0c2acb3c28ac0333479e6c9381e017089c411223fc672131792121c438d75
05e02e9f-1ad7-543d-acb6-6f0541067407,ProductVariant,master_canonical,wajenzi-master-catalogue-v1,22709,,id:22707,source_row_id_fallback,d6100dc3-a976-591d-b227-6dbf1afebf5f,22707,Crown Medicryl Vinyl Matt Emulsion - 1,Group,1,,,tin,1,tin,1 tin,,,,,,,,23-15 21 11,09 91 00,,,04.060,a49c7b6e70fce7fc4393e33a939c6444eff1eb97eacf75ba185bf5b993d3fb79
b96a884f-4cc8-5847-858b-333516d981b7,ProductVariant,master_canonical,wajenzi-master-catalogue-v1,22710,,id:22707,source_row_id_fallback,d6100dc3-a976-591d-b227-6dbf1afebf5f,22707,Crown Medicryl Vinyl Matt Emulsion - 1,Group,1,,,tin,1,tin,1 tin,,,,,,,,23-15 21 11,09 91 00,,,04.060,0de8deea46d55fb3fa6568160100822729f228504af5b173fc6a01e6d3a982e3
ba79aa7d-d682-56f8-97fc-322e0a96bb9b,ProductVariant,master_canonical,wajenzi-master-catalogue-v1,22711,,id:22707,source_row_id_fallback,d6100dc3-a976-591d-b227-6dbf1afebf5f,22707,Crown Medicryl Vinyl Matt Emulsion - 2,Group,2,,,tin,1,tin,1 tin,,,,,,,,23-15 21 11,09 91 00,,,04.060,a99a6ecebaccd218580f5798908171b8478857f554593668f4bc709b523ec435
cafc6fdc-241d-529c-97af-f18c0481214e,ProductVariant,master_canonical,wajenzi-master-catalogue-v1,22712,,id:22707,source_row_id_fallback,d6100dc3-a976-591d-b227-6dbf1afebf5f,22707,Crown Medicryl Vinyl Matt Emulsion - 2,Group,2,,,tin,1,tin,1 tin,,,,,,,,23-15 21 11,09 91 00,,,04.060,e8b40f82b20ed85c47c168952daaf0c080e0966f52c34ae008e0be198e8a0a76
277f5614-0de6-57cc-9fa4-bb7cff91cd03,ProductVariant,master_canonical,wajenzi-master-catalogue-v1,22713,,id:22707,source_row_id_fallback,d6100dc3-a976-591d-b227-6dbf1afebf5f,22707,Crown Medicryl Vinyl Matt Emulsion - 2,Group,2,,,tin,1,tin,1 tin,,,,,,,,23-15 21 11,09 91 00,,,04.060,e893dee5bbc038de16313b7b6735fa27a6039b130f0cb1766dc65957439c270d
9c6ae8df-ad8e-59d5-91c3-067eef1266b3,ProductVariant,master_canonical,wajenzi-master-catalogue-v1,22715,,id:22714,source_row_id_fallback,a3dd6744-1e35-5ce8-bfaa-d552c4a86245,22714,Crown Medicryl Silk Vinyl Emulsion  APS Shades - 1,Group,1,,,tin,1,tin,1 tin,,,,,,,,23-15 21 11,09 91 00,,,04.060,162331350a8adf580abdcfd3120772de41b001f55a07ecf60182c2b9362d505f
de7059ef-72f4-53ff-88c5-edde4ddcf6d3,ProductVariant,master_canonical,wajenzi-master-catalogue-v1,22716,,id:22714,source_row_id_fallback,a3dd6744-1e35-5ce8-bfaa-d552c4a86245,22714,Crown Medicryl Silk Vinyl Emulsion  APS Shades - 1,Group,1,,,tin,1,tin,1 tin,,,,,,,,23-15 21 11,09 91 00,,,04.060,9c30ca8ddd3726f1e3e314d9de92e56d69322b31d4d813825626a3e2b2c7822f
f732abd6-8025-5120-80aa-219f75f6190c,ProductVariant,master_canonical,wajenzi-master-catalogue-v1,22717,,id:22714,source_row_id_fallback,a3dd6744-1e35-5ce8-bfaa-d552c4a86245,22714,Crown Medicryl Silk Vinyl Emulsion  APS Shades - 1,Group,1,,,tin,1,tin,1 tin,,,,,,,,23-15 21 11,09 91 00,,,04.060,93818705e90849d1648f1d6b405b4b2b211e0b233da632c24a958e1eadb6f0f6
c02c09f4-519d-555f-9312-2f356603ec8e,ProductVariant,master_canonical,wajenzi-master-catalogue-v1,22718,,id:22714,source_row_id_fallback,a3dd6744-1e35-5ce8-bfaa-d552c4a86245,22714,Crown Medicryl Silk Vinyl Emulsion  APS Shades - 2,Group,2,,,tin,1,tin,1 tin,,,,,,,,23-15 21 11,09 91 00,,,04.060,3d0588f630bbc0d8334ba88bb8eee8ff478c7aa59e17c2252fedf6047202a10e
23d950cc-028a-5c08-a59b-6351c8309131,ProductVariant,master_canonical,wajenzi-master-catalogue-v1,22719,,id:22714,source_row_id_fallback,a3dd6744-1e35-5ce8-bfaa-d552c4a86245,22714,Crown Medicryl Silk Vinyl Emulsion  APS Shades - 2,Group,2,,,tin,1,tin,1 tin,,,,,,,,23-15 21 11,09 91 00,,,04.060,99db94a82106cb7413f30d6f1c90011050ea9db4265aaf79245f7addad39cb37
dcf5f857-b087-505a-beeb-6f0fd4aaaf7f,ProductVariant,master_canonical,wajenzi-master-catalogue-v1,22720,,id:22714,source_row_id_fallback,a3dd6744-1e35-5ce8-bfaa-d552c4a86245,22714,Crown Medicryl Silk Vinyl Emulsion  APS Shades - 2,Group,2,,,tin,1,tin,1 tin,,,,,,,,23-15 21 11,09 91 00,,,04.060,e577389d8838c1088e54efa4e060751bad942ce437b84e057c5d2c01a67532c7
6e5f32f1-1617-5383-9531-4b9f1361056a,ProductVariant,master_canonical,wajenzi-master-catalogue-v1,22794,,id:22793,source_row_id_fallback,2b29617c-7546-5b3d-92d9-74c129729f9a,22793,Ngao Emulsion,,,,,tin,1,tin,1 tin,,,,,,,,23-15 21 11,09 91 00,,,04.060,cd4c8e9c05dc2cc9a3fd9f396e2bfa3cccafbbdc967dd1de07d17634e6a0f925
12f8863f-5a31-5d10-a211-90e77db43b64,ProductVariant,master_canonical,wajenzi-master-catalogue-v1,22795,,id:22793,source_row_id_fallback,2b29617c-7546-5b3d-92d9-74c129729f9a,22793,Ngao Emulsion,,,,,tin,1,tin,1 tin,,,,,,,,23-15 21 11,09 91 00,,,04.060,37c1d5c0bfa5c88c6fbd641fc8625605e923853df602f79bae261e1667df31ef
742e009d-31b4-58af-a9f0-31ab374469b3,ProductVariant,master_canonical,wajenzi-master-catalogue-v1,22796,,id:22793,source_row_id_fallback,2b29617c-7546-5b3d-92d9-74c129729f9a,22793,Ngao Emulsion,,,,,tin,1,tin,1 tin,,,,,,,,23-15 21 11,09 91 00,,,04.060,2cce397f403adf1ada6e1ab03bb120bcbfb6158eeeeb933949fe2b51da1d398a
7ba9bdad-1128-5865-a573-506265c68090,ProductVariant,master_canonical,wajenzi-master-catalogue-v1,22797,,id:22793,source_row_id_fallback,2b29617c-7546-5b3d-92d9-74c129729f9a,22793,Ngao Emulsion,,,,,tin,1,tin,1 tin,,,,,,,,23-15 21 11,09 91 00,,,04.060,2a9c44076c86c44d346467d973c83160c470e1a69ab280e60a6eece27cb35ac1
2ed748c2-671a-50ce-82eb-831399e3a375,ProductVariant,master_canonical,wajenzi-master-catalogue-v1,22799,,id:22798,source_row_id_fallback,39bf8db6-4991-50f0-8249-d2f1ebc97536,22798,Ngao Gloss Enamel,,,,,tin,1,tin,1 tin,,,,,,,,23-15 21 11,09 91 00,,,04.060,9afee8e2cf5ffc7e7bb4473f1f53e3503859d92c6a099256b3836da1343d7479
ea1074d8-5024-5421-8504-329bc96ae4f8,ProductVariant,master_canonical,wajenzi-master-catalogue-v1,22800,,id:22798,source_row_id_fallback,39bf8db6-4991-50f0-8249-d2f1ebc97536,22798,Ngao Gloss Enamel,,,,,tin,1,tin,1 tin,,,,,,,,23-15 21 11,09 91 00,,,04.060,7070fa82905d61f610c3df863bd86154fbe8537790652e3fb1717a7a1f77e2ec
f6ddb68c-d812-53ce-874c-1c6532844baa,ProductVariant,master_canonical,wajenzi-master-catalogue-v1,22801,,id:22798,source_row_id_fallback,39bf8db6-4991-50f0-8249-d2f1ebc97536,22798,Ngao Gloss Enamel,,,,,tin,1,tin,1 tin,,,,,,,,23-15 21 11,09 91 00,,,04.060,53787a90e66800f14f7efe1e91033626e5685566b30a6c1a277a2ade7f5ef766
058ec9c3-2778-5415-a922-fc07374429df,ProductVariant,master_canonical,wajenzi-master-catalogue-v1,22802,,id:22798,source_row_id_fallback,39bf8db6-4991-50f0-8249-d2f1ebc97536,22798,Ngao Gloss Enamel,,,,,tin,1,tin,1 tin,,,,,,,,23-15 21 11,09 91 00,,,04.060,a750fe8937488963584f8852b4b664a6225c87013bd16bea63eaf1a6f3f54ca9
06592a13-a863-556a-b71b-db1f6ec5b1ad,ProductVariant,master_canonical,wajenzi-master-catalogue-v1,22803,,id:22798,source_row_id_fallback,39bf8db6-4991-50f0-8249-d2f1ebc97536,22798,Ngao Gloss Enamel,,,,,tin,1,tin,1 tin,,,,,,,,23-15 21 11,09 91 00,,,04.060,5a67c19040a38fc24bb82f3c92ca526ed854cedb522213314951ea0739e53f0c
4e5b61a2-44e4-5cb9-9c07-c07c74f06499,ProductVariant,master_canonical,wajenzi-master-catalogue-v1,22805,,id:22804,source_row_id_fallback,7a805ec4-db79-52b2-8a2d-b523dfc1bd4a,22804,Ngao Varnish,,,,,tin,1,tin,1 tin,,,,,,,,23-15 21 11,09 91 00,,,04.060,dbb5916e14583aa25c1df4cc44f9bfca7715296f2b7f50820859f67c3649acae
ad31fc4f-23c5-5213-a2ae-e5d7f5e3c925,ProductVariant,master_canonical,wajenzi-master-catalogue-v1,22806,,id:22804,source_row_id_fallback,7a805ec4-db79-52b2-8a2d-b523dfc1bd4a,22804,Ngao Varnish,,,,,tin,1,tin,1 tin,,,,,,,,23-15 21 11,09 91 00,,,04.060,2276ddd7ff2859f955fae02b1d53d0ca6871dec12951419ed324ce1dc2c09ff4
d8372b4c-6946-50cf-8a26-bce7c1c96833,ProductVariant,master_canonical,wajenzi-master-catalogue-v1,22807,,id:22804,source_row_id_fallback,7a805ec4-db79-52b2-8a2d-b523dfc1bd4a,22804,Ngao Varnish,,,,,tin,1,tin,1 tin,,,,,,,,23-15 21 11,09 91 00,,,04.060,83d108fe2c7ed382a592bf0fd785ece400563b0e8d0524d19f63c176352dc683
b94d6ad2-2e8f-59a3-a051-3909d56d3cf0,ProductVariant,master_canonical,wajenzi-master-catalogue-v1,22808,,id:22804,source_row_id_fallback,7a805ec4-db79-52b2-8a2d-b523dfc1bd4a,22804,Ngao Varnish,,,,,tin,1,tin,1 tin,,,,,,,,23-15 21 11,09 91 00,,,04.060,f45627941b4c100973faf67ba95b2af1117e0f975fba52f64d845ce02e22dd2d
fa8b7406-c0a4-555b-8b17-af583e7860ad,ProductVariant,master_canonical,wajenzi-master-catalogue-v1,22847,,id:22846,source_row_id_fallback,9b17d6df-b460-5d26-b7c7-a40028a65475,22846,Crown Metallica A.P.S.,,,,,piece,1,piece,1 piece,,,,,,,,,,,,,68a9596631b55d97f02805b37302eb7750e0d711f692f2b9f96f78583d78c6b4
296c83a0-25ed-5741-bda5-4edfbcbe513f,ProductVariant,master_canonical,wajenzi-master-catalogue-v1,22848,,id:22846,source_row_id_fallback,9b17d6df-b460-5d26-b7c7-a40028a65475,22846,Crown Metallica A.P.S.,,,,,piece,1,piece,1 piece,,,,,,,,,,,,,70fba6359c70a777bbba43d3dbd717e3c1b57705c3b5c8ac9f80704d7ffc5ff7
bb16ec0b-74b6-5cd5-a9c9-35cd1cc59f56,ProductVariant,master_canonical,wajenzi-master-catalogue-v1,22849,,id:22846,source_row_id_fallback,9b17d6df-b460-5d26-b7c7-a40028a65475,22846,Crown Metallica A.P.S.,,,,,piece,1,piece,1 piece,,,,,,,,,,,,,1ad2ada9fe2729000085802baa0aef2e2b6e18c76dd9ba5e1d7983dbf6543d03
479907b9-5b6e-5e85-84ec-e5f303a20a60,ProductVariant,master_canonical,wajenzi-master-catalogue-v1,22851,,id:22850,source_row_id_fallback,2b8ff55a-c176-5c86-ae61-3b771e6e176b,22850,Crown Timber Master,,,,,piece,1,piece,1 piece,,,,,,,,,,,,,6da14116c06e5562165e347d4c529d545792952e94d372b59bfdacb841f9272b
a5171b83-f2ff-5a1a-b880-a745dc15b524,ProductVariant,master_canonical,wajenzi-master-catalogue-v1,22852,,id:22850,source_row_id_fallback,2b8ff55a-c176-5c86-ae61-3b771e6e176b,22850,Crown Timber Master,,,,,piece,1,piece,1 piece,,,,,,,,,,,,,0f3e982cf932c224611acb6995eb0b94ab24b07613b0ba9f9ab1cea176b3a584
5f2795f4-4d2a-5c5e-ba5a-c8c791eea458,ProductVariant,master_canonical,wajenzi-master-catalogue-v1,22859,,id:22858,source_row_id_fallback,6b2e25d9-d428-51e0-b392-0335c62622a0,22858,Crown Woodseal Polyurethane Varnish,,,,,tin,1,tin,1 tin,,,,,,,,23-15 21 11,09 91 00,,,04.060,8d7ba5d148de4589bdaed1498c603f31785bc2e89088ddcb0896614aa08c7889
729f60cf-4589-5773-b51c-3bc785ebf50a,ProductVariant,master_canonical,wajenzi-master-catalogue-v1,22860,,id:22858,source_row_id_fallback,6b2e25d9-d428-51e0-b392-0335c62622a0,22858,Crown Woodseal Polyurethane Varnish,,,,,tin,1,tin,1 tin,,,,,,,,23-15 21 11,09 91 00,,,04.060,6a9b2cd849ae57cf4d3d029c56e27ed9b4e46f711410d0dacd5bfda74b052adb
3684ea51-0c0a-571c-8835-32a18ce71573,ProductVariant,master_canonical,wajenzi-master-catalogue-v1,22861,,id:22858,source_row_id_fallback,6b2e25d9-d428-51e0-b392-0335c62622a0,22858,Crown Woodseal Polyurethane Varnish,,,,,tin,1,tin,1 tin,,,,,,,,23-15 21 11,09 91 00,,,04.060,97bed77460ec6ab34d7aabce5d7b8553af05aacba7d8932b90a2ad2678656329
